candidate_id,centre_id,score,final_score,server_timestamp
NEET24_230101_0001,CENTRE_HR_230101,720.0,720.0,2026-09-15T12:00:00Z
NEET24_230101_0002,CENTRE_HR_230101,720.0,720.0,2026-09-15T12:00:00Z
NEET24_230101_0003,CENTRE_HR_230101,720.0,720.0,2026-09-15T12:00:00Z
NEET24_230101_0004,CENTRE_HR_230101,720.0,720.0,2026-09-15T12:00:00Z
NEET24_230101_0005,CENTRE_HR_230101,720.0,720.0,2026-09-15T12:00:00Z
NEET24_230101_0006,CENTRE_HR_230101,720.0,720.0,2026-09-15T12:00:00Z
NEET24_230101_0007,CENTRE_HR_230101,718.0,718.0,2026-09-15T12:00:00Z
NEET24_230101_0008,CENTRE_HR_230101,718.0,718.0,2026-09-15T12:00:00Z
NEET24_230101_0009,CENTRE_HR_230101,715.0,715.0,2026-09-15T12:00:00Z
NEET24_230101_0010,CENTRE_HR_230101,719.0,719.0,2026-09-15T12:00:00Z
NEET24_230101_0011,CENTRE_HR_230101,719.0,719.0,2026-09-15T12:00:00Z
NEET24_230101_0012,CENTRE_HR_230101,719.0,719.0,2026-09-15T12:00:00Z
NEET24_230101_0013,CENTRE_HR_230101,718.0,718.0,2026-09-15T12:00:00Z
NEET24_230101_0014,CENTRE_HR_230101,718.0,718.0,2026-09-15T12:00:00Z
NEET24_230101_0015,CENTRE_HR_230101,710.0,710.0,2026-09-15T12:00:00Z
NEET24_230101_0016,CENTRE_HR_230101,572.6,572.6,2026-09-15T12:00:00Z
NEET24_230101_0017,CENTRE_HR_230101,546.6,546.6,2026-09-15T12:00:00Z
NEET24_230101_0018,CENTRE_HR_230101,551.1,551.1,2026-09-15T12:00:00Z
NEET24_230101_0019,CENTRE_HR_230101,641.2,641.2,2026-09-15T12:00:00Z
NEET24_230101_0020,CENTRE_HR_230101,429.7,429.7,2026-09-15T12:00:00Z
NEET24_230101_0021,CENTRE_HR_230101,495.3,495.3,2026-09-15T12:00:00Z
NEET24_230101_0022,CENTRE_HR_230101,516.4,516.4,2026-09-15T12:00:00Z
NEET24_230101_0023,CENTRE_HR_230101,465.4,465.4,2026-09-15T12:00:00Z
NEET24_230101_0024,CENTRE_HR_230101,482.5,482.5,2026-09-15T12:00:00Z
NEET24_230101_0025,CENTRE_HR_230101,559.0,559.0,2026-09-15T12:00:00Z
NEET24_230101_0026,CENTRE_HR_230101,626.2,626.2,2026-09-15T12:00:00Z
NEET24_230101_0027,CENTRE_HR_230101,447.4,447.4,2026-09-15T12:00:00Z
NEET24_230101_0028,CENTRE_HR_230101,582.3,582.3,2026-09-15T12:00:00Z
NEET24_230101_0029,CENTRE_HR_230101,606.3,606.3,2026-09-15T12:00:00Z
NEET24_230101_0030,CENTRE_HR_230101,530.9,530.9,2026-09-15T12:00:00Z
NEET24_230101_0031,CENTRE_HR_230101,591.4,591.4,2026-09-15T12:00:00Z
NEET24_230101_0032,CENTRE_HR_230101,542.9,542.9,2026-09-15T12:00:00Z
NEET24_230101_0033,CENTRE_HR_230101,505.3,505.3,2026-09-15T12:00:00Z
NEET24_230101_0034,CENTRE_HR_230101,488.5,488.5,2026-09-15T12:00:00Z
NEET24_230101_0035,CENTRE_HR_230101,588.4,588.4,2026-09-15T12:00:00Z
NEET24_230101_0036,CENTRE_HR_230101,507.3,507.3,2026-09-15T12:00:00Z
NEET24_230101_0037,CENTRE_HR_230101,588.8,588.8,2026-09-15T12:00:00Z
NEET24_230101_0038,CENTRE_HR_230101,620.1,620.1,2026-09-15T12:00:00Z
NEET24_230101_0039,CENTRE_HR_230101,562.4,562.4,2026-09-15T12:00:00Z
NEET24_230101_0040,CENTRE_HR_230101,660.0,660.0,2026-09-15T12:00:00Z
NEET24_230101_0041,CENTRE_HR_230101,659.7,659.7,2026-09-15T12:00:00Z
NEET24_230101_0042,CENTRE_HR_230101,595.0,595.0,2026-09-15T12:00:00Z
NEET24_230101_0043,CENTRE_HR_230101,569.7,569.7,2026-09-15T12:00:00Z
NEET24_230101_0044,CENTRE_HR_230101,432.2,432.2,2026-09-15T12:00:00Z
NEET24_230101_0045,CENTRE_HR_230101,427.1,427.1,2026-09-15T12:00:00Z
NEET24_230101_0046,CENTRE_HR_230101,508.4,508.4,2026-09-15T12:00:00Z
NEET24_230101_0047,CENTRE_HR_230101,577.4,577.4,2026-09-15T12:00:00Z
NEET24_230101_0048,CENTRE_HR_230101,640.0,640.0,2026-09-15T12:00:00Z
NEET24_230101_0049,CENTRE_HR_230101,586.7,586.7,2026-09-15T12:00:00Z
NEET24_230101_0050,CENTRE_HR_230101,571.5,571.5,2026-09-15T12:00:00Z
NEET24_230101_0051,CENTRE_HR_230101,324.5,324.5,2026-09-15T12:00:00Z
NEET24_230101_0052,CENTRE_HR_230101,632.5,632.5,2026-09-15T12:00:00Z
NEET24_230101_0053,CENTRE_HR_230101,421.3,421.3,2026-09-15T12:00:00Z
NEET24_230101_0054,CENTRE_HR_230101,479.9,479.9,2026-09-15T12:00:00Z
NEET24_230101_0055,CENTRE_HR_230101,596.4,596.4,2026-09-15T12:00:00Z
NEET24_230101_0056,CENTRE_HR_230101,562.5,562.5,2026-09-15T12:00:00Z
NEET24_230101_0057,CENTRE_HR_230101,501.4,501.4,2026-09-15T12:00:00Z
NEET24_230101_0058,CENTRE_HR_230101,471.4,471.4,2026-09-15T12:00:00Z
NEET24_230101_0059,CENTRE_HR_230101,628.1,628.1,2026-09-15T12:00:00Z
NEET24_230101_0060,CENTRE_HR_230101,506.1,506.1,2026-09-15T12:00:00Z
NEET24_230101_0061,CENTRE_HR_230101,431.4,431.4,2026-09-15T12:00:00Z
NEET24_230101_0062,CENTRE_HR_230101,635.9,635.9,2026-09-15T12:00:00Z
NEET24_230101_0063,CENTRE_HR_230101,586.2,586.2,2026-09-15T12:00:00Z
NEET24_230101_0064,CENTRE_HR_230101,485.1,485.1,2026-09-15T12:00:00Z
NEET24_230101_0065,CENTRE_HR_230101,528.0,528.0,2026-09-15T12:00:00Z
NEET24_230101_0066,CENTRE_HR_230101,482.2,482.2,2026-09-15T12:00:00Z
NEET24_230101_0067,CENTRE_HR_230101,554.0,554.0,2026-09-15T12:00:00Z
NEET24_230101_0068,CENTRE_HR_230101,642.1,642.1,2026-09-15T12:00:00Z
NEET24_230101_0069,CENTRE_HR_230101,488.3,488.3,2026-09-15T12:00:00Z
NEET24_230101_0070,CENTRE_HR_230101,552.6,552.6,2026-09-15T12:00:00Z
NEET24_230101_0071,CENTRE_HR_230101,605.2,605.2,2026-09-15T12:00:00Z
NEET24_230101_0072,CENTRE_HR_230101,542.9,542.9,2026-09-15T12:00:00Z
NEET24_230101_0073,CENTRE_HR_230101,514.7,514.7,2026-09-15T12:00:00Z
NEET24_230101_0074,CENTRE_HR_230101,599.1,599.1,2026-09-15T12:00:00Z
NEET24_230101_0075,CENTRE_HR_230101,417.9,417.9,2026-09-15T12:00:00Z
NEET24_230101_0076,CENTRE_HR_230101,517.4,517.4,2026-09-15T12:00:00Z
NEET24_230101_0077,CENTRE_HR_230101,556.1,556.1,2026-09-15T12:00:00Z
NEET24_230101_0078,CENTRE_HR_230101,623.0,623.0,2026-09-15T12:00:00Z
NEET24_230101_0079,CENTRE_HR_230101,489.6,489.6,2026-09-15T12:00:00Z
NEET24_230101_0080,CENTRE_HR_230101,529.6,529.6,2026-09-15T12:00:00Z
NEET24_230101_0081,CENTRE_HR_230101,489.2,489.2,2026-09-15T12:00:00Z
NEET24_230101_0082,CENTRE_HR_230101,384.1,384.1,2026-09-15T12:00:00Z
NEET24_230101_0083,CENTRE_HR_230101,540.8,540.8,2026-09-15T12:00:00Z
NEET24_230101_0084,CENTRE_HR_230101,514.0,514.0,2026-09-15T12:00:00Z
NEET24_230101_0085,CENTRE_HR_230101,507.4,507.4,2026-09-15T12:00:00Z
NEET24_230101_0086,CENTRE_HR_230101,619.3,619.3,2026-09-15T12:00:00Z
NEET24_230101_0087,CENTRE_HR_230101,635.3,635.3,2026-09-15T12:00:00Z
NEET24_230101_0088,CENTRE_HR_230101,419.4,419.4,2026-09-15T12:00:00Z
NEET24_230101_0089,CENTRE_HR_230101,509.9,509.9,2026-09-15T12:00:00Z
NEET24_230101_0090,CENTRE_HR_230101,450.6,450.6,2026-09-15T12:00:00Z
NEET24_230101_0091,CENTRE_HR_230101,583.1,583.1,2026-09-15T12:00:00Z
NEET24_230101_0092,CENTRE_HR_230101,373.0,373.0,2026-09-15T12:00:00Z
NEET24_230101_0093,CENTRE_HR_230101,720.0,720.0,2026-09-15T12:00:00Z
NEET24_230101_0094,CENTRE_HR_230101,596.5,596.5,2026-09-15T12:00:00Z
NEET24_230101_0095,CENTRE_HR_230101,606.8,606.8,2026-09-15T12:00:00Z
NEET24_230101_0096,CENTRE_HR_230101,545.4,545.4,2026-09-15T12:00:00Z
NEET24_230101_0097,CENTRE_HR_230101,391.1,391.1,2026-09-15T12:00:00Z
NEET24_230101_0098,CENTRE_HR_230101,565.4,565.4,2026-09-15T12:00:00Z
NEET24_230101_0099,CENTRE_HR_230101,576.3,576.3,2026-09-15T12:00:00Z
NEET24_230101_0100,CENTRE_HR_230101,497.3,497.3,2026-09-15T12:00:00Z
NEET24_230101_0101,CENTRE_HR_230101,448.5,448.5,2026-09-15T12:00:00Z
NEET24_230101_0102,CENTRE_HR_230101,464.4,464.4,2026-09-15T12:00:00Z
NEET24_230101_0103,CENTRE_HR_230101,606.9,606.9,2026-09-15T12:00:00Z
NEET24_230101_0104,CENTRE_HR_230101,484.1,484.1,2026-09-15T12:00:00Z
NEET24_230101_0105,CENTRE_HR_230101,551.4,551.4,2026-09-15T12:00:00Z
NEET24_230101_0106,CENTRE_HR_230101,370.7,370.7,2026-09-15T12:00:00Z
NEET24_230101_0107,CENTRE_HR_230101,481.2,481.2,2026-09-15T12:00:00Z
NEET24_230101_0108,CENTRE_HR_230101,524.3,524.3,2026-09-15T12:00:00Z
NEET24_230101_0109,CENTRE_HR_230101,506.5,506.5,2026-09-15T12:00:00Z
NEET24_230101_0110,CENTRE_HR_230101,633.7,633.7,2026-09-15T12:00:00Z
NEET24_230101_0111,CENTRE_HR_230101,457.2,457.2,2026-09-15T12:00:00Z
NEET24_230101_0112,CENTRE_HR_230101,548.0,548.0,2026-09-15T12:00:00Z
NEET24_230101_0113,CENTRE_HR_230101,472.1,472.1,2026-09-15T12:00:00Z
NEET24_230101_0114,CENTRE_HR_230101,528.1,528.1,2026-09-15T12:00:00Z
NEET24_230101_0115,CENTRE_HR_230101,582.4,582.4,2026-09-15T12:00:00Z
NEET24_230101_0116,CENTRE_HR_230101,660.0,660.0,2026-09-15T12:00:00Z
NEET24_230101_0117,CENTRE_HR_230101,542.4,542.4,2026-09-15T12:00:00Z
NEET24_230101_0118,CENTRE_HR_230101,502.0,502.0,2026-09-15T12:00:00Z
NEET24_230101_0119,CENTRE_HR_230101,343.2,343.2,2026-09-15T12:00:00Z
NEET24_230101_0120,CENTRE_HR_230101,546.7,546.7,2026-09-15T12:00:00Z
NEET24_230101_0121,CENTRE_HR_230101,451.0,451.0,2026-09-15T12:00:00Z
NEET24_230101_0122,CENTRE_HR_230101,622.5,622.5,2026-09-15T12:00:00Z
NEET24_230101_0123,CENTRE_HR_230101,605.1,605.1,2026-09-15T12:00:00Z
NEET24_230101_0124,CENTRE_HR_230101,588.6,588.6,2026-09-15T12:00:00Z
NEET24_230101_0125,CENTRE_HR_230101,465.1,465.1,2026-09-15T12:00:00Z
NEET24_230101_0126,CENTRE_HR_230101,562.9,562.9,2026-09-15T12:00:00Z
NEET24_230101_0127,CENTRE_HR_230101,608.9,608.9,2026-09-15T12:00:00Z
NEET24_230101_0128,CENTRE_HR_230101,638.0,638.0,2026-09-15T12:00:00Z
NEET24_230101_0129,CENTRE_HR_230101,697.8,697.8,2026-09-15T12:00:00Z
NEET24_230101_0130,CENTRE_HR_230101,688.4,688.4,2026-09-15T12:00:00Z
NEET24_230101_0131,CENTRE_HR_230101,461.4,461.4,2026-09-15T12:00:00Z
NEET24_230101_0132,CENTRE_HR_230101,469.4,469.4,2026-09-15T12:00:00Z
NEET24_230101_0133,CENTRE_HR_230101,489.4,489.4,2026-09-15T12:00:00Z
NEET24_230101_0134,CENTRE_HR_230101,594.3,594.3,2026-09-15T12:00:00Z
NEET24_230101_0135,CENTRE_HR_230101,586.0,586.0,2026-09-15T12:00:00Z
NEET24_230101_0136,CENTRE_HR_230101,675.4,675.4,2026-09-15T12:00:00Z
NEET24_230101_0137,CENTRE_HR_230101,527.5,527.5,2026-09-15T12:00:00Z
NEET24_230101_0138,CENTRE_HR_230101,543.7,543.7,2026-09-15T12:00:00Z
NEET24_230101_0139,CENTRE_HR_230101,595.6,595.6,2026-09-15T12:00:00Z
NEET24_230101_0140,CENTRE_HR_230101,512.3,512.3,2026-09-15T12:00:00Z
NEET24_230101_0141,CENTRE_HR_230101,527.5,527.5,2026-09-15T12:00:00Z
NEET24_230101_0142,CENTRE_HR_230101,524.3,524.3,2026-09-15T12:00:00Z
NEET24_230101_0143,CENTRE_HR_230101,402.9,402.9,2026-09-15T12:00:00Z
NEET24_230101_0144,CENTRE_HR_230101,631.6,631.6,2026-09-15T12:00:00Z
NEET24_230101_0145,CENTRE_HR_230101,527.2,527.2,2026-09-15T12:00:00Z
NEET24_230101_0146,CENTRE_HR_230101,617.5,617.5,2026-09-15T12:00:00Z
NEET24_230101_0147,CENTRE_HR_230101,618.2,618.2,2026-09-15T12:00:00Z
NEET24_230101_0148,CENTRE_HR_230101,582.6,582.6,2026-09-15T12:00:00Z
NEET24_230101_0149,CENTRE_HR_230101,525.2,525.2,2026-09-15T12:00:00Z
NEET24_230101_0150,CENTRE_HR_230101,439.1,439.1,2026-09-15T12:00:00Z
NEET24_230101_0151,CENTRE_HR_230101,522.3,522.3,2026-09-15T12:00:00Z
NEET24_230101_0152,CENTRE_HR_230101,708.2,708.2,2026-09-15T12:00:00Z
NEET24_230101_0153,CENTRE_HR_230101,501.7,501.7,2026-09-15T12:00:00Z
NEET24_230101_0154,CENTRE_HR_230101,543.8,543.8,2026-09-15T12:00:00Z
NEET24_230101_0155,CENTRE_HR_230101,425.3,425.3,2026-09-15T12:00:00Z
NEET24_230101_0156,CENTRE_HR_230101,522.5,522.5,2026-09-15T12:00:00Z
NEET24_230101_0157,CENTRE_HR_230101,466.4,466.4,2026-09-15T12:00:00Z
NEET24_230101_0158,CENTRE_HR_230101,505.7,505.7,2026-09-15T12:00:00Z
NEET24_230101_0159,CENTRE_HR_230101,476.1,476.1,2026-09-15T12:00:00Z
NEET24_230101_0160,CENTRE_HR_230101,606.4,606.4,2026-09-15T12:00:00Z
NEET24_230101_0161,CENTRE_HR_230101,491.5,491.5,2026-09-15T12:00:00Z
NEET24_230101_0162,CENTRE_HR_230101,540.4,540.4,2026-09-15T12:00:00Z
NEET24_230101_0163,CENTRE_HR_230101,567.3,567.3,2026-09-15T12:00:00Z
NEET24_230101_0164,CENTRE_HR_230101,634.5,634.5,2026-09-15T12:00:00Z
NEET24_230101_0165,CENTRE_HR_230101,552.6,552.6,2026-09-15T12:00:00Z
NEET24_230101_0166,CENTRE_HR_230101,532.3,532.3,2026-09-15T12:00:00Z
NEET24_230101_0167,CENTRE_HR_230101,535.2,535.2,2026-09-15T12:00:00Z
NEET24_230101_0168,CENTRE_HR_230101,533.2,533.2,2026-09-15T12:00:00Z
NEET24_230101_0169,CENTRE_HR_230101,514.8,514.8,2026-09-15T12:00:00Z
NEET24_230101_0170,CENTRE_HR_230101,557.3,557.3,2026-09-15T12:00:00Z
NEET24_230101_0171,CENTRE_HR_230101,547.8,547.8,2026-09-15T12:00:00Z
NEET24_230101_0172,CENTRE_HR_230101,496.4,496.4,2026-09-15T12:00:00Z
NEET24_230101_0173,CENTRE_HR_230101,618.9,618.9,2026-09-15T12:00:00Z
NEET24_230101_0174,CENTRE_HR_230101,524.6,524.6,2026-09-15T12:00:00Z
NEET24_230101_0175,CENTRE_HR_230101,625.1,625.1,2026-09-15T12:00:00Z
NEET24_230101_0176,CENTRE_HR_230101,423.4,423.4,2026-09-15T12:00:00Z
NEET24_230101_0177,CENTRE_HR_230101,510.7,510.7,2026-09-15T12:00:00Z
NEET24_230101_0178,CENTRE_HR_230101,612.6,612.6,2026-09-15T12:00:00Z
NEET24_230101_0179,CENTRE_HR_230101,473.8,473.8,2026-09-15T12:00:00Z
NEET24_230101_0180,CENTRE_HR_230101,543.7,543.7,2026-09-15T12:00:00Z
NEET24_230101_0181,CENTRE_HR_230101,624.8,624.8,2026-09-15T12:00:00Z
NEET24_230101_0182,CENTRE_HR_230101,512.1,512.1,2026-09-15T12:00:00Z
NEET24_230101_0183,CENTRE_HR_230101,558.4,558.4,2026-09-15T12:00:00Z
NEET24_230101_0184,CENTRE_HR_230101,502.0,502.0,2026-09-15T12:00:00Z
NEET24_230101_0185,CENTRE_HR_230101,481.0,481.0,2026-09-15T12:00:00Z
NEET24_230101_0186,CENTRE_HR_230101,413.0,413.0,2026-09-15T12:00:00Z
NEET24_230101_0187,CENTRE_HR_230101,619.4,619.4,2026-09-15T12:00:00Z
NEET24_230101_0188,CENTRE_HR_230101,642.9,642.9,2026-09-15T12:00:00Z
NEET24_230101_0189,CENTRE_HR_230101,576.5,576.5,2026-09-15T12:00:00Z
NEET24_230101_0190,CENTRE_HR_230101,523.9,523.9,2026-09-15T12:00:00Z
NEET24_230101_0191,CENTRE_HR_230101,518.9,518.9,2026-09-15T12:00:00Z
NEET24_230101_0192,CENTRE_HR_230101,521.6,521.6,2026-09-15T12:00:00Z
NEET24_230101_0193,CENTRE_HR_230101,406.6,406.6,2026-09-15T12:00:00Z
NEET24_230101_0194,CENTRE_HR_230101,577.8,577.8,2026-09-15T12:00:00Z
NEET24_230101_0195,CENTRE_HR_230101,571.0,571.0,2026-09-15T12:00:00Z
NEET24_230101_0196,CENTRE_HR_230101,499.8,499.8,2026-09-15T12:00:00Z
NEET24_230101_0197,CENTRE_HR_230101,530.7,530.7,2026-09-15T12:00:00Z
NEET24_230101_0198,CENTRE_HR_230101,573.9,573.9,2026-09-15T12:00:00Z
NEET24_230101_0199,CENTRE_HR_230101,616.4,616.4,2026-09-15T12:00:00Z
NEET24_230101_0200,CENTRE_HR_230101,560.9,560.9,2026-09-15T12:00:00Z
NEET24_220101_0001,CENTRE_GJ_220101,714.5,714.5,2026-09-15T12:00:00Z
NEET24_220101_0002,CENTRE_GJ_220101,715.4,715.4,2026-09-15T12:00:00Z
NEET24_220101_0003,CENTRE_GJ_220101,701.8,701.8,2026-09-15T12:00:00Z
NEET24_220101_0004,CENTRE_GJ_220101,711.7,711.7,2026-09-15T12:00:00Z
NEET24_220101_0005,CENTRE_GJ_220101,709.7,709.7,2026-09-15T12:00:00Z
NEET24_220101_0006,CENTRE_GJ_220101,700.3,700.3,2026-09-15T12:00:00Z
NEET24_220101_0007,CENTRE_GJ_220101,701.7,701.7,2026-09-15T12:00:00Z
NEET24_220101_0008,CENTRE_GJ_220101,713.6,713.6,2026-09-15T12:00:00Z
NEET24_220101_0009,CENTRE_GJ_220101,704.3,704.3,2026-09-15T12:00:00Z
NEET24_220101_0010,CENTRE_GJ_220101,707.3,707.3,2026-09-15T12:00:00Z
NEET24_220101_0011,CENTRE_GJ_220101,708.7,708.7,2026-09-15T12:00:00Z
NEET24_220101_0012,CENTRE_GJ_220101,715.6,715.6,2026-09-15T12:00:00Z
NEET24_220101_0013,CENTRE_GJ_220101,716.2,716.2,2026-09-15T12:00:00Z
NEET24_220101_0014,CENTRE_GJ_220101,703.0,703.0,2026-09-15T12:00:00Z
NEET24_220101_0015,CENTRE_GJ_220101,700.0,700.0,2026-09-15T12:00:00Z
NEET24_220101_0016,CENTRE_GJ_220101,649.3,649.3,2026-09-15T12:00:00Z
NEET24_220101_0017,CENTRE_GJ_220101,689.5,689.5,2026-09-15T12:00:00Z
NEET24_220101_0018,CENTRE_GJ_220101,678.9,678.9,2026-09-15T12:00:00Z
NEET24_220101_0019,CENTRE_GJ_220101,641.4,641.4,2026-09-15T12:00:00Z
NEET24_220101_0020,CENTRE_GJ_220101,672.2,672.2,2026-09-15T12:00:00Z
NEET24_220101_0021,CENTRE_GJ_220101,674.8,674.8,2026-09-15T12:00:00Z
NEET24_220101_0022,CENTRE_GJ_220101,678.8,678.8,2026-09-15T12:00:00Z
NEET24_220101_0023,CENTRE_GJ_220101,669.6,669.6,2026-09-15T12:00:00Z
NEET24_220101_0024,CENTRE_GJ_220101,656.5,656.5,2026-09-15T12:00:00Z
NEET24_220101_0025,CENTRE_GJ_220101,634.2,634.2,2026-09-15T12:00:00Z
NEET24_220101_0026,CENTRE_GJ_220101,636.3,636.3,2026-09-15T12:00:00Z
NEET24_220101_0027,CENTRE_GJ_220101,624.4,624.4,2026-09-15T12:00:00Z
NEET24_220101_0028,CENTRE_GJ_220101,675.2,675.2,2026-09-15T12:00:00Z
NEET24_220101_0029,CENTRE_GJ_220101,624.6,624.6,2026-09-15T12:00:00Z
NEET24_220101_0030,CENTRE_GJ_220101,643.5,643.5,2026-09-15T12:00:00Z
NEET24_220101_0031,CENTRE_GJ_220101,623.8,623.8,2026-09-15T12:00:00Z
NEET24_220101_0032,CENTRE_GJ_220101,655.8,655.8,2026-09-15T12:00:00Z
NEET24_220101_0033,CENTRE_GJ_220101,689.0,689.0,2026-09-15T12:00:00Z
NEET24_220101_0034,CENTRE_GJ_220101,659.8,659.8,2026-09-15T12:00:00Z
NEET24_220101_0035,CENTRE_GJ_220101,624.3,624.3,2026-09-15T12:00:00Z
NEET24_220101_0036,CENTRE_GJ_220101,658.1,658.1,2026-09-15T12:00:00Z
NEET24_220101_0037,CENTRE_GJ_220101,683.9,683.9,2026-09-15T12:00:00Z
NEET24_220101_0038,CENTRE_GJ_220101,625.1,625.1,2026-09-15T12:00:00Z
NEET24_220101_0039,CENTRE_GJ_220101,625.1,625.1,2026-09-15T12:00:00Z
NEET24_220101_0040,CENTRE_GJ_220101,684.6,684.6,2026-09-15T12:00:00Z
NEET24_220101_0041,CENTRE_GJ_220101,650.3,650.3,2026-09-15T12:00:00Z
NEET24_220101_0042,CENTRE_GJ_220101,690.6,690.6,2026-09-15T12:00:00Z
NEET24_220101_0043,CENTRE_GJ_220101,662.7,662.7,2026-09-15T12:00:00Z
NEET24_220101_0044,CENTRE_GJ_220101,663.4,663.4,2026-09-15T12:00:00Z
NEET24_220101_0045,CENTRE_GJ_220101,623.0,623.0,2026-09-15T12:00:00Z
NEET24_220101_0046,CENTRE_GJ_220101,626.1,626.1,2026-09-15T12:00:00Z
NEET24_220101_0047,CENTRE_GJ_220101,669.3,669.3,2026-09-15T12:00:00Z
NEET24_220101_0048,CENTRE_GJ_220101,662.4,662.4,2026-09-15T12:00:00Z
NEET24_220101_0049,CENTRE_GJ_220101,643.7,643.7,2026-09-15T12:00:00Z
NEET24_220101_0050,CENTRE_GJ_220101,639.6,639.6,2026-09-15T12:00:00Z
NEET24_220101_0051,CENTRE_GJ_220101,670.2,670.2,2026-09-15T12:00:00Z
NEET24_220101_0052,CENTRE_GJ_220101,643.6,643.6,2026-09-15T12:00:00Z
NEET24_220101_0053,CENTRE_GJ_220101,639.9,639.9,2026-09-15T12:00:00Z
NEET24_220101_0054,CENTRE_GJ_220101,629.8,629.8,2026-09-15T12:00:00Z
NEET24_220101_0055,CENTRE_GJ_220101,668.4,668.4,2026-09-15T12:00:00Z
NEET24_220101_0056,CENTRE_GJ_220101,654.3,654.3,2026-09-15T12:00:00Z
NEET24_220101_0057,CENTRE_GJ_220101,689.7,689.7,2026-09-15T12:00:00Z
NEET24_220101_0058,CENTRE_GJ_220101,690.2,690.2,2026-09-15T12:00:00Z
NEET24_220101_0059,CENTRE_GJ_220101,620.7,620.7,2026-09-15T12:00:00Z
NEET24_220101_0060,CENTRE_GJ_220101,666.6,666.6,2026-09-15T12:00:00Z
NEET24_220101_0061,CENTRE_GJ_220101,662.2,662.2,2026-09-15T12:00:00Z
NEET24_220101_0062,CENTRE_GJ_220101,627.5,627.5,2026-09-15T12:00:00Z
NEET24_220101_0063,CENTRE_GJ_220101,660.3,660.3,2026-09-15T12:00:00Z
NEET24_220101_0064,CENTRE_GJ_220101,657.9,657.9,2026-09-15T12:00:00Z
NEET24_220101_0065,CENTRE_GJ_220101,629.9,629.9,2026-09-15T12:00:00Z
NEET24_220101_0066,CENTRE_GJ_220101,646.2,646.2,2026-09-15T12:00:00Z
NEET24_220101_0067,CENTRE_GJ_220101,625.2,625.2,2026-09-15T12:00:00Z
NEET24_220101_0068,CENTRE_GJ_220101,638.3,638.3,2026-09-15T12:00:00Z
NEET24_220101_0069,CENTRE_GJ_220101,641.4,641.4,2026-09-15T12:00:00Z
NEET24_220101_0070,CENTRE_GJ_220101,652.9,652.9,2026-09-15T12:00:00Z
NEET24_220101_0071,CENTRE_GJ_220101,660.7,660.7,2026-09-15T12:00:00Z
NEET24_220101_0072,CENTRE_GJ_220101,642.7,642.7,2026-09-15T12:00:00Z
NEET24_220101_0073,CENTRE_GJ_220101,693.8,693.8,2026-09-15T12:00:00Z
NEET24_220101_0074,CENTRE_GJ_220101,680.5,680.5,2026-09-15T12:00:00Z
NEET24_220101_0075,CENTRE_GJ_220101,659.7,659.7,2026-09-15T12:00:00Z
NEET24_220101_0076,CENTRE_GJ_220101,670.1,670.1,2026-09-15T12:00:00Z
NEET24_220101_0077,CENTRE_GJ_220101,661.6,661.6,2026-09-15T12:00:00Z
NEET24_220101_0078,CENTRE_GJ_220101,689.9,689.9,2026-09-15T12:00:00Z
NEET24_220101_0079,CENTRE_GJ_220101,627.8,627.8,2026-09-15T12:00:00Z
NEET24_220101_0080,CENTRE_GJ_220101,685.9,685.9,2026-09-15T12:00:00Z
NEET24_220101_0081,CENTRE_GJ_220101,463.3,463.3,2026-09-15T12:00:00Z
NEET24_220101_0082,CENTRE_GJ_220101,471.9,471.9,2026-09-15T12:00:00Z
NEET24_220101_0083,CENTRE_GJ_220101,688.7,688.7,2026-09-15T12:00:00Z
NEET24_220101_0084,CENTRE_GJ_220101,487.4,487.4,2026-09-15T12:00:00Z
NEET24_220101_0085,CENTRE_GJ_220101,434.8,434.8,2026-09-15T12:00:00Z
NEET24_220101_0086,CENTRE_GJ_220101,477.0,477.0,2026-09-15T12:00:00Z
NEET24_220101_0087,CENTRE_GJ_220101,554.0,554.0,2026-09-15T12:00:00Z
NEET24_220101_0088,CENTRE_GJ_220101,410.2,410.2,2026-09-15T12:00:00Z
NEET24_220101_0089,CENTRE_GJ_220101,610.9,610.9,2026-09-15T12:00:00Z
NEET24_220101_0090,CENTRE_GJ_220101,557.9,557.9,2026-09-15T12:00:00Z
NEET24_220101_0091,CENTRE_GJ_220101,400.0,400.0,2026-09-15T12:00:00Z
NEET24_220101_0092,CENTRE_GJ_220101,488.5,488.5,2026-09-15T12:00:00Z
NEET24_220101_0093,CENTRE_GJ_220101,697.6,697.6,2026-09-15T12:00:00Z
NEET24_220101_0094,CENTRE_GJ_220101,617.9,617.9,2026-09-15T12:00:00Z
NEET24_220101_0095,CENTRE_GJ_220101,532.3,532.3,2026-09-15T12:00:00Z
NEET24_220101_0096,CENTRE_GJ_220101,503.6,503.6,2026-09-15T12:00:00Z
NEET24_220101_0097,CENTRE_GJ_220101,464.9,464.9,2026-09-15T12:00:00Z
NEET24_220101_0098,CENTRE_GJ_220101,464.8,464.8,2026-09-15T12:00:00Z
NEET24_220101_0099,CENTRE_GJ_220101,533.5,533.5,2026-09-15T12:00:00Z
NEET24_220101_0100,CENTRE_GJ_220101,545.9,545.9,2026-09-15T12:00:00Z
NEET24_220101_0101,CENTRE_GJ_220101,482.9,482.9,2026-09-15T12:00:00Z
NEET24_220101_0102,CENTRE_GJ_220101,351.2,351.2,2026-09-15T12:00:00Z
NEET24_220101_0103,CENTRE_GJ_220101,543.1,543.1,2026-09-15T12:00:00Z
NEET24_220101_0104,CENTRE_GJ_220101,447.1,447.1,2026-09-15T12:00:00Z
NEET24_220101_0105,CENTRE_GJ_220101,472.7,472.7,2026-09-15T12:00:00Z
NEET24_220101_0106,CENTRE_GJ_220101,627.0,627.0,2026-09-15T12:00:00Z
NEET24_220101_0107,CENTRE_GJ_220101,440.7,440.7,2026-09-15T12:00:00Z
NEET24_220101_0108,CENTRE_GJ_220101,505.3,505.3,2026-09-15T12:00:00Z
NEET24_220101_0109,CENTRE_GJ_220101,510.7,510.7,2026-09-15T12:00:00Z
NEET24_220101_0110,CENTRE_GJ_220101,408.0,408.0,2026-09-15T12:00:00Z
NEET24_220101_0111,CENTRE_GJ_220101,578.2,578.2,2026-09-15T12:00:00Z
NEET24_220101_0112,CENTRE_GJ_220101,464.9,464.9,2026-09-15T12:00:00Z
NEET24_220101_0113,CENTRE_GJ_220101,501.9,501.9,2026-09-15T12:00:00Z
NEET24_220101_0114,CENTRE_GJ_220101,344.3,344.3,2026-09-15T12:00:00Z
NEET24_220101_0115,CENTRE_GJ_220101,656.0,656.0,2026-09-15T12:00:00Z
NEET24_220101_0116,CENTRE_GJ_220101,516.7,516.7,2026-09-15T12:00:00Z
NEET24_220101_0117,CENTRE_GJ_220101,485.3,485.3,2026-09-15T12:00:00Z
NEET24_220101_0118,CENTRE_GJ_220101,399.9,399.9,2026-09-15T12:00:00Z
NEET24_220101_0119,CENTRE_GJ_220101,602.1,602.1,2026-09-15T12:00:00Z
NEET24_220101_0120,CENTRE_GJ_220101,445.7,445.7,2026-09-15T12:00:00Z
NEET24_220101_0121,CENTRE_GJ_220101,413.1,413.1,2026-09-15T12:00:00Z
NEET24_220101_0122,CENTRE_GJ_220101,309.9,309.9,2026-09-15T12:00:00Z
NEET24_220101_0123,CENTRE_GJ_220101,418.9,418.9,2026-09-15T12:00:00Z
NEET24_220101_0124,CENTRE_GJ_220101,645.9,645.9,2026-09-15T12:00:00Z
NEET24_220101_0125,CENTRE_GJ_220101,464.1,464.1,2026-09-15T12:00:00Z
NEET24_220101_0126,CENTRE_GJ_220101,552.4,552.4,2026-09-15T12:00:00Z
NEET24_220101_0127,CENTRE_GJ_220101,458.6,458.6,2026-09-15T12:00:00Z
NEET24_220101_0128,CENTRE_GJ_220101,579.0,579.0,2026-09-15T12:00:00Z
NEET24_220101_0129,CENTRE_GJ_220101,635.3,635.3,2026-09-15T12:00:00Z
NEET24_220101_0130,CENTRE_GJ_220101,533.3,533.3,2026-09-15T12:00:00Z
NEET24_220101_0131,CENTRE_GJ_220101,577.8,577.8,2026-09-15T12:00:00Z
NEET24_220101_0132,CENTRE_GJ_220101,582.7,582.7,2026-09-15T12:00:00Z
NEET24_220101_0133,CENTRE_GJ_220101,685.0,685.0,2026-09-15T12:00:00Z
NEET24_220101_0134,CENTRE_GJ_220101,509.8,509.8,2026-09-15T12:00:00Z
NEET24_220101_0135,CENTRE_GJ_220101,394.2,394.2,2026-09-15T12:00:00Z
NEET24_220101_0136,CENTRE_GJ_220101,415.3,415.3,2026-09-15T12:00:00Z
NEET24_220101_0137,CENTRE_GJ_220101,354.4,354.4,2026-09-15T12:00:00Z
NEET24_220101_0138,CENTRE_GJ_220101,490.6,490.6,2026-09-15T12:00:00Z
NEET24_220101_0139,CENTRE_GJ_220101,545.9,545.9,2026-09-15T12:00:00Z
NEET24_220101_0140,CENTRE_GJ_220101,461.9,461.9,2026-09-15T12:00:00Z
NEET24_220101_0141,CENTRE_GJ_220101,401.0,401.0,2026-09-15T12:00:00Z
NEET24_220101_0142,CENTRE_GJ_220101,594.0,594.0,2026-09-15T12:00:00Z
NEET24_220101_0143,CENTRE_GJ_220101,515.8,515.8,2026-09-15T12:00:00Z
NEET24_220101_0144,CENTRE_GJ_220101,556.3,556.3,2026-09-15T12:00:00Z
NEET24_220101_0145,CENTRE_GJ_220101,692.1,692.1,2026-09-15T12:00:00Z
NEET24_220101_0146,CENTRE_GJ_220101,386.8,386.8,2026-09-15T12:00:00Z
NEET24_220101_0147,CENTRE_GJ_220101,632.7,632.7,2026-09-15T12:00:00Z
NEET24_220101_0148,CENTRE_GJ_220101,536.6,536.6,2026-09-15T12:00:00Z
NEET24_220101_0149,CENTRE_GJ_220101,441.2,441.2,2026-09-15T12:00:00Z
NEET24_220101_0150,CENTRE_GJ_220101,438.7,438.7,2026-09-15T12:00:00Z
NEET24_220101_0151,CENTRE_GJ_220101,409.1,409.1,2026-09-15T12:00:00Z
NEET24_220101_0152,CENTRE_GJ_220101,483.6,483.6,2026-09-15T12:00:00Z
NEET24_220101_0153,CENTRE_GJ_220101,525.5,525.5,2026-09-15T12:00:00Z
NEET24_220101_0154,CENTRE_GJ_220101,502.9,502.9,2026-09-15T12:00:00Z
NEET24_220101_0155,CENTRE_GJ_220101,402.6,402.6,2026-09-15T12:00:00Z
NEET24_220101_0156,CENTRE_GJ_220101,346.9,346.9,2026-09-15T12:00:00Z
NEET24_220101_0157,CENTRE_GJ_220101,481.5,481.5,2026-09-15T12:00:00Z
NEET24_220101_0158,CENTRE_GJ_220101,537.3,537.3,2026-09-15T12:00:00Z
NEET24_220101_0159,CENTRE_GJ_220101,419.1,419.1,2026-09-15T12:00:00Z
NEET24_220101_0160,CENTRE_GJ_220101,681.6,681.6,2026-09-15T12:00:00Z
NEET24_220101_0161,CENTRE_GJ_220101,523.6,523.6,2026-09-15T12:00:00Z
NEET24_220101_0162,CENTRE_GJ_220101,481.2,481.2,2026-09-15T12:00:00Z
NEET24_220101_0163,CENTRE_GJ_220101,614.9,614.9,2026-09-15T12:00:00Z
NEET24_220101_0164,CENTRE_GJ_220101,516.4,516.4,2026-09-15T12:00:00Z
NEET24_220101_0165,CENTRE_GJ_220101,487.3,487.3,2026-09-15T12:00:00Z
NEET24_220101_0166,CENTRE_GJ_220101,418.1,418.1,2026-09-15T12:00:00Z
NEET24_220101_0167,CENTRE_GJ_220101,440.1,440.1,2026-09-15T12:00:00Z
NEET24_220101_0168,CENTRE_GJ_220101,513.1,513.1,2026-09-15T12:00:00Z
NEET24_220101_0169,CENTRE_GJ_220101,390.9,390.9,2026-09-15T12:00:00Z
NEET24_220101_0170,CENTRE_GJ_220101,536.9,536.9,2026-09-15T12:00:00Z
NEET24_220101_0171,CENTRE_GJ_220101,485.3,485.3,2026-09-15T12:00:00Z
NEET24_220101_0172,CENTRE_GJ_220101,539.8,539.8,2026-09-15T12:00:00Z
NEET24_220101_0173,CENTRE_GJ_220101,453.6,453.6,2026-09-15T12:00:00Z
NEET24_220101_0174,CENTRE_GJ_220101,587.8,587.8,2026-09-15T12:00:00Z
NEET24_220101_0175,CENTRE_GJ_220101,518.0,518.0,2026-09-15T12:00:00Z
NEET24_220101_0176,CENTRE_GJ_220101,319.2,319.2,2026-09-15T12:00:00Z
NEET24_220101_0177,CENTRE_GJ_220101,468.5,468.5,2026-09-15T12:00:00Z
NEET24_220101_0178,CENTRE_GJ_220101,402.9,402.9,2026-09-15T12:00:00Z
NEET24_220101_0179,CENTRE_GJ_220101,282.0,282.0,2026-09-15T12:00:00Z
NEET24_220101_0180,CENTRE_GJ_220101,484.9,484.9,2026-09-15T12:00:00Z
NEET24_220101_0181,CENTRE_GJ_220101,427.3,427.3,2026-09-15T12:00:00Z
NEET24_220101_0182,CENTRE_GJ_220101,279.6,279.6,2026-09-15T12:00:00Z
NEET24_220101_0183,CENTRE_GJ_220101,586.9,586.9,2026-09-15T12:00:00Z
NEET24_220101_0184,CENTRE_GJ_220101,606.6,606.6,2026-09-15T12:00:00Z
NEET24_220101_0185,CENTRE_GJ_220101,426.6,426.6,2026-09-15T12:00:00Z
NEET24_220101_0186,CENTRE_GJ_220101,464.6,464.6,2026-09-15T12:00:00Z
NEET24_220101_0187,CENTRE_GJ_220101,448.1,448.1,2026-09-15T12:00:00Z
NEET24_220101_0188,CENTRE_GJ_220101,581.4,581.4,2026-09-15T12:00:00Z
NEET24_220101_0189,CENTRE_GJ_220101,423.6,423.6,2026-09-15T12:00:00Z
NEET24_220101_0190,CENTRE_GJ_220101,447.9,447.9,2026-09-15T12:00:00Z
NEET24_220101_0191,CENTRE_GJ_220101,416.8,416.8,2026-09-15T12:00:00Z
NEET24_220101_0192,CENTRE_GJ_220101,450.7,450.7,2026-09-15T12:00:00Z
NEET24_220101_0193,CENTRE_GJ_220101,375.8,375.8,2026-09-15T12:00:00Z
NEET24_220101_0194,CENTRE_GJ_220101,540.2,540.2,2026-09-15T12:00:00Z
NEET24_220101_0195,CENTRE_GJ_220101,621.2,621.2,2026-09-15T12:00:00Z
NEET24_220101_0196,CENTRE_GJ_220101,375.6,375.6,2026-09-15T12:00:00Z
NEET24_220101_0197,CENTRE_GJ_220101,598.6,598.6,2026-09-15T12:00:00Z
NEET24_220101_0198,CENTRE_GJ_220101,546.6,546.6,2026-09-15T12:00:00Z
NEET24_220101_0199,CENTRE_GJ_220101,599.5,599.5,2026-09-15T12:00:00Z
NEET24_220101_0200,CENTRE_GJ_220101,340.5,340.5,2026-09-15T12:00:00Z
NEET24_220101_0201,CENTRE_GJ_220101,590.1,590.1,2026-09-15T12:00:00Z
NEET24_220101_0202,CENTRE_GJ_220101,468.3,468.3,2026-09-15T12:00:00Z
NEET24_220101_0203,CENTRE_GJ_220101,551.6,551.6,2026-09-15T12:00:00Z
NEET24_220101_0204,CENTRE_GJ_220101,518.9,518.9,2026-09-15T12:00:00Z
NEET24_220101_0205,CENTRE_GJ_220101,363.5,363.5,2026-09-15T12:00:00Z
NEET24_220101_0206,CENTRE_GJ_220101,445.0,445.0,2026-09-15T12:00:00Z
NEET24_220101_0207,CENTRE_GJ_220101,582.2,582.2,2026-09-15T12:00:00Z
NEET24_220101_0208,CENTRE_GJ_220101,438.8,438.8,2026-09-15T12:00:00Z
NEET24_220101_0209,CENTRE_GJ_220101,388.5,388.5,2026-09-15T12:00:00Z
NEET24_220101_0210,CENTRE_GJ_220101,555.4,555.4,2026-09-15T12:00:00Z
NEET24_220101_0211,CENTRE_GJ_220101,258.2,258.2,2026-09-15T12:00:00Z
NEET24_220101_0212,CENTRE_GJ_220101,477.7,477.7,2026-09-15T12:00:00Z
NEET24_220101_0213,CENTRE_GJ_220101,351.2,351.2,2026-09-15T12:00:00Z
NEET24_220101_0214,CENTRE_GJ_220101,460.4,460.4,2026-09-15T12:00:00Z
NEET24_220101_0215,CENTRE_GJ_220101,627.1,627.1,2026-09-15T12:00:00Z
NEET24_220101_0216,CENTRE_GJ_220101,459.2,459.2,2026-09-15T12:00:00Z
NEET24_220101_0217,CENTRE_GJ_220101,461.3,461.3,2026-09-15T12:00:00Z
NEET24_220101_0218,CENTRE_GJ_220101,556.4,556.4,2026-09-15T12:00:00Z
NEET24_220101_0219,CENTRE_GJ_220101,469.4,469.4,2026-09-15T12:00:00Z
NEET24_220101_0220,CENTRE_GJ_220101,426.2,426.2,2026-09-15T12:00:00Z
NEET24_220101_0221,CENTRE_GJ_220101,649.9,649.9,2026-09-15T12:00:00Z
NEET24_220101_0222,CENTRE_GJ_220101,507.6,507.6,2026-09-15T12:00:00Z
NEET24_220101_0223,CENTRE_GJ_220101,513.4,513.4,2026-09-15T12:00:00Z
NEET24_220101_0224,CENTRE_GJ_220101,619.9,619.9,2026-09-15T12:00:00Z
NEET24_220101_0225,CENTRE_GJ_220101,476.8,476.8,2026-09-15T12:00:00Z
NEET24_220101_0226,CENTRE_GJ_220101,502.1,502.1,2026-09-15T12:00:00Z
NEET24_220101_0227,CENTRE_GJ_220101,386.0,386.0,2026-09-15T12:00:00Z
NEET24_220101_0228,CENTRE_GJ_220101,583.9,583.9,2026-09-15T12:00:00Z
NEET24_220101_0229,CENTRE_GJ_220101,408.4,408.4,2026-09-15T12:00:00Z
NEET24_220101_0230,CENTRE_GJ_220101,471.5,471.5,2026-09-15T12:00:00Z
NEET24_220101_0231,CENTRE_GJ_220101,398.3,398.3,2026-09-15T12:00:00Z
NEET24_220101_0232,CENTRE_GJ_220101,446.6,446.6,2026-09-15T12:00:00Z
NEET24_220101_0233,CENTRE_GJ_220101,521.6,521.6,2026-09-15T12:00:00Z
NEET24_220101_0234,CENTRE_GJ_220101,413.3,413.3,2026-09-15T12:00:00Z
NEET24_220101_0235,CENTRE_GJ_220101,304.5,304.5,2026-09-15T12:00:00Z
NEET24_220101_0236,CENTRE_GJ_220101,616.5,616.5,2026-09-15T12:00:00Z
NEET24_220101_0237,CENTRE_GJ_220101,338.0,338.0,2026-09-15T12:00:00Z
NEET24_220101_0238,CENTRE_GJ_220101,501.9,501.9,2026-09-15T12:00:00Z
NEET24_220101_0239,CENTRE_GJ_220101,424.3,424.3,2026-09-15T12:00:00Z
NEET24_220101_0240,CENTRE_GJ_220101,538.9,538.9,2026-09-15T12:00:00Z
NEET24_220101_0241,CENTRE_GJ_220101,351.8,351.8,2026-09-15T12:00:00Z
NEET24_220101_0242,CENTRE_GJ_220101,371.7,371.7,2026-09-15T12:00:00Z
NEET24_220101_0243,CENTRE_GJ_220101,516.8,516.8,2026-09-15T12:00:00Z
NEET24_220101_0244,CENTRE_GJ_220101,532.0,532.0,2026-09-15T12:00:00Z
NEET24_220101_0245,CENTRE_GJ_220101,466.0,466.0,2026-09-15T12:00:00Z
NEET24_220101_0246,CENTRE_GJ_220101,561.1,561.1,2026-09-15T12:00:00Z
NEET24_220101_0247,CENTRE_GJ_220101,568.9,568.9,2026-09-15T12:00:00Z
NEET24_220101_0248,CENTRE_GJ_220101,370.8,370.8,2026-09-15T12:00:00Z
NEET24_220101_0249,CENTRE_GJ_220101,466.4,466.4,2026-09-15T12:00:00Z
NEET24_220101_0250,CENTRE_GJ_220101,424.6,424.6,2026-09-15T12:00:00Z
NEET24_220101_0251,CENTRE_GJ_220101,635.4,635.4,2026-09-15T12:00:00Z
NEET24_220101_0252,CENTRE_GJ_220101,326.7,326.7,2026-09-15T12:00:00Z
NEET24_220101_0253,CENTRE_GJ_220101,551.6,551.6,2026-09-15T12:00:00Z
NEET24_220101_0254,CENTRE_GJ_220101,568.0,568.0,2026-09-15T12:00:00Z
NEET24_220101_0255,CENTRE_GJ_220101,427.1,427.1,2026-09-15T12:00:00Z
NEET24_220101_0256,CENTRE_GJ_220101,576.1,576.1,2026-09-15T12:00:00Z
NEET24_220101_0257,CENTRE_GJ_220101,433.0,433.0,2026-09-15T12:00:00Z
NEET24_220101_0258,CENTRE_GJ_220101,592.1,592.1,2026-09-15T12:00:00Z
NEET24_220101_0259,CENTRE_GJ_220101,649.0,649.0,2026-09-15T12:00:00Z
NEET24_220101_0260,CENTRE_GJ_220101,339.1,339.1,2026-09-15T12:00:00Z
NEET24_220101_0261,CENTRE_GJ_220101,538.9,538.9,2026-09-15T12:00:00Z
NEET24_220101_0262,CENTRE_GJ_220101,531.0,531.0,2026-09-15T12:00:00Z
NEET24_220101_0263,CENTRE_GJ_220101,425.3,425.3,2026-09-15T12:00:00Z
NEET24_220101_0264,CENTRE_GJ_220101,508.9,508.9,2026-09-15T12:00:00Z
NEET24_220101_0265,CENTRE_GJ_220101,382.3,382.3,2026-09-15T12:00:00Z
NEET24_220101_0266,CENTRE_GJ_220101,496.9,496.9,2026-09-15T12:00:00Z
NEET24_220101_0267,CENTRE_GJ_220101,592.0,592.0,2026-09-15T12:00:00Z
NEET24_220101_0268,CENTRE_GJ_220101,474.2,474.2,2026-09-15T12:00:00Z
NEET24_220101_0269,CENTRE_GJ_220101,422.4,422.4,2026-09-15T12:00:00Z
NEET24_220101_0270,CENTRE_GJ_220101,386.8,386.8,2026-09-15T12:00:00Z
NEET24_220101_0271,CENTRE_GJ_220101,662.3,662.3,2026-09-15T12:00:00Z
NEET24_220101_0272,CENTRE_GJ_220101,537.5,537.5,2026-09-15T12:00:00Z
NEET24_220101_0273,CENTRE_GJ_220101,516.3,516.3,2026-09-15T12:00:00Z
NEET24_220101_0274,CENTRE_GJ_220101,449.4,449.4,2026-09-15T12:00:00Z
NEET24_220101_0275,CENTRE_GJ_220101,526.7,526.7,2026-09-15T12:00:00Z
NEET24_220101_0276,CENTRE_GJ_220101,512.1,512.1,2026-09-15T12:00:00Z
NEET24_220101_0277,CENTRE_GJ_220101,585.8,585.8,2026-09-15T12:00:00Z
NEET24_220101_0278,CENTRE_GJ_220101,438.2,438.2,2026-09-15T12:00:00Z
NEET24_220101_0279,CENTRE_GJ_220101,583.0,583.0,2026-09-15T12:00:00Z
NEET24_220101_0280,CENTRE_GJ_220101,656.1,656.1,2026-09-15T12:00:00Z
NEET24_220101_0281,CENTRE_GJ_220101,558.5,558.5,2026-09-15T12:00:00Z
NEET24_220101_0282,CENTRE_GJ_220101,364.9,364.9,2026-09-15T12:00:00Z
NEET24_220101_0283,CENTRE_GJ_220101,594.2,594.2,2026-09-15T12:00:00Z
NEET24_220101_0284,CENTRE_GJ_220101,507.8,507.8,2026-09-15T12:00:00Z
NEET24_220101_0285,CENTRE_GJ_220101,483.7,483.7,2026-09-15T12:00:00Z
NEET24_220101_0286,CENTRE_GJ_220101,581.0,581.0,2026-09-15T12:00:00Z
NEET24_220101_0287,CENTRE_GJ_220101,405.2,405.2,2026-09-15T12:00:00Z
NEET24_220101_0288,CENTRE_GJ_220101,265.2,265.2,2026-09-15T12:00:00Z
NEET24_220101_0289,CENTRE_GJ_220101,522.7,522.7,2026-09-15T12:00:00Z
NEET24_220101_0290,CENTRE_GJ_220101,461.6,461.6,2026-09-15T12:00:00Z
NEET24_220101_0291,CENTRE_GJ_220101,580.1,580.1,2026-09-15T12:00:00Z
NEET24_220101_0292,CENTRE_GJ_220101,630.3,630.3,2026-09-15T12:00:00Z
NEET24_220101_0293,CENTRE_GJ_220101,376.3,376.3,2026-09-15T12:00:00Z
NEET24_220101_0294,CENTRE_GJ_220101,339.7,339.7,2026-09-15T12:00:00Z
NEET24_220101_0295,CENTRE_GJ_220101,453.2,453.2,2026-09-15T12:00:00Z
NEET24_220101_0296,CENTRE_GJ_220101,552.5,552.5,2026-09-15T12:00:00Z
NEET24_220101_0297,CENTRE_GJ_220101,297.0,297.0,2026-09-15T12:00:00Z
NEET24_220101_0298,CENTRE_GJ_220101,414.4,414.4,2026-09-15T12:00:00Z
NEET24_220101_0299,CENTRE_GJ_220101,495.6,495.6,2026-09-15T12:00:00Z
NEET24_220101_0300,CENTRE_GJ_220101,396.1,396.1,2026-09-15T12:00:00Z
NEET24_110101_0001,CENTRE_DL_110101,350.3,350.3,2026-09-15T12:00:00Z
NEET24_110101_0002,CENTRE_DL_110101,239.6,239.6,2026-09-15T12:00:00Z
NEET24_110101_0003,CENTRE_DL_110101,160.4,160.4,2026-09-15T12:00:00Z
NEET24_110101_0004,CENTRE_DL_110101,304.4,304.4,2026-09-15T12:00:00Z
NEET24_110101_0005,CENTRE_DL_110101,122.5,122.5,2026-09-15T12:00:00Z
NEET24_110101_0006,CENTRE_DL_110101,622.8,622.8,2026-09-15T12:00:00Z
NEET24_110101_0007,CENTRE_DL_110101,183.5,183.5,2026-09-15T12:00:00Z
NEET24_110101_0008,CENTRE_DL_110101,95.1,95.1,2026-09-15T12:00:00Z
NEET24_110101_0009,CENTRE_DL_110101,286.7,286.7,2026-09-15T12:00:00Z
NEET24_110101_0010,CENTRE_DL_110101,197.9,197.9,2026-09-15T12:00:00Z
NEET24_110101_0011,CENTRE_DL_110101,247.4,247.4,2026-09-15T12:00:00Z
NEET24_110101_0012,CENTRE_DL_110101,445.1,445.1,2026-09-15T12:00:00Z
NEET24_110101_0013,CENTRE_DL_110101,401.2,401.2,2026-09-15T12:00:00Z
NEET24_110101_0014,CENTRE_DL_110101,388.8,388.8,2026-09-15T12:00:00Z
NEET24_110101_0015,CENTRE_DL_110101,285.9,285.9,2026-09-15T12:00:00Z
NEET24_110101_0016,CENTRE_DL_110101,333.5,333.5,2026-09-15T12:00:00Z
NEET24_110101_0017,CENTRE_DL_110101,442.2,442.2,2026-09-15T12:00:00Z
NEET24_110101_0018,CENTRE_DL_110101,239.8,239.8,2026-09-15T12:00:00Z
NEET24_110101_0019,CENTRE_DL_110101,369.3,369.3,2026-09-15T12:00:00Z
NEET24_110101_0020,CENTRE_DL_110101,407.6,407.6,2026-09-15T12:00:00Z
NEET24_110101_0021,CENTRE_DL_110101,276.3,276.3,2026-09-15T12:00:00Z
NEET24_110101_0022,CENTRE_DL_110101,454.7,454.7,2026-09-15T12:00:00Z
NEET24_110101_0023,CENTRE_DL_110101,303.7,303.7,2026-09-15T12:00:00Z
NEET24_110101_0024,CENTRE_DL_110101,405.9,405.9,2026-09-15T12:00:00Z
NEET24_110101_0025,CENTRE_DL_110101,228.4,228.4,2026-09-15T12:00:00Z
NEET24_110101_0026,CENTRE_DL_110101,339.8,339.8,2026-09-15T12:00:00Z
NEET24_110101_0027,CENTRE_DL_110101,302.4,302.4,2026-09-15T12:00:00Z
NEET24_110101_0028,CENTRE_DL_110101,418.2,418.2,2026-09-15T12:00:00Z
NEET24_110101_0029,CENTRE_DL_110101,315.6,315.6,2026-09-15T12:00:00Z
NEET24_110101_0030,CENTRE_DL_110101,602.4,602.4,2026-09-15T12:00:00Z
NEET24_110101_0031,CENTRE_DL_110101,460.7,460.7,2026-09-15T12:00:00Z
NEET24_110101_0032,CENTRE_DL_110101,368.0,368.0,2026-09-15T12:00:00Z
NEET24_110101_0033,CENTRE_DL_110101,347.2,347.2,2026-09-15T12:00:00Z
NEET24_110101_0034,CENTRE_DL_110101,343.8,343.8,2026-09-15T12:00:00Z
NEET24_110101_0035,CENTRE_DL_110101,559.8,559.8,2026-09-15T12:00:00Z
NEET24_110101_0036,CENTRE_DL_110101,278.6,278.6,2026-09-15T12:00:00Z
NEET24_110101_0037,CENTRE_DL_110101,281.4,281.4,2026-09-15T12:00:00Z
NEET24_110101_0038,CENTRE_DL_110101,284.1,284.1,2026-09-15T12:00:00Z
NEET24_110101_0039,CENTRE_DL_110101,349.4,349.4,2026-09-15T12:00:00Z
NEET24_110101_0040,CENTRE_DL_110101,461.8,461.8,2026-09-15T12:00:00Z
NEET24_110101_0041,CENTRE_DL_110101,298.5,298.5,2026-09-15T12:00:00Z
NEET24_110101_0042,CENTRE_DL_110101,335.7,335.7,2026-09-15T12:00:00Z
NEET24_110101_0043,CENTRE_DL_110101,450.3,450.3,2026-09-15T12:00:00Z
NEET24_110101_0044,CENTRE_DL_110101,107.0,107.0,2026-09-15T12:00:00Z
NEET24_110101_0045,CENTRE_DL_110101,157.1,157.1,2026-09-15T12:00:00Z
NEET24_110101_0046,CENTRE_DL_110101,300.6,300.6,2026-09-15T12:00:00Z
NEET24_110101_0047,CENTRE_DL_110101,144.5,144.5,2026-09-15T12:00:00Z
NEET24_110101_0048,CENTRE_DL_110101,391.2,391.2,2026-09-15T12:00:00Z
NEET24_110101_0049,CENTRE_DL_110101,425.1,425.1,2026-09-15T12:00:00Z
NEET24_110101_0050,CENTRE_DL_110101,107.2,107.2,2026-09-15T12:00:00Z
NEET24_110101_0051,CENTRE_DL_110101,214.5,214.5,2026-09-15T12:00:00Z
NEET24_110101_0052,CENTRE_DL_110101,116.7,116.7,2026-09-15T12:00:00Z
NEET24_110101_0053,CENTRE_DL_110101,224.8,224.8,2026-09-15T12:00:00Z
NEET24_110101_0054,CENTRE_DL_110101,145.9,145.9,2026-09-15T12:00:00Z
NEET24_110101_0055,CENTRE_DL_110101,533.4,533.4,2026-09-15T12:00:00Z
NEET24_110101_0056,CENTRE_DL_110101,389.1,389.1,2026-09-15T12:00:00Z
NEET24_110101_0057,CENTRE_DL_110101,486.0,486.0,2026-09-15T12:00:00Z
NEET24_110101_0058,CENTRE_DL_110101,381.6,381.6,2026-09-15T12:00:00Z
NEET24_110101_0059,CENTRE_DL_110101,265.0,265.0,2026-09-15T12:00:00Z
NEET24_110101_0060,CENTRE_DL_110101,308.3,308.3,2026-09-15T12:00:00Z
NEET24_110101_0061,CENTRE_DL_110101,247.9,247.9,2026-09-15T12:00:00Z
NEET24_110101_0062,CENTRE_DL_110101,256.5,256.5,2026-09-15T12:00:00Z
NEET24_110101_0063,CENTRE_DL_110101,149.4,149.4,2026-09-15T12:00:00Z
NEET24_110101_0064,CENTRE_DL_110101,382.5,382.5,2026-09-15T12:00:00Z
NEET24_110101_0065,CENTRE_DL_110101,197.6,197.6,2026-09-15T12:00:00Z
NEET24_110101_0066,CENTRE_DL_110101,477.2,477.2,2026-09-15T12:00:00Z
NEET24_110101_0067,CENTRE_DL_110101,376.2,376.2,2026-09-15T12:00:00Z
NEET24_110101_0068,CENTRE_DL_110101,317.1,317.1,2026-09-15T12:00:00Z
NEET24_110101_0069,CENTRE_DL_110101,303.1,303.1,2026-09-15T12:00:00Z
NEET24_110101_0070,CENTRE_DL_110101,329.0,329.0,2026-09-15T12:00:00Z
NEET24_110101_0071,CENTRE_DL_110101,325.3,325.3,2026-09-15T12:00:00Z
NEET24_110101_0072,CENTRE_DL_110101,223.0,223.0,2026-09-15T12:00:00Z
NEET24_110101_0073,CENTRE_DL_110101,404.3,404.3,2026-09-15T12:00:00Z
NEET24_110101_0074,CENTRE_DL_110101,240.3,240.3,2026-09-15T12:00:00Z
NEET24_110101_0075,CENTRE_DL_110101,384.2,384.2,2026-09-15T12:00:00Z
NEET24_110101_0076,CENTRE_DL_110101,439.1,439.1,2026-09-15T12:00:00Z
NEET24_110101_0077,CENTRE_DL_110101,259.6,259.6,2026-09-15T12:00:00Z
NEET24_110101_0078,CENTRE_DL_110101,381.0,381.0,2026-09-15T12:00:00Z
NEET24_110101_0079,CENTRE_DL_110101,398.7,398.7,2026-09-15T12:00:00Z
NEET24_110101_0080,CENTRE_DL_110101,174.8,174.8,2026-09-15T12:00:00Z
NEET24_110101_0081,CENTRE_DL_110101,317.3,317.3,2026-09-15T12:00:00Z
NEET24_110101_0082,CENTRE_DL_110101,147.3,147.3,2026-09-15T12:00:00Z
NEET24_110101_0083,CENTRE_DL_110101,168.1,168.1,2026-09-15T12:00:00Z
NEET24_110101_0084,CENTRE_DL_110101,359.8,359.8,2026-09-15T12:00:00Z
NEET24_110101_0085,CENTRE_DL_110101,212.9,212.9,2026-09-15T12:00:00Z
NEET24_110101_0086,CENTRE_DL_110101,410.6,410.6,2026-09-15T12:00:00Z
NEET24_110101_0087,CENTRE_DL_110101,203.0,203.0,2026-09-15T12:00:00Z
NEET24_110101_0088,CENTRE_DL_110101,302.1,302.1,2026-09-15T12:00:00Z
NEET24_110101_0089,CENTRE_DL_110101,417.6,417.6,2026-09-15T12:00:00Z
NEET24_110101_0090,CENTRE_DL_110101,425.3,425.3,2026-09-15T12:00:00Z
NEET24_110101_0091,CENTRE_DL_110101,302.9,302.9,2026-09-15T12:00:00Z
NEET24_110101_0092,CENTRE_DL_110101,157.5,157.5,2026-09-15T12:00:00Z
NEET24_110101_0093,CENTRE_DL_110101,398.3,398.3,2026-09-15T12:00:00Z
NEET24_110101_0094,CENTRE_DL_110101,185.4,185.4,2026-09-15T12:00:00Z
NEET24_110101_0095,CENTRE_DL_110101,267.4,267.4,2026-09-15T12:00:00Z
NEET24_110101_0096,CENTRE_DL_110101,270.6,270.6,2026-09-15T12:00:00Z
NEET24_110101_0097,CENTRE_DL_110101,455.0,455.0,2026-09-15T12:00:00Z
NEET24_110101_0098,CENTRE_DL_110101,279.6,279.6,2026-09-15T12:00:00Z
NEET24_110101_0099,CENTRE_DL_110101,458.5,458.5,2026-09-15T12:00:00Z
NEET24_110101_0100,CENTRE_DL_110101,285.6,285.6,2026-09-15T12:00:00Z
NEET24_110101_0101,CENTRE_DL_110101,410.3,410.3,2026-09-15T12:00:00Z
NEET24_110101_0102,CENTRE_DL_110101,311.3,311.3,2026-09-15T12:00:00Z
NEET24_110101_0103,CENTRE_DL_110101,492.2,492.2,2026-09-15T12:00:00Z
NEET24_110101_0104,CENTRE_DL_110101,446.9,446.9,2026-09-15T12:00:00Z
NEET24_110101_0105,CENTRE_DL_110101,239.8,239.8,2026-09-15T12:00:00Z
NEET24_110101_0106,CENTRE_DL_110101,265.5,265.5,2026-09-15T12:00:00Z
NEET24_110101_0107,CENTRE_DL_110101,332.2,332.2,2026-09-15T12:00:00Z
NEET24_110101_0108,CENTRE_DL_110101,346.4,346.4,2026-09-15T12:00:00Z
NEET24_110101_0109,CENTRE_DL_110101,457.3,457.3,2026-09-15T12:00:00Z
NEET24_110101_0110,CENTRE_DL_110101,259.8,259.8,2026-09-15T12:00:00Z
NEET24_110101_0111,CENTRE_DL_110101,311.0,311.0,2026-09-15T12:00:00Z
NEET24_110101_0112,CENTRE_DL_110101,160.6,160.6,2026-09-15T12:00:00Z
NEET24_110101_0113,CENTRE_DL_110101,367.1,367.1,2026-09-15T12:00:00Z
NEET24_110101_0114,CENTRE_DL_110101,319.7,319.7,2026-09-15T12:00:00Z
NEET24_110101_0115,CENTRE_DL_110101,346.9,346.9,2026-09-15T12:00:00Z
NEET24_110101_0116,CENTRE_DL_110101,307.9,307.9,2026-09-15T12:00:00Z
NEET24_110101_0117,CENTRE_DL_110101,452.6,452.6,2026-09-15T12:00:00Z
NEET24_110101_0118,CENTRE_DL_110101,347.1,347.1,2026-09-15T12:00:00Z
NEET24_110101_0119,CENTRE_DL_110101,509.7,509.7,2026-09-15T12:00:00Z
NEET24_110101_0120,CENTRE_DL_110101,240.7,240.7,2026-09-15T12:00:00Z
NEET24_110101_0121,CENTRE_DL_110101,447.1,447.1,2026-09-15T12:00:00Z
NEET24_110101_0122,CENTRE_DL_110101,124.4,124.4,2026-09-15T12:00:00Z
NEET24_110101_0123,CENTRE_DL_110101,662.6,662.6,2026-09-15T12:00:00Z
NEET24_110101_0124,CENTRE_DL_110101,238.2,238.2,2026-09-15T12:00:00Z
NEET24_110101_0125,CENTRE_DL_110101,306.7,306.7,2026-09-15T12:00:00Z
NEET24_110101_0126,CENTRE_DL_110101,245.7,245.7,2026-09-15T12:00:00Z
NEET24_110101_0127,CENTRE_DL_110101,368.2,368.2,2026-09-15T12:00:00Z
NEET24_110101_0128,CENTRE_DL_110101,362.4,362.4,2026-09-15T12:00:00Z
NEET24_110101_0129,CENTRE_DL_110101,522.5,522.5,2026-09-15T12:00:00Z
NEET24_110101_0130,CENTRE_DL_110101,264.1,264.1,2026-09-15T12:00:00Z
NEET24_110101_0131,CENTRE_DL_110101,513.7,513.7,2026-09-15T12:00:00Z
NEET24_110101_0132,CENTRE_DL_110101,507.7,507.7,2026-09-15T12:00:00Z
NEET24_110101_0133,CENTRE_DL_110101,286.5,286.5,2026-09-15T12:00:00Z
NEET24_110101_0134,CENTRE_DL_110101,407.6,407.6,2026-09-15T12:00:00Z
NEET24_110101_0135,CENTRE_DL_110101,515.8,515.8,2026-09-15T12:00:00Z
NEET24_110101_0136,CENTRE_DL_110101,314.6,314.6,2026-09-15T12:00:00Z
NEET24_110101_0137,CENTRE_DL_110101,491.4,491.4,2026-09-15T12:00:00Z
NEET24_110101_0138,CENTRE_DL_110101,349.9,349.9,2026-09-15T12:00:00Z
NEET24_110101_0139,CENTRE_DL_110101,185.3,185.3,2026-09-15T12:00:00Z
NEET24_110101_0140,CENTRE_DL_110101,555.8,555.8,2026-09-15T12:00:00Z
NEET24_110101_0141,CENTRE_DL_110101,313.4,313.4,2026-09-15T12:00:00Z
NEET24_110101_0142,CENTRE_DL_110101,308.8,308.8,2026-09-15T12:00:00Z
NEET24_110101_0143,CENTRE_DL_110101,444.3,444.3,2026-09-15T12:00:00Z
NEET24_110101_0144,CENTRE_DL_110101,281.8,281.8,2026-09-15T12:00:00Z
NEET24_110101_0145,CENTRE_DL_110101,510.8,510.8,2026-09-15T12:00:00Z
NEET24_110101_0146,CENTRE_DL_110101,364.6,364.6,2026-09-15T12:00:00Z
NEET24_110101_0147,CENTRE_DL_110101,365.1,365.1,2026-09-15T12:00:00Z
NEET24_110101_0148,CENTRE_DL_110101,430.0,430.0,2026-09-15T12:00:00Z
NEET24_110101_0149,CENTRE_DL_110101,372.1,372.1,2026-09-15T12:00:00Z
NEET24_110101_0150,CENTRE_DL_110101,493.9,493.9,2026-09-15T12:00:00Z
NEET24_110101_0151,CENTRE_DL_110101,283.6,283.6,2026-09-15T12:00:00Z
NEET24_110101_0152,CENTRE_DL_110101,340.9,340.9,2026-09-15T12:00:00Z
NEET24_110101_0153,CENTRE_DL_110101,286.5,286.5,2026-09-15T12:00:00Z
NEET24_110101_0154,CENTRE_DL_110101,433.8,433.8,2026-09-15T12:00:00Z
NEET24_110101_0155,CENTRE_DL_110101,347.2,347.2,2026-09-15T12:00:00Z
NEET24_110101_0156,CENTRE_DL_110101,236.0,236.0,2026-09-15T12:00:00Z
NEET24_110101_0157,CENTRE_DL_110101,354.0,354.0,2026-09-15T12:00:00Z
NEET24_110101_0158,CENTRE_DL_110101,425.7,425.7,2026-09-15T12:00:00Z
NEET24_110101_0159,CENTRE_DL_110101,321.1,321.1,2026-09-15T12:00:00Z
NEET24_110101_0160,CENTRE_DL_110101,376.6,376.6,2026-09-15T12:00:00Z
NEET24_110101_0161,CENTRE_DL_110101,296.8,296.8,2026-09-15T12:00:00Z
NEET24_110101_0162,CENTRE_DL_110101,462.7,462.7,2026-09-15T12:00:00Z
NEET24_110101_0163,CENTRE_DL_110101,393.4,393.4,2026-09-15T12:00:00Z
NEET24_110101_0164,CENTRE_DL_110101,185.0,185.0,2026-09-15T12:00:00Z
NEET24_110101_0165,CENTRE_DL_110101,258.5,258.5,2026-09-15T12:00:00Z
NEET24_110101_0166,CENTRE_DL_110101,461.6,461.6,2026-09-15T12:00:00Z
NEET24_110101_0167,CENTRE_DL_110101,511.2,511.2,2026-09-15T12:00:00Z
NEET24_110101_0168,CENTRE_DL_110101,386.1,386.1,2026-09-15T12:00:00Z
NEET24_110101_0169,CENTRE_DL_110101,324.8,324.8,2026-09-15T12:00:00Z
NEET24_110101_0170,CENTRE_DL_110101,341.7,341.7,2026-09-15T12:00:00Z
NEET24_110101_0171,CENTRE_DL_110101,487.0,487.0,2026-09-15T12:00:00Z
NEET24_110101_0172,CENTRE_DL_110101,206.1,206.1,2026-09-15T12:00:00Z
NEET24_110101_0173,CENTRE_DL_110101,417.8,417.8,2026-09-15T12:00:00Z
NEET24_110101_0174,CENTRE_DL_110101,193.7,193.7,2026-09-15T12:00:00Z
NEET24_110101_0175,CENTRE_DL_110101,205.3,205.3,2026-09-15T12:00:00Z
NEET24_110101_0176,CENTRE_DL_110101,156.3,156.3,2026-09-15T12:00:00Z
NEET24_110101_0177,CENTRE_DL_110101,511.7,511.7,2026-09-15T12:00:00Z
NEET24_110101_0178,CENTRE_DL_110101,295.1,295.1,2026-09-15T12:00:00Z
NEET24_110101_0179,CENTRE_DL_110101,486.5,486.5,2026-09-15T12:00:00Z
NEET24_110101_0180,CENTRE_DL_110101,205.5,205.5,2026-09-15T12:00:00Z
NEET24_110101_0181,CENTRE_DL_110101,404.5,404.5,2026-09-15T12:00:00Z
NEET24_110101_0182,CENTRE_DL_110101,611.3,611.3,2026-09-15T12:00:00Z
NEET24_110101_0183,CENTRE_DL_110101,447.9,447.9,2026-09-15T12:00:00Z
NEET24_110101_0184,CENTRE_DL_110101,498.4,498.4,2026-09-15T12:00:00Z
NEET24_110101_0185,CENTRE_DL_110101,453.9,453.9,2026-09-15T12:00:00Z
NEET24_110101_0186,CENTRE_DL_110101,276.4,276.4,2026-09-15T12:00:00Z
NEET24_110101_0187,CENTRE_DL_110101,276.0,276.0,2026-09-15T12:00:00Z
NEET24_110101_0188,CENTRE_DL_110101,414.3,414.3,2026-09-15T12:00:00Z
NEET24_110101_0189,CENTRE_DL_110101,381.6,381.6,2026-09-15T12:00:00Z
NEET24_110101_0190,CENTRE_DL_110101,276.4,276.4,2026-09-15T12:00:00Z
NEET24_110101_0191,CENTRE_DL_110101,318.5,318.5,2026-09-15T12:00:00Z
NEET24_110101_0192,CENTRE_DL_110101,192.4,192.4,2026-09-15T12:00:00Z
NEET24_110101_0193,CENTRE_DL_110101,435.6,435.6,2026-09-15T12:00:00Z
NEET24_110101_0194,CENTRE_DL_110101,310.9,310.9,2026-09-15T12:00:00Z
NEET24_110101_0195,CENTRE_DL_110101,345.6,345.6,2026-09-15T12:00:00Z
NEET24_110101_0196,CENTRE_DL_110101,317.8,317.8,2026-09-15T12:00:00Z
NEET24_110101_0197,CENTRE_DL_110101,431.1,431.1,2026-09-15T12:00:00Z
NEET24_110101_0198,CENTRE_DL_110101,368.1,368.1,2026-09-15T12:00:00Z
NEET24_110101_0199,CENTRE_DL_110101,305.9,305.9,2026-09-15T12:00:00Z
NEET24_110101_0200,CENTRE_DL_110101,349.4,349.4,2026-09-15T12:00:00Z
NEET24_270101_0001,CENTRE_MH_270101,429.7,429.7,2026-09-15T12:00:00Z
NEET24_270101_0002,CENTRE_MH_270101,379.3,379.3,2026-09-15T12:00:00Z
NEET24_270101_0003,CENTRE_MH_270101,191.6,191.6,2026-09-15T12:00:00Z
NEET24_270101_0004,CENTRE_MH_270101,365.4,365.4,2026-09-15T12:00:00Z
NEET24_270101_0005,CENTRE_MH_270101,268.0,268.0,2026-09-15T12:00:00Z
NEET24_270101_0006,CENTRE_MH_270101,401.6,401.6,2026-09-15T12:00:00Z
NEET24_270101_0007,CENTRE_MH_270101,394.2,394.2,2026-09-15T12:00:00Z
NEET24_270101_0008,CENTRE_MH_270101,393.6,393.6,2026-09-15T12:00:00Z
NEET24_270101_0009,CENTRE_MH_270101,412.8,412.8,2026-09-15T12:00:00Z
NEET24_270101_0010,CENTRE_MH_270101,365.3,365.3,2026-09-15T12:00:00Z
NEET24_270101_0011,CENTRE_MH_270101,371.4,371.4,2026-09-15T12:00:00Z
NEET24_270101_0012,CENTRE_MH_270101,380.9,380.9,2026-09-15T12:00:00Z
NEET24_270101_0013,CENTRE_MH_270101,190.9,190.9,2026-09-15T12:00:00Z
NEET24_270101_0014,CENTRE_MH_270101,456.6,456.6,2026-09-15T12:00:00Z
NEET24_270101_0015,CENTRE_MH_270101,108.5,108.5,2026-09-15T12:00:00Z
NEET24_270101_0016,CENTRE_MH_270101,220.0,220.0,2026-09-15T12:00:00Z
NEET24_270101_0017,CENTRE_MH_270101,388.3,388.3,2026-09-15T12:00:00Z
NEET24_270101_0018,CENTRE_MH_270101,301.1,301.1,2026-09-15T12:00:00Z
NEET24_270101_0019,CENTRE_MH_270101,450.0,450.0,2026-09-15T12:00:00Z
NEET24_270101_0020,CENTRE_MH_270101,320.0,320.0,2026-09-15T12:00:00Z
NEET24_270101_0021,CENTRE_MH_270101,481.9,481.9,2026-09-15T12:00:00Z
NEET24_270101_0022,CENTRE_MH_270101,196.5,196.5,2026-09-15T12:00:00Z
NEET24_270101_0023,CENTRE_MH_270101,399.2,399.2,2026-09-15T12:00:00Z
NEET24_270101_0024,CENTRE_MH_270101,483.9,483.9,2026-09-15T12:00:00Z
NEET24_270101_0025,CENTRE_MH_270101,220.1,220.1,2026-09-15T12:00:00Z
NEET24_270101_0026,CENTRE_MH_270101,319.1,319.1,2026-09-15T12:00:00Z
NEET24_270101_0027,CENTRE_MH_270101,324.0,324.0,2026-09-15T12:00:00Z
NEET24_270101_0028,CENTRE_MH_270101,362.7,362.7,2026-09-15T12:00:00Z
NEET24_270101_0029,CENTRE_MH_270101,510.7,510.7,2026-09-15T12:00:00Z
NEET24_270101_0030,CENTRE_MH_270101,437.9,437.9,2026-09-15T12:00:00Z
NEET24_270101_0031,CENTRE_MH_270101,222.5,222.5,2026-09-15T12:00:00Z
NEET24_270101_0032,CENTRE_MH_270101,534.0,534.0,2026-09-15T12:00:00Z
NEET24_270101_0033,CENTRE_MH_270101,365.4,365.4,2026-09-15T12:00:00Z
NEET24_270101_0034,CENTRE_MH_270101,405.4,405.4,2026-09-15T12:00:00Z
NEET24_270101_0035,CENTRE_MH_270101,204.2,204.2,2026-09-15T12:00:00Z
NEET24_270101_0036,CENTRE_MH_270101,345.9,345.9,2026-09-15T12:00:00Z
NEET24_270101_0037,CENTRE_MH_270101,268.9,268.9,2026-09-15T12:00:00Z
NEET24_270101_0038,CENTRE_MH_270101,216.6,216.6,2026-09-15T12:00:00Z
NEET24_270101_0039,CENTRE_MH_270101,325.2,325.2,2026-09-15T12:00:00Z
NEET24_270101_0040,CENTRE_MH_270101,271.1,271.1,2026-09-15T12:00:00Z
NEET24_270101_0041,CENTRE_MH_270101,680.0,680.0,2026-09-15T12:00:00Z
NEET24_270101_0042,CENTRE_MH_270101,145.9,145.9,2026-09-15T12:00:00Z
NEET24_270101_0043,CENTRE_MH_270101,422.7,422.7,2026-09-15T12:00:00Z
NEET24_270101_0044,CENTRE_MH_270101,467.1,467.1,2026-09-15T12:00:00Z
NEET24_270101_0045,CENTRE_MH_270101,315.0,315.0,2026-09-15T12:00:00Z
NEET24_270101_0046,CENTRE_MH_270101,255.1,255.1,2026-09-15T12:00:00Z
NEET24_270101_0047,CENTRE_MH_270101,395.1,395.1,2026-09-15T12:00:00Z
NEET24_270101_0048,CENTRE_MH_270101,393.9,393.9,2026-09-15T12:00:00Z
NEET24_270101_0049,CENTRE_MH_270101,381.6,381.6,2026-09-15T12:00:00Z
NEET24_270101_0050,CENTRE_MH_270101,225.7,225.7,2026-09-15T12:00:00Z
NEET24_270101_0051,CENTRE_MH_270101,410.9,410.9,2026-09-15T12:00:00Z
NEET24_270101_0052,CENTRE_MH_270101,279.3,279.3,2026-09-15T12:00:00Z
NEET24_270101_0053,CENTRE_MH_270101,240.8,240.8,2026-09-15T12:00:00Z
NEET24_270101_0054,CENTRE_MH_270101,342.1,342.1,2026-09-15T12:00:00Z
NEET24_270101_0055,CENTRE_MH_270101,308.6,308.6,2026-09-15T12:00:00Z
NEET24_270101_0056,CENTRE_MH_270101,414.6,414.6,2026-09-15T12:00:00Z
NEET24_270101_0057,CENTRE_MH_270101,386.1,386.1,2026-09-15T12:00:00Z
NEET24_270101_0058,CENTRE_MH_270101,487.7,487.7,2026-09-15T12:00:00Z
NEET24_270101_0059,CENTRE_MH_270101,471.7,471.7,2026-09-15T12:00:00Z
NEET24_270101_0060,CENTRE_MH_270101,481.9,481.9,2026-09-15T12:00:00Z
NEET24_270101_0061,CENTRE_MH_270101,178.9,178.9,2026-09-15T12:00:00Z
NEET24_270101_0062,CENTRE_MH_270101,572.0,572.0,2026-09-15T12:00:00Z
NEET24_270101_0063,CENTRE_MH_270101,341.7,341.7,2026-09-15T12:00:00Z
NEET24_270101_0064,CENTRE_MH_270101,302.7,302.7,2026-09-15T12:00:00Z
NEET24_270101_0065,CENTRE_MH_270101,349.1,349.1,2026-09-15T12:00:00Z
NEET24_270101_0066,CENTRE_MH_270101,180.5,180.5,2026-09-15T12:00:00Z
NEET24_270101_0067,CENTRE_MH_270101,321.4,321.4,2026-09-15T12:00:00Z
NEET24_270101_0068,CENTRE_MH_270101,215.8,215.8,2026-09-15T12:00:00Z
NEET24_270101_0069,CENTRE_MH_270101,341.2,341.2,2026-09-15T12:00:00Z
NEET24_270101_0070,CENTRE_MH_270101,425.9,425.9,2026-09-15T12:00:00Z
NEET24_270101_0071,CENTRE_MH_270101,368.9,368.9,2026-09-15T12:00:00Z
NEET24_270101_0072,CENTRE_MH_270101,404.4,404.4,2026-09-15T12:00:00Z
NEET24_270101_0073,CENTRE_MH_270101,409.5,409.5,2026-09-15T12:00:00Z
NEET24_270101_0074,CENTRE_MH_270101,437.0,437.0,2026-09-15T12:00:00Z
NEET24_270101_0075,CENTRE_MH_270101,249.9,249.9,2026-09-15T12:00:00Z
NEET24_270101_0076,CENTRE_MH_270101,499.5,499.5,2026-09-15T12:00:00Z
NEET24_270101_0077,CENTRE_MH_270101,369.3,369.3,2026-09-15T12:00:00Z
NEET24_270101_0078,CENTRE_MH_270101,395.2,395.2,2026-09-15T12:00:00Z
NEET24_270101_0079,CENTRE_MH_270101,167.7,167.7,2026-09-15T12:00:00Z
NEET24_270101_0080,CENTRE_MH_270101,332.9,332.9,2026-09-15T12:00:00Z
NEET24_270101_0081,CENTRE_MH_270101,357.7,357.7,2026-09-15T12:00:00Z
NEET24_270101_0082,CENTRE_MH_270101,271.3,271.3,2026-09-15T12:00:00Z
NEET24_270101_0083,CENTRE_MH_270101,384.8,384.8,2026-09-15T12:00:00Z
NEET24_270101_0084,CENTRE_MH_270101,370.7,370.7,2026-09-15T12:00:00Z
NEET24_270101_0085,CENTRE_MH_270101,292.6,292.6,2026-09-15T12:00:00Z
NEET24_270101_0086,CENTRE_MH_270101,497.0,497.0,2026-09-15T12:00:00Z
NEET24_270101_0087,CENTRE_MH_270101,285.8,285.8,2026-09-15T12:00:00Z
NEET24_270101_0088,CENTRE_MH_270101,491.6,491.6,2026-09-15T12:00:00Z
NEET24_270101_0089,CENTRE_MH_270101,560.0,560.0,2026-09-15T12:00:00Z
NEET24_270101_0090,CENTRE_MH_270101,293.3,293.3,2026-09-15T12:00:00Z
NEET24_270101_0091,CENTRE_MH_270101,513.6,513.6,2026-09-15T12:00:00Z
NEET24_270101_0092,CENTRE_MH_270101,226.2,226.2,2026-09-15T12:00:00Z
NEET24_270101_0093,CENTRE_MH_270101,406.8,406.8,2026-09-15T12:00:00Z
NEET24_270101_0094,CENTRE_MH_270101,214.9,214.9,2026-09-15T12:00:00Z
NEET24_270101_0095,CENTRE_MH_270101,362.1,362.1,2026-09-15T12:00:00Z
NEET24_270101_0096,CENTRE_MH_270101,386.0,386.0,2026-09-15T12:00:00Z
NEET24_270101_0097,CENTRE_MH_270101,399.0,399.0,2026-09-15T12:00:00Z
NEET24_270101_0098,CENTRE_MH_270101,185.5,185.5,2026-09-15T12:00:00Z
NEET24_270101_0099,CENTRE_MH_270101,228.6,228.6,2026-09-15T12:00:00Z
NEET24_270101_0100,CENTRE_MH_270101,368.6,368.6,2026-09-15T12:00:00Z
NEET24_270101_0101,CENTRE_MH_270101,373.1,373.1,2026-09-15T12:00:00Z
NEET24_270101_0102,CENTRE_MH_270101,372.1,372.1,2026-09-15T12:00:00Z
NEET24_270101_0103,CENTRE_MH_270101,116.5,116.5,2026-09-15T12:00:00Z
NEET24_270101_0104,CENTRE_MH_270101,231.6,231.6,2026-09-15T12:00:00Z
NEET24_270101_0105,CENTRE_MH_270101,511.0,511.0,2026-09-15T12:00:00Z
NEET24_270101_0106,CENTRE_MH_270101,339.1,339.1,2026-09-15T12:00:00Z
NEET24_270101_0107,CENTRE_MH_270101,348.2,348.2,2026-09-15T12:00:00Z
NEET24_270101_0108,CENTRE_MH_270101,307.1,307.1,2026-09-15T12:00:00Z
NEET24_270101_0109,CENTRE_MH_270101,123.3,123.3,2026-09-15T12:00:00Z
NEET24_270101_0110,CENTRE_MH_270101,191.9,191.9,2026-09-15T12:00:00Z
NEET24_270101_0111,CENTRE_MH_270101,258.7,258.7,2026-09-15T12:00:00Z
NEET24_270101_0112,CENTRE_MH_270101,422.9,422.9,2026-09-15T12:00:00Z
NEET24_270101_0113,CENTRE_MH_270101,246.3,246.3,2026-09-15T12:00:00Z
NEET24_270101_0114,CENTRE_MH_270101,237.1,237.1,2026-09-15T12:00:00Z
NEET24_270101_0115,CENTRE_MH_270101,350.2,350.2,2026-09-15T12:00:00Z
NEET24_270101_0116,CENTRE_MH_270101,349.0,349.0,2026-09-15T12:00:00Z
NEET24_270101_0117,CENTRE_MH_270101,228.4,228.4,2026-09-15T12:00:00Z
NEET24_270101_0118,CENTRE_MH_270101,551.8,551.8,2026-09-15T12:00:00Z
NEET24_270101_0119,CENTRE_MH_270101,244.9,244.9,2026-09-15T12:00:00Z
NEET24_270101_0120,CENTRE_MH_270101,424.3,424.3,2026-09-15T12:00:00Z
NEET24_270101_0121,CENTRE_MH_270101,329.8,329.8,2026-09-15T12:00:00Z
NEET24_270101_0122,CENTRE_MH_270101,172.1,172.1,2026-09-15T12:00:00Z
NEET24_270101_0123,CENTRE_MH_270101,491.9,491.9,2026-09-15T12:00:00Z
NEET24_270101_0124,CENTRE_MH_270101,254.8,254.8,2026-09-15T12:00:00Z
NEET24_270101_0125,CENTRE_MH_270101,393.5,393.5,2026-09-15T12:00:00Z
NEET24_270101_0126,CENTRE_MH_270101,89.3,89.3,2026-09-15T12:00:00Z
NEET24_270101_0127,CENTRE_MH_270101,383.0,383.0,2026-09-15T12:00:00Z
NEET24_270101_0128,CENTRE_MH_270101,87.9,87.9,2026-09-15T12:00:00Z
NEET24_270101_0129,CENTRE_MH_270101,573.1,573.1,2026-09-15T12:00:00Z
NEET24_270101_0130,CENTRE_MH_270101,384.0,384.0,2026-09-15T12:00:00Z
NEET24_270101_0131,CENTRE_MH_270101,178.8,178.8,2026-09-15T12:00:00Z
NEET24_270101_0132,CENTRE_MH_270101,511.7,511.7,2026-09-15T12:00:00Z
NEET24_270101_0133,CENTRE_MH_270101,583.0,583.0,2026-09-15T12:00:00Z
NEET24_270101_0134,CENTRE_MH_270101,549.2,549.2,2026-09-15T12:00:00Z
NEET24_270101_0135,CENTRE_MH_270101,552.5,552.5,2026-09-15T12:00:00Z
NEET24_270101_0136,CENTRE_MH_270101,313.9,313.9,2026-09-15T12:00:00Z
NEET24_270101_0137,CENTRE_MH_270101,386.0,386.0,2026-09-15T12:00:00Z
NEET24_270101_0138,CENTRE_MH_270101,369.6,369.6,2026-09-15T12:00:00Z
NEET24_270101_0139,CENTRE_MH_270101,296.4,296.4,2026-09-15T12:00:00Z
NEET24_270101_0140,CENTRE_MH_270101,357.1,357.1,2026-09-15T12:00:00Z
NEET24_270101_0141,CENTRE_MH_270101,329.2,329.2,2026-09-15T12:00:00Z
NEET24_270101_0142,CENTRE_MH_270101,483.6,483.6,2026-09-15T12:00:00Z
NEET24_270101_0143,CENTRE_MH_270101,523.1,523.1,2026-09-15T12:00:00Z
NEET24_270101_0144,CENTRE_MH_270101,384.6,384.6,2026-09-15T12:00:00Z
NEET24_270101_0145,CENTRE_MH_270101,331.5,331.5,2026-09-15T12:00:00Z
NEET24_270101_0146,CENTRE_MH_270101,357.8,357.8,2026-09-15T12:00:00Z
NEET24_270101_0147,CENTRE_MH_270101,251.5,251.5,2026-09-15T12:00:00Z
NEET24_270101_0148,CENTRE_MH_270101,257.3,257.3,2026-09-15T12:00:00Z
NEET24_270101_0149,CENTRE_MH_270101,259.0,259.0,2026-09-15T12:00:00Z
NEET24_270101_0150,CENTRE_MH_270101,429.9,429.9,2026-09-15T12:00:00Z
NEET24_270101_0151,CENTRE_MH_270101,389.6,389.6,2026-09-15T12:00:00Z
NEET24_270101_0152,CENTRE_MH_270101,275.0,275.0,2026-09-15T12:00:00Z
NEET24_270101_0153,CENTRE_MH_270101,213.7,213.7,2026-09-15T12:00:00Z
NEET24_270101_0154,CENTRE_MH_270101,494.8,494.8,2026-09-15T12:00:00Z
NEET24_270101_0155,CENTRE_MH_270101,294.1,294.1,2026-09-15T12:00:00Z
NEET24_270101_0156,CENTRE_MH_270101,441.1,441.1,2026-09-15T12:00:00Z
NEET24_270101_0157,CENTRE_MH_270101,253.5,253.5,2026-09-15T12:00:00Z
NEET24_270101_0158,CENTRE_MH_270101,185.8,185.8,2026-09-15T12:00:00Z
NEET24_270101_0159,CENTRE_MH_270101,299.4,299.4,2026-09-15T12:00:00Z
NEET24_270101_0160,CENTRE_MH_270101,356.7,356.7,2026-09-15T12:00:00Z
NEET24_270101_0161,CENTRE_MH_270101,513.9,513.9,2026-09-15T12:00:00Z
NEET24_270101_0162,CENTRE_MH_270101,320.8,320.8,2026-09-15T12:00:00Z
NEET24_270101_0163,CENTRE_MH_270101,420.4,420.4,2026-09-15T12:00:00Z
NEET24_270101_0164,CENTRE_MH_270101,608.4,608.4,2026-09-15T12:00:00Z
NEET24_270101_0165,CENTRE_MH_270101,511.2,511.2,2026-09-15T12:00:00Z
NEET24_270101_0166,CENTRE_MH_270101,351.7,351.7,2026-09-15T12:00:00Z
NEET24_270101_0167,CENTRE_MH_270101,161.0,161.0,2026-09-15T12:00:00Z
NEET24_270101_0168,CENTRE_MH_270101,396.0,396.0,2026-09-15T12:00:00Z
NEET24_270101_0169,CENTRE_MH_270101,381.0,381.0,2026-09-15T12:00:00Z
NEET24_270101_0170,CENTRE_MH_270101,331.5,331.5,2026-09-15T12:00:00Z
NEET24_270101_0171,CENTRE_MH_270101,366.5,366.5,2026-09-15T12:00:00Z
NEET24_270101_0172,CENTRE_MH_270101,322.4,322.4,2026-09-15T12:00:00Z
NEET24_270101_0173,CENTRE_MH_270101,374.9,374.9,2026-09-15T12:00:00Z
NEET24_270101_0174,CENTRE_MH_270101,263.1,263.1,2026-09-15T12:00:00Z
NEET24_270101_0175,CENTRE_MH_270101,434.8,434.8,2026-09-15T12:00:00Z
NEET24_270101_0176,CENTRE_MH_270101,344.3,344.3,2026-09-15T12:00:00Z
NEET24_270101_0177,CENTRE_MH_270101,458.4,458.4,2026-09-15T12:00:00Z
NEET24_270101_0178,CENTRE_MH_270101,309.9,309.9,2026-09-15T12:00:00Z
NEET24_270101_0179,CENTRE_MH_270101,274.1,274.1,2026-09-15T12:00:00Z
NEET24_270101_0180,CENTRE_MH_270101,411.5,411.5,2026-09-15T12:00:00Z
NEET24_270101_0181,CENTRE_MH_270101,480.5,480.5,2026-09-15T12:00:00Z
NEET24_270101_0182,CENTRE_MH_270101,211.0,211.0,2026-09-15T12:00:00Z
NEET24_270101_0183,CENTRE_MH_270101,457.3,457.3,2026-09-15T12:00:00Z
NEET24_270101_0184,CENTRE_MH_270101,187.9,187.9,2026-09-15T12:00:00Z
NEET24_270101_0185,CENTRE_MH_270101,342.2,342.2,2026-09-15T12:00:00Z
NEET24_270101_0186,CENTRE_MH_270101,358.3,358.3,2026-09-15T12:00:00Z
NEET24_270101_0187,CENTRE_MH_270101,502.9,502.9,2026-09-15T12:00:00Z
NEET24_270101_0188,CENTRE_MH_270101,175.0,175.0,2026-09-15T12:00:00Z
NEET24_270101_0189,CENTRE_MH_270101,382.8,382.8,2026-09-15T12:00:00Z
NEET24_270101_0190,CENTRE_MH_270101,443.6,443.6,2026-09-15T12:00:00Z
NEET24_270101_0191,CENTRE_MH_270101,263.7,263.7,2026-09-15T12:00:00Z
NEET24_270101_0192,CENTRE_MH_270101,306.1,306.1,2026-09-15T12:00:00Z
NEET24_270101_0193,CENTRE_MH_270101,480.6,480.6,2026-09-15T12:00:00Z
NEET24_270101_0194,CENTRE_MH_270101,587.9,587.9,2026-09-15T12:00:00Z
NEET24_270101_0195,CENTRE_MH_270101,464.1,464.1,2026-09-15T12:00:00Z
NEET24_270101_0196,CENTRE_MH_270101,436.7,436.7,2026-09-15T12:00:00Z
NEET24_270101_0197,CENTRE_MH_270101,332.5,332.5,2026-09-15T12:00:00Z
NEET24_270101_0198,CENTRE_MH_270101,511.1,511.1,2026-09-15T12:00:00Z
NEET24_270101_0199,CENTRE_MH_270101,298.4,298.4,2026-09-15T12:00:00Z
NEET24_270101_0200,CENTRE_MH_270101,246.0,246.0,2026-09-15T12:00:00Z
NEET24_290101_0001,CENTRE_KA_290101,366.1,366.1,2026-09-15T12:00:00Z
NEET24_290101_0002,CENTRE_KA_290101,565.3,565.3,2026-09-15T12:00:00Z
NEET24_290101_0003,CENTRE_KA_290101,339.1,339.1,2026-09-15T12:00:00Z
NEET24_290101_0004,CENTRE_KA_290101,428.3,428.3,2026-09-15T12:00:00Z
NEET24_290101_0005,CENTRE_KA_290101,410.0,410.0,2026-09-15T12:00:00Z
NEET24_290101_0006,CENTRE_KA_290101,279.1,279.1,2026-09-15T12:00:00Z
NEET24_290101_0007,CENTRE_KA_290101,414.6,414.6,2026-09-15T12:00:00Z
NEET24_290101_0008,CENTRE_KA_290101,332.4,332.4,2026-09-15T12:00:00Z
NEET24_290101_0009,CENTRE_KA_290101,317.0,317.0,2026-09-15T12:00:00Z
NEET24_290101_0010,CENTRE_KA_290101,395.6,395.6,2026-09-15T12:00:00Z
NEET24_290101_0011,CENTRE_KA_290101,238.8,238.8,2026-09-15T12:00:00Z
NEET24_290101_0012,CENTRE_KA_290101,569.9,569.9,2026-09-15T12:00:00Z
NEET24_290101_0013,CENTRE_KA_290101,351.7,351.7,2026-09-15T12:00:00Z
NEET24_290101_0014,CENTRE_KA_290101,394.9,394.9,2026-09-15T12:00:00Z
NEET24_290101_0015,CENTRE_KA_290101,80.0,80.0,2026-09-15T12:00:00Z
NEET24_290101_0016,CENTRE_KA_290101,501.0,501.0,2026-09-15T12:00:00Z
NEET24_290101_0017,CENTRE_KA_290101,238.7,238.7,2026-09-15T12:00:00Z
NEET24_290101_0018,CENTRE_KA_290101,463.5,463.5,2026-09-15T12:00:00Z
NEET24_290101_0019,CENTRE_KA_290101,124.5,124.5,2026-09-15T12:00:00Z
NEET24_290101_0020,CENTRE_KA_290101,353.4,353.4,2026-09-15T12:00:00Z
NEET24_290101_0021,CENTRE_KA_290101,257.9,257.9,2026-09-15T12:00:00Z
NEET24_290101_0022,CENTRE_KA_290101,365.9,365.9,2026-09-15T12:00:00Z
NEET24_290101_0023,CENTRE_KA_290101,263.4,263.4,2026-09-15T12:00:00Z
NEET24_290101_0024,CENTRE_KA_290101,372.1,372.1,2026-09-15T12:00:00Z
NEET24_290101_0025,CENTRE_KA_290101,421.2,421.2,2026-09-15T12:00:00Z
NEET24_290101_0026,CENTRE_KA_290101,346.9,346.9,2026-09-15T12:00:00Z
NEET24_290101_0027,CENTRE_KA_290101,143.7,143.7,2026-09-15T12:00:00Z
NEET24_290101_0028,CENTRE_KA_290101,313.7,313.7,2026-09-15T12:00:00Z
NEET24_290101_0029,CENTRE_KA_290101,283.4,283.4,2026-09-15T12:00:00Z
NEET24_290101_0030,CENTRE_KA_290101,472.4,472.4,2026-09-15T12:00:00Z
NEET24_290101_0031,CENTRE_KA_290101,432.6,432.6,2026-09-15T12:00:00Z
NEET24_290101_0032,CENTRE_KA_290101,536.6,536.6,2026-09-15T12:00:00Z
NEET24_290101_0033,CENTRE_KA_290101,389.7,389.7,2026-09-15T12:00:00Z
NEET24_290101_0034,CENTRE_KA_290101,447.2,447.2,2026-09-15T12:00:00Z
NEET24_290101_0035,CENTRE_KA_290101,362.8,362.8,2026-09-15T12:00:00Z
NEET24_290101_0036,CENTRE_KA_290101,511.0,511.0,2026-09-15T12:00:00Z
NEET24_290101_0037,CENTRE_KA_290101,525.3,525.3,2026-09-15T12:00:00Z
NEET24_290101_0038,CENTRE_KA_290101,284.7,284.7,2026-09-15T12:00:00Z
NEET24_290101_0039,CENTRE_KA_290101,445.6,445.6,2026-09-15T12:00:00Z
NEET24_290101_0040,CENTRE_KA_290101,401.5,401.5,2026-09-15T12:00:00Z
NEET24_290101_0041,CENTRE_KA_290101,532.5,532.5,2026-09-15T12:00:00Z
NEET24_290101_0042,CENTRE_KA_290101,418.3,418.3,2026-09-15T12:00:00Z
NEET24_290101_0043,CENTRE_KA_290101,263.1,263.1,2026-09-15T12:00:00Z
NEET24_290101_0044,CENTRE_KA_290101,248.3,248.3,2026-09-15T12:00:00Z
NEET24_290101_0045,CENTRE_KA_290101,339.0,339.0,2026-09-15T12:00:00Z
NEET24_290101_0046,CENTRE_KA_290101,470.3,470.3,2026-09-15T12:00:00Z
NEET24_290101_0047,CENTRE_KA_290101,558.9,558.9,2026-09-15T12:00:00Z
NEET24_290101_0048,CENTRE_KA_290101,622.6,622.6,2026-09-15T12:00:00Z
NEET24_290101_0049,CENTRE_KA_290101,236.6,236.6,2026-09-15T12:00:00Z
NEET24_290101_0050,CENTRE_KA_290101,274.9,274.9,2026-09-15T12:00:00Z
NEET24_290101_0051,CENTRE_KA_290101,563.2,563.2,2026-09-15T12:00:00Z
NEET24_290101_0052,CENTRE_KA_290101,383.2,383.2,2026-09-15T12:00:00Z
NEET24_290101_0053,CENTRE_KA_290101,218.2,218.2,2026-09-15T12:00:00Z
NEET24_290101_0054,CENTRE_KA_290101,511.5,511.5,2026-09-15T12:00:00Z
NEET24_290101_0055,CENTRE_KA_290101,427.8,427.8,2026-09-15T12:00:00Z
NEET24_290101_0056,CENTRE_KA_290101,366.4,366.4,2026-09-15T12:00:00Z
NEET24_290101_0057,CENTRE_KA_290101,510.7,510.7,2026-09-15T12:00:00Z
NEET24_290101_0058,CENTRE_KA_290101,287.1,287.1,2026-09-15T12:00:00Z
NEET24_290101_0059,CENTRE_KA_290101,237.1,237.1,2026-09-15T12:00:00Z
NEET24_290101_0060,CENTRE_KA_290101,423.1,423.1,2026-09-15T12:00:00Z
NEET24_290101_0061,CENTRE_KA_290101,219.0,219.0,2026-09-15T12:00:00Z
NEET24_290101_0062,CENTRE_KA_290101,437.2,437.2,2026-09-15T12:00:00Z
NEET24_290101_0063,CENTRE_KA_290101,401.9,401.9,2026-09-15T12:00:00Z
NEET24_290101_0064,CENTRE_KA_290101,334.6,334.6,2026-09-15T12:00:00Z
NEET24_290101_0065,CENTRE_KA_290101,398.8,398.8,2026-09-15T12:00:00Z
NEET24_290101_0066,CENTRE_KA_290101,210.3,210.3,2026-09-15T12:00:00Z
NEET24_290101_0067,CENTRE_KA_290101,480.5,480.5,2026-09-15T12:00:00Z
NEET24_290101_0068,CENTRE_KA_290101,331.4,331.4,2026-09-15T12:00:00Z
NEET24_290101_0069,CENTRE_KA_290101,452.3,452.3,2026-09-15T12:00:00Z
NEET24_290101_0070,CENTRE_KA_290101,268.6,268.6,2026-09-15T12:00:00Z
NEET24_290101_0071,CENTRE_KA_290101,255.3,255.3,2026-09-15T12:00:00Z
NEET24_290101_0072,CENTRE_KA_290101,280.9,280.9,2026-09-15T12:00:00Z
NEET24_290101_0073,CENTRE_KA_290101,224.3,224.3,2026-09-15T12:00:00Z
NEET24_290101_0074,CENTRE_KA_290101,138.7,138.7,2026-09-15T12:00:00Z
NEET24_290101_0075,CENTRE_KA_290101,152.0,152.0,2026-09-15T12:00:00Z
NEET24_290101_0076,CENTRE_KA_290101,265.7,265.7,2026-09-15T12:00:00Z
NEET24_290101_0077,CENTRE_KA_290101,479.3,479.3,2026-09-15T12:00:00Z
NEET24_290101_0078,CENTRE_KA_290101,242.0,242.0,2026-09-15T12:00:00Z
NEET24_290101_0079,CENTRE_KA_290101,209.3,209.3,2026-09-15T12:00:00Z
NEET24_290101_0080,CENTRE_KA_290101,165.8,165.8,2026-09-15T12:00:00Z
NEET24_290101_0081,CENTRE_KA_290101,379.8,379.8,2026-09-15T12:00:00Z
NEET24_290101_0082,CENTRE_KA_290101,306.1,306.1,2026-09-15T12:00:00Z
NEET24_290101_0083,CENTRE_KA_290101,293.8,293.8,2026-09-15T12:00:00Z
NEET24_290101_0084,CENTRE_KA_290101,370.4,370.4,2026-09-15T12:00:00Z
NEET24_290101_0085,CENTRE_KA_290101,348.9,348.9,2026-09-15T12:00:00Z
NEET24_290101_0086,CENTRE_KA_290101,397.1,397.1,2026-09-15T12:00:00Z
NEET24_290101_0087,CENTRE_KA_290101,338.5,338.5,2026-09-15T12:00:00Z
NEET24_290101_0088,CENTRE_KA_290101,353.6,353.6,2026-09-15T12:00:00Z
NEET24_290101_0089,CENTRE_KA_290101,482.2,482.2,2026-09-15T12:00:00Z
NEET24_290101_0090,CENTRE_KA_290101,255.3,255.3,2026-09-15T12:00:00Z
NEET24_290101_0091,CENTRE_KA_290101,411.3,411.3,2026-09-15T12:00:00Z
NEET24_290101_0092,CENTRE_KA_290101,508.7,508.7,2026-09-15T12:00:00Z
NEET24_290101_0093,CENTRE_KA_290101,284.5,284.5,2026-09-15T12:00:00Z
NEET24_290101_0094,CENTRE_KA_290101,191.8,191.8,2026-09-15T12:00:00Z
NEET24_290101_0095,CENTRE_KA_290101,301.8,301.8,2026-09-15T12:00:00Z
NEET24_290101_0096,CENTRE_KA_290101,304.9,304.9,2026-09-15T12:00:00Z
NEET24_290101_0097,CENTRE_KA_290101,103.2,103.2,2026-09-15T12:00:00Z
NEET24_290101_0098,CENTRE_KA_290101,217.5,217.5,2026-09-15T12:00:00Z
NEET24_290101_0099,CENTRE_KA_290101,159.9,159.9,2026-09-15T12:00:00Z
NEET24_290101_0100,CENTRE_KA_290101,136.7,136.7,2026-09-15T12:00:00Z
NEET24_290101_0101,CENTRE_KA_290101,159.3,159.3,2026-09-15T12:00:00Z
NEET24_290101_0102,CENTRE_KA_290101,307.3,307.3,2026-09-15T12:00:00Z
NEET24_290101_0103,CENTRE_KA_290101,513.0,513.0,2026-09-15T12:00:00Z
NEET24_290101_0104,CENTRE_KA_290101,365.5,365.5,2026-09-15T12:00:00Z
NEET24_290101_0105,CENTRE_KA_290101,462.1,462.1,2026-09-15T12:00:00Z
NEET24_290101_0106,CENTRE_KA_290101,349.5,349.5,2026-09-15T12:00:00Z
NEET24_290101_0107,CENTRE_KA_290101,448.7,448.7,2026-09-15T12:00:00Z
NEET24_290101_0108,CENTRE_KA_290101,449.3,449.3,2026-09-15T12:00:00Z
NEET24_290101_0109,CENTRE_KA_290101,326.8,326.8,2026-09-15T12:00:00Z
NEET24_290101_0110,CENTRE_KA_290101,474.9,474.9,2026-09-15T12:00:00Z
NEET24_290101_0111,CENTRE_KA_290101,244.2,244.2,2026-09-15T12:00:00Z
NEET24_290101_0112,CENTRE_KA_290101,425.8,425.8,2026-09-15T12:00:00Z
NEET24_290101_0113,CENTRE_KA_290101,374.3,374.3,2026-09-15T12:00:00Z
NEET24_290101_0114,CENTRE_KA_290101,615.0,615.0,2026-09-15T12:00:00Z
NEET24_290101_0115,CENTRE_KA_290101,284.3,284.3,2026-09-15T12:00:00Z
NEET24_290101_0116,CENTRE_KA_290101,362.7,362.7,2026-09-15T12:00:00Z
NEET24_290101_0117,CENTRE_KA_290101,295.0,295.0,2026-09-15T12:00:00Z
NEET24_290101_0118,CENTRE_KA_290101,378.7,378.7,2026-09-15T12:00:00Z
NEET24_290101_0119,CENTRE_KA_290101,499.6,499.6,2026-09-15T12:00:00Z
NEET24_290101_0120,CENTRE_KA_290101,376.4,376.4,2026-09-15T12:00:00Z
NEET24_290101_0121,CENTRE_KA_290101,333.3,333.3,2026-09-15T12:00:00Z
NEET24_290101_0122,CENTRE_KA_290101,167.3,167.3,2026-09-15T12:00:00Z
NEET24_290101_0123,CENTRE_KA_290101,638.4,638.4,2026-09-15T12:00:00Z
NEET24_290101_0124,CENTRE_KA_290101,357.9,357.9,2026-09-15T12:00:00Z
NEET24_290101_0125,CENTRE_KA_290101,264.2,264.2,2026-09-15T12:00:00Z
NEET24_290101_0126,CENTRE_KA_290101,410.3,410.3,2026-09-15T12:00:00Z
NEET24_290101_0127,CENTRE_KA_290101,211.8,211.8,2026-09-15T12:00:00Z
NEET24_290101_0128,CENTRE_KA_290101,159.7,159.7,2026-09-15T12:00:00Z
NEET24_290101_0129,CENTRE_KA_290101,231.2,231.2,2026-09-15T12:00:00Z
NEET24_290101_0130,CENTRE_KA_290101,361.2,361.2,2026-09-15T12:00:00Z
NEET24_290101_0131,CENTRE_KA_290101,537.3,537.3,2026-09-15T12:00:00Z
NEET24_290101_0132,CENTRE_KA_290101,377.2,377.2,2026-09-15T12:00:00Z
NEET24_290101_0133,CENTRE_KA_290101,189.7,189.7,2026-09-15T12:00:00Z
NEET24_290101_0134,CENTRE_KA_290101,283.6,283.6,2026-09-15T12:00:00Z
NEET24_290101_0135,CENTRE_KA_290101,665.9,665.9,2026-09-15T12:00:00Z
NEET24_290101_0136,CENTRE_KA_290101,482.9,482.9,2026-09-15T12:00:00Z
NEET24_290101_0137,CENTRE_KA_290101,328.8,328.8,2026-09-15T12:00:00Z
NEET24_290101_0138,CENTRE_KA_290101,356.7,356.7,2026-09-15T12:00:00Z
NEET24_290101_0139,CENTRE_KA_290101,287.1,287.1,2026-09-15T12:00:00Z
NEET24_290101_0140,CENTRE_KA_290101,380.8,380.8,2026-09-15T12:00:00Z
NEET24_290101_0141,CENTRE_KA_290101,294.5,294.5,2026-09-15T12:00:00Z
NEET24_290101_0142,CENTRE_KA_290101,212.5,212.5,2026-09-15T12:00:00Z
NEET24_290101_0143,CENTRE_KA_290101,497.6,497.6,2026-09-15T12:00:00Z
NEET24_290101_0144,CENTRE_KA_290101,322.6,322.6,2026-09-15T12:00:00Z
NEET24_290101_0145,CENTRE_KA_290101,329.1,329.1,2026-09-15T12:00:00Z
NEET24_290101_0146,CENTRE_KA_290101,334.2,334.2,2026-09-15T12:00:00Z
NEET24_290101_0147,CENTRE_KA_290101,399.6,399.6,2026-09-15T12:00:00Z
NEET24_290101_0148,CENTRE_KA_290101,290.3,290.3,2026-09-15T12:00:00Z
NEET24_290101_0149,CENTRE_KA_290101,366.9,366.9,2026-09-15T12:00:00Z
NEET24_290101_0150,CENTRE_KA_290101,455.6,455.6,2026-09-15T12:00:00Z
NEET24_290101_0151,CENTRE_KA_290101,388.8,388.8,2026-09-15T12:00:00Z
NEET24_290101_0152,CENTRE_KA_290101,240.1,240.1,2026-09-15T12:00:00Z
NEET24_290101_0153,CENTRE_KA_290101,457.6,457.6,2026-09-15T12:00:00Z
NEET24_290101_0154,CENTRE_KA_290101,262.3,262.3,2026-09-15T12:00:00Z
NEET24_290101_0155,CENTRE_KA_290101,364.2,364.2,2026-09-15T12:00:00Z
NEET24_290101_0156,CENTRE_KA_290101,201.0,201.0,2026-09-15T12:00:00Z
NEET24_290101_0157,CENTRE_KA_290101,217.3,217.3,2026-09-15T12:00:00Z
NEET24_290101_0158,CENTRE_KA_290101,481.7,481.7,2026-09-15T12:00:00Z
NEET24_290101_0159,CENTRE_KA_290101,248.5,248.5,2026-09-15T12:00:00Z
NEET24_290101_0160,CENTRE_KA_290101,287.4,287.4,2026-09-15T12:00:00Z
NEET24_290101_0161,CENTRE_KA_290101,496.5,496.5,2026-09-15T12:00:00Z
NEET24_290101_0162,CENTRE_KA_290101,680.0,680.0,2026-09-15T12:00:00Z
NEET24_290101_0163,CENTRE_KA_290101,421.0,421.0,2026-09-15T12:00:00Z
NEET24_290101_0164,CENTRE_KA_290101,409.6,409.6,2026-09-15T12:00:00Z
NEET24_290101_0165,CENTRE_KA_290101,240.7,240.7,2026-09-15T12:00:00Z
NEET24_290101_0166,CENTRE_KA_290101,481.4,481.4,2026-09-15T12:00:00Z
NEET24_290101_0167,CENTRE_KA_290101,453.9,453.9,2026-09-15T12:00:00Z
NEET24_290101_0168,CENTRE_KA_290101,108.9,108.9,2026-09-15T12:00:00Z
NEET24_290101_0169,CENTRE_KA_290101,425.6,425.6,2026-09-15T12:00:00Z
NEET24_290101_0170,CENTRE_KA_290101,311.5,311.5,2026-09-15T12:00:00Z
NEET24_290101_0171,CENTRE_KA_290101,398.6,398.6,2026-09-15T12:00:00Z
NEET24_290101_0172,CENTRE_KA_290101,452.9,452.9,2026-09-15T12:00:00Z
NEET24_290101_0173,CENTRE_KA_290101,454.6,454.6,2026-09-15T12:00:00Z
NEET24_290101_0174,CENTRE_KA_290101,184.0,184.0,2026-09-15T12:00:00Z
NEET24_290101_0175,CENTRE_KA_290101,247.3,247.3,2026-09-15T12:00:00Z
NEET24_290101_0176,CENTRE_KA_290101,226.3,226.3,2026-09-15T12:00:00Z
NEET24_290101_0177,CENTRE_KA_290101,445.5,445.5,2026-09-15T12:00:00Z
NEET24_290101_0178,CENTRE_KA_290101,302.0,302.0,2026-09-15T12:00:00Z
NEET24_290101_0179,CENTRE_KA_290101,471.1,471.1,2026-09-15T12:00:00Z
NEET24_290101_0180,CENTRE_KA_290101,155.2,155.2,2026-09-15T12:00:00Z
NEET24_290101_0181,CENTRE_KA_290101,426.7,426.7,2026-09-15T12:00:00Z
NEET24_290101_0182,CENTRE_KA_290101,466.2,466.2,2026-09-15T12:00:00Z
NEET24_290101_0183,CENTRE_KA_290101,450.4,450.4,2026-09-15T12:00:00Z
NEET24_290101_0184,CENTRE_KA_290101,444.7,444.7,2026-09-15T12:00:00Z
NEET24_290101_0185,CENTRE_KA_290101,238.8,238.8,2026-09-15T12:00:00Z
NEET24_290101_0186,CENTRE_KA_290101,420.9,420.9,2026-09-15T12:00:00Z
NEET24_290101_0187,CENTRE_KA_290101,248.8,248.8,2026-09-15T12:00:00Z
NEET24_290101_0188,CENTRE_KA_290101,430.7,430.7,2026-09-15T12:00:00Z
NEET24_290101_0189,CENTRE_KA_290101,263.1,263.1,2026-09-15T12:00:00Z
NEET24_290101_0190,CENTRE_KA_290101,394.2,394.2,2026-09-15T12:00:00Z
NEET24_290101_0191,CENTRE_KA_290101,237.5,237.5,2026-09-15T12:00:00Z
NEET24_290101_0192,CENTRE_KA_290101,327.3,327.3,2026-09-15T12:00:00Z
NEET24_290101_0193,CENTRE_KA_290101,241.3,241.3,2026-09-15T12:00:00Z
NEET24_290101_0194,CENTRE_KA_290101,306.2,306.2,2026-09-15T12:00:00Z
NEET24_290101_0195,CENTRE_KA_290101,421.5,421.5,2026-09-15T12:00:00Z
NEET24_290101_0196,CENTRE_KA_290101,507.8,507.8,2026-09-15T12:00:00Z
NEET24_290101_0197,CENTRE_KA_290101,289.6,289.6,2026-09-15T12:00:00Z
NEET24_290101_0198,CENTRE_KA_290101,290.4,290.4,2026-09-15T12:00:00Z
NEET24_290101_0199,CENTRE_KA_290101,348.1,348.1,2026-09-15T12:00:00Z
NEET24_290101_0200,CENTRE_KA_290101,445.1,445.1,2026-09-15T12:00:00Z
NEET24_330101_0001,CENTRE_TN_330101,402.5,402.5,2026-09-15T12:00:00Z
NEET24_330101_0002,CENTRE_TN_330101,336.2,336.2,2026-09-15T12:00:00Z
NEET24_330101_0003,CENTRE_TN_330101,229.0,229.0,2026-09-15T12:00:00Z
NEET24_330101_0004,CENTRE_TN_330101,367.7,367.7,2026-09-15T12:00:00Z
NEET24_330101_0005,CENTRE_TN_330101,369.5,369.5,2026-09-15T12:00:00Z
NEET24_330101_0006,CENTRE_TN_330101,482.3,482.3,2026-09-15T12:00:00Z
NEET24_330101_0007,CENTRE_TN_330101,300.2,300.2,2026-09-15T12:00:00Z
NEET24_330101_0008,CENTRE_TN_330101,283.0,283.0,2026-09-15T12:00:00Z
NEET24_330101_0009,CENTRE_TN_330101,236.3,236.3,2026-09-15T12:00:00Z
NEET24_330101_0010,CENTRE_TN_330101,531.8,531.8,2026-09-15T12:00:00Z
NEET24_330101_0011,CENTRE_TN_330101,144.8,144.8,2026-09-15T12:00:00Z
NEET24_330101_0012,CENTRE_TN_330101,113.5,113.5,2026-09-15T12:00:00Z
NEET24_330101_0013,CENTRE_TN_330101,459.1,459.1,2026-09-15T12:00:00Z
NEET24_330101_0014,CENTRE_TN_330101,429.8,429.8,2026-09-15T12:00:00Z
NEET24_330101_0015,CENTRE_TN_330101,370.1,370.1,2026-09-15T12:00:00Z
NEET24_330101_0016,CENTRE_TN_330101,319.4,319.4,2026-09-15T12:00:00Z
NEET24_330101_0017,CENTRE_TN_330101,389.7,389.7,2026-09-15T12:00:00Z
NEET24_330101_0018,CENTRE_TN_330101,273.4,273.4,2026-09-15T12:00:00Z
NEET24_330101_0019,CENTRE_TN_330101,336.9,336.9,2026-09-15T12:00:00Z
NEET24_330101_0020,CENTRE_TN_330101,118.5,118.5,2026-09-15T12:00:00Z
NEET24_330101_0021,CENTRE_TN_330101,364.9,364.9,2026-09-15T12:00:00Z
NEET24_330101_0022,CENTRE_TN_330101,253.7,253.7,2026-09-15T12:00:00Z
NEET24_330101_0023,CENTRE_TN_330101,458.5,458.5,2026-09-15T12:00:00Z
NEET24_330101_0024,CENTRE_TN_330101,409.8,409.8,2026-09-15T12:00:00Z
NEET24_330101_0025,CENTRE_TN_330101,401.4,401.4,2026-09-15T12:00:00Z
NEET24_330101_0026,CENTRE_TN_330101,358.2,358.2,2026-09-15T12:00:00Z
NEET24_330101_0027,CENTRE_TN_330101,460.4,460.4,2026-09-15T12:00:00Z
NEET24_330101_0028,CENTRE_TN_330101,157.8,157.8,2026-09-15T12:00:00Z
NEET24_330101_0029,CENTRE_TN_330101,266.6,266.6,2026-09-15T12:00:00Z
NEET24_330101_0030,CENTRE_TN_330101,215.6,215.6,2026-09-15T12:00:00Z
NEET24_330101_0031,CENTRE_TN_330101,220.6,220.6,2026-09-15T12:00:00Z
NEET24_330101_0032,CENTRE_TN_330101,192.3,192.3,2026-09-15T12:00:00Z
NEET24_330101_0033,CENTRE_TN_330101,285.0,285.0,2026-09-15T12:00:00Z
NEET24_330101_0034,CENTRE_TN_330101,243.2,243.2,2026-09-15T12:00:00Z
NEET24_330101_0035,CENTRE_TN_330101,192.0,192.0,2026-09-15T12:00:00Z
NEET24_330101_0036,CENTRE_TN_330101,430.4,430.4,2026-09-15T12:00:00Z
NEET24_330101_0037,CENTRE_TN_330101,356.6,356.6,2026-09-15T12:00:00Z
NEET24_330101_0038,CENTRE_TN_330101,360.2,360.2,2026-09-15T12:00:00Z
NEET24_330101_0039,CENTRE_TN_330101,81.3,81.3,2026-09-15T12:00:00Z
NEET24_330101_0040,CENTRE_TN_330101,296.9,296.9,2026-09-15T12:00:00Z
NEET24_330101_0041,CENTRE_TN_330101,398.6,398.6,2026-09-15T12:00:00Z
NEET24_330101_0042,CENTRE_TN_330101,444.6,444.6,2026-09-15T12:00:00Z
NEET24_330101_0043,CENTRE_TN_330101,471.9,471.9,2026-09-15T12:00:00Z
NEET24_330101_0044,CENTRE_TN_330101,511.2,511.2,2026-09-15T12:00:00Z
NEET24_330101_0045,CENTRE_TN_330101,420.0,420.0,2026-09-15T12:00:00Z
NEET24_330101_0046,CENTRE_TN_330101,389.7,389.7,2026-09-15T12:00:00Z
NEET24_330101_0047,CENTRE_TN_330101,331.1,331.1,2026-09-15T12:00:00Z
NEET24_330101_0048,CENTRE_TN_330101,230.3,230.3,2026-09-15T12:00:00Z
NEET24_330101_0049,CENTRE_TN_330101,318.7,318.7,2026-09-15T12:00:00Z
NEET24_330101_0050,CENTRE_TN_330101,275.5,275.5,2026-09-15T12:00:00Z
NEET24_330101_0051,CENTRE_TN_330101,359.3,359.3,2026-09-15T12:00:00Z
NEET24_330101_0052,CENTRE_TN_330101,301.5,301.5,2026-09-15T12:00:00Z
NEET24_330101_0053,CENTRE_TN_330101,434.3,434.3,2026-09-15T12:00:00Z
NEET24_330101_0054,CENTRE_TN_330101,484.5,484.5,2026-09-15T12:00:00Z
NEET24_330101_0055,CENTRE_TN_330101,284.3,284.3,2026-09-15T12:00:00Z
NEET24_330101_0056,CENTRE_TN_330101,389.7,389.7,2026-09-15T12:00:00Z
NEET24_330101_0057,CENTRE_TN_330101,295.3,295.3,2026-09-15T12:00:00Z
NEET24_330101_0058,CENTRE_TN_330101,341.0,341.0,2026-09-15T12:00:00Z
NEET24_330101_0059,CENTRE_TN_330101,303.3,303.3,2026-09-15T12:00:00Z
NEET24_330101_0060,CENTRE_TN_330101,448.4,448.4,2026-09-15T12:00:00Z
NEET24_330101_0061,CENTRE_TN_330101,401.0,401.0,2026-09-15T12:00:00Z
NEET24_330101_0062,CENTRE_TN_330101,200.4,200.4,2026-09-15T12:00:00Z
NEET24_330101_0063,CENTRE_TN_330101,412.2,412.2,2026-09-15T12:00:00Z
NEET24_330101_0064,CENTRE_TN_330101,271.2,271.2,2026-09-15T12:00:00Z
NEET24_330101_0065,CENTRE_TN_330101,381.1,381.1,2026-09-15T12:00:00Z
NEET24_330101_0066,CENTRE_TN_330101,234.5,234.5,2026-09-15T12:00:00Z
NEET24_330101_0067,CENTRE_TN_330101,331.8,331.8,2026-09-15T12:00:00Z
NEET24_330101_0068,CENTRE_TN_330101,472.8,472.8,2026-09-15T12:00:00Z
NEET24_330101_0069,CENTRE_TN_330101,451.1,451.1,2026-09-15T12:00:00Z
NEET24_330101_0070,CENTRE_TN_330101,222.7,222.7,2026-09-15T12:00:00Z
NEET24_330101_0071,CENTRE_TN_330101,262.3,262.3,2026-09-15T12:00:00Z
NEET24_330101_0072,CENTRE_TN_330101,310.9,310.9,2026-09-15T12:00:00Z
NEET24_330101_0073,CENTRE_TN_330101,415.8,415.8,2026-09-15T12:00:00Z
NEET24_330101_0074,CENTRE_TN_330101,378.4,378.4,2026-09-15T12:00:00Z
NEET24_330101_0075,CENTRE_TN_330101,336.2,336.2,2026-09-15T12:00:00Z
NEET24_330101_0076,CENTRE_TN_330101,418.3,418.3,2026-09-15T12:00:00Z
NEET24_330101_0077,CENTRE_TN_330101,606.0,606.0,2026-09-15T12:00:00Z
NEET24_330101_0078,CENTRE_TN_330101,361.3,361.3,2026-09-15T12:00:00Z
NEET24_330101_0079,CENTRE_TN_330101,145.7,145.7,2026-09-15T12:00:00Z
NEET24_330101_0080,CENTRE_TN_330101,325.7,325.7,2026-09-15T12:00:00Z
NEET24_330101_0081,CENTRE_TN_330101,396.4,396.4,2026-09-15T12:00:00Z
NEET24_330101_0082,CENTRE_TN_330101,218.0,218.0,2026-09-15T12:00:00Z
NEET24_330101_0083,CENTRE_TN_330101,342.0,342.0,2026-09-15T12:00:00Z
NEET24_330101_0084,CENTRE_TN_330101,437.6,437.6,2026-09-15T12:00:00Z
NEET24_330101_0085,CENTRE_TN_330101,442.9,442.9,2026-09-15T12:00:00Z
NEET24_330101_0086,CENTRE_TN_330101,358.3,358.3,2026-09-15T12:00:00Z
NEET24_330101_0087,CENTRE_TN_330101,486.0,486.0,2026-09-15T12:00:00Z
NEET24_330101_0088,CENTRE_TN_330101,287.0,287.0,2026-09-15T12:00:00Z
NEET24_330101_0089,CENTRE_TN_330101,246.4,246.4,2026-09-15T12:00:00Z
NEET24_330101_0090,CENTRE_TN_330101,188.9,188.9,2026-09-15T12:00:00Z
NEET24_330101_0091,CENTRE_TN_330101,454.1,454.1,2026-09-15T12:00:00Z
NEET24_330101_0092,CENTRE_TN_330101,222.5,222.5,2026-09-15T12:00:00Z
NEET24_330101_0093,CENTRE_TN_330101,389.8,389.8,2026-09-15T12:00:00Z
NEET24_330101_0094,CENTRE_TN_330101,428.0,428.0,2026-09-15T12:00:00Z
NEET24_330101_0095,CENTRE_TN_330101,386.8,386.8,2026-09-15T12:00:00Z
NEET24_330101_0096,CENTRE_TN_330101,234.3,234.3,2026-09-15T12:00:00Z
NEET24_330101_0097,CENTRE_TN_330101,390.3,390.3,2026-09-15T12:00:00Z
NEET24_330101_0098,CENTRE_TN_330101,279.5,279.5,2026-09-15T12:00:00Z
NEET24_330101_0099,CENTRE_TN_330101,266.7,266.7,2026-09-15T12:00:00Z
NEET24_330101_0100,CENTRE_TN_330101,92.4,92.4,2026-09-15T12:00:00Z
NEET24_330101_0101,CENTRE_TN_330101,508.2,508.2,2026-09-15T12:00:00Z
NEET24_330101_0102,CENTRE_TN_330101,471.7,471.7,2026-09-15T12:00:00Z
NEET24_330101_0103,CENTRE_TN_330101,586.3,586.3,2026-09-15T12:00:00Z
NEET24_330101_0104,CENTRE_TN_330101,169.6,169.6,2026-09-15T12:00:00Z
NEET24_330101_0105,CENTRE_TN_330101,383.6,383.6,2026-09-15T12:00:00Z
NEET24_330101_0106,CENTRE_TN_330101,260.4,260.4,2026-09-15T12:00:00Z
NEET24_330101_0107,CENTRE_TN_330101,434.0,434.0,2026-09-15T12:00:00Z
NEET24_330101_0108,CENTRE_TN_330101,436.8,436.8,2026-09-15T12:00:00Z
NEET24_330101_0109,CENTRE_TN_330101,415.9,415.9,2026-09-15T12:00:00Z
NEET24_330101_0110,CENTRE_TN_330101,302.3,302.3,2026-09-15T12:00:00Z
NEET24_330101_0111,CENTRE_TN_330101,367.3,367.3,2026-09-15T12:00:00Z
NEET24_330101_0112,CENTRE_TN_330101,470.7,470.7,2026-09-15T12:00:00Z
NEET24_330101_0113,CENTRE_TN_330101,201.7,201.7,2026-09-15T12:00:00Z
NEET24_330101_0114,CENTRE_TN_330101,375.5,375.5,2026-09-15T12:00:00Z
NEET24_330101_0115,CENTRE_TN_330101,536.7,536.7,2026-09-15T12:00:00Z
NEET24_330101_0116,CENTRE_TN_330101,484.5,484.5,2026-09-15T12:00:00Z
NEET24_330101_0117,CENTRE_TN_330101,415.2,415.2,2026-09-15T12:00:00Z
NEET24_330101_0118,CENTRE_TN_330101,265.9,265.9,2026-09-15T12:00:00Z
NEET24_330101_0119,CENTRE_TN_330101,325.6,325.6,2026-09-15T12:00:00Z
NEET24_330101_0120,CENTRE_TN_330101,357.5,357.5,2026-09-15T12:00:00Z
NEET24_330101_0121,CENTRE_TN_330101,234.5,234.5,2026-09-15T12:00:00Z
NEET24_330101_0122,CENTRE_TN_330101,499.9,499.9,2026-09-15T12:00:00Z
NEET24_330101_0123,CENTRE_TN_330101,297.0,297.0,2026-09-15T12:00:00Z
NEET24_330101_0124,CENTRE_TN_330101,372.1,372.1,2026-09-15T12:00:00Z
NEET24_330101_0125,CENTRE_TN_330101,382.9,382.9,2026-09-15T12:00:00Z
NEET24_330101_0126,CENTRE_TN_330101,337.3,337.3,2026-09-15T12:00:00Z
NEET24_330101_0127,CENTRE_TN_330101,410.9,410.9,2026-09-15T12:00:00Z
NEET24_330101_0128,CENTRE_TN_330101,451.2,451.2,2026-09-15T12:00:00Z
NEET24_330101_0129,CENTRE_TN_330101,499.0,499.0,2026-09-15T12:00:00Z
NEET24_330101_0130,CENTRE_TN_330101,591.6,591.6,2026-09-15T12:00:00Z
NEET24_330101_0131,CENTRE_TN_330101,468.9,468.9,2026-09-15T12:00:00Z
NEET24_330101_0132,CENTRE_TN_330101,250.9,250.9,2026-09-15T12:00:00Z
NEET24_330101_0133,CENTRE_TN_330101,247.5,247.5,2026-09-15T12:00:00Z
NEET24_330101_0134,CENTRE_TN_330101,200.6,200.6,2026-09-15T12:00:00Z
NEET24_330101_0135,CENTRE_TN_330101,281.0,281.0,2026-09-15T12:00:00Z
NEET24_330101_0136,CENTRE_TN_330101,240.3,240.3,2026-09-15T12:00:00Z
NEET24_330101_0137,CENTRE_TN_330101,124.1,124.1,2026-09-15T12:00:00Z
NEET24_330101_0138,CENTRE_TN_330101,129.8,129.8,2026-09-15T12:00:00Z
NEET24_330101_0139,CENTRE_TN_330101,80.0,80.0,2026-09-15T12:00:00Z
NEET24_330101_0140,CENTRE_TN_330101,204.2,204.2,2026-09-15T12:00:00Z
NEET24_330101_0141,CENTRE_TN_330101,614.2,614.2,2026-09-15T12:00:00Z
NEET24_330101_0142,CENTRE_TN_330101,290.0,290.0,2026-09-15T12:00:00Z
NEET24_330101_0143,CENTRE_TN_330101,453.3,453.3,2026-09-15T12:00:00Z
NEET24_330101_0144,CENTRE_TN_330101,180.6,180.6,2026-09-15T12:00:00Z
NEET24_330101_0145,CENTRE_TN_330101,371.5,371.5,2026-09-15T12:00:00Z
NEET24_330101_0146,CENTRE_TN_330101,384.2,384.2,2026-09-15T12:00:00Z
NEET24_330101_0147,CENTRE_TN_330101,192.6,192.6,2026-09-15T12:00:00Z
NEET24_330101_0148,CENTRE_TN_330101,313.0,313.0,2026-09-15T12:00:00Z
NEET24_330101_0149,CENTRE_TN_330101,376.2,376.2,2026-09-15T12:00:00Z
NEET24_330101_0150,CENTRE_TN_330101,309.1,309.1,2026-09-15T12:00:00Z
NEET24_330101_0151,CENTRE_TN_330101,347.6,347.6,2026-09-15T12:00:00Z
NEET24_330101_0152,CENTRE_TN_330101,275.8,275.8,2026-09-15T12:00:00Z
NEET24_330101_0153,CENTRE_TN_330101,409.5,409.5,2026-09-15T12:00:00Z
NEET24_330101_0154,CENTRE_TN_330101,145.5,145.5,2026-09-15T12:00:00Z
NEET24_330101_0155,CENTRE_TN_330101,90.3,90.3,2026-09-15T12:00:00Z
NEET24_330101_0156,CENTRE_TN_330101,470.2,470.2,2026-09-15T12:00:00Z
NEET24_330101_0157,CENTRE_TN_330101,423.0,423.0,2026-09-15T12:00:00Z
NEET24_330101_0158,CENTRE_TN_330101,226.7,226.7,2026-09-15T12:00:00Z
NEET24_330101_0159,CENTRE_TN_330101,440.6,440.6,2026-09-15T12:00:00Z
NEET24_330101_0160,CENTRE_TN_330101,520.7,520.7,2026-09-15T12:00:00Z
NEET24_330101_0161,CENTRE_TN_330101,286.5,286.5,2026-09-15T12:00:00Z
NEET24_330101_0162,CENTRE_TN_330101,583.5,583.5,2026-09-15T12:00:00Z
NEET24_330101_0163,CENTRE_TN_330101,404.2,404.2,2026-09-15T12:00:00Z
NEET24_330101_0164,CENTRE_TN_330101,273.1,273.1,2026-09-15T12:00:00Z
NEET24_330101_0165,CENTRE_TN_330101,307.7,307.7,2026-09-15T12:00:00Z
NEET24_330101_0166,CENTRE_TN_330101,232.8,232.8,2026-09-15T12:00:00Z
NEET24_330101_0167,CENTRE_TN_330101,256.8,256.8,2026-09-15T12:00:00Z
NEET24_330101_0168,CENTRE_TN_330101,461.4,461.4,2026-09-15T12:00:00Z
NEET24_330101_0169,CENTRE_TN_330101,307.0,307.0,2026-09-15T12:00:00Z
NEET24_330101_0170,CENTRE_TN_330101,421.9,421.9,2026-09-15T12:00:00Z
NEET24_330101_0171,CENTRE_TN_330101,136.7,136.7,2026-09-15T12:00:00Z
NEET24_330101_0172,CENTRE_TN_330101,388.0,388.0,2026-09-15T12:00:00Z
NEET24_330101_0173,CENTRE_TN_330101,334.7,334.7,2026-09-15T12:00:00Z
NEET24_330101_0174,CENTRE_TN_330101,320.3,320.3,2026-09-15T12:00:00Z
NEET24_330101_0175,CENTRE_TN_330101,314.2,314.2,2026-09-15T12:00:00Z
NEET24_330101_0176,CENTRE_TN_330101,247.1,247.1,2026-09-15T12:00:00Z
NEET24_330101_0177,CENTRE_TN_330101,80.0,80.0,2026-09-15T12:00:00Z
NEET24_330101_0178,CENTRE_TN_330101,184.0,184.0,2026-09-15T12:00:00Z
NEET24_330101_0179,CENTRE_TN_330101,316.2,316.2,2026-09-15T12:00:00Z
NEET24_330101_0180,CENTRE_TN_330101,171.3,171.3,2026-09-15T12:00:00Z
NEET24_190101_0001,CENTRE_WB_190101,534.1,534.1,2026-09-15T12:00:00Z
NEET24_190101_0002,CENTRE_WB_190101,189.1,189.1,2026-09-15T12:00:00Z
NEET24_190101_0003,CENTRE_WB_190101,469.0,469.0,2026-09-15T12:00:00Z
NEET24_190101_0004,CENTRE_WB_190101,323.7,323.7,2026-09-15T12:00:00Z
NEET24_190101_0005,CENTRE_WB_190101,306.0,306.0,2026-09-15T12:00:00Z
NEET24_190101_0006,CENTRE_WB_190101,269.4,269.4,2026-09-15T12:00:00Z
NEET24_190101_0007,CENTRE_WB_190101,263.9,263.9,2026-09-15T12:00:00Z
NEET24_190101_0008,CENTRE_WB_190101,269.5,269.5,2026-09-15T12:00:00Z
NEET24_190101_0009,CENTRE_WB_190101,468.9,468.9,2026-09-15T12:00:00Z
NEET24_190101_0010,CENTRE_WB_190101,273.7,273.7,2026-09-15T12:00:00Z
NEET24_190101_0011,CENTRE_WB_190101,397.3,397.3,2026-09-15T12:00:00Z
NEET24_190101_0012,CENTRE_WB_190101,516.9,516.9,2026-09-15T12:00:00Z
NEET24_190101_0013,CENTRE_WB_190101,101.4,101.4,2026-09-15T12:00:00Z
NEET24_190101_0014,CENTRE_WB_190101,287.5,287.5,2026-09-15T12:00:00Z
NEET24_190101_0015,CENTRE_WB_190101,300.5,300.5,2026-09-15T12:00:00Z
NEET24_190101_0016,CENTRE_WB_190101,488.0,488.0,2026-09-15T12:00:00Z
NEET24_190101_0017,CENTRE_WB_190101,423.2,423.2,2026-09-15T12:00:00Z
NEET24_190101_0018,CENTRE_WB_190101,425.9,425.9,2026-09-15T12:00:00Z
NEET24_190101_0019,CENTRE_WB_190101,290.5,290.5,2026-09-15T12:00:00Z
NEET24_190101_0020,CENTRE_WB_190101,245.7,245.7,2026-09-15T12:00:00Z
NEET24_190101_0021,CENTRE_WB_190101,199.3,199.3,2026-09-15T12:00:00Z
NEET24_190101_0022,CENTRE_WB_190101,464.5,464.5,2026-09-15T12:00:00Z
NEET24_190101_0023,CENTRE_WB_190101,470.9,470.9,2026-09-15T12:00:00Z
NEET24_190101_0024,CENTRE_WB_190101,466.8,466.8,2026-09-15T12:00:00Z
NEET24_190101_0025,CENTRE_WB_190101,414.7,414.7,2026-09-15T12:00:00Z
NEET24_190101_0026,CENTRE_WB_190101,276.3,276.3,2026-09-15T12:00:00Z
NEET24_190101_0027,CENTRE_WB_190101,259.5,259.5,2026-09-15T12:00:00Z
NEET24_190101_0028,CENTRE_WB_190101,464.4,464.4,2026-09-15T12:00:00Z
NEET24_190101_0029,CENTRE_WB_190101,468.9,468.9,2026-09-15T12:00:00Z
NEET24_190101_0030,CENTRE_WB_190101,680.0,680.0,2026-09-15T12:00:00Z
NEET24_190101_0031,CENTRE_WB_190101,211.5,211.5,2026-09-15T12:00:00Z
NEET24_190101_0032,CENTRE_WB_190101,383.4,383.4,2026-09-15T12:00:00Z
NEET24_190101_0033,CENTRE_WB_190101,313.4,313.4,2026-09-15T12:00:00Z
NEET24_190101_0034,CENTRE_WB_190101,274.3,274.3,2026-09-15T12:00:00Z
NEET24_190101_0035,CENTRE_WB_190101,219.7,219.7,2026-09-15T12:00:00Z
NEET24_190101_0036,CENTRE_WB_190101,438.2,438.2,2026-09-15T12:00:00Z
NEET24_190101_0037,CENTRE_WB_190101,351.3,351.3,2026-09-15T12:00:00Z
NEET24_190101_0038,CENTRE_WB_190101,440.3,440.3,2026-09-15T12:00:00Z
NEET24_190101_0039,CENTRE_WB_190101,308.2,308.2,2026-09-15T12:00:00Z
NEET24_190101_0040,CENTRE_WB_190101,347.6,347.6,2026-09-15T12:00:00Z
NEET24_190101_0041,CENTRE_WB_190101,265.3,265.3,2026-09-15T12:00:00Z
NEET24_190101_0042,CENTRE_WB_190101,406.7,406.7,2026-09-15T12:00:00Z
NEET24_190101_0043,CENTRE_WB_190101,340.0,340.0,2026-09-15T12:00:00Z
NEET24_190101_0044,CENTRE_WB_190101,282.5,282.5,2026-09-15T12:00:00Z
NEET24_190101_0045,CENTRE_WB_190101,534.3,534.3,2026-09-15T12:00:00Z
NEET24_190101_0046,CENTRE_WB_190101,196.9,196.9,2026-09-15T12:00:00Z
NEET24_190101_0047,CENTRE_WB_190101,333.1,333.1,2026-09-15T12:00:00Z
NEET24_190101_0048,CENTRE_WB_190101,330.0,330.0,2026-09-15T12:00:00Z
NEET24_190101_0049,CENTRE_WB_190101,199.7,199.7,2026-09-15T12:00:00Z
NEET24_190101_0050,CENTRE_WB_190101,216.4,216.4,2026-09-15T12:00:00Z
NEET24_190101_0051,CENTRE_WB_190101,139.9,139.9,2026-09-15T12:00:00Z
NEET24_190101_0052,CENTRE_WB_190101,225.6,225.6,2026-09-15T12:00:00Z
NEET24_190101_0053,CENTRE_WB_190101,235.2,235.2,2026-09-15T12:00:00Z
NEET24_190101_0054,CENTRE_WB_190101,381.1,381.1,2026-09-15T12:00:00Z
NEET24_190101_0055,CENTRE_WB_190101,399.9,399.9,2026-09-15T12:00:00Z
NEET24_190101_0056,CENTRE_WB_190101,283.4,283.4,2026-09-15T12:00:00Z
NEET24_190101_0057,CENTRE_WB_190101,189.3,189.3,2026-09-15T12:00:00Z
NEET24_190101_0058,CENTRE_WB_190101,490.5,490.5,2026-09-15T12:00:00Z
NEET24_190101_0059,CENTRE_WB_190101,234.5,234.5,2026-09-15T12:00:00Z
NEET24_190101_0060,CENTRE_WB_190101,445.4,445.4,2026-09-15T12:00:00Z
NEET24_190101_0061,CENTRE_WB_190101,369.7,369.7,2026-09-15T12:00:00Z
NEET24_190101_0062,CENTRE_WB_190101,282.3,282.3,2026-09-15T12:00:00Z
NEET24_190101_0063,CENTRE_WB_190101,80.0,80.0,2026-09-15T12:00:00Z
NEET24_190101_0064,CENTRE_WB_190101,192.4,192.4,2026-09-15T12:00:00Z
NEET24_190101_0065,CENTRE_WB_190101,217.0,217.0,2026-09-15T12:00:00Z
NEET24_190101_0066,CENTRE_WB_190101,357.7,357.7,2026-09-15T12:00:00Z
NEET24_190101_0067,CENTRE_WB_190101,257.9,257.9,2026-09-15T12:00:00Z
NEET24_190101_0068,CENTRE_WB_190101,360.3,360.3,2026-09-15T12:00:00Z
NEET24_190101_0069,CENTRE_WB_190101,637.8,637.8,2026-09-15T12:00:00Z
NEET24_190101_0070,CENTRE_WB_190101,393.3,393.3,2026-09-15T12:00:00Z
NEET24_190101_0071,CENTRE_WB_190101,96.8,96.8,2026-09-15T12:00:00Z
NEET24_190101_0072,CENTRE_WB_190101,399.7,399.7,2026-09-15T12:00:00Z
NEET24_190101_0073,CENTRE_WB_190101,502.6,502.6,2026-09-15T12:00:00Z
NEET24_190101_0074,CENTRE_WB_190101,228.0,228.0,2026-09-15T12:00:00Z
NEET24_190101_0075,CENTRE_WB_190101,286.9,286.9,2026-09-15T12:00:00Z
NEET24_190101_0076,CENTRE_WB_190101,364.3,364.3,2026-09-15T12:00:00Z
NEET24_190101_0077,CENTRE_WB_190101,141.9,141.9,2026-09-15T12:00:00Z
NEET24_190101_0078,CENTRE_WB_190101,220.2,220.2,2026-09-15T12:00:00Z
NEET24_190101_0079,CENTRE_WB_190101,337.8,337.8,2026-09-15T12:00:00Z
NEET24_190101_0080,CENTRE_WB_190101,380.3,380.3,2026-09-15T12:00:00Z
NEET24_190101_0081,CENTRE_WB_190101,405.3,405.3,2026-09-15T12:00:00Z
NEET24_190101_0082,CENTRE_WB_190101,155.1,155.1,2026-09-15T12:00:00Z
NEET24_190101_0083,CENTRE_WB_190101,197.2,197.2,2026-09-15T12:00:00Z
NEET24_190101_0084,CENTRE_WB_190101,464.6,464.6,2026-09-15T12:00:00Z
NEET24_190101_0085,CENTRE_WB_190101,382.4,382.4,2026-09-15T12:00:00Z
NEET24_190101_0086,CENTRE_WB_190101,154.8,154.8,2026-09-15T12:00:00Z
NEET24_190101_0087,CENTRE_WB_190101,534.2,534.2,2026-09-15T12:00:00Z
NEET24_190101_0088,CENTRE_WB_190101,306.7,306.7,2026-09-15T12:00:00Z
NEET24_190101_0089,CENTRE_WB_190101,205.5,205.5,2026-09-15T12:00:00Z
NEET24_190101_0090,CENTRE_WB_190101,374.1,374.1,2026-09-15T12:00:00Z
NEET24_190101_0091,CENTRE_WB_190101,374.0,374.0,2026-09-15T12:00:00Z
NEET24_190101_0092,CENTRE_WB_190101,407.1,407.1,2026-09-15T12:00:00Z
NEET24_190101_0093,CENTRE_WB_190101,446.2,446.2,2026-09-15T12:00:00Z
NEET24_190101_0094,CENTRE_WB_190101,123.9,123.9,2026-09-15T12:00:00Z
NEET24_190101_0095,CENTRE_WB_190101,321.8,321.8,2026-09-15T12:00:00Z
NEET24_190101_0096,CENTRE_WB_190101,551.9,551.9,2026-09-15T12:00:00Z
NEET24_190101_0097,CENTRE_WB_190101,477.7,477.7,2026-09-15T12:00:00Z
NEET24_190101_0098,CENTRE_WB_190101,437.3,437.3,2026-09-15T12:00:00Z
NEET24_190101_0099,CENTRE_WB_190101,121.7,121.7,2026-09-15T12:00:00Z
NEET24_190101_0100,CENTRE_WB_190101,447.9,447.9,2026-09-15T12:00:00Z
NEET24_190101_0101,CENTRE_WB_190101,289.6,289.6,2026-09-15T12:00:00Z
NEET24_190101_0102,CENTRE_WB_190101,251.4,251.4,2026-09-15T12:00:00Z
NEET24_190101_0103,CENTRE_WB_190101,407.4,407.4,2026-09-15T12:00:00Z
NEET24_190101_0104,CENTRE_WB_190101,304.2,304.2,2026-09-15T12:00:00Z
NEET24_190101_0105,CENTRE_WB_190101,371.1,371.1,2026-09-15T12:00:00Z
NEET24_190101_0106,CENTRE_WB_190101,356.0,356.0,2026-09-15T12:00:00Z
NEET24_190101_0107,CENTRE_WB_190101,439.5,439.5,2026-09-15T12:00:00Z
NEET24_190101_0108,CENTRE_WB_190101,488.0,488.0,2026-09-15T12:00:00Z
NEET24_190101_0109,CENTRE_WB_190101,446.2,446.2,2026-09-15T12:00:00Z
NEET24_190101_0110,CENTRE_WB_190101,307.0,307.0,2026-09-15T12:00:00Z
NEET24_190101_0111,CENTRE_WB_190101,395.6,395.6,2026-09-15T12:00:00Z
NEET24_190101_0112,CENTRE_WB_190101,589.4,589.4,2026-09-15T12:00:00Z
NEET24_190101_0113,CENTRE_WB_190101,401.2,401.2,2026-09-15T12:00:00Z
NEET24_190101_0114,CENTRE_WB_190101,126.3,126.3,2026-09-15T12:00:00Z
NEET24_190101_0115,CENTRE_WB_190101,377.4,377.4,2026-09-15T12:00:00Z
NEET24_190101_0116,CENTRE_WB_190101,347.2,347.2,2026-09-15T12:00:00Z
NEET24_190101_0117,CENTRE_WB_190101,210.8,210.8,2026-09-15T12:00:00Z
NEET24_190101_0118,CENTRE_WB_190101,152.8,152.8,2026-09-15T12:00:00Z
NEET24_190101_0119,CENTRE_WB_190101,174.3,174.3,2026-09-15T12:00:00Z
NEET24_190101_0120,CENTRE_WB_190101,419.6,419.6,2026-09-15T12:00:00Z
NEET24_190101_0121,CENTRE_WB_190101,349.5,349.5,2026-09-15T12:00:00Z
NEET24_190101_0122,CENTRE_WB_190101,501.1,501.1,2026-09-15T12:00:00Z
NEET24_190101_0123,CENTRE_WB_190101,560.4,560.4,2026-09-15T12:00:00Z
NEET24_190101_0124,CENTRE_WB_190101,246.5,246.5,2026-09-15T12:00:00Z
NEET24_190101_0125,CENTRE_WB_190101,263.7,263.7,2026-09-15T12:00:00Z
NEET24_190101_0126,CENTRE_WB_190101,353.9,353.9,2026-09-15T12:00:00Z
NEET24_190101_0127,CENTRE_WB_190101,256.4,256.4,2026-09-15T12:00:00Z
NEET24_190101_0128,CENTRE_WB_190101,401.2,401.2,2026-09-15T12:00:00Z
NEET24_190101_0129,CENTRE_WB_190101,398.8,398.8,2026-09-15T12:00:00Z
NEET24_190101_0130,CENTRE_WB_190101,236.8,236.8,2026-09-15T12:00:00Z
NEET24_190101_0131,CENTRE_WB_190101,216.9,216.9,2026-09-15T12:00:00Z
NEET24_190101_0132,CENTRE_WB_190101,542.1,542.1,2026-09-15T12:00:00Z
NEET24_190101_0133,CENTRE_WB_190101,424.2,424.2,2026-09-15T12:00:00Z
NEET24_190101_0134,CENTRE_WB_190101,197.5,197.5,2026-09-15T12:00:00Z
NEET24_190101_0135,CENTRE_WB_190101,340.2,340.2,2026-09-15T12:00:00Z
NEET24_190101_0136,CENTRE_WB_190101,238.4,238.4,2026-09-15T12:00:00Z
NEET24_190101_0137,CENTRE_WB_190101,229.1,229.1,2026-09-15T12:00:00Z
NEET24_190101_0138,CENTRE_WB_190101,321.3,321.3,2026-09-15T12:00:00Z
NEET24_190101_0139,CENTRE_WB_190101,246.4,246.4,2026-09-15T12:00:00Z
NEET24_190101_0140,CENTRE_WB_190101,447.3,447.3,2026-09-15T12:00:00Z
NEET24_190101_0141,CENTRE_WB_190101,341.1,341.1,2026-09-15T12:00:00Z
NEET24_190101_0142,CENTRE_WB_190101,273.1,273.1,2026-09-15T12:00:00Z
NEET24_190101_0143,CENTRE_WB_190101,308.2,308.2,2026-09-15T12:00:00Z
NEET24_190101_0144,CENTRE_WB_190101,271.2,271.2,2026-09-15T12:00:00Z
NEET24_190101_0145,CENTRE_WB_190101,218.1,218.1,2026-09-15T12:00:00Z
NEET24_190101_0146,CENTRE_WB_190101,157.6,157.6,2026-09-15T12:00:00Z
NEET24_190101_0147,CENTRE_WB_190101,558.7,558.7,2026-09-15T12:00:00Z
NEET24_190101_0148,CENTRE_WB_190101,145.6,145.6,2026-09-15T12:00:00Z
NEET24_190101_0149,CENTRE_WB_190101,284.7,284.7,2026-09-15T12:00:00Z
NEET24_190101_0150,CENTRE_WB_190101,316.7,316.7,2026-09-15T12:00:00Z
NEET24_190101_0151,CENTRE_WB_190101,338.9,338.9,2026-09-15T12:00:00Z
NEET24_190101_0152,CENTRE_WB_190101,364.0,364.0,2026-09-15T12:00:00Z
NEET24_190101_0153,CENTRE_WB_190101,315.5,315.5,2026-09-15T12:00:00Z
NEET24_190101_0154,CENTRE_WB_190101,255.7,255.7,2026-09-15T12:00:00Z
NEET24_190101_0155,CENTRE_WB_190101,412.5,412.5,2026-09-15T12:00:00Z
NEET24_190101_0156,CENTRE_WB_190101,338.2,338.2,2026-09-15T12:00:00Z
NEET24_190101_0157,CENTRE_WB_190101,231.9,231.9,2026-09-15T12:00:00Z
NEET24_190101_0158,CENTRE_WB_190101,417.8,417.8,2026-09-15T12:00:00Z
NEET24_190101_0159,CENTRE_WB_190101,375.2,375.2,2026-09-15T12:00:00Z
NEET24_190101_0160,CENTRE_WB_190101,310.3,310.3,2026-09-15T12:00:00Z
NEET24_190101_0161,CENTRE_WB_190101,295.1,295.1,2026-09-15T12:00:00Z
NEET24_190101_0162,CENTRE_WB_190101,171.7,171.7,2026-09-15T12:00:00Z
NEET24_190101_0163,CENTRE_WB_190101,244.8,244.8,2026-09-15T12:00:00Z
NEET24_190101_0164,CENTRE_WB_190101,411.7,411.7,2026-09-15T12:00:00Z
NEET24_190101_0165,CENTRE_WB_190101,419.7,419.7,2026-09-15T12:00:00Z
NEET24_190101_0166,CENTRE_WB_190101,252.9,252.9,2026-09-15T12:00:00Z
NEET24_190101_0167,CENTRE_WB_190101,480.1,480.1,2026-09-15T12:00:00Z
NEET24_190101_0168,CENTRE_WB_190101,424.5,424.5,2026-09-15T12:00:00Z
NEET24_190101_0169,CENTRE_WB_190101,187.1,187.1,2026-09-15T12:00:00Z
NEET24_190101_0170,CENTRE_WB_190101,470.3,470.3,2026-09-15T12:00:00Z
NEET24_190101_0171,CENTRE_WB_190101,324.2,324.2,2026-09-15T12:00:00Z
NEET24_190101_0172,CENTRE_WB_190101,365.6,365.6,2026-09-15T12:00:00Z
NEET24_190101_0173,CENTRE_WB_190101,396.4,396.4,2026-09-15T12:00:00Z
NEET24_190101_0174,CENTRE_WB_190101,281.6,281.6,2026-09-15T12:00:00Z
NEET24_190101_0175,CENTRE_WB_190101,80.0,80.0,2026-09-15T12:00:00Z
NEET24_190101_0176,CENTRE_WB_190101,415.1,415.1,2026-09-15T12:00:00Z
NEET24_190101_0177,CENTRE_WB_190101,357.8,357.8,2026-09-15T12:00:00Z
NEET24_190101_0178,CENTRE_WB_190101,401.2,401.2,2026-09-15T12:00:00Z
NEET24_190101_0179,CENTRE_WB_190101,108.4,108.4,2026-09-15T12:00:00Z
NEET24_190101_0180,CENTRE_WB_190101,300.3,300.3,2026-09-15T12:00:00Z
NEET24_080101_0001,CENTRE_RJ_080101,430.8,430.8,2026-09-15T12:00:00Z
NEET24_080101_0002,CENTRE_RJ_080101,170.4,170.4,2026-09-15T12:00:00Z
NEET24_080101_0003,CENTRE_RJ_080101,466.2,466.2,2026-09-15T12:00:00Z
NEET24_080101_0004,CENTRE_RJ_080101,309.0,309.0,2026-09-15T12:00:00Z
NEET24_080101_0005,CENTRE_RJ_080101,345.2,345.2,2026-09-15T12:00:00Z
NEET24_080101_0006,CENTRE_RJ_080101,283.0,283.0,2026-09-15T12:00:00Z
NEET24_080101_0007,CENTRE_RJ_080101,264.7,264.7,2026-09-15T12:00:00Z
NEET24_080101_0008,CENTRE_RJ_080101,363.3,363.3,2026-09-15T12:00:00Z
NEET24_080101_0009,CENTRE_RJ_080101,312.6,312.6,2026-09-15T12:00:00Z
NEET24_080101_0010,CENTRE_RJ_080101,288.7,288.7,2026-09-15T12:00:00Z
NEET24_080101_0011,CENTRE_RJ_080101,263.8,263.8,2026-09-15T12:00:00Z
NEET24_080101_0012,CENTRE_RJ_080101,377.6,377.6,2026-09-15T12:00:00Z
NEET24_080101_0013,CENTRE_RJ_080101,222.6,222.6,2026-09-15T12:00:00Z
NEET24_080101_0014,CENTRE_RJ_080101,239.8,239.8,2026-09-15T12:00:00Z
NEET24_080101_0015,CENTRE_RJ_080101,412.7,412.7,2026-09-15T12:00:00Z
NEET24_080101_0016,CENTRE_RJ_080101,440.8,440.8,2026-09-15T12:00:00Z
NEET24_080101_0017,CENTRE_RJ_080101,311.7,311.7,2026-09-15T12:00:00Z
NEET24_080101_0018,CENTRE_RJ_080101,408.2,408.2,2026-09-15T12:00:00Z
NEET24_080101_0019,CENTRE_RJ_080101,502.8,502.8,2026-09-15T12:00:00Z
NEET24_080101_0020,CENTRE_RJ_080101,201.9,201.9,2026-09-15T12:00:00Z
NEET24_080101_0021,CENTRE_RJ_080101,492.1,492.1,2026-09-15T12:00:00Z
NEET24_080101_0022,CENTRE_RJ_080101,335.0,335.0,2026-09-15T12:00:00Z
NEET24_080101_0023,CENTRE_RJ_080101,387.5,387.5,2026-09-15T12:00:00Z
NEET24_080101_0024,CENTRE_RJ_080101,231.4,231.4,2026-09-15T12:00:00Z
NEET24_080101_0025,CENTRE_RJ_080101,395.8,395.8,2026-09-15T12:00:00Z
NEET24_080101_0026,CENTRE_RJ_080101,412.5,412.5,2026-09-15T12:00:00Z
NEET24_080101_0027,CENTRE_RJ_080101,337.8,337.8,2026-09-15T12:00:00Z
NEET24_080101_0028,CENTRE_RJ_080101,325.5,325.5,2026-09-15T12:00:00Z
NEET24_080101_0029,CENTRE_RJ_080101,391.5,391.5,2026-09-15T12:00:00Z
NEET24_080101_0030,CENTRE_RJ_080101,294.7,294.7,2026-09-15T12:00:00Z
NEET24_080101_0031,CENTRE_RJ_080101,425.0,425.0,2026-09-15T12:00:00Z
NEET24_080101_0032,CENTRE_RJ_080101,167.6,167.6,2026-09-15T12:00:00Z
NEET24_080101_0033,CENTRE_RJ_080101,401.0,401.0,2026-09-15T12:00:00Z
NEET24_080101_0034,CENTRE_RJ_080101,402.3,402.3,2026-09-15T12:00:00Z
NEET24_080101_0035,CENTRE_RJ_080101,447.9,447.9,2026-09-15T12:00:00Z
NEET24_080101_0036,CENTRE_RJ_080101,164.9,164.9,2026-09-15T12:00:00Z
NEET24_080101_0037,CENTRE_RJ_080101,400.4,400.4,2026-09-15T12:00:00Z
NEET24_080101_0038,CENTRE_RJ_080101,475.0,475.0,2026-09-15T12:00:00Z
NEET24_080101_0039,CENTRE_RJ_080101,256.2,256.2,2026-09-15T12:00:00Z
NEET24_080101_0040,CENTRE_RJ_080101,189.3,189.3,2026-09-15T12:00:00Z
NEET24_080101_0041,CENTRE_RJ_080101,405.3,405.3,2026-09-15T12:00:00Z
NEET24_080101_0042,CENTRE_RJ_080101,350.2,350.2,2026-09-15T12:00:00Z
NEET24_080101_0043,CENTRE_RJ_080101,301.8,301.8,2026-09-15T12:00:00Z
NEET24_080101_0044,CENTRE_RJ_080101,284.2,284.2,2026-09-15T12:00:00Z
NEET24_080101_0045,CENTRE_RJ_080101,236.7,236.7,2026-09-15T12:00:00Z
NEET24_080101_0046,CENTRE_RJ_080101,149.2,149.2,2026-09-15T12:00:00Z
NEET24_080101_0047,CENTRE_RJ_080101,324.3,324.3,2026-09-15T12:00:00Z
NEET24_080101_0048,CENTRE_RJ_080101,355.5,355.5,2026-09-15T12:00:00Z
NEET24_080101_0049,CENTRE_RJ_080101,364.4,364.4,2026-09-15T12:00:00Z
NEET24_080101_0050,CENTRE_RJ_080101,440.6,440.6,2026-09-15T12:00:00Z
NEET24_080101_0051,CENTRE_RJ_080101,199.1,199.1,2026-09-15T12:00:00Z
NEET24_080101_0052,CENTRE_RJ_080101,284.7,284.7,2026-09-15T12:00:00Z
NEET24_080101_0053,CENTRE_RJ_080101,362.6,362.6,2026-09-15T12:00:00Z
NEET24_080101_0054,CENTRE_RJ_080101,354.5,354.5,2026-09-15T12:00:00Z
NEET24_080101_0055,CENTRE_RJ_080101,504.9,504.9,2026-09-15T12:00:00Z
NEET24_080101_0056,CENTRE_RJ_080101,158.0,158.0,2026-09-15T12:00:00Z
NEET24_080101_0057,CENTRE_RJ_080101,554.1,554.1,2026-09-15T12:00:00Z
NEET24_080101_0058,CENTRE_RJ_080101,405.0,405.0,2026-09-15T12:00:00Z
NEET24_080101_0059,CENTRE_RJ_080101,353.4,353.4,2026-09-15T12:00:00Z
NEET24_080101_0060,CENTRE_RJ_080101,234.7,234.7,2026-09-15T12:00:00Z
NEET24_080101_0061,CENTRE_RJ_080101,374.3,374.3,2026-09-15T12:00:00Z
NEET24_080101_0062,CENTRE_RJ_080101,296.8,296.8,2026-09-15T12:00:00Z
NEET24_080101_0063,CENTRE_RJ_080101,355.9,355.9,2026-09-15T12:00:00Z
NEET24_080101_0064,CENTRE_RJ_080101,411.3,411.3,2026-09-15T12:00:00Z
NEET24_080101_0065,CENTRE_RJ_080101,423.7,423.7,2026-09-15T12:00:00Z
NEET24_080101_0066,CENTRE_RJ_080101,303.4,303.4,2026-09-15T12:00:00Z
NEET24_080101_0067,CENTRE_RJ_080101,425.5,425.5,2026-09-15T12:00:00Z
NEET24_080101_0068,CENTRE_RJ_080101,365.5,365.5,2026-09-15T12:00:00Z
NEET24_080101_0069,CENTRE_RJ_080101,333.5,333.5,2026-09-15T12:00:00Z
NEET24_080101_0070,CENTRE_RJ_080101,394.3,394.3,2026-09-15T12:00:00Z
NEET24_080101_0071,CENTRE_RJ_080101,467.8,467.8,2026-09-15T12:00:00Z
NEET24_080101_0072,CENTRE_RJ_080101,389.3,389.3,2026-09-15T12:00:00Z
NEET24_080101_0073,CENTRE_RJ_080101,310.2,310.2,2026-09-15T12:00:00Z
NEET24_080101_0074,CENTRE_RJ_080101,368.0,368.0,2026-09-15T12:00:00Z
NEET24_080101_0075,CENTRE_RJ_080101,162.7,162.7,2026-09-15T12:00:00Z
NEET24_080101_0076,CENTRE_RJ_080101,374.9,374.9,2026-09-15T12:00:00Z
NEET24_080101_0077,CENTRE_RJ_080101,494.3,494.3,2026-09-15T12:00:00Z
NEET24_080101_0078,CENTRE_RJ_080101,196.0,196.0,2026-09-15T12:00:00Z
NEET24_080101_0079,CENTRE_RJ_080101,80.0,80.0,2026-09-15T12:00:00Z
NEET24_080101_0080,CENTRE_RJ_080101,359.1,359.1,2026-09-15T12:00:00Z
NEET24_080101_0081,CENTRE_RJ_080101,399.1,399.1,2026-09-15T12:00:00Z
NEET24_080101_0082,CENTRE_RJ_080101,403.3,403.3,2026-09-15T12:00:00Z
NEET24_080101_0083,CENTRE_RJ_080101,371.8,371.8,2026-09-15T12:00:00Z
NEET24_080101_0084,CENTRE_RJ_080101,249.9,249.9,2026-09-15T12:00:00Z
NEET24_080101_0085,CENTRE_RJ_080101,80.0,80.0,2026-09-15T12:00:00Z
NEET24_080101_0086,CENTRE_RJ_080101,451.8,451.8,2026-09-15T12:00:00Z
NEET24_080101_0087,CENTRE_RJ_080101,80.0,80.0,2026-09-15T12:00:00Z
NEET24_080101_0088,CENTRE_RJ_080101,510.1,510.1,2026-09-15T12:00:00Z
NEET24_080101_0089,CENTRE_RJ_080101,325.6,325.6,2026-09-15T12:00:00Z
NEET24_080101_0090,CENTRE_RJ_080101,303.5,303.5,2026-09-15T12:00:00Z
NEET24_080101_0091,CENTRE_RJ_080101,199.3,199.3,2026-09-15T12:00:00Z
NEET24_080101_0092,CENTRE_RJ_080101,315.6,315.6,2026-09-15T12:00:00Z
NEET24_080101_0093,CENTRE_RJ_080101,434.0,434.0,2026-09-15T12:00:00Z
NEET24_080101_0094,CENTRE_RJ_080101,439.3,439.3,2026-09-15T12:00:00Z
NEET24_080101_0095,CENTRE_RJ_080101,491.1,491.1,2026-09-15T12:00:00Z
NEET24_080101_0096,CENTRE_RJ_080101,318.1,318.1,2026-09-15T12:00:00Z
NEET24_080101_0097,CENTRE_RJ_080101,272.3,272.3,2026-09-15T12:00:00Z
NEET24_080101_0098,CENTRE_RJ_080101,287.2,287.2,2026-09-15T12:00:00Z
NEET24_080101_0099,CENTRE_RJ_080101,402.7,402.7,2026-09-15T12:00:00Z
NEET24_080101_0100,CENTRE_RJ_080101,542.9,542.9,2026-09-15T12:00:00Z
NEET24_080101_0101,CENTRE_RJ_080101,321.0,321.0,2026-09-15T12:00:00Z
NEET24_080101_0102,CENTRE_RJ_080101,351.2,351.2,2026-09-15T12:00:00Z
NEET24_080101_0103,CENTRE_RJ_080101,473.8,473.8,2026-09-15T12:00:00Z
NEET24_080101_0104,CENTRE_RJ_080101,243.8,243.8,2026-09-15T12:00:00Z
NEET24_080101_0105,CENTRE_RJ_080101,454.9,454.9,2026-09-15T12:00:00Z
NEET24_080101_0106,CENTRE_RJ_080101,80.0,80.0,2026-09-15T12:00:00Z
NEET24_080101_0107,CENTRE_RJ_080101,406.8,406.8,2026-09-15T12:00:00Z
NEET24_080101_0108,CENTRE_RJ_080101,503.7,503.7,2026-09-15T12:00:00Z
NEET24_080101_0109,CENTRE_RJ_080101,513.9,513.9,2026-09-15T12:00:00Z
NEET24_080101_0110,CENTRE_RJ_080101,446.1,446.1,2026-09-15T12:00:00Z
NEET24_080101_0111,CENTRE_RJ_080101,386.5,386.5,2026-09-15T12:00:00Z
NEET24_080101_0112,CENTRE_RJ_080101,312.9,312.9,2026-09-15T12:00:00Z
NEET24_080101_0113,CENTRE_RJ_080101,211.6,211.6,2026-09-15T12:00:00Z
NEET24_080101_0114,CENTRE_RJ_080101,240.0,240.0,2026-09-15T12:00:00Z
NEET24_080101_0115,CENTRE_RJ_080101,402.7,402.7,2026-09-15T12:00:00Z
NEET24_080101_0116,CENTRE_RJ_080101,287.0,287.0,2026-09-15T12:00:00Z
NEET24_080101_0117,CENTRE_RJ_080101,313.0,313.0,2026-09-15T12:00:00Z
NEET24_080101_0118,CENTRE_RJ_080101,321.5,321.5,2026-09-15T12:00:00Z
NEET24_080101_0119,CENTRE_RJ_080101,381.2,381.2,2026-09-15T12:00:00Z
NEET24_080101_0120,CENTRE_RJ_080101,204.4,204.4,2026-09-15T12:00:00Z
NEET24_080101_0121,CENTRE_RJ_080101,369.6,369.6,2026-09-15T12:00:00Z
NEET24_080101_0122,CENTRE_RJ_080101,489.6,489.6,2026-09-15T12:00:00Z
NEET24_080101_0123,CENTRE_RJ_080101,496.0,496.0,2026-09-15T12:00:00Z
NEET24_080101_0124,CENTRE_RJ_080101,194.8,194.8,2026-09-15T12:00:00Z
NEET24_080101_0125,CENTRE_RJ_080101,291.5,291.5,2026-09-15T12:00:00Z
NEET24_080101_0126,CENTRE_RJ_080101,346.7,346.7,2026-09-15T12:00:00Z
NEET24_080101_0127,CENTRE_RJ_080101,279.9,279.9,2026-09-15T12:00:00Z
NEET24_080101_0128,CENTRE_RJ_080101,108.5,108.5,2026-09-15T12:00:00Z
NEET24_080101_0129,CENTRE_RJ_080101,335.8,335.8,2026-09-15T12:00:00Z
NEET24_080101_0130,CENTRE_RJ_080101,408.0,408.0,2026-09-15T12:00:00Z
NEET24_080101_0131,CENTRE_RJ_080101,218.8,218.8,2026-09-15T12:00:00Z
NEET24_080101_0132,CENTRE_RJ_080101,317.2,317.2,2026-09-15T12:00:00Z
NEET24_080101_0133,CENTRE_RJ_080101,404.4,404.4,2026-09-15T12:00:00Z
NEET24_080101_0134,CENTRE_RJ_080101,415.4,415.4,2026-09-15T12:00:00Z
NEET24_080101_0135,CENTRE_RJ_080101,307.2,307.2,2026-09-15T12:00:00Z
NEET24_080101_0136,CENTRE_RJ_080101,471.6,471.6,2026-09-15T12:00:00Z
NEET24_080101_0137,CENTRE_RJ_080101,294.9,294.9,2026-09-15T12:00:00Z
NEET24_080101_0138,CENTRE_RJ_080101,330.1,330.1,2026-09-15T12:00:00Z
NEET24_080101_0139,CENTRE_RJ_080101,385.5,385.5,2026-09-15T12:00:00Z
NEET24_080101_0140,CENTRE_RJ_080101,435.3,435.3,2026-09-15T12:00:00Z
NEET24_080101_0141,CENTRE_RJ_080101,611.6,611.6,2026-09-15T12:00:00Z
NEET24_080101_0142,CENTRE_RJ_080101,315.4,315.4,2026-09-15T12:00:00Z
NEET24_080101_0143,CENTRE_RJ_080101,499.2,499.2,2026-09-15T12:00:00Z
NEET24_080101_0144,CENTRE_RJ_080101,301.7,301.7,2026-09-15T12:00:00Z
NEET24_080101_0145,CENTRE_RJ_080101,306.5,306.5,2026-09-15T12:00:00Z
NEET24_080101_0146,CENTRE_RJ_080101,242.6,242.6,2026-09-15T12:00:00Z
NEET24_080101_0147,CENTRE_RJ_080101,220.8,220.8,2026-09-15T12:00:00Z
NEET24_080101_0148,CENTRE_RJ_080101,278.4,278.4,2026-09-15T12:00:00Z
NEET24_080101_0149,CENTRE_RJ_080101,305.8,305.8,2026-09-15T12:00:00Z
NEET24_080101_0150,CENTRE_RJ_080101,164.2,164.2,2026-09-15T12:00:00Z
NEET24_080101_0151,CENTRE_RJ_080101,165.3,165.3,2026-09-15T12:00:00Z
NEET24_080101_0152,CENTRE_RJ_080101,203.4,203.4,2026-09-15T12:00:00Z
NEET24_080101_0153,CENTRE_RJ_080101,562.5,562.5,2026-09-15T12:00:00Z
NEET24_080101_0154,CENTRE_RJ_080101,562.0,562.0,2026-09-15T12:00:00Z
NEET24_080101_0155,CENTRE_RJ_080101,398.8,398.8,2026-09-15T12:00:00Z
NEET24_080101_0156,CENTRE_RJ_080101,584.4,584.4,2026-09-15T12:00:00Z
NEET24_080101_0157,CENTRE_RJ_080101,476.8,476.8,2026-09-15T12:00:00Z
NEET24_080101_0158,CENTRE_RJ_080101,351.9,351.9,2026-09-15T12:00:00Z
NEET24_080101_0159,CENTRE_RJ_080101,250.6,250.6,2026-09-15T12:00:00Z
NEET24_080101_0160,CENTRE_RJ_080101,376.5,376.5,2026-09-15T12:00:00Z
NEET24_080101_0161,CENTRE_RJ_080101,485.3,485.3,2026-09-15T12:00:00Z
NEET24_080101_0162,CENTRE_RJ_080101,319.0,319.0,2026-09-15T12:00:00Z
NEET24_080101_0163,CENTRE_RJ_080101,320.7,320.7,2026-09-15T12:00:00Z
NEET24_080101_0164,CENTRE_RJ_080101,450.7,450.7,2026-09-15T12:00:00Z
NEET24_080101_0165,CENTRE_RJ_080101,247.2,247.2,2026-09-15T12:00:00Z
NEET24_080101_0166,CENTRE_RJ_080101,278.7,278.7,2026-09-15T12:00:00Z
NEET24_080101_0167,CENTRE_RJ_080101,264.1,264.1,2026-09-15T12:00:00Z
NEET24_080101_0168,CENTRE_RJ_080101,346.7,346.7,2026-09-15T12:00:00Z
NEET24_080101_0169,CENTRE_RJ_080101,548.6,548.6,2026-09-15T12:00:00Z
NEET24_080101_0170,CENTRE_RJ_080101,234.9,234.9,2026-09-15T12:00:00Z
NEET24_080101_0171,CENTRE_RJ_080101,410.3,410.3,2026-09-15T12:00:00Z
NEET24_080101_0172,CENTRE_RJ_080101,314.6,314.6,2026-09-15T12:00:00Z
NEET24_080101_0173,CENTRE_RJ_080101,277.5,277.5,2026-09-15T12:00:00Z
NEET24_080101_0174,CENTRE_RJ_080101,229.1,229.1,2026-09-15T12:00:00Z
NEET24_080101_0175,CENTRE_RJ_080101,405.0,405.0,2026-09-15T12:00:00Z
NEET24_080101_0176,CENTRE_RJ_080101,305.6,305.6,2026-09-15T12:00:00Z
NEET24_080101_0177,CENTRE_RJ_080101,394.0,394.0,2026-09-15T12:00:00Z
NEET24_080101_0178,CENTRE_RJ_080101,405.0,405.0,2026-09-15T12:00:00Z
NEET24_080101_0179,CENTRE_RJ_080101,262.9,262.9,2026-09-15T12:00:00Z
NEET24_080101_0180,CENTRE_RJ_080101,445.6,445.6,2026-09-15T12:00:00Z
NEET24_090101_0001,CENTRE_UP_090101,332.0,332.0,2026-09-15T12:00:00Z
NEET24_090101_0002,CENTRE_UP_090101,183.6,183.6,2026-09-15T12:00:00Z
NEET24_090101_0003,CENTRE_UP_090101,455.6,455.6,2026-09-15T12:00:00Z
NEET24_090101_0004,CENTRE_UP_090101,285.8,285.8,2026-09-15T12:00:00Z
NEET24_090101_0005,CENTRE_UP_090101,334.9,334.9,2026-09-15T12:00:00Z
NEET24_090101_0006,CENTRE_UP_090101,343.1,343.1,2026-09-15T12:00:00Z
NEET24_090101_0007,CENTRE_UP_090101,398.7,398.7,2026-09-15T12:00:00Z
NEET24_090101_0008,CENTRE_UP_090101,279.8,279.8,2026-09-15T12:00:00Z
NEET24_090101_0009,CENTRE_UP_090101,359.7,359.7,2026-09-15T12:00:00Z
NEET24_090101_0010,CENTRE_UP_090101,603.4,603.4,2026-09-15T12:00:00Z
NEET24_090101_0011,CENTRE_UP_090101,426.7,426.7,2026-09-15T12:00:00Z
NEET24_090101_0012,CENTRE_UP_090101,418.7,418.7,2026-09-15T12:00:00Z
NEET24_090101_0013,CENTRE_UP_090101,249.8,249.8,2026-09-15T12:00:00Z
NEET24_090101_0014,CENTRE_UP_090101,581.3,581.3,2026-09-15T12:00:00Z
NEET24_090101_0015,CENTRE_UP_090101,282.4,282.4,2026-09-15T12:00:00Z
NEET24_090101_0016,CENTRE_UP_090101,444.1,444.1,2026-09-15T12:00:00Z
NEET24_090101_0017,CENTRE_UP_090101,93.1,93.1,2026-09-15T12:00:00Z
NEET24_090101_0018,CENTRE_UP_090101,326.5,326.5,2026-09-15T12:00:00Z
NEET24_090101_0019,CENTRE_UP_090101,266.6,266.6,2026-09-15T12:00:00Z
NEET24_090101_0020,CENTRE_UP_090101,546.0,546.0,2026-09-15T12:00:00Z
NEET24_090101_0021,CENTRE_UP_090101,661.6,661.6,2026-09-15T12:00:00Z
NEET24_090101_0022,CENTRE_UP_090101,108.7,108.7,2026-09-15T12:00:00Z
NEET24_090101_0023,CENTRE_UP_090101,388.9,388.9,2026-09-15T12:00:00Z
NEET24_090101_0024,CENTRE_UP_090101,290.0,290.0,2026-09-15T12:00:00Z
NEET24_090101_0025,CENTRE_UP_090101,340.8,340.8,2026-09-15T12:00:00Z
NEET24_090101_0026,CENTRE_UP_090101,240.4,240.4,2026-09-15T12:00:00Z
NEET24_090101_0027,CENTRE_UP_090101,419.0,419.0,2026-09-15T12:00:00Z
NEET24_090101_0028,CENTRE_UP_090101,348.9,348.9,2026-09-15T12:00:00Z
NEET24_090101_0029,CENTRE_UP_090101,491.9,491.9,2026-09-15T12:00:00Z
NEET24_090101_0030,CENTRE_UP_090101,429.1,429.1,2026-09-15T12:00:00Z
NEET24_090101_0031,CENTRE_UP_090101,368.1,368.1,2026-09-15T12:00:00Z
NEET24_090101_0032,CENTRE_UP_090101,159.0,159.0,2026-09-15T12:00:00Z
NEET24_090101_0033,CENTRE_UP_090101,212.8,212.8,2026-09-15T12:00:00Z
NEET24_090101_0034,CENTRE_UP_090101,295.9,295.9,2026-09-15T12:00:00Z
NEET24_090101_0035,CENTRE_UP_090101,256.6,256.6,2026-09-15T12:00:00Z
NEET24_090101_0036,CENTRE_UP_090101,394.8,394.8,2026-09-15T12:00:00Z
NEET24_090101_0037,CENTRE_UP_090101,342.8,342.8,2026-09-15T12:00:00Z
NEET24_090101_0038,CENTRE_UP_090101,400.1,400.1,2026-09-15T12:00:00Z
NEET24_090101_0039,CENTRE_UP_090101,407.2,407.2,2026-09-15T12:00:00Z
NEET24_090101_0040,CENTRE_UP_090101,262.3,262.3,2026-09-15T12:00:00Z
NEET24_090101_0041,CENTRE_UP_090101,427.3,427.3,2026-09-15T12:00:00Z
NEET24_090101_0042,CENTRE_UP_090101,375.8,375.8,2026-09-15T12:00:00Z
NEET24_090101_0043,CENTRE_UP_090101,350.5,350.5,2026-09-15T12:00:00Z
NEET24_090101_0044,CENTRE_UP_090101,239.0,239.0,2026-09-15T12:00:00Z
NEET24_090101_0045,CENTRE_UP_090101,298.7,298.7,2026-09-15T12:00:00Z
NEET24_090101_0046,CENTRE_UP_090101,312.7,312.7,2026-09-15T12:00:00Z
NEET24_090101_0047,CENTRE_UP_090101,450.3,450.3,2026-09-15T12:00:00Z
NEET24_090101_0048,CENTRE_UP_090101,201.7,201.7,2026-09-15T12:00:00Z
NEET24_090101_0049,CENTRE_UP_090101,384.6,384.6,2026-09-15T12:00:00Z
NEET24_090101_0050,CENTRE_UP_090101,413.2,413.2,2026-09-15T12:00:00Z
NEET24_090101_0051,CENTRE_UP_090101,197.0,197.0,2026-09-15T12:00:00Z
NEET24_090101_0052,CENTRE_UP_090101,293.7,293.7,2026-09-15T12:00:00Z
NEET24_090101_0053,CENTRE_UP_090101,301.2,301.2,2026-09-15T12:00:00Z
NEET24_090101_0054,CENTRE_UP_090101,431.3,431.3,2026-09-15T12:00:00Z
NEET24_090101_0055,CENTRE_UP_090101,403.4,403.4,2026-09-15T12:00:00Z
NEET24_090101_0056,CENTRE_UP_090101,486.4,486.4,2026-09-15T12:00:00Z
NEET24_090101_0057,CENTRE_UP_090101,327.8,327.8,2026-09-15T12:00:00Z
NEET24_090101_0058,CENTRE_UP_090101,297.4,297.4,2026-09-15T12:00:00Z
NEET24_090101_0059,CENTRE_UP_090101,388.0,388.0,2026-09-15T12:00:00Z
NEET24_090101_0060,CENTRE_UP_090101,246.8,246.8,2026-09-15T12:00:00Z
NEET24_090101_0061,CENTRE_UP_090101,270.1,270.1,2026-09-15T12:00:00Z
NEET24_090101_0062,CENTRE_UP_090101,371.4,371.4,2026-09-15T12:00:00Z
NEET24_090101_0063,CENTRE_UP_090101,348.1,348.1,2026-09-15T12:00:00Z
NEET24_090101_0064,CENTRE_UP_090101,292.9,292.9,2026-09-15T12:00:00Z
NEET24_090101_0065,CENTRE_UP_090101,137.8,137.8,2026-09-15T12:00:00Z
NEET24_090101_0066,CENTRE_UP_090101,275.2,275.2,2026-09-15T12:00:00Z
NEET24_090101_0067,CENTRE_UP_090101,332.1,332.1,2026-09-15T12:00:00Z
NEET24_090101_0068,CENTRE_UP_090101,389.4,389.4,2026-09-15T12:00:00Z
NEET24_090101_0069,CENTRE_UP_090101,300.7,300.7,2026-09-15T12:00:00Z
NEET24_090101_0070,CENTRE_UP_090101,431.5,431.5,2026-09-15T12:00:00Z
NEET24_090101_0071,CENTRE_UP_090101,297.9,297.9,2026-09-15T12:00:00Z
NEET24_090101_0072,CENTRE_UP_090101,215.5,215.5,2026-09-15T12:00:00Z
NEET24_090101_0073,CENTRE_UP_090101,439.2,439.2,2026-09-15T12:00:00Z
NEET24_090101_0074,CENTRE_UP_090101,424.8,424.8,2026-09-15T12:00:00Z
NEET24_090101_0075,CENTRE_UP_090101,211.0,211.0,2026-09-15T12:00:00Z
NEET24_090101_0076,CENTRE_UP_090101,202.8,202.8,2026-09-15T12:00:00Z
NEET24_090101_0077,CENTRE_UP_090101,333.7,333.7,2026-09-15T12:00:00Z
NEET24_090101_0078,CENTRE_UP_090101,192.3,192.3,2026-09-15T12:00:00Z
NEET24_090101_0079,CENTRE_UP_090101,349.4,349.4,2026-09-15T12:00:00Z
NEET24_090101_0080,CENTRE_UP_090101,319.2,319.2,2026-09-15T12:00:00Z
NEET24_090101_0081,CENTRE_UP_090101,343.3,343.3,2026-09-15T12:00:00Z
NEET24_090101_0082,CENTRE_UP_090101,312.9,312.9,2026-09-15T12:00:00Z
NEET24_090101_0083,CENTRE_UP_090101,388.3,388.3,2026-09-15T12:00:00Z
NEET24_090101_0084,CENTRE_UP_090101,254.6,254.6,2026-09-15T12:00:00Z
NEET24_090101_0085,CENTRE_UP_090101,389.4,389.4,2026-09-15T12:00:00Z
NEET24_090101_0086,CENTRE_UP_090101,527.6,527.6,2026-09-15T12:00:00Z
NEET24_090101_0087,CENTRE_UP_090101,201.5,201.5,2026-09-15T12:00:00Z
NEET24_090101_0088,CENTRE_UP_090101,233.4,233.4,2026-09-15T12:00:00Z
NEET24_090101_0089,CENTRE_UP_090101,227.5,227.5,2026-09-15T12:00:00Z
NEET24_090101_0090,CENTRE_UP_090101,323.6,323.6,2026-09-15T12:00:00Z
NEET24_090101_0091,CENTRE_UP_090101,507.1,507.1,2026-09-15T12:00:00Z
NEET24_090101_0092,CENTRE_UP_090101,488.8,488.8,2026-09-15T12:00:00Z
NEET24_090101_0093,CENTRE_UP_090101,313.6,313.6,2026-09-15T12:00:00Z
NEET24_090101_0094,CENTRE_UP_090101,345.3,345.3,2026-09-15T12:00:00Z
NEET24_090101_0095,CENTRE_UP_090101,377.0,377.0,2026-09-15T12:00:00Z
NEET24_090101_0096,CENTRE_UP_090101,200.9,200.9,2026-09-15T12:00:00Z
NEET24_090101_0097,CENTRE_UP_090101,357.2,357.2,2026-09-15T12:00:00Z
NEET24_090101_0098,CENTRE_UP_090101,304.3,304.3,2026-09-15T12:00:00Z
NEET24_090101_0099,CENTRE_UP_090101,144.7,144.7,2026-09-15T12:00:00Z
NEET24_090101_0100,CENTRE_UP_090101,184.2,184.2,2026-09-15T12:00:00Z
NEET24_090101_0101,CENTRE_UP_090101,486.0,486.0,2026-09-15T12:00:00Z
NEET24_090101_0102,CENTRE_UP_090101,347.3,347.3,2026-09-15T12:00:00Z
NEET24_090101_0103,CENTRE_UP_090101,489.8,489.8,2026-09-15T12:00:00Z
NEET24_090101_0104,CENTRE_UP_090101,317.1,317.1,2026-09-15T12:00:00Z
NEET24_090101_0105,CENTRE_UP_090101,268.8,268.8,2026-09-15T12:00:00Z
NEET24_090101_0106,CENTRE_UP_090101,228.3,228.3,2026-09-15T12:00:00Z
NEET24_090101_0107,CENTRE_UP_090101,383.4,383.4,2026-09-15T12:00:00Z
NEET24_090101_0108,CENTRE_UP_090101,273.7,273.7,2026-09-15T12:00:00Z
NEET24_090101_0109,CENTRE_UP_090101,380.4,380.4,2026-09-15T12:00:00Z
NEET24_090101_0110,CENTRE_UP_090101,181.9,181.9,2026-09-15T12:00:00Z
NEET24_090101_0111,CENTRE_UP_090101,338.2,338.2,2026-09-15T12:00:00Z
NEET24_090101_0112,CENTRE_UP_090101,120.2,120.2,2026-09-15T12:00:00Z
NEET24_090101_0113,CENTRE_UP_090101,379.6,379.6,2026-09-15T12:00:00Z
NEET24_090101_0114,CENTRE_UP_090101,314.5,314.5,2026-09-15T12:00:00Z
NEET24_090101_0115,CENTRE_UP_090101,161.9,161.9,2026-09-15T12:00:00Z
NEET24_090101_0116,CENTRE_UP_090101,193.5,193.5,2026-09-15T12:00:00Z
NEET24_090101_0117,CENTRE_UP_090101,322.7,322.7,2026-09-15T12:00:00Z
NEET24_090101_0118,CENTRE_UP_090101,471.2,471.2,2026-09-15T12:00:00Z
NEET24_090101_0119,CENTRE_UP_090101,338.5,338.5,2026-09-15T12:00:00Z
NEET24_090101_0120,CENTRE_UP_090101,133.9,133.9,2026-09-15T12:00:00Z
NEET24_090101_0121,CENTRE_UP_090101,541.4,541.4,2026-09-15T12:00:00Z
NEET24_090101_0122,CENTRE_UP_090101,202.6,202.6,2026-09-15T12:00:00Z
NEET24_090101_0123,CENTRE_UP_090101,375.6,375.6,2026-09-15T12:00:00Z
NEET24_090101_0124,CENTRE_UP_090101,174.6,174.6,2026-09-15T12:00:00Z
NEET24_090101_0125,CENTRE_UP_090101,290.5,290.5,2026-09-15T12:00:00Z
NEET24_090101_0126,CENTRE_UP_090101,457.1,457.1,2026-09-15T12:00:00Z
NEET24_090101_0127,CENTRE_UP_090101,211.6,211.6,2026-09-15T12:00:00Z
NEET24_090101_0128,CENTRE_UP_090101,369.8,369.8,2026-09-15T12:00:00Z
NEET24_090101_0129,CENTRE_UP_090101,255.0,255.0,2026-09-15T12:00:00Z
NEET24_090101_0130,CENTRE_UP_090101,80.0,80.0,2026-09-15T12:00:00Z
NEET24_090101_0131,CENTRE_UP_090101,368.7,368.7,2026-09-15T12:00:00Z
NEET24_090101_0132,CENTRE_UP_090101,322.4,322.4,2026-09-15T12:00:00Z
NEET24_090101_0133,CENTRE_UP_090101,435.2,435.2,2026-09-15T12:00:00Z
NEET24_090101_0134,CENTRE_UP_090101,644.7,644.7,2026-09-15T12:00:00Z
NEET24_090101_0135,CENTRE_UP_090101,222.6,222.6,2026-09-15T12:00:00Z
NEET24_090101_0136,CENTRE_UP_090101,363.8,363.8,2026-09-15T12:00:00Z
NEET24_090101_0137,CENTRE_UP_090101,161.9,161.9,2026-09-15T12:00:00Z
NEET24_090101_0138,CENTRE_UP_090101,291.1,291.1,2026-09-15T12:00:00Z
NEET24_090101_0139,CENTRE_UP_090101,216.0,216.0,2026-09-15T12:00:00Z
NEET24_090101_0140,CENTRE_UP_090101,193.7,193.7,2026-09-15T12:00:00Z
NEET24_090101_0141,CENTRE_UP_090101,358.7,358.7,2026-09-15T12:00:00Z
NEET24_090101_0142,CENTRE_UP_090101,508.6,508.6,2026-09-15T12:00:00Z
NEET24_090101_0143,CENTRE_UP_090101,266.4,266.4,2026-09-15T12:00:00Z
NEET24_090101_0144,CENTRE_UP_090101,304.7,304.7,2026-09-15T12:00:00Z
NEET24_090101_0145,CENTRE_UP_090101,485.9,485.9,2026-09-15T12:00:00Z
NEET24_090101_0146,CENTRE_UP_090101,104.4,104.4,2026-09-15T12:00:00Z
NEET24_090101_0147,CENTRE_UP_090101,274.4,274.4,2026-09-15T12:00:00Z
NEET24_090101_0148,CENTRE_UP_090101,256.6,256.6,2026-09-15T12:00:00Z
NEET24_090101_0149,CENTRE_UP_090101,405.1,405.1,2026-09-15T12:00:00Z
NEET24_090101_0150,CENTRE_UP_090101,349.3,349.3,2026-09-15T12:00:00Z
NEET24_090101_0151,CENTRE_UP_090101,276.0,276.0,2026-09-15T12:00:00Z
NEET24_090101_0152,CENTRE_UP_090101,616.8,616.8,2026-09-15T12:00:00Z
NEET24_090101_0153,CENTRE_UP_090101,414.9,414.9,2026-09-15T12:00:00Z
NEET24_090101_0154,CENTRE_UP_090101,569.6,569.6,2026-09-15T12:00:00Z
NEET24_090101_0155,CENTRE_UP_090101,464.4,464.4,2026-09-15T12:00:00Z
NEET24_090101_0156,CENTRE_UP_090101,233.7,233.7,2026-09-15T12:00:00Z
NEET24_090101_0157,CENTRE_UP_090101,181.6,181.6,2026-09-15T12:00:00Z
NEET24_090101_0158,CENTRE_UP_090101,388.4,388.4,2026-09-15T12:00:00Z
NEET24_090101_0159,CENTRE_UP_090101,550.3,550.3,2026-09-15T12:00:00Z
NEET24_090101_0160,CENTRE_UP_090101,320.4,320.4,2026-09-15T12:00:00Z
NEET24_090101_0161,CENTRE_UP_090101,486.5,486.5,2026-09-15T12:00:00Z
NEET24_090101_0162,CENTRE_UP_090101,332.5,332.5,2026-09-15T12:00:00Z
NEET24_090101_0163,CENTRE_UP_090101,394.8,394.8,2026-09-15T12:00:00Z
NEET24_090101_0164,CENTRE_UP_090101,335.1,335.1,2026-09-15T12:00:00Z
NEET24_090101_0165,CENTRE_UP_090101,255.1,255.1,2026-09-15T12:00:00Z
NEET24_090101_0166,CENTRE_UP_090101,577.0,577.0,2026-09-15T12:00:00Z
NEET24_090101_0167,CENTRE_UP_090101,418.3,418.3,2026-09-15T12:00:00Z
NEET24_090101_0168,CENTRE_UP_090101,352.7,352.7,2026-09-15T12:00:00Z
NEET24_090101_0169,CENTRE_UP_090101,422.8,422.8,2026-09-15T12:00:00Z
NEET24_090101_0170,CENTRE_UP_090101,423.2,423.2,2026-09-15T12:00:00Z
NEET24_090101_0171,CENTRE_UP_090101,400.6,400.6,2026-09-15T12:00:00Z
NEET24_090101_0172,CENTRE_UP_090101,168.7,168.7,2026-09-15T12:00:00Z
NEET24_090101_0173,CENTRE_UP_090101,370.0,370.0,2026-09-15T12:00:00Z
NEET24_090101_0174,CENTRE_UP_090101,533.0,533.0,2026-09-15T12:00:00Z
NEET24_090101_0175,CENTRE_UP_090101,565.9,565.9,2026-09-15T12:00:00Z
NEET24_090101_0176,CENTRE_UP_090101,406.8,406.8,2026-09-15T12:00:00Z
NEET24_090101_0177,CENTRE_UP_090101,330.7,330.7,2026-09-15T12:00:00Z
NEET24_090101_0178,CENTRE_UP_090101,204.1,204.1,2026-09-15T12:00:00Z
NEET24_090101_0179,CENTRE_UP_090101,145.7,145.7,2026-09-15T12:00:00Z
NEET24_090101_0180,CENTRE_UP_090101,175.2,175.2,2026-09-15T12:00:00Z
NEET24_100101_0001,CENTRE_BR_100101,365.4,365.4,2026-09-15T12:00:00Z
NEET24_100101_0002,CENTRE_BR_100101,343.5,343.5,2026-09-15T12:00:00Z
NEET24_100101_0003,CENTRE_BR_100101,245.4,245.4,2026-09-15T12:00:00Z
NEET24_100101_0004,CENTRE_BR_100101,331.1,331.1,2026-09-15T12:00:00Z
NEET24_100101_0005,CENTRE_BR_100101,379.2,379.2,2026-09-15T12:00:00Z
NEET24_100101_0006,CENTRE_BR_100101,359.6,359.6,2026-09-15T12:00:00Z
NEET24_100101_0007,CENTRE_BR_100101,174.0,174.0,2026-09-15T12:00:00Z
NEET24_100101_0008,CENTRE_BR_100101,361.0,361.0,2026-09-15T12:00:00Z
NEET24_100101_0009,CENTRE_BR_100101,527.2,527.2,2026-09-15T12:00:00Z
NEET24_100101_0010,CENTRE_BR_100101,358.7,358.7,2026-09-15T12:00:00Z
NEET24_100101_0011,CENTRE_BR_100101,314.4,314.4,2026-09-15T12:00:00Z
NEET24_100101_0012,CENTRE_BR_100101,445.4,445.4,2026-09-15T12:00:00Z
NEET24_100101_0013,CENTRE_BR_100101,283.3,283.3,2026-09-15T12:00:00Z
NEET24_100101_0014,CENTRE_BR_100101,480.2,480.2,2026-09-15T12:00:00Z
NEET24_100101_0015,CENTRE_BR_100101,111.5,111.5,2026-09-15T12:00:00Z
NEET24_100101_0016,CENTRE_BR_100101,553.1,553.1,2026-09-15T12:00:00Z
NEET24_100101_0017,CENTRE_BR_100101,389.5,389.5,2026-09-15T12:00:00Z
NEET24_100101_0018,CENTRE_BR_100101,357.4,357.4,2026-09-15T12:00:00Z
NEET24_100101_0019,CENTRE_BR_100101,268.2,268.2,2026-09-15T12:00:00Z
NEET24_100101_0020,CENTRE_BR_100101,338.5,338.5,2026-09-15T12:00:00Z
NEET24_100101_0021,CENTRE_BR_100101,106.7,106.7,2026-09-15T12:00:00Z
NEET24_100101_0022,CENTRE_BR_100101,332.2,332.2,2026-09-15T12:00:00Z
NEET24_100101_0023,CENTRE_BR_100101,370.8,370.8,2026-09-15T12:00:00Z
NEET24_100101_0024,CENTRE_BR_100101,293.2,293.2,2026-09-15T12:00:00Z
NEET24_100101_0025,CENTRE_BR_100101,489.1,489.1,2026-09-15T12:00:00Z
NEET24_100101_0026,CENTRE_BR_100101,433.6,433.6,2026-09-15T12:00:00Z
NEET24_100101_0027,CENTRE_BR_100101,294.9,294.9,2026-09-15T12:00:00Z
NEET24_100101_0028,CENTRE_BR_100101,182.0,182.0,2026-09-15T12:00:00Z
NEET24_100101_0029,CENTRE_BR_100101,386.6,386.6,2026-09-15T12:00:00Z
NEET24_100101_0030,CENTRE_BR_100101,101.6,101.6,2026-09-15T12:00:00Z
NEET24_100101_0031,CENTRE_BR_100101,303.3,303.3,2026-09-15T12:00:00Z
NEET24_100101_0032,CENTRE_BR_100101,430.6,430.6,2026-09-15T12:00:00Z
NEET24_100101_0033,CENTRE_BR_100101,441.7,441.7,2026-09-15T12:00:00Z
NEET24_100101_0034,CENTRE_BR_100101,310.1,310.1,2026-09-15T12:00:00Z
NEET24_100101_0035,CENTRE_BR_100101,547.0,547.0,2026-09-15T12:00:00Z
NEET24_100101_0036,CENTRE_BR_100101,249.5,249.5,2026-09-15T12:00:00Z
NEET24_100101_0037,CENTRE_BR_100101,502.9,502.9,2026-09-15T12:00:00Z
NEET24_100101_0038,CENTRE_BR_100101,230.8,230.8,2026-09-15T12:00:00Z
NEET24_100101_0039,CENTRE_BR_100101,193.0,193.0,2026-09-15T12:00:00Z
NEET24_100101_0040,CENTRE_BR_100101,443.9,443.9,2026-09-15T12:00:00Z
NEET24_100101_0041,CENTRE_BR_100101,349.2,349.2,2026-09-15T12:00:00Z
NEET24_100101_0042,CENTRE_BR_100101,291.9,291.9,2026-09-15T12:00:00Z
NEET24_100101_0043,CENTRE_BR_100101,505.4,505.4,2026-09-15T12:00:00Z
NEET24_100101_0044,CENTRE_BR_100101,395.2,395.2,2026-09-15T12:00:00Z
NEET24_100101_0045,CENTRE_BR_100101,488.0,488.0,2026-09-15T12:00:00Z
NEET24_100101_0046,CENTRE_BR_100101,264.5,264.5,2026-09-15T12:00:00Z
NEET24_100101_0047,CENTRE_BR_100101,250.2,250.2,2026-09-15T12:00:00Z
NEET24_100101_0048,CENTRE_BR_100101,247.9,247.9,2026-09-15T12:00:00Z
NEET24_100101_0049,CENTRE_BR_100101,385.0,385.0,2026-09-15T12:00:00Z
NEET24_100101_0050,CENTRE_BR_100101,298.2,298.2,2026-09-15T12:00:00Z
NEET24_100101_0051,CENTRE_BR_100101,370.0,370.0,2026-09-15T12:00:00Z
NEET24_100101_0052,CENTRE_BR_100101,470.2,470.2,2026-09-15T12:00:00Z
NEET24_100101_0053,CENTRE_BR_100101,325.0,325.0,2026-09-15T12:00:00Z
NEET24_100101_0054,CENTRE_BR_100101,352.4,352.4,2026-09-15T12:00:00Z
NEET24_100101_0055,CENTRE_BR_100101,334.7,334.7,2026-09-15T12:00:00Z
NEET24_100101_0056,CENTRE_BR_100101,246.9,246.9,2026-09-15T12:00:00Z
NEET24_100101_0057,CENTRE_BR_100101,423.6,423.6,2026-09-15T12:00:00Z
NEET24_100101_0058,CENTRE_BR_100101,329.0,329.0,2026-09-15T12:00:00Z
NEET24_100101_0059,CENTRE_BR_100101,442.3,442.3,2026-09-15T12:00:00Z
NEET24_100101_0060,CENTRE_BR_100101,209.7,209.7,2026-09-15T12:00:00Z
NEET24_100101_0061,CENTRE_BR_100101,265.7,265.7,2026-09-15T12:00:00Z
NEET24_100101_0062,CENTRE_BR_100101,332.1,332.1,2026-09-15T12:00:00Z
NEET24_100101_0063,CENTRE_BR_100101,448.3,448.3,2026-09-15T12:00:00Z
NEET24_100101_0064,CENTRE_BR_100101,354.7,354.7,2026-09-15T12:00:00Z
NEET24_100101_0065,CENTRE_BR_100101,510.1,510.1,2026-09-15T12:00:00Z
NEET24_100101_0066,CENTRE_BR_100101,273.8,273.8,2026-09-15T12:00:00Z
NEET24_100101_0067,CENTRE_BR_100101,354.6,354.6,2026-09-15T12:00:00Z
NEET24_100101_0068,CENTRE_BR_100101,238.2,238.2,2026-09-15T12:00:00Z
NEET24_100101_0069,CENTRE_BR_100101,100.2,100.2,2026-09-15T12:00:00Z
NEET24_100101_0070,CENTRE_BR_100101,490.1,490.1,2026-09-15T12:00:00Z
NEET24_100101_0071,CENTRE_BR_100101,212.3,212.3,2026-09-15T12:00:00Z
NEET24_100101_0072,CENTRE_BR_100101,279.9,279.9,2026-09-15T12:00:00Z
NEET24_100101_0073,CENTRE_BR_100101,187.3,187.3,2026-09-15T12:00:00Z
NEET24_100101_0074,CENTRE_BR_100101,442.5,442.5,2026-09-15T12:00:00Z
NEET24_100101_0075,CENTRE_BR_100101,299.9,299.9,2026-09-15T12:00:00Z
NEET24_100101_0076,CENTRE_BR_100101,392.6,392.6,2026-09-15T12:00:00Z
NEET24_100101_0077,CENTRE_BR_100101,624.0,624.0,2026-09-15T12:00:00Z
NEET24_100101_0078,CENTRE_BR_100101,214.5,214.5,2026-09-15T12:00:00Z
NEET24_100101_0079,CENTRE_BR_100101,357.3,357.3,2026-09-15T12:00:00Z
NEET24_100101_0080,CENTRE_BR_100101,451.0,451.0,2026-09-15T12:00:00Z
NEET24_100101_0081,CENTRE_BR_100101,332.2,332.2,2026-09-15T12:00:00Z
NEET24_100101_0082,CENTRE_BR_100101,264.5,264.5,2026-09-15T12:00:00Z
NEET24_100101_0083,CENTRE_BR_100101,97.5,97.5,2026-09-15T12:00:00Z
NEET24_100101_0084,CENTRE_BR_100101,349.6,349.6,2026-09-15T12:00:00Z
NEET24_100101_0085,CENTRE_BR_100101,133.3,133.3,2026-09-15T12:00:00Z
NEET24_100101_0086,CENTRE_BR_100101,429.1,429.1,2026-09-15T12:00:00Z
NEET24_100101_0087,CENTRE_BR_100101,166.8,166.8,2026-09-15T12:00:00Z
NEET24_100101_0088,CENTRE_BR_100101,274.4,274.4,2026-09-15T12:00:00Z
NEET24_100101_0089,CENTRE_BR_100101,199.8,199.8,2026-09-15T12:00:00Z
NEET24_100101_0090,CENTRE_BR_100101,372.7,372.7,2026-09-15T12:00:00Z
NEET24_100101_0091,CENTRE_BR_100101,203.4,203.4,2026-09-15T12:00:00Z
NEET24_100101_0092,CENTRE_BR_100101,232.7,232.7,2026-09-15T12:00:00Z
NEET24_100101_0093,CENTRE_BR_100101,320.8,320.8,2026-09-15T12:00:00Z
NEET24_100101_0094,CENTRE_BR_100101,388.7,388.7,2026-09-15T12:00:00Z
NEET24_100101_0095,CENTRE_BR_100101,312.1,312.1,2026-09-15T12:00:00Z
NEET24_100101_0096,CENTRE_BR_100101,458.0,458.0,2026-09-15T12:00:00Z
NEET24_100101_0097,CENTRE_BR_100101,121.5,121.5,2026-09-15T12:00:00Z
NEET24_100101_0098,CENTRE_BR_100101,382.2,382.2,2026-09-15T12:00:00Z
NEET24_100101_0099,CENTRE_BR_100101,476.2,476.2,2026-09-15T12:00:00Z
NEET24_100101_0100,CENTRE_BR_100101,455.5,455.5,2026-09-15T12:00:00Z
NEET24_100101_0101,CENTRE_BR_100101,534.0,534.0,2026-09-15T12:00:00Z
NEET24_100101_0102,CENTRE_BR_100101,177.8,177.8,2026-09-15T12:00:00Z
NEET24_100101_0103,CENTRE_BR_100101,402.1,402.1,2026-09-15T12:00:00Z
NEET24_100101_0104,CENTRE_BR_100101,312.5,312.5,2026-09-15T12:00:00Z
NEET24_100101_0105,CENTRE_BR_100101,209.6,209.6,2026-09-15T12:00:00Z
NEET24_100101_0106,CENTRE_BR_100101,440.5,440.5,2026-09-15T12:00:00Z
NEET24_100101_0107,CENTRE_BR_100101,265.9,265.9,2026-09-15T12:00:00Z
NEET24_100101_0108,CENTRE_BR_100101,397.5,397.5,2026-09-15T12:00:00Z
NEET24_100101_0109,CENTRE_BR_100101,361.0,361.0,2026-09-15T12:00:00Z
NEET24_100101_0110,CENTRE_BR_100101,212.3,212.3,2026-09-15T12:00:00Z
NEET24_100101_0111,CENTRE_BR_100101,415.1,415.1,2026-09-15T12:00:00Z
NEET24_100101_0112,CENTRE_BR_100101,179.7,179.7,2026-09-15T12:00:00Z
NEET24_100101_0113,CENTRE_BR_100101,277.9,277.9,2026-09-15T12:00:00Z
NEET24_100101_0114,CENTRE_BR_100101,331.4,331.4,2026-09-15T12:00:00Z
NEET24_100101_0115,CENTRE_BR_100101,362.5,362.5,2026-09-15T12:00:00Z
NEET24_100101_0116,CENTRE_BR_100101,339.7,339.7,2026-09-15T12:00:00Z
NEET24_100101_0117,CENTRE_BR_100101,348.9,348.9,2026-09-15T12:00:00Z
NEET24_100101_0118,CENTRE_BR_100101,349.0,349.0,2026-09-15T12:00:00Z
NEET24_100101_0119,CENTRE_BR_100101,383.9,383.9,2026-09-15T12:00:00Z
NEET24_100101_0120,CENTRE_BR_100101,181.6,181.6,2026-09-15T12:00:00Z
NEET24_100101_0121,CENTRE_BR_100101,422.4,422.4,2026-09-15T12:00:00Z
NEET24_100101_0122,CENTRE_BR_100101,300.8,300.8,2026-09-15T12:00:00Z
NEET24_100101_0123,CENTRE_BR_100101,329.6,329.6,2026-09-15T12:00:00Z
NEET24_100101_0124,CENTRE_BR_100101,604.8,604.8,2026-09-15T12:00:00Z
NEET24_100101_0125,CENTRE_BR_100101,132.5,132.5,2026-09-15T12:00:00Z
NEET24_100101_0126,CENTRE_BR_100101,246.8,246.8,2026-09-15T12:00:00Z
NEET24_100101_0127,CENTRE_BR_100101,356.5,356.5,2026-09-15T12:00:00Z
NEET24_100101_0128,CENTRE_BR_100101,366.4,366.4,2026-09-15T12:00:00Z
NEET24_100101_0129,CENTRE_BR_100101,396.1,396.1,2026-09-15T12:00:00Z
NEET24_100101_0130,CENTRE_BR_100101,222.9,222.9,2026-09-15T12:00:00Z
NEET24_100101_0131,CENTRE_BR_100101,195.6,195.6,2026-09-15T12:00:00Z
NEET24_100101_0132,CENTRE_BR_100101,448.5,448.5,2026-09-15T12:00:00Z
NEET24_100101_0133,CENTRE_BR_100101,314.9,314.9,2026-09-15T12:00:00Z
NEET24_100101_0134,CENTRE_BR_100101,437.3,437.3,2026-09-15T12:00:00Z
NEET24_100101_0135,CENTRE_BR_100101,260.8,260.8,2026-09-15T12:00:00Z
NEET24_100101_0136,CENTRE_BR_100101,437.1,437.1,2026-09-15T12:00:00Z
NEET24_100101_0137,CENTRE_BR_100101,284.3,284.3,2026-09-15T12:00:00Z
NEET24_100101_0138,CENTRE_BR_100101,599.8,599.8,2026-09-15T12:00:00Z
NEET24_100101_0139,CENTRE_BR_100101,483.3,483.3,2026-09-15T12:00:00Z
NEET24_100101_0140,CENTRE_BR_100101,383.3,383.3,2026-09-15T12:00:00Z
NEET24_100101_0141,CENTRE_BR_100101,296.4,296.4,2026-09-15T12:00:00Z
NEET24_100101_0142,CENTRE_BR_100101,376.9,376.9,2026-09-15T12:00:00Z
NEET24_100101_0143,CENTRE_BR_100101,295.5,295.5,2026-09-15T12:00:00Z
NEET24_100101_0144,CENTRE_BR_100101,454.8,454.8,2026-09-15T12:00:00Z
NEET24_100101_0145,CENTRE_BR_100101,334.8,334.8,2026-09-15T12:00:00Z
NEET24_100101_0146,CENTRE_BR_100101,562.3,562.3,2026-09-15T12:00:00Z
NEET24_100101_0147,CENTRE_BR_100101,569.0,569.0,2026-09-15T12:00:00Z
NEET24_100101_0148,CENTRE_BR_100101,438.2,438.2,2026-09-15T12:00:00Z
NEET24_100101_0149,CENTRE_BR_100101,173.6,173.6,2026-09-15T12:00:00Z
NEET24_100101_0150,CENTRE_BR_100101,467.1,467.1,2026-09-15T12:00:00Z
NEET24_100101_0151,CENTRE_BR_100101,322.7,322.7,2026-09-15T12:00:00Z
NEET24_100101_0152,CENTRE_BR_100101,316.7,316.7,2026-09-15T12:00:00Z
NEET24_100101_0153,CENTRE_BR_100101,221.5,221.5,2026-09-15T12:00:00Z
NEET24_100101_0154,CENTRE_BR_100101,279.7,279.7,2026-09-15T12:00:00Z
NEET24_100101_0155,CENTRE_BR_100101,397.1,397.1,2026-09-15T12:00:00Z
NEET24_100101_0156,CENTRE_BR_100101,275.3,275.3,2026-09-15T12:00:00Z
NEET24_100101_0157,CENTRE_BR_100101,356.4,356.4,2026-09-15T12:00:00Z
NEET24_100101_0158,CENTRE_BR_100101,428.4,428.4,2026-09-15T12:00:00Z
NEET24_100101_0159,CENTRE_BR_100101,557.3,557.3,2026-09-15T12:00:00Z
NEET24_100101_0160,CENTRE_BR_100101,342.9,342.9,2026-09-15T12:00:00Z
NEET24_100101_0161,CENTRE_BR_100101,310.7,310.7,2026-09-15T12:00:00Z
NEET24_100101_0162,CENTRE_BR_100101,255.0,255.0,2026-09-15T12:00:00Z
NEET24_100101_0163,CENTRE_BR_100101,205.8,205.8,2026-09-15T12:00:00Z
NEET24_100101_0164,CENTRE_BR_100101,562.1,562.1,2026-09-15T12:00:00Z
NEET24_100101_0165,CENTRE_BR_100101,246.0,246.0,2026-09-15T12:00:00Z
NEET24_100101_0166,CENTRE_BR_100101,342.5,342.5,2026-09-15T12:00:00Z
NEET24_100101_0167,CENTRE_BR_100101,382.9,382.9,2026-09-15T12:00:00Z
NEET24_100101_0168,CENTRE_BR_100101,236.1,236.1,2026-09-15T12:00:00Z
NEET24_100101_0169,CENTRE_BR_100101,270.4,270.4,2026-09-15T12:00:00Z
NEET24_100101_0170,CENTRE_BR_100101,230.2,230.2,2026-09-15T12:00:00Z
NEET24_100101_0171,CENTRE_BR_100101,134.2,134.2,2026-09-15T12:00:00Z
NEET24_100101_0172,CENTRE_BR_100101,341.1,341.1,2026-09-15T12:00:00Z
NEET24_100101_0173,CENTRE_BR_100101,374.6,374.6,2026-09-15T12:00:00Z
NEET24_100101_0174,CENTRE_BR_100101,207.1,207.1,2026-09-15T12:00:00Z
NEET24_100101_0175,CENTRE_BR_100101,393.6,393.6,2026-09-15T12:00:00Z
NEET24_100101_0176,CENTRE_BR_100101,345.5,345.5,2026-09-15T12:00:00Z
NEET24_100101_0177,CENTRE_BR_100101,141.1,141.1,2026-09-15T12:00:00Z
NEET24_100101_0178,CENTRE_BR_100101,572.3,572.3,2026-09-15T12:00:00Z
NEET24_100101_0179,CENTRE_BR_100101,621.3,621.3,2026-09-15T12:00:00Z
NEET24_100101_0180,CENTRE_BR_100101,365.5,365.5,2026-09-15T12:00:00Z
