candidate_id,centre_id,room_id,seat_number,question_id,selected_option,raw_score
NEET24_230101_0001,CENTRE_HR_230101,HALL_01,1,Q001,A,720.0
NEET24_230101_0002,CENTRE_HR_230101,HALL_01,2,Q001,A,720.0
NEET24_230101_0003,CENTRE_HR_230101,HALL_01,3,Q001,A,720.0
NEET24_230101_0004,CENTRE_HR_230101,HALL_01,4,Q001,A,720.0
NEET24_230101_0005,CENTRE_HR_230101,HALL_01,5,Q001,A,720.0
NEET24_230101_0006,CENTRE_HR_230101,HALL_01,6,Q001,A,720.0
NEET24_230101_0007,CENTRE_HR_230101,HALL_01,7,Q001,A,718.0
NEET24_230101_0008,CENTRE_HR_230101,HALL_01,8,Q001,A,718.0
NEET24_230101_0009,CENTRE_HR_230101,HALL_01,9,Q001,A,715.0
NEET24_230101_0010,CENTRE_HR_230101,HALL_01,10,Q001,A,719.0
NEET24_230101_0011,CENTRE_HR_230101,HALL_01,11,Q001,A,719.0
NEET24_230101_0012,CENTRE_HR_230101,HALL_01,12,Q001,A,719.0
NEET24_230101_0013,CENTRE_HR_230101,HALL_01,13,Q001,A,718.0
NEET24_230101_0014,CENTRE_HR_230101,HALL_01,14,Q001,A,718.0
NEET24_230101_0015,CENTRE_HR_230101,HALL_01,15,Q001,A,710.0
NEET24_230101_0016,CENTRE_HR_230101,HALL_01,16,Q001,A,572.6
NEET24_230101_0017,CENTRE_HR_230101,HALL_01,17,Q001,A,546.6
NEET24_230101_0018,CENTRE_HR_230101,HALL_01,18,Q001,A,551.1
NEET24_230101_0019,CENTRE_HR_230101,HALL_01,19,Q001,A,641.2
NEET24_230101_0020,CENTRE_HR_230101,HALL_01,20,Q001,A,429.7
NEET24_230101_0021,CENTRE_HR_230101,HALL_01,21,Q001,A,495.3
NEET24_230101_0022,CENTRE_HR_230101,HALL_01,22,Q001,A,516.4
NEET24_230101_0023,CENTRE_HR_230101,HALL_01,23,Q001,A,465.4
NEET24_230101_0024,CENTRE_HR_230101,HALL_01,24,Q001,A,482.5
NEET24_230101_0025,CENTRE_HR_230101,HALL_01,25,Q001,A,559.0
NEET24_230101_0026,CENTRE_HR_230101,HALL_01,26,Q001,A,626.2
NEET24_230101_0027,CENTRE_HR_230101,HALL_01,27,Q001,A,447.4
NEET24_230101_0028,CENTRE_HR_230101,HALL_01,28,Q001,A,582.3
NEET24_230101_0029,CENTRE_HR_230101,HALL_01,29,Q001,A,606.3
NEET24_230101_0030,CENTRE_HR_230101,HALL_01,30,Q001,A,530.9
NEET24_230101_0031,CENTRE_HR_230101,HALL_01,31,Q001,A,591.4
NEET24_230101_0032,CENTRE_HR_230101,HALL_01,32,Q001,A,542.9
NEET24_230101_0033,CENTRE_HR_230101,HALL_01,33,Q001,A,505.3
NEET24_230101_0034,CENTRE_HR_230101,HALL_01,34,Q001,A,488.5
NEET24_230101_0035,CENTRE_HR_230101,HALL_01,35,Q001,A,588.4
NEET24_230101_0036,CENTRE_HR_230101,HALL_01,36,Q001,A,507.3
NEET24_230101_0037,CENTRE_HR_230101,HALL_01,37,Q001,A,588.8
NEET24_230101_0038,CENTRE_HR_230101,HALL_01,38,Q001,A,620.1
NEET24_230101_0039,CENTRE_HR_230101,HALL_01,39,Q001,A,562.4
NEET24_230101_0040,CENTRE_HR_230101,HALL_01,40,Q001,A,660.0
NEET24_230101_0041,CENTRE_HR_230101,HALL_01,41,Q001,A,659.7
NEET24_230101_0042,CENTRE_HR_230101,HALL_01,42,Q001,A,595.0
NEET24_230101_0043,CENTRE_HR_230101,HALL_01,43,Q001,A,569.7
NEET24_230101_0044,CENTRE_HR_230101,HALL_01,44,Q001,A,432.2
NEET24_230101_0045,CENTRE_HR_230101,HALL_01,45,Q001,A,427.1
NEET24_230101_0046,CENTRE_HR_230101,HALL_01,46,Q001,A,508.4
NEET24_230101_0047,CENTRE_HR_230101,HALL_01,47,Q001,A,577.4
NEET24_230101_0048,CENTRE_HR_230101,HALL_01,48,Q001,A,640.0
NEET24_230101_0049,CENTRE_HR_230101,HALL_01,49,Q001,A,586.7
NEET24_230101_0050,CENTRE_HR_230101,HALL_01,50,Q001,A,571.5
NEET24_230101_0051,CENTRE_HR_230101,HALL_01,51,Q001,A,324.5
NEET24_230101_0052,CENTRE_HR_230101,HALL_01,52,Q001,A,632.5
NEET24_230101_0053,CENTRE_HR_230101,HALL_01,53,Q001,A,421.3
NEET24_230101_0054,CENTRE_HR_230101,HALL_01,54,Q001,A,479.9
NEET24_230101_0055,CENTRE_HR_230101,HALL_01,55,Q001,A,596.4
NEET24_230101_0056,CENTRE_HR_230101,HALL_01,56,Q001,A,562.5
NEET24_230101_0057,CENTRE_HR_230101,HALL_01,57,Q001,A,501.4
NEET24_230101_0058,CENTRE_HR_230101,HALL_01,58,Q001,A,471.4
NEET24_230101_0059,CENTRE_HR_230101,HALL_01,59,Q001,A,628.1
NEET24_230101_0060,CENTRE_HR_230101,HALL_01,60,Q001,A,506.1
NEET24_230101_0061,CENTRE_HR_230101,HALL_01,61,Q001,A,431.4
NEET24_230101_0062,CENTRE_HR_230101,HALL_01,62,Q001,A,635.9
NEET24_230101_0063,CENTRE_HR_230101,HALL_01,63,Q001,A,586.2
NEET24_230101_0064,CENTRE_HR_230101,HALL_01,64,Q001,A,485.1
NEET24_230101_0065,CENTRE_HR_230101,HALL_01,65,Q001,A,528.0
NEET24_230101_0066,CENTRE_HR_230101,HALL_01,66,Q001,A,482.2
NEET24_230101_0067,CENTRE_HR_230101,HALL_01,67,Q001,A,554.0
NEET24_230101_0068,CENTRE_HR_230101,HALL_01,68,Q001,A,642.1
NEET24_230101_0069,CENTRE_HR_230101,HALL_01,69,Q001,A,488.3
NEET24_230101_0070,CENTRE_HR_230101,HALL_01,70,Q001,A,552.6
NEET24_230101_0071,CENTRE_HR_230101,HALL_01,71,Q001,A,605.2
NEET24_230101_0072,CENTRE_HR_230101,HALL_01,72,Q001,A,542.9
NEET24_230101_0073,CENTRE_HR_230101,HALL_01,73,Q001,A,514.7
NEET24_230101_0074,CENTRE_HR_230101,HALL_01,74,Q001,A,599.1
NEET24_230101_0075,CENTRE_HR_230101,HALL_01,75,Q001,A,417.9
NEET24_230101_0076,CENTRE_HR_230101,HALL_01,76,Q001,A,517.4
NEET24_230101_0077,CENTRE_HR_230101,HALL_01,77,Q001,A,556.1
NEET24_230101_0078,CENTRE_HR_230101,HALL_01,78,Q001,A,623.0
NEET24_230101_0079,CENTRE_HR_230101,HALL_01,79,Q001,A,489.6
NEET24_230101_0080,CENTRE_HR_230101,HALL_01,80,Q001,A,529.6
NEET24_230101_0081,CENTRE_HR_230101,HALL_01,81,Q001,A,489.2
NEET24_230101_0082,CENTRE_HR_230101,HALL_01,82,Q001,A,384.1
NEET24_230101_0083,CENTRE_HR_230101,HALL_01,83,Q001,A,540.8
NEET24_230101_0084,CENTRE_HR_230101,HALL_01,84,Q001,A,514.0
NEET24_230101_0085,CENTRE_HR_230101,HALL_01,85,Q001,A,507.4
NEET24_230101_0086,CENTRE_HR_230101,HALL_01,86,Q001,A,619.3
NEET24_230101_0087,CENTRE_HR_230101,HALL_01,87,Q001,A,635.3
NEET24_230101_0088,CENTRE_HR_230101,HALL_01,88,Q001,A,419.4
NEET24_230101_0089,CENTRE_HR_230101,HALL_01,89,Q001,A,509.9
NEET24_230101_0090,CENTRE_HR_230101,HALL_01,90,Q001,A,450.6
NEET24_230101_0091,CENTRE_HR_230101,HALL_01,91,Q001,A,583.1
NEET24_230101_0092,CENTRE_HR_230101,HALL_01,92,Q001,A,373.0
NEET24_230101_0093,CENTRE_HR_230101,HALL_01,93,Q001,A,720.0
NEET24_230101_0094,CENTRE_HR_230101,HALL_01,94,Q001,A,596.5
NEET24_230101_0095,CENTRE_HR_230101,HALL_01,95,Q001,A,606.8
NEET24_230101_0096,CENTRE_HR_230101,HALL_01,96,Q001,A,545.4
NEET24_230101_0097,CENTRE_HR_230101,HALL_01,97,Q001,A,391.1
NEET24_230101_0098,CENTRE_HR_230101,HALL_01,98,Q001,A,565.4
NEET24_230101_0099,CENTRE_HR_230101,HALL_01,99,Q001,A,576.3
NEET24_230101_0100,CENTRE_HR_230101,HALL_01,100,Q001,A,497.3
NEET24_230101_0101,CENTRE_HR_230101,HALL_01,101,Q001,A,448.5
NEET24_230101_0102,CENTRE_HR_230101,HALL_01,102,Q001,A,464.4
NEET24_230101_0103,CENTRE_HR_230101,HALL_01,103,Q001,A,606.9
NEET24_230101_0104,CENTRE_HR_230101,HALL_01,104,Q001,A,484.1
NEET24_230101_0105,CENTRE_HR_230101,HALL_01,105,Q001,A,551.4
NEET24_230101_0106,CENTRE_HR_230101,HALL_01,106,Q001,A,370.7
NEET24_230101_0107,CENTRE_HR_230101,HALL_01,107,Q001,A,481.2
NEET24_230101_0108,CENTRE_HR_230101,HALL_01,108,Q001,A,524.3
NEET24_230101_0109,CENTRE_HR_230101,HALL_01,109,Q001,A,506.5
NEET24_230101_0110,CENTRE_HR_230101,HALL_01,110,Q001,A,633.7
NEET24_230101_0111,CENTRE_HR_230101,HALL_01,111,Q001,A,457.2
NEET24_230101_0112,CENTRE_HR_230101,HALL_01,112,Q001,A,548.0
NEET24_230101_0113,CENTRE_HR_230101,HALL_01,113,Q001,A,472.1
NEET24_230101_0114,CENTRE_HR_230101,HALL_01,114,Q001,A,528.1
NEET24_230101_0115,CENTRE_HR_230101,HALL_01,115,Q001,A,582.4
NEET24_230101_0116,CENTRE_HR_230101,HALL_01,116,Q001,A,660.0
NEET24_230101_0117,CENTRE_HR_230101,HALL_01,117,Q001,A,542.4
NEET24_230101_0118,CENTRE_HR_230101,HALL_01,118,Q001,A,502.0
NEET24_230101_0119,CENTRE_HR_230101,HALL_01,119,Q001,A,343.2
NEET24_230101_0120,CENTRE_HR_230101,HALL_01,120,Q001,A,546.7
NEET24_230101_0121,CENTRE_HR_230101,HALL_01,121,Q001,A,451.0
NEET24_230101_0122,CENTRE_HR_230101,HALL_01,122,Q001,A,622.5
NEET24_230101_0123,CENTRE_HR_230101,HALL_01,123,Q001,A,605.1
NEET24_230101_0124,CENTRE_HR_230101,HALL_01,124,Q001,A,588.6
NEET24_230101_0125,CENTRE_HR_230101,HALL_01,125,Q001,A,465.1
NEET24_230101_0126,CENTRE_HR_230101,HALL_01,126,Q001,A,562.9
NEET24_230101_0127,CENTRE_HR_230101,HALL_01,127,Q001,A,608.9
NEET24_230101_0128,CENTRE_HR_230101,HALL_01,128,Q001,A,638.0
NEET24_230101_0129,CENTRE_HR_230101,HALL_01,129,Q001,A,697.8
NEET24_230101_0130,CENTRE_HR_230101,HALL_01,130,Q001,A,688.4
NEET24_230101_0131,CENTRE_HR_230101,HALL_01,131,Q001,A,461.4
NEET24_230101_0132,CENTRE_HR_230101,HALL_01,132,Q001,A,469.4
NEET24_230101_0133,CENTRE_HR_230101,HALL_01,133,Q001,A,489.4
NEET24_230101_0134,CENTRE_HR_230101,HALL_01,134,Q001,A,594.3
NEET24_230101_0135,CENTRE_HR_230101,HALL_01,135,Q001,A,586.0
NEET24_230101_0136,CENTRE_HR_230101,HALL_01,136,Q001,A,675.4
NEET24_230101_0137,CENTRE_HR_230101,HALL_01,137,Q001,A,527.5
NEET24_230101_0138,CENTRE_HR_230101,HALL_01,138,Q001,A,543.7
NEET24_230101_0139,CENTRE_HR_230101,HALL_01,139,Q001,A,595.6
NEET24_230101_0140,CENTRE_HR_230101,HALL_01,140,Q001,A,512.3
NEET24_230101_0141,CENTRE_HR_230101,HALL_01,141,Q001,A,527.5
NEET24_230101_0142,CENTRE_HR_230101,HALL_01,142,Q001,A,524.3
NEET24_230101_0143,CENTRE_HR_230101,HALL_01,143,Q001,A,402.9
NEET24_230101_0144,CENTRE_HR_230101,HALL_01,144,Q001,A,631.6
NEET24_230101_0145,CENTRE_HR_230101,HALL_01,145,Q001,A,527.2
NEET24_230101_0146,CENTRE_HR_230101,HALL_01,146,Q001,A,617.5
NEET24_230101_0147,CENTRE_HR_230101,HALL_01,147,Q001,A,618.2
NEET24_230101_0148,CENTRE_HR_230101,HALL_01,148,Q001,A,582.6
NEET24_230101_0149,CENTRE_HR_230101,HALL_01,149,Q001,A,525.2
NEET24_230101_0150,CENTRE_HR_230101,HALL_01,150,Q001,A,439.1
NEET24_230101_0151,CENTRE_HR_230101,HALL_01,151,Q001,A,522.3
NEET24_230101_0152,CENTRE_HR_230101,HALL_01,152,Q001,A,708.2
NEET24_230101_0153,CENTRE_HR_230101,HALL_01,153,Q001,A,501.7
NEET24_230101_0154,CENTRE_HR_230101,HALL_01,154,Q001,A,543.8
NEET24_230101_0155,CENTRE_HR_230101,HALL_01,155,Q001,A,425.3
NEET24_230101_0156,CENTRE_HR_230101,HALL_01,156,Q001,A,522.5
NEET24_230101_0157,CENTRE_HR_230101,HALL_01,157,Q001,A,466.4
NEET24_230101_0158,CENTRE_HR_230101,HALL_01,158,Q001,A,505.7
NEET24_230101_0159,CENTRE_HR_230101,HALL_01,159,Q001,A,476.1
NEET24_230101_0160,CENTRE_HR_230101,HALL_01,160,Q001,A,606.4
NEET24_230101_0161,CENTRE_HR_230101,HALL_01,161,Q001,A,491.5
NEET24_230101_0162,CENTRE_HR_230101,HALL_01,162,Q001,A,540.4
NEET24_230101_0163,CENTRE_HR_230101,HALL_01,163,Q001,A,567.3
NEET24_230101_0164,CENTRE_HR_230101,HALL_01,164,Q001,A,634.5
NEET24_230101_0165,CENTRE_HR_230101,HALL_01,165,Q001,A,552.6
NEET24_230101_0166,CENTRE_HR_230101,HALL_01,166,Q001,A,532.3
NEET24_230101_0167,CENTRE_HR_230101,HALL_01,167,Q001,A,535.2
NEET24_230101_0168,CENTRE_HR_230101,HALL_01,168,Q001,A,533.2
NEET24_230101_0169,CENTRE_HR_230101,HALL_01,169,Q001,A,514.8
NEET24_230101_0170,CENTRE_HR_230101,HALL_01,170,Q001,A,557.3
NEET24_230101_0171,CENTRE_HR_230101,HALL_01,171,Q001,A,547.8
NEET24_230101_0172,CENTRE_HR_230101,HALL_01,172,Q001,A,496.4
NEET24_230101_0173,CENTRE_HR_230101,HALL_01,173,Q001,A,618.9
NEET24_230101_0174,CENTRE_HR_230101,HALL_01,174,Q001,A,524.6
NEET24_230101_0175,CENTRE_HR_230101,HALL_01,175,Q001,A,625.1
NEET24_230101_0176,CENTRE_HR_230101,HALL_01,176,Q001,A,423.4
NEET24_230101_0177,CENTRE_HR_230101,HALL_01,177,Q001,A,510.7
NEET24_230101_0178,CENTRE_HR_230101,HALL_01,178,Q001,A,612.6
NEET24_230101_0179,CENTRE_HR_230101,HALL_01,179,Q001,A,473.8
NEET24_230101_0180,CENTRE_HR_230101,HALL_01,180,Q001,A,543.7
NEET24_230101_0181,CENTRE_HR_230101,HALL_01,181,Q001,A,624.8
NEET24_230101_0182,CENTRE_HR_230101,HALL_01,182,Q001,A,512.1
NEET24_230101_0183,CENTRE_HR_230101,HALL_01,183,Q001,A,558.4
NEET24_230101_0184,CENTRE_HR_230101,HALL_01,184,Q001,A,502.0
NEET24_230101_0185,CENTRE_HR_230101,HALL_01,185,Q001,A,481.0
NEET24_230101_0186,CENTRE_HR_230101,HALL_01,186,Q001,A,413.0
NEET24_230101_0187,CENTRE_HR_230101,HALL_01,187,Q001,A,619.4
NEET24_230101_0188,CENTRE_HR_230101,HALL_01,188,Q001,A,642.9
NEET24_230101_0189,CENTRE_HR_230101,HALL_01,189,Q001,A,576.5
NEET24_230101_0190,CENTRE_HR_230101,HALL_01,190,Q001,A,523.9
NEET24_230101_0191,CENTRE_HR_230101,HALL_01,191,Q001,A,518.9
NEET24_230101_0192,CENTRE_HR_230101,HALL_01,192,Q001,A,521.6
NEET24_230101_0193,CENTRE_HR_230101,HALL_01,193,Q001,A,406.6
NEET24_230101_0194,CENTRE_HR_230101,HALL_01,194,Q001,A,577.8
NEET24_230101_0195,CENTRE_HR_230101,HALL_01,195,Q001,A,571.0
NEET24_230101_0196,CENTRE_HR_230101,HALL_01,196,Q001,A,499.8
NEET24_230101_0197,CENTRE_HR_230101,HALL_01,197,Q001,A,530.7
NEET24_230101_0198,CENTRE_HR_230101,HALL_01,198,Q001,A,573.9
NEET24_230101_0199,CENTRE_HR_230101,HALL_01,199,Q001,A,616.4
NEET24_230101_0200,CENTRE_HR_230101,HALL_01,200,Q001,A,560.9
NEET24_220101_0001,CENTRE_GJ_220101,HALL_01,201,Q001,A,714.5
NEET24_220101_0002,CENTRE_GJ_220101,HALL_01,202,Q001,A,715.4
NEET24_220101_0003,CENTRE_GJ_220101,HALL_01,203,Q001,A,701.8
NEET24_220101_0004,CENTRE_GJ_220101,HALL_01,204,Q001,A,711.7
NEET24_220101_0005,CENTRE_GJ_220101,HALL_01,205,Q001,A,709.7
NEET24_220101_0006,CENTRE_GJ_220101,HALL_01,206,Q001,A,700.3
NEET24_220101_0007,CENTRE_GJ_220101,HALL_01,207,Q001,A,701.7
NEET24_220101_0008,CENTRE_GJ_220101,HALL_01,208,Q001,A,713.6
NEET24_220101_0009,CENTRE_GJ_220101,HALL_01,209,Q001,A,704.3
NEET24_220101_0010,CENTRE_GJ_220101,HALL_01,210,Q001,A,707.3
NEET24_220101_0011,CENTRE_GJ_220101,HALL_01,211,Q001,A,708.7
NEET24_220101_0012,CENTRE_GJ_220101,HALL_01,212,Q001,A,715.6
NEET24_220101_0013,CENTRE_GJ_220101,HALL_01,213,Q001,A,716.2
NEET24_220101_0014,CENTRE_GJ_220101,HALL_01,214,Q001,A,703.0
NEET24_220101_0015,CENTRE_GJ_220101,HALL_01,215,Q001,A,700.0
NEET24_220101_0016,CENTRE_GJ_220101,HALL_01,216,Q001,A,649.3
NEET24_220101_0017,CENTRE_GJ_220101,HALL_01,217,Q001,A,689.5
NEET24_220101_0018,CENTRE_GJ_220101,HALL_01,218,Q001,A,678.9
NEET24_220101_0019,CENTRE_GJ_220101,HALL_01,219,Q001,A,641.4
NEET24_220101_0020,CENTRE_GJ_220101,HALL_01,220,Q001,A,672.2
NEET24_220101_0021,CENTRE_GJ_220101,HALL_01,221,Q001,A,674.8
NEET24_220101_0022,CENTRE_GJ_220101,HALL_01,222,Q001,A,678.8
NEET24_220101_0023,CENTRE_GJ_220101,HALL_01,223,Q001,A,669.6
NEET24_220101_0024,CENTRE_GJ_220101,HALL_01,224,Q001,A,656.5
NEET24_220101_0025,CENTRE_GJ_220101,HALL_01,225,Q001,A,634.2
NEET24_220101_0026,CENTRE_GJ_220101,HALL_01,226,Q001,A,636.3
NEET24_220101_0027,CENTRE_GJ_220101,HALL_01,227,Q001,A,624.4
NEET24_220101_0028,CENTRE_GJ_220101,HALL_01,228,Q001,A,675.2
NEET24_220101_0029,CENTRE_GJ_220101,HALL_01,229,Q001,A,624.6
NEET24_220101_0030,CENTRE_GJ_220101,HALL_01,230,Q001,A,643.5
NEET24_220101_0031,CENTRE_GJ_220101,HALL_01,231,Q001,A,623.8
NEET24_220101_0032,CENTRE_GJ_220101,HALL_01,232,Q001,A,655.8
NEET24_220101_0033,CENTRE_GJ_220101,HALL_01,233,Q001,A,689.0
NEET24_220101_0034,CENTRE_GJ_220101,HALL_01,234,Q001,A,659.8
NEET24_220101_0035,CENTRE_GJ_220101,HALL_01,235,Q001,A,624.3
NEET24_220101_0036,CENTRE_GJ_220101,HALL_01,236,Q001,A,658.1
NEET24_220101_0037,CENTRE_GJ_220101,HALL_01,237,Q001,A,683.9
NEET24_220101_0038,CENTRE_GJ_220101,HALL_01,238,Q001,A,625.1
NEET24_220101_0039,CENTRE_GJ_220101,HALL_01,239,Q001,A,625.1
NEET24_220101_0040,CENTRE_GJ_220101,HALL_01,240,Q001,A,684.6
NEET24_220101_0041,CENTRE_GJ_220101,HALL_01,241,Q001,A,650.3
NEET24_220101_0042,CENTRE_GJ_220101,HALL_01,242,Q001,A,690.6
NEET24_220101_0043,CENTRE_GJ_220101,HALL_01,243,Q001,A,662.7
NEET24_220101_0044,CENTRE_GJ_220101,HALL_01,244,Q001,A,663.4
NEET24_220101_0045,CENTRE_GJ_220101,HALL_01,245,Q001,A,623.0
NEET24_220101_0046,CENTRE_GJ_220101,HALL_01,246,Q001,A,626.1
NEET24_220101_0047,CENTRE_GJ_220101,HALL_01,247,Q001,A,669.3
NEET24_220101_0048,CENTRE_GJ_220101,HALL_01,248,Q001,A,662.4
NEET24_220101_0049,CENTRE_GJ_220101,HALL_01,249,Q001,A,643.7
NEET24_220101_0050,CENTRE_GJ_220101,HALL_01,250,Q001,A,639.6
NEET24_220101_0051,CENTRE_GJ_220101,HALL_01,251,Q001,A,670.2
NEET24_220101_0052,CENTRE_GJ_220101,HALL_01,252,Q001,A,643.6
NEET24_220101_0053,CENTRE_GJ_220101,HALL_01,253,Q001,A,639.9
NEET24_220101_0054,CENTRE_GJ_220101,HALL_01,254,Q001,A,629.8
NEET24_220101_0055,CENTRE_GJ_220101,HALL_01,255,Q001,A,668.4
NEET24_220101_0056,CENTRE_GJ_220101,HALL_01,256,Q001,A,654.3
NEET24_220101_0057,CENTRE_GJ_220101,HALL_01,257,Q001,A,689.7
NEET24_220101_0058,CENTRE_GJ_220101,HALL_01,258,Q001,A,690.2
NEET24_220101_0059,CENTRE_GJ_220101,HALL_01,259,Q001,A,620.7
NEET24_220101_0060,CENTRE_GJ_220101,HALL_01,260,Q001,A,666.6
NEET24_220101_0061,CENTRE_GJ_220101,HALL_01,261,Q001,A,662.2
NEET24_220101_0062,CENTRE_GJ_220101,HALL_01,262,Q001,A,627.5
NEET24_220101_0063,CENTRE_GJ_220101,HALL_01,263,Q001,A,660.3
NEET24_220101_0064,CENTRE_GJ_220101,HALL_01,264,Q001,A,657.9
NEET24_220101_0065,CENTRE_GJ_220101,HALL_01,265,Q001,A,629.9
NEET24_220101_0066,CENTRE_GJ_220101,HALL_01,266,Q001,A,646.2
NEET24_220101_0067,CENTRE_GJ_220101,HALL_01,267,Q001,A,625.2
NEET24_220101_0068,CENTRE_GJ_220101,HALL_01,268,Q001,A,638.3
NEET24_220101_0069,CENTRE_GJ_220101,HALL_01,269,Q001,A,641.4
NEET24_220101_0070,CENTRE_GJ_220101,HALL_01,270,Q001,A,652.9
NEET24_220101_0071,CENTRE_GJ_220101,HALL_01,271,Q001,A,660.7
NEET24_220101_0072,CENTRE_GJ_220101,HALL_01,272,Q001,A,642.7
NEET24_220101_0073,CENTRE_GJ_220101,HALL_01,273,Q001,A,693.8
NEET24_220101_0074,CENTRE_GJ_220101,HALL_01,274,Q001,A,680.5
NEET24_220101_0075,CENTRE_GJ_220101,HALL_01,275,Q001,A,659.7
NEET24_220101_0076,CENTRE_GJ_220101,HALL_01,276,Q001,A,670.1
NEET24_220101_0077,CENTRE_GJ_220101,HALL_01,277,Q001,A,661.6
NEET24_220101_0078,CENTRE_GJ_220101,HALL_01,278,Q001,A,689.9
NEET24_220101_0079,CENTRE_GJ_220101,HALL_01,279,Q001,A,627.8
NEET24_220101_0080,CENTRE_GJ_220101,HALL_01,280,Q001,A,685.9
NEET24_220101_0081,CENTRE_GJ_220101,HALL_01,281,Q001,A,463.3
NEET24_220101_0082,CENTRE_GJ_220101,HALL_01,282,Q001,A,471.9
NEET24_220101_0083,CENTRE_GJ_220101,HALL_01,283,Q001,A,688.7
NEET24_220101_0084,CENTRE_GJ_220101,HALL_01,284,Q001,A,487.4
NEET24_220101_0085,CENTRE_GJ_220101,HALL_01,285,Q001,A,434.8
NEET24_220101_0086,CENTRE_GJ_220101,HALL_01,286,Q001,A,477.0
NEET24_220101_0087,CENTRE_GJ_220101,HALL_01,287,Q001,A,554.0
NEET24_220101_0088,CENTRE_GJ_220101,HALL_01,288,Q001,A,410.2
NEET24_220101_0089,CENTRE_GJ_220101,HALL_01,289,Q001,A,610.9
NEET24_220101_0090,CENTRE_GJ_220101,HALL_01,290,Q001,A,557.9
NEET24_220101_0091,CENTRE_GJ_220101,HALL_01,291,Q001,A,400.0
NEET24_220101_0092,CENTRE_GJ_220101,HALL_01,292,Q001,A,488.5
NEET24_220101_0093,CENTRE_GJ_220101,HALL_01,293,Q001,A,697.6
NEET24_220101_0094,CENTRE_GJ_220101,HALL_01,294,Q001,A,617.9
NEET24_220101_0095,CENTRE_GJ_220101,HALL_01,295,Q001,A,532.3
NEET24_220101_0096,CENTRE_GJ_220101,HALL_01,296,Q001,A,503.6
NEET24_220101_0097,CENTRE_GJ_220101,HALL_01,297,Q001,A,464.9
NEET24_220101_0098,CENTRE_GJ_220101,HALL_01,298,Q001,A,464.8
NEET24_220101_0099,CENTRE_GJ_220101,HALL_01,299,Q001,A,533.5
NEET24_220101_0100,CENTRE_GJ_220101,HALL_01,300,Q001,A,545.9
NEET24_220101_0101,CENTRE_GJ_220101,HALL_01,301,Q001,A,482.9
NEET24_220101_0102,CENTRE_GJ_220101,HALL_01,302,Q001,A,351.2
NEET24_220101_0103,CENTRE_GJ_220101,HALL_01,303,Q001,A,543.1
NEET24_220101_0104,CENTRE_GJ_220101,HALL_01,304,Q001,A,447.1
NEET24_220101_0105,CENTRE_GJ_220101,HALL_01,305,Q001,A,472.7
NEET24_220101_0106,CENTRE_GJ_220101,HALL_01,306,Q001,A,627.0
NEET24_220101_0107,CENTRE_GJ_220101,HALL_01,307,Q001,A,440.7
NEET24_220101_0108,CENTRE_GJ_220101,HALL_01,308,Q001,A,505.3
NEET24_220101_0109,CENTRE_GJ_220101,HALL_01,309,Q001,A,510.7
NEET24_220101_0110,CENTRE_GJ_220101,HALL_01,310,Q001,A,408.0
NEET24_220101_0111,CENTRE_GJ_220101,HALL_01,311,Q001,A,578.2
NEET24_220101_0112,CENTRE_GJ_220101,HALL_01,312,Q001,A,464.9
NEET24_220101_0113,CENTRE_GJ_220101,HALL_01,313,Q001,A,501.9
NEET24_220101_0114,CENTRE_GJ_220101,HALL_01,314,Q001,A,344.3
NEET24_220101_0115,CENTRE_GJ_220101,HALL_01,315,Q001,A,656.0
NEET24_220101_0116,CENTRE_GJ_220101,HALL_01,316,Q001,A,516.7
NEET24_220101_0117,CENTRE_GJ_220101,HALL_01,317,Q001,A,485.3
NEET24_220101_0118,CENTRE_GJ_220101,HALL_01,318,Q001,A,399.9
NEET24_220101_0119,CENTRE_GJ_220101,HALL_01,319,Q001,A,602.1
NEET24_220101_0120,CENTRE_GJ_220101,HALL_01,320,Q001,A,445.7
NEET24_220101_0121,CENTRE_GJ_220101,HALL_01,321,Q001,A,413.1
NEET24_220101_0122,CENTRE_GJ_220101,HALL_01,322,Q001,A,309.9
NEET24_220101_0123,CENTRE_GJ_220101,HALL_01,323,Q001,A,418.9
NEET24_220101_0124,CENTRE_GJ_220101,HALL_01,324,Q001,A,645.9
NEET24_220101_0125,CENTRE_GJ_220101,HALL_01,325,Q001,A,464.1
NEET24_220101_0126,CENTRE_GJ_220101,HALL_01,326,Q001,A,552.4
NEET24_220101_0127,CENTRE_GJ_220101,HALL_01,327,Q001,A,458.6
NEET24_220101_0128,CENTRE_GJ_220101,HALL_01,328,Q001,A,579.0
NEET24_220101_0129,CENTRE_GJ_220101,HALL_01,329,Q001,A,635.3
NEET24_220101_0130,CENTRE_GJ_220101,HALL_01,330,Q001,A,533.3
NEET24_220101_0131,CENTRE_GJ_220101,HALL_01,331,Q001,A,577.8
NEET24_220101_0132,CENTRE_GJ_220101,HALL_01,332,Q001,A,582.7
NEET24_220101_0133,CENTRE_GJ_220101,HALL_01,333,Q001,A,685.0
NEET24_220101_0134,CENTRE_GJ_220101,HALL_01,334,Q001,A,509.8
NEET24_220101_0135,CENTRE_GJ_220101,HALL_01,335,Q001,A,394.2
NEET24_220101_0136,CENTRE_GJ_220101,HALL_01,336,Q001,A,415.3
NEET24_220101_0137,CENTRE_GJ_220101,HALL_01,337,Q001,A,354.4
NEET24_220101_0138,CENTRE_GJ_220101,HALL_01,338,Q001,A,490.6
NEET24_220101_0139,CENTRE_GJ_220101,HALL_01,339,Q001,A,545.9
NEET24_220101_0140,CENTRE_GJ_220101,HALL_01,340,Q001,A,461.9
NEET24_220101_0141,CENTRE_GJ_220101,HALL_01,341,Q001,A,401.0
NEET24_220101_0142,CENTRE_GJ_220101,HALL_01,342,Q001,A,594.0
NEET24_220101_0143,CENTRE_GJ_220101,HALL_01,343,Q001,A,515.8
NEET24_220101_0144,CENTRE_GJ_220101,HALL_01,344,Q001,A,556.3
NEET24_220101_0145,CENTRE_GJ_220101,HALL_01,345,Q001,A,692.1
NEET24_220101_0146,CENTRE_GJ_220101,HALL_01,346,Q001,A,386.8
NEET24_220101_0147,CENTRE_GJ_220101,HALL_01,347,Q001,A,632.7
NEET24_220101_0148,CENTRE_GJ_220101,HALL_01,348,Q001,A,536.6
NEET24_220101_0149,CENTRE_GJ_220101,HALL_01,349,Q001,A,441.2
NEET24_220101_0150,CENTRE_GJ_220101,HALL_01,350,Q001,A,438.7
NEET24_220101_0151,CENTRE_GJ_220101,HALL_01,351,Q001,A,409.1
NEET24_220101_0152,CENTRE_GJ_220101,HALL_01,352,Q001,A,483.6
NEET24_220101_0153,CENTRE_GJ_220101,HALL_01,353,Q001,A,525.5
NEET24_220101_0154,CENTRE_GJ_220101,HALL_01,354,Q001,A,502.9
NEET24_220101_0155,CENTRE_GJ_220101,HALL_01,355,Q001,A,402.6
NEET24_220101_0156,CENTRE_GJ_220101,HALL_01,356,Q001,A,346.9
NEET24_220101_0157,CENTRE_GJ_220101,HALL_01,357,Q001,A,481.5
NEET24_220101_0158,CENTRE_GJ_220101,HALL_01,358,Q001,A,537.3
NEET24_220101_0159,CENTRE_GJ_220101,HALL_01,359,Q001,A,419.1
NEET24_220101_0160,CENTRE_GJ_220101,HALL_01,360,Q001,A,681.6
NEET24_220101_0161,CENTRE_GJ_220101,HALL_01,361,Q001,A,523.6
NEET24_220101_0162,CENTRE_GJ_220101,HALL_01,362,Q001,A,481.2
NEET24_220101_0163,CENTRE_GJ_220101,HALL_01,363,Q001,A,614.9
NEET24_220101_0164,CENTRE_GJ_220101,HALL_01,364,Q001,A,516.4
NEET24_220101_0165,CENTRE_GJ_220101,HALL_01,365,Q001,A,487.3
NEET24_220101_0166,CENTRE_GJ_220101,HALL_01,366,Q001,A,418.1
NEET24_220101_0167,CENTRE_GJ_220101,HALL_01,367,Q001,A,440.1
NEET24_220101_0168,CENTRE_GJ_220101,HALL_01,368,Q001,A,513.1
NEET24_220101_0169,CENTRE_GJ_220101,HALL_01,369,Q001,A,390.9
NEET24_220101_0170,CENTRE_GJ_220101,HALL_01,370,Q001,A,536.9
NEET24_220101_0171,CENTRE_GJ_220101,HALL_01,371,Q001,A,485.3
NEET24_220101_0172,CENTRE_GJ_220101,HALL_01,372,Q001,A,539.8
NEET24_220101_0173,CENTRE_GJ_220101,HALL_01,373,Q001,A,453.6
NEET24_220101_0174,CENTRE_GJ_220101,HALL_01,374,Q001,A,587.8
NEET24_220101_0175,CENTRE_GJ_220101,HALL_01,375,Q001,A,518.0
NEET24_220101_0176,CENTRE_GJ_220101,HALL_01,376,Q001,A,319.2
NEET24_220101_0177,CENTRE_GJ_220101,HALL_01,377,Q001,A,468.5
NEET24_220101_0178,CENTRE_GJ_220101,HALL_01,378,Q001,A,402.9
NEET24_220101_0179,CENTRE_GJ_220101,HALL_01,379,Q001,A,282.0
NEET24_220101_0180,CENTRE_GJ_220101,HALL_01,380,Q001,A,484.9
NEET24_220101_0181,CENTRE_GJ_220101,HALL_01,381,Q001,A,427.3
NEET24_220101_0182,CENTRE_GJ_220101,HALL_01,382,Q001,A,279.6
NEET24_220101_0183,CENTRE_GJ_220101,HALL_01,383,Q001,A,586.9
NEET24_220101_0184,CENTRE_GJ_220101,HALL_01,384,Q001,A,606.6
NEET24_220101_0185,CENTRE_GJ_220101,HALL_01,385,Q001,A,426.6
NEET24_220101_0186,CENTRE_GJ_220101,HALL_01,386,Q001,A,464.6
NEET24_220101_0187,CENTRE_GJ_220101,HALL_01,387,Q001,A,448.1
NEET24_220101_0188,CENTRE_GJ_220101,HALL_01,388,Q001,A,581.4
NEET24_220101_0189,CENTRE_GJ_220101,HALL_01,389,Q001,A,423.6
NEET24_220101_0190,CENTRE_GJ_220101,HALL_01,390,Q001,A,447.9
NEET24_220101_0191,CENTRE_GJ_220101,HALL_01,391,Q001,A,416.8
NEET24_220101_0192,CENTRE_GJ_220101,HALL_01,392,Q001,A,450.7
NEET24_220101_0193,CENTRE_GJ_220101,HALL_01,393,Q001,A,375.8
NEET24_220101_0194,CENTRE_GJ_220101,HALL_01,394,Q001,A,540.2
NEET24_220101_0195,CENTRE_GJ_220101,HALL_01,395,Q001,A,621.2
NEET24_220101_0196,CENTRE_GJ_220101,HALL_01,396,Q001,A,375.6
NEET24_220101_0197,CENTRE_GJ_220101,HALL_01,397,Q001,A,598.6
NEET24_220101_0198,CENTRE_GJ_220101,HALL_01,398,Q001,A,546.6
NEET24_220101_0199,CENTRE_GJ_220101,HALL_01,399,Q001,A,599.5
NEET24_220101_0200,CENTRE_GJ_220101,HALL_01,400,Q001,A,340.5
NEET24_220101_0201,CENTRE_GJ_220101,HALL_01,401,Q001,A,590.1
NEET24_220101_0202,CENTRE_GJ_220101,HALL_01,402,Q001,A,468.3
NEET24_220101_0203,CENTRE_GJ_220101,HALL_01,403,Q001,A,551.6
NEET24_220101_0204,CENTRE_GJ_220101,HALL_01,404,Q001,A,518.9
NEET24_220101_0205,CENTRE_GJ_220101,HALL_01,405,Q001,A,363.5
NEET24_220101_0206,CENTRE_GJ_220101,HALL_01,406,Q001,A,445.0
NEET24_220101_0207,CENTRE_GJ_220101,HALL_01,407,Q001,A,582.2
NEET24_220101_0208,CENTRE_GJ_220101,HALL_01,408,Q001,A,438.8
NEET24_220101_0209,CENTRE_GJ_220101,HALL_01,409,Q001,A,388.5
NEET24_220101_0210,CENTRE_GJ_220101,HALL_01,410,Q001,A,555.4
NEET24_220101_0211,CENTRE_GJ_220101,HALL_01,411,Q001,A,258.2
NEET24_220101_0212,CENTRE_GJ_220101,HALL_01,412,Q001,A,477.7
NEET24_220101_0213,CENTRE_GJ_220101,HALL_01,413,Q001,A,351.2
NEET24_220101_0214,CENTRE_GJ_220101,HALL_01,414,Q001,A,460.4
NEET24_220101_0215,CENTRE_GJ_220101,HALL_01,415,Q001,A,627.1
NEET24_220101_0216,CENTRE_GJ_220101,HALL_01,416,Q001,A,459.2
NEET24_220101_0217,CENTRE_GJ_220101,HALL_01,417,Q001,A,461.3
NEET24_220101_0218,CENTRE_GJ_220101,HALL_01,418,Q001,A,556.4
NEET24_220101_0219,CENTRE_GJ_220101,HALL_01,419,Q001,A,469.4
NEET24_220101_0220,CENTRE_GJ_220101,HALL_01,420,Q001,A,426.2
NEET24_220101_0221,CENTRE_GJ_220101,HALL_01,421,Q001,A,649.9
NEET24_220101_0222,CENTRE_GJ_220101,HALL_01,422,Q001,A,507.6
NEET24_220101_0223,CENTRE_GJ_220101,HALL_01,423,Q001,A,513.4
NEET24_220101_0224,CENTRE_GJ_220101,HALL_01,424,Q001,A,619.9
NEET24_220101_0225,CENTRE_GJ_220101,HALL_01,425,Q001,A,476.8
NEET24_220101_0226,CENTRE_GJ_220101,HALL_01,426,Q001,A,502.1
NEET24_220101_0227,CENTRE_GJ_220101,HALL_01,427,Q001,A,386.0
NEET24_220101_0228,CENTRE_GJ_220101,HALL_01,428,Q001,A,583.9
NEET24_220101_0229,CENTRE_GJ_220101,HALL_01,429,Q001,A,408.4
NEET24_220101_0230,CENTRE_GJ_220101,HALL_01,430,Q001,A,471.5
NEET24_220101_0231,CENTRE_GJ_220101,HALL_01,431,Q001,A,398.3
NEET24_220101_0232,CENTRE_GJ_220101,HALL_01,432,Q001,A,446.6
NEET24_220101_0233,CENTRE_GJ_220101,HALL_01,433,Q001,A,521.6
NEET24_220101_0234,CENTRE_GJ_220101,HALL_01,434,Q001,A,413.3
NEET24_220101_0235,CENTRE_GJ_220101,HALL_01,435,Q001,A,304.5
NEET24_220101_0236,CENTRE_GJ_220101,HALL_01,436,Q001,A,616.5
NEET24_220101_0237,CENTRE_GJ_220101,HALL_01,437,Q001,A,338.0
NEET24_220101_0238,CENTRE_GJ_220101,HALL_01,438,Q001,A,501.9
NEET24_220101_0239,CENTRE_GJ_220101,HALL_01,439,Q001,A,424.3
NEET24_220101_0240,CENTRE_GJ_220101,HALL_01,440,Q001,A,538.9
NEET24_220101_0241,CENTRE_GJ_220101,HALL_01,441,Q001,A,351.8
NEET24_220101_0242,CENTRE_GJ_220101,HALL_01,442,Q001,A,371.7
NEET24_220101_0243,CENTRE_GJ_220101,HALL_01,443,Q001,A,516.8
NEET24_220101_0244,CENTRE_GJ_220101,HALL_01,444,Q001,A,532.0
NEET24_220101_0245,CENTRE_GJ_220101,HALL_01,445,Q001,A,466.0
NEET24_220101_0246,CENTRE_GJ_220101,HALL_01,446,Q001,A,561.1
NEET24_220101_0247,CENTRE_GJ_220101,HALL_01,447,Q001,A,568.9
NEET24_220101_0248,CENTRE_GJ_220101,HALL_01,448,Q001,A,370.8
NEET24_220101_0249,CENTRE_GJ_220101,HALL_01,449,Q001,A,466.4
NEET24_220101_0250,CENTRE_GJ_220101,HALL_01,450,Q001,A,424.6
NEET24_220101_0251,CENTRE_GJ_220101,HALL_01,451,Q001,A,635.4
NEET24_220101_0252,CENTRE_GJ_220101,HALL_01,452,Q001,A,326.7
NEET24_220101_0253,CENTRE_GJ_220101,HALL_01,453,Q001,A,551.6
NEET24_220101_0254,CENTRE_GJ_220101,HALL_01,454,Q001,A,568.0
NEET24_220101_0255,CENTRE_GJ_220101,HALL_01,455,Q001,A,427.1
NEET24_220101_0256,CENTRE_GJ_220101,HALL_01,456,Q001,A,576.1
NEET24_220101_0257,CENTRE_GJ_220101,HALL_01,457,Q001,A,433.0
NEET24_220101_0258,CENTRE_GJ_220101,HALL_01,458,Q001,A,592.1
NEET24_220101_0259,CENTRE_GJ_220101,HALL_01,459,Q001,A,649.0
NEET24_220101_0260,CENTRE_GJ_220101,HALL_01,460,Q001,A,339.1
NEET24_220101_0261,CENTRE_GJ_220101,HALL_01,461,Q001,A,538.9
NEET24_220101_0262,CENTRE_GJ_220101,HALL_01,462,Q001,A,531.0
NEET24_220101_0263,CENTRE_GJ_220101,HALL_01,463,Q001,A,425.3
NEET24_220101_0264,CENTRE_GJ_220101,HALL_01,464,Q001,A,508.9
NEET24_220101_0265,CENTRE_GJ_220101,HALL_01,465,Q001,A,382.3
NEET24_220101_0266,CENTRE_GJ_220101,HALL_01,466,Q001,A,496.9
NEET24_220101_0267,CENTRE_GJ_220101,HALL_01,467,Q001,A,592.0
NEET24_220101_0268,CENTRE_GJ_220101,HALL_01,468,Q001,A,474.2
NEET24_220101_0269,CENTRE_GJ_220101,HALL_01,469,Q001,A,422.4
NEET24_220101_0270,CENTRE_GJ_220101,HALL_01,470,Q001,A,386.8
NEET24_220101_0271,CENTRE_GJ_220101,HALL_01,471,Q001,A,662.3
NEET24_220101_0272,CENTRE_GJ_220101,HALL_01,472,Q001,A,537.5
NEET24_220101_0273,CENTRE_GJ_220101,HALL_01,473,Q001,A,516.3
NEET24_220101_0274,CENTRE_GJ_220101,HALL_01,474,Q001,A,449.4
NEET24_220101_0275,CENTRE_GJ_220101,HALL_01,475,Q001,A,526.7
NEET24_220101_0276,CENTRE_GJ_220101,HALL_01,476,Q001,A,512.1
NEET24_220101_0277,CENTRE_GJ_220101,HALL_01,477,Q001,A,585.8
NEET24_220101_0278,CENTRE_GJ_220101,HALL_01,478,Q001,A,438.2
NEET24_220101_0279,CENTRE_GJ_220101,HALL_01,479,Q001,A,583.0
NEET24_220101_0280,CENTRE_GJ_220101,HALL_01,480,Q001,A,656.1
NEET24_220101_0281,CENTRE_GJ_220101,HALL_01,481,Q001,A,558.5
NEET24_220101_0282,CENTRE_GJ_220101,HALL_01,482,Q001,A,364.9
NEET24_220101_0283,CENTRE_GJ_220101,HALL_01,483,Q001,A,594.2
NEET24_220101_0284,CENTRE_GJ_220101,HALL_01,484,Q001,A,507.8
NEET24_220101_0285,CENTRE_GJ_220101,HALL_01,485,Q001,A,483.7
NEET24_220101_0286,CENTRE_GJ_220101,HALL_01,486,Q001,A,581.0
NEET24_220101_0287,CENTRE_GJ_220101,HALL_01,487,Q001,A,405.2
NEET24_220101_0288,CENTRE_GJ_220101,HALL_01,488,Q001,A,265.2
NEET24_220101_0289,CENTRE_GJ_220101,HALL_01,489,Q001,A,522.7
NEET24_220101_0290,CENTRE_GJ_220101,HALL_01,490,Q001,A,461.6
NEET24_220101_0291,CENTRE_GJ_220101,HALL_01,491,Q001,A,580.1
NEET24_220101_0292,CENTRE_GJ_220101,HALL_01,492,Q001,A,630.3
NEET24_220101_0293,CENTRE_GJ_220101,HALL_01,493,Q001,A,376.3
NEET24_220101_0294,CENTRE_GJ_220101,HALL_01,494,Q001,A,339.7
NEET24_220101_0295,CENTRE_GJ_220101,HALL_01,495,Q001,A,453.2
NEET24_220101_0296,CENTRE_GJ_220101,HALL_01,496,Q001,A,552.5
NEET24_220101_0297,CENTRE_GJ_220101,HALL_01,497,Q001,A,297.0
NEET24_220101_0298,CENTRE_GJ_220101,HALL_01,498,Q001,A,414.4
NEET24_220101_0299,CENTRE_GJ_220101,HALL_01,499,Q001,A,495.6
NEET24_220101_0300,CENTRE_GJ_220101,HALL_01,500,Q001,A,396.1
NEET24_110101_0001,CENTRE_DL_110101,HALL_01,501,Q001,A,350.3
NEET24_110101_0002,CENTRE_DL_110101,HALL_01,502,Q001,A,239.6
NEET24_110101_0003,CENTRE_DL_110101,HALL_01,503,Q001,A,160.4
NEET24_110101_0004,CENTRE_DL_110101,HALL_01,504,Q001,A,304.4
NEET24_110101_0005,CENTRE_DL_110101,HALL_01,505,Q001,A,122.5
NEET24_110101_0006,CENTRE_DL_110101,HALL_01,506,Q001,A,622.8
NEET24_110101_0007,CENTRE_DL_110101,HALL_01,507,Q001,A,183.5
NEET24_110101_0008,CENTRE_DL_110101,HALL_01,508,Q001,A,95.1
NEET24_110101_0009,CENTRE_DL_110101,HALL_01,509,Q001,A,286.7
NEET24_110101_0010,CENTRE_DL_110101,HALL_01,510,Q001,A,197.9
NEET24_110101_0011,CENTRE_DL_110101,HALL_01,511,Q001,A,247.4
NEET24_110101_0012,CENTRE_DL_110101,HALL_01,512,Q001,A,445.1
NEET24_110101_0013,CENTRE_DL_110101,HALL_01,513,Q001,A,401.2
NEET24_110101_0014,CENTRE_DL_110101,HALL_01,514,Q001,A,388.8
NEET24_110101_0015,CENTRE_DL_110101,HALL_01,515,Q001,A,285.9
NEET24_110101_0016,CENTRE_DL_110101,HALL_01,516,Q001,A,333.5
NEET24_110101_0017,CENTRE_DL_110101,HALL_01,517,Q001,A,442.2
NEET24_110101_0018,CENTRE_DL_110101,HALL_01,518,Q001,A,239.8
NEET24_110101_0019,CENTRE_DL_110101,HALL_01,519,Q001,A,369.3
NEET24_110101_0020,CENTRE_DL_110101,HALL_01,520,Q001,A,407.6
NEET24_110101_0021,CENTRE_DL_110101,HALL_01,521,Q001,A,276.3
NEET24_110101_0022,CENTRE_DL_110101,HALL_01,522,Q001,A,454.7
NEET24_110101_0023,CENTRE_DL_110101,HALL_01,523,Q001,A,303.7
NEET24_110101_0024,CENTRE_DL_110101,HALL_01,524,Q001,A,405.9
NEET24_110101_0025,CENTRE_DL_110101,HALL_01,525,Q001,A,228.4
NEET24_110101_0026,CENTRE_DL_110101,HALL_01,526,Q001,A,339.8
NEET24_110101_0027,CENTRE_DL_110101,HALL_01,527,Q001,A,302.4
NEET24_110101_0028,CENTRE_DL_110101,HALL_01,528,Q001,A,418.2
NEET24_110101_0029,CENTRE_DL_110101,HALL_01,529,Q001,A,315.6
NEET24_110101_0030,CENTRE_DL_110101,HALL_01,530,Q001,A,602.4
NEET24_110101_0031,CENTRE_DL_110101,HALL_01,531,Q001,A,460.7
NEET24_110101_0032,CENTRE_DL_110101,HALL_01,532,Q001,A,368.0
NEET24_110101_0033,CENTRE_DL_110101,HALL_01,533,Q001,A,347.2
NEET24_110101_0034,CENTRE_DL_110101,HALL_01,534,Q001,A,343.8
NEET24_110101_0035,CENTRE_DL_110101,HALL_01,535,Q001,A,559.8
NEET24_110101_0036,CENTRE_DL_110101,HALL_01,536,Q001,A,278.6
NEET24_110101_0037,CENTRE_DL_110101,HALL_01,537,Q001,A,281.4
NEET24_110101_0038,CENTRE_DL_110101,HALL_01,538,Q001,A,284.1
NEET24_110101_0039,CENTRE_DL_110101,HALL_01,539,Q001,A,349.4
NEET24_110101_0040,CENTRE_DL_110101,HALL_01,540,Q001,A,461.8
NEET24_110101_0041,CENTRE_DL_110101,HALL_01,541,Q001,A,298.5
NEET24_110101_0042,CENTRE_DL_110101,HALL_01,542,Q001,A,335.7
NEET24_110101_0043,CENTRE_DL_110101,HALL_01,543,Q001,A,450.3
NEET24_110101_0044,CENTRE_DL_110101,HALL_01,544,Q001,A,107.0
NEET24_110101_0045,CENTRE_DL_110101,HALL_01,545,Q001,A,157.1
NEET24_110101_0046,CENTRE_DL_110101,HALL_01,546,Q001,A,300.6
NEET24_110101_0047,CENTRE_DL_110101,HALL_01,547,Q001,A,144.5
NEET24_110101_0048,CENTRE_DL_110101,HALL_01,548,Q001,A,391.2
NEET24_110101_0049,CENTRE_DL_110101,HALL_01,549,Q001,A,425.1
NEET24_110101_0050,CENTRE_DL_110101,HALL_01,550,Q001,A,107.2
NEET24_110101_0051,CENTRE_DL_110101,HALL_01,551,Q001,A,214.5
NEET24_110101_0052,CENTRE_DL_110101,HALL_01,552,Q001,A,116.7
NEET24_110101_0053,CENTRE_DL_110101,HALL_01,553,Q001,A,224.8
NEET24_110101_0054,CENTRE_DL_110101,HALL_01,554,Q001,A,145.9
NEET24_110101_0055,CENTRE_DL_110101,HALL_01,555,Q001,A,533.4
NEET24_110101_0056,CENTRE_DL_110101,HALL_01,556,Q001,A,389.1
NEET24_110101_0057,CENTRE_DL_110101,HALL_01,557,Q001,A,486.0
NEET24_110101_0058,CENTRE_DL_110101,HALL_01,558,Q001,A,381.6
NEET24_110101_0059,CENTRE_DL_110101,HALL_01,559,Q001,A,265.0
NEET24_110101_0060,CENTRE_DL_110101,HALL_01,560,Q001,A,308.3
NEET24_110101_0061,CENTRE_DL_110101,HALL_01,561,Q001,A,247.9
NEET24_110101_0062,CENTRE_DL_110101,HALL_01,562,Q001,A,256.5
NEET24_110101_0063,CENTRE_DL_110101,HALL_01,563,Q001,A,149.4
NEET24_110101_0064,CENTRE_DL_110101,HALL_01,564,Q001,A,382.5
NEET24_110101_0065,CENTRE_DL_110101,HALL_01,565,Q001,A,197.6
NEET24_110101_0066,CENTRE_DL_110101,HALL_01,566,Q001,A,477.2
NEET24_110101_0067,CENTRE_DL_110101,HALL_01,567,Q001,A,376.2
NEET24_110101_0068,CENTRE_DL_110101,HALL_01,568,Q001,A,317.1
NEET24_110101_0069,CENTRE_DL_110101,HALL_01,569,Q001,A,303.1
NEET24_110101_0070,CENTRE_DL_110101,HALL_01,570,Q001,A,329.0
NEET24_110101_0071,CENTRE_DL_110101,HALL_01,571,Q001,A,325.3
NEET24_110101_0072,CENTRE_DL_110101,HALL_01,572,Q001,A,223.0
NEET24_110101_0073,CENTRE_DL_110101,HALL_01,573,Q001,A,404.3
NEET24_110101_0074,CENTRE_DL_110101,HALL_01,574,Q001,A,240.3
NEET24_110101_0075,CENTRE_DL_110101,HALL_01,575,Q001,A,384.2
NEET24_110101_0076,CENTRE_DL_110101,HALL_01,576,Q001,A,439.1
NEET24_110101_0077,CENTRE_DL_110101,HALL_01,577,Q001,A,259.6
NEET24_110101_0078,CENTRE_DL_110101,HALL_01,578,Q001,A,381.0
NEET24_110101_0079,CENTRE_DL_110101,HALL_01,579,Q001,A,398.7
NEET24_110101_0080,CENTRE_DL_110101,HALL_01,580,Q001,A,174.8
NEET24_110101_0081,CENTRE_DL_110101,HALL_01,581,Q001,A,317.3
NEET24_110101_0082,CENTRE_DL_110101,HALL_01,582,Q001,A,147.3
NEET24_110101_0083,CENTRE_DL_110101,HALL_01,583,Q001,A,168.1
NEET24_110101_0084,CENTRE_DL_110101,HALL_01,584,Q001,A,359.8
NEET24_110101_0085,CENTRE_DL_110101,HALL_01,585,Q001,A,212.9
NEET24_110101_0086,CENTRE_DL_110101,HALL_01,586,Q001,A,410.6
NEET24_110101_0087,CENTRE_DL_110101,HALL_01,587,Q001,A,203.0
NEET24_110101_0088,CENTRE_DL_110101,HALL_01,588,Q001,A,302.1
NEET24_110101_0089,CENTRE_DL_110101,HALL_01,589,Q001,A,417.6
NEET24_110101_0090,CENTRE_DL_110101,HALL_01,590,Q001,A,425.3
NEET24_110101_0091,CENTRE_DL_110101,HALL_01,591,Q001,A,302.9
NEET24_110101_0092,CENTRE_DL_110101,HALL_01,592,Q001,A,157.5
NEET24_110101_0093,CENTRE_DL_110101,HALL_01,593,Q001,A,398.3
NEET24_110101_0094,CENTRE_DL_110101,HALL_01,594,Q001,A,185.4
NEET24_110101_0095,CENTRE_DL_110101,HALL_01,595,Q001,A,267.4
NEET24_110101_0096,CENTRE_DL_110101,HALL_01,596,Q001,A,270.6
NEET24_110101_0097,CENTRE_DL_110101,HALL_01,597,Q001,A,455.0
NEET24_110101_0098,CENTRE_DL_110101,HALL_01,598,Q001,A,279.6
NEET24_110101_0099,CENTRE_DL_110101,HALL_01,599,Q001,A,458.5
NEET24_110101_0100,CENTRE_DL_110101,HALL_01,600,Q001,A,285.6
NEET24_110101_0101,CENTRE_DL_110101,HALL_01,601,Q001,A,410.3
NEET24_110101_0102,CENTRE_DL_110101,HALL_01,602,Q001,A,311.3
NEET24_110101_0103,CENTRE_DL_110101,HALL_01,603,Q001,A,492.2
NEET24_110101_0104,CENTRE_DL_110101,HALL_01,604,Q001,A,446.9
NEET24_110101_0105,CENTRE_DL_110101,HALL_01,605,Q001,A,239.8
NEET24_110101_0106,CENTRE_DL_110101,HALL_01,606,Q001,A,265.5
NEET24_110101_0107,CENTRE_DL_110101,HALL_01,607,Q001,A,332.2
NEET24_110101_0108,CENTRE_DL_110101,HALL_01,608,Q001,A,346.4
NEET24_110101_0109,CENTRE_DL_110101,HALL_01,609,Q001,A,457.3
NEET24_110101_0110,CENTRE_DL_110101,HALL_01,610,Q001,A,259.8
NEET24_110101_0111,CENTRE_DL_110101,HALL_01,611,Q001,A,311.0
NEET24_110101_0112,CENTRE_DL_110101,HALL_01,612,Q001,A,160.6
NEET24_110101_0113,CENTRE_DL_110101,HALL_01,613,Q001,A,367.1
NEET24_110101_0114,CENTRE_DL_110101,HALL_01,614,Q001,A,319.7
NEET24_110101_0115,CENTRE_DL_110101,HALL_01,615,Q001,A,346.9
NEET24_110101_0116,CENTRE_DL_110101,HALL_01,616,Q001,A,307.9
NEET24_110101_0117,CENTRE_DL_110101,HALL_01,617,Q001,A,452.6
NEET24_110101_0118,CENTRE_DL_110101,HALL_01,618,Q001,A,347.1
NEET24_110101_0119,CENTRE_DL_110101,HALL_01,619,Q001,A,509.7
NEET24_110101_0120,CENTRE_DL_110101,HALL_01,620,Q001,A,240.7
NEET24_110101_0121,CENTRE_DL_110101,HALL_01,621,Q001,A,447.1
NEET24_110101_0122,CENTRE_DL_110101,HALL_01,622,Q001,A,124.4
NEET24_110101_0123,CENTRE_DL_110101,HALL_01,623,Q001,A,662.6
NEET24_110101_0124,CENTRE_DL_110101,HALL_01,624,Q001,A,238.2
NEET24_110101_0125,CENTRE_DL_110101,HALL_01,625,Q001,A,306.7
NEET24_110101_0126,CENTRE_DL_110101,HALL_01,626,Q001,A,245.7
NEET24_110101_0127,CENTRE_DL_110101,HALL_01,627,Q001,A,368.2
NEET24_110101_0128,CENTRE_DL_110101,HALL_01,628,Q001,A,362.4
NEET24_110101_0129,CENTRE_DL_110101,HALL_01,629,Q001,A,522.5
NEET24_110101_0130,CENTRE_DL_110101,HALL_01,630,Q001,A,264.1
NEET24_110101_0131,CENTRE_DL_110101,HALL_01,631,Q001,A,513.7
NEET24_110101_0132,CENTRE_DL_110101,HALL_01,632,Q001,A,507.7
NEET24_110101_0133,CENTRE_DL_110101,HALL_01,633,Q001,A,286.5
NEET24_110101_0134,CENTRE_DL_110101,HALL_01,634,Q001,A,407.6
NEET24_110101_0135,CENTRE_DL_110101,HALL_01,635,Q001,A,515.8
NEET24_110101_0136,CENTRE_DL_110101,HALL_01,636,Q001,A,314.6
NEET24_110101_0137,CENTRE_DL_110101,HALL_01,637,Q001,A,491.4
NEET24_110101_0138,CENTRE_DL_110101,HALL_01,638,Q001,A,349.9
NEET24_110101_0139,CENTRE_DL_110101,HALL_01,639,Q001,A,185.3
NEET24_110101_0140,CENTRE_DL_110101,HALL_01,640,Q001,A,555.8
NEET24_110101_0141,CENTRE_DL_110101,HALL_01,641,Q001,A,313.4
NEET24_110101_0142,CENTRE_DL_110101,HALL_01,642,Q001,A,308.8
NEET24_110101_0143,CENTRE_DL_110101,HALL_01,643,Q001,A,444.3
NEET24_110101_0144,CENTRE_DL_110101,HALL_01,644,Q001,A,281.8
NEET24_110101_0145,CENTRE_DL_110101,HALL_01,645,Q001,A,510.8
NEET24_110101_0146,CENTRE_DL_110101,HALL_01,646,Q001,A,364.6
NEET24_110101_0147,CENTRE_DL_110101,HALL_01,647,Q001,A,365.1
NEET24_110101_0148,CENTRE_DL_110101,HALL_01,648,Q001,A,430.0
NEET24_110101_0149,CENTRE_DL_110101,HALL_01,649,Q001,A,372.1
NEET24_110101_0150,CENTRE_DL_110101,HALL_01,650,Q001,A,493.9
NEET24_110101_0151,CENTRE_DL_110101,HALL_01,651,Q001,A,283.6
NEET24_110101_0152,CENTRE_DL_110101,HALL_01,652,Q001,A,340.9
NEET24_110101_0153,CENTRE_DL_110101,HALL_01,653,Q001,A,286.5
NEET24_110101_0154,CENTRE_DL_110101,HALL_01,654,Q001,A,433.8
NEET24_110101_0155,CENTRE_DL_110101,HALL_01,655,Q001,A,347.2
NEET24_110101_0156,CENTRE_DL_110101,HALL_01,656,Q001,A,236.0
NEET24_110101_0157,CENTRE_DL_110101,HALL_01,657,Q001,A,354.0
NEET24_110101_0158,CENTRE_DL_110101,HALL_01,658,Q001,A,425.7
NEET24_110101_0159,CENTRE_DL_110101,HALL_01,659,Q001,A,321.1
NEET24_110101_0160,CENTRE_DL_110101,HALL_01,660,Q001,A,376.6
NEET24_110101_0161,CENTRE_DL_110101,HALL_01,661,Q001,A,296.8
NEET24_110101_0162,CENTRE_DL_110101,HALL_01,662,Q001,A,462.7
NEET24_110101_0163,CENTRE_DL_110101,HALL_01,663,Q001,A,393.4
NEET24_110101_0164,CENTRE_DL_110101,HALL_01,664,Q001,A,185.0
NEET24_110101_0165,CENTRE_DL_110101,HALL_01,665,Q001,A,258.5
NEET24_110101_0166,CENTRE_DL_110101,HALL_01,666,Q001,A,461.6
NEET24_110101_0167,CENTRE_DL_110101,HALL_01,667,Q001,A,511.2
NEET24_110101_0168,CENTRE_DL_110101,HALL_01,668,Q001,A,386.1
NEET24_110101_0169,CENTRE_DL_110101,HALL_01,669,Q001,A,324.8
NEET24_110101_0170,CENTRE_DL_110101,HALL_01,670,Q001,A,341.7
NEET24_110101_0171,CENTRE_DL_110101,HALL_01,671,Q001,A,487.0
NEET24_110101_0172,CENTRE_DL_110101,HALL_01,672,Q001,A,206.1
NEET24_110101_0173,CENTRE_DL_110101,HALL_01,673,Q001,A,417.8
NEET24_110101_0174,CENTRE_DL_110101,HALL_01,674,Q001,A,193.7
NEET24_110101_0175,CENTRE_DL_110101,HALL_01,675,Q001,A,205.3
NEET24_110101_0176,CENTRE_DL_110101,HALL_01,676,Q001,A,156.3
NEET24_110101_0177,CENTRE_DL_110101,HALL_01,677,Q001,A,511.7
NEET24_110101_0178,CENTRE_DL_110101,HALL_01,678,Q001,A,295.1
NEET24_110101_0179,CENTRE_DL_110101,HALL_01,679,Q001,A,486.5
NEET24_110101_0180,CENTRE_DL_110101,HALL_01,680,Q001,A,205.5
NEET24_110101_0181,CENTRE_DL_110101,HALL_01,681,Q001,A,404.5
NEET24_110101_0182,CENTRE_DL_110101,HALL_01,682,Q001,A,611.3
NEET24_110101_0183,CENTRE_DL_110101,HALL_01,683,Q001,A,447.9
NEET24_110101_0184,CENTRE_DL_110101,HALL_01,684,Q001,A,498.4
NEET24_110101_0185,CENTRE_DL_110101,HALL_01,685,Q001,A,453.9
NEET24_110101_0186,CENTRE_DL_110101,HALL_01,686,Q001,A,276.4
NEET24_110101_0187,CENTRE_DL_110101,HALL_01,687,Q001,A,276.0
NEET24_110101_0188,CENTRE_DL_110101,HALL_01,688,Q001,A,414.3
NEET24_110101_0189,CENTRE_DL_110101,HALL_01,689,Q001,A,381.6
NEET24_110101_0190,CENTRE_DL_110101,HALL_01,690,Q001,A,276.4
NEET24_110101_0191,CENTRE_DL_110101,HALL_01,691,Q001,A,318.5
NEET24_110101_0192,CENTRE_DL_110101,HALL_01,692,Q001,A,192.4
NEET24_110101_0193,CENTRE_DL_110101,HALL_01,693,Q001,A,435.6
NEET24_110101_0194,CENTRE_DL_110101,HALL_01,694,Q001,A,310.9
NEET24_110101_0195,CENTRE_DL_110101,HALL_01,695,Q001,A,345.6
NEET24_110101_0196,CENTRE_DL_110101,HALL_01,696,Q001,A,317.8
NEET24_110101_0197,CENTRE_DL_110101,HALL_01,697,Q001,A,431.1
NEET24_110101_0198,CENTRE_DL_110101,HALL_01,698,Q001,A,368.1
NEET24_110101_0199,CENTRE_DL_110101,HALL_01,699,Q001,A,305.9
NEET24_110101_0200,CENTRE_DL_110101,HALL_01,700,Q001,A,349.4
NEET24_270101_0001,CENTRE_MH_270101,HALL_01,701,Q001,A,429.7
NEET24_270101_0002,CENTRE_MH_270101,HALL_01,702,Q001,A,379.3
NEET24_270101_0003,CENTRE_MH_270101,HALL_01,703,Q001,A,191.6
NEET24_270101_0004,CENTRE_MH_270101,HALL_01,704,Q001,A,365.4
NEET24_270101_0005,CENTRE_MH_270101,HALL_01,705,Q001,A,268.0
NEET24_270101_0006,CENTRE_MH_270101,HALL_01,706,Q001,A,401.6
NEET24_270101_0007,CENTRE_MH_270101,HALL_01,707,Q001,A,394.2
NEET24_270101_0008,CENTRE_MH_270101,HALL_01,708,Q001,A,393.6
NEET24_270101_0009,CENTRE_MH_270101,HALL_01,709,Q001,A,412.8
NEET24_270101_0010,CENTRE_MH_270101,HALL_01,710,Q001,A,365.3
NEET24_270101_0011,CENTRE_MH_270101,HALL_01,711,Q001,A,371.4
NEET24_270101_0012,CENTRE_MH_270101,HALL_01,712,Q001,A,380.9
NEET24_270101_0013,CENTRE_MH_270101,HALL_01,713,Q001,A,190.9
NEET24_270101_0014,CENTRE_MH_270101,HALL_01,714,Q001,A,456.6
NEET24_270101_0015,CENTRE_MH_270101,HALL_01,715,Q001,A,108.5
NEET24_270101_0016,CENTRE_MH_270101,HALL_01,716,Q001,A,220.0
NEET24_270101_0017,CENTRE_MH_270101,HALL_01,717,Q001,A,388.3
NEET24_270101_0018,CENTRE_MH_270101,HALL_01,718,Q001,A,301.1
NEET24_270101_0019,CENTRE_MH_270101,HALL_01,719,Q001,A,450.0
NEET24_270101_0020,CENTRE_MH_270101,HALL_01,720,Q001,A,320.0
NEET24_270101_0021,CENTRE_MH_270101,HALL_01,721,Q001,A,481.9
NEET24_270101_0022,CENTRE_MH_270101,HALL_01,722,Q001,A,196.5
NEET24_270101_0023,CENTRE_MH_270101,HALL_01,723,Q001,A,399.2
NEET24_270101_0024,CENTRE_MH_270101,HALL_01,724,Q001,A,483.9
NEET24_270101_0025,CENTRE_MH_270101,HALL_01,725,Q001,A,220.1
NEET24_270101_0026,CENTRE_MH_270101,HALL_01,726,Q001,A,319.1
NEET24_270101_0027,CENTRE_MH_270101,HALL_01,727,Q001,A,324.0
NEET24_270101_0028,CENTRE_MH_270101,HALL_01,728,Q001,A,362.7
NEET24_270101_0029,CENTRE_MH_270101,HALL_01,729,Q001,A,510.7
NEET24_270101_0030,CENTRE_MH_270101,HALL_01,730,Q001,A,437.9
NEET24_270101_0031,CENTRE_MH_270101,HALL_01,731,Q001,A,222.5
NEET24_270101_0032,CENTRE_MH_270101,HALL_01,732,Q001,A,534.0
NEET24_270101_0033,CENTRE_MH_270101,HALL_01,733,Q001,A,365.4
NEET24_270101_0034,CENTRE_MH_270101,HALL_01,734,Q001,A,405.4
NEET24_270101_0035,CENTRE_MH_270101,HALL_01,735,Q001,A,204.2
NEET24_270101_0036,CENTRE_MH_270101,HALL_01,736,Q001,A,345.9
NEET24_270101_0037,CENTRE_MH_270101,HALL_01,737,Q001,A,268.9
NEET24_270101_0038,CENTRE_MH_270101,HALL_01,738,Q001,A,216.6
NEET24_270101_0039,CENTRE_MH_270101,HALL_01,739,Q001,A,325.2
NEET24_270101_0040,CENTRE_MH_270101,HALL_01,740,Q001,A,271.1
NEET24_270101_0041,CENTRE_MH_270101,HALL_01,741,Q001,A,680.0
NEET24_270101_0042,CENTRE_MH_270101,HALL_01,742,Q001,A,145.9
NEET24_270101_0043,CENTRE_MH_270101,HALL_01,743,Q001,A,422.7
NEET24_270101_0044,CENTRE_MH_270101,HALL_01,744,Q001,A,467.1
NEET24_270101_0045,CENTRE_MH_270101,HALL_01,745,Q001,A,315.0
NEET24_270101_0046,CENTRE_MH_270101,HALL_01,746,Q001,A,255.1
NEET24_270101_0047,CENTRE_MH_270101,HALL_01,747,Q001,A,395.1
NEET24_270101_0048,CENTRE_MH_270101,HALL_01,748,Q001,A,393.9
NEET24_270101_0049,CENTRE_MH_270101,HALL_01,749,Q001,A,381.6
NEET24_270101_0050,CENTRE_MH_270101,HALL_01,750,Q001,A,225.7
NEET24_270101_0051,CENTRE_MH_270101,HALL_01,751,Q001,A,410.9
NEET24_270101_0052,CENTRE_MH_270101,HALL_01,752,Q001,A,279.3
NEET24_270101_0053,CENTRE_MH_270101,HALL_01,753,Q001,A,240.8
NEET24_270101_0054,CENTRE_MH_270101,HALL_01,754,Q001,A,342.1
NEET24_270101_0055,CENTRE_MH_270101,HALL_01,755,Q001,A,308.6
NEET24_270101_0056,CENTRE_MH_270101,HALL_01,756,Q001,A,414.6
NEET24_270101_0057,CENTRE_MH_270101,HALL_01,757,Q001,A,386.1
NEET24_270101_0058,CENTRE_MH_270101,HALL_01,758,Q001,A,487.7
NEET24_270101_0059,CENTRE_MH_270101,HALL_01,759,Q001,A,471.7
NEET24_270101_0060,CENTRE_MH_270101,HALL_01,760,Q001,A,481.9
NEET24_270101_0061,CENTRE_MH_270101,HALL_01,761,Q001,A,178.9
NEET24_270101_0062,CENTRE_MH_270101,HALL_01,762,Q001,A,572.0
NEET24_270101_0063,CENTRE_MH_270101,HALL_01,763,Q001,A,341.7
NEET24_270101_0064,CENTRE_MH_270101,HALL_01,764,Q001,A,302.7
NEET24_270101_0065,CENTRE_MH_270101,HALL_01,765,Q001,A,349.1
NEET24_270101_0066,CENTRE_MH_270101,HALL_01,766,Q001,A,180.5
NEET24_270101_0067,CENTRE_MH_270101,HALL_01,767,Q001,A,321.4
NEET24_270101_0068,CENTRE_MH_270101,HALL_01,768,Q001,A,215.8
NEET24_270101_0069,CENTRE_MH_270101,HALL_01,769,Q001,A,341.2
NEET24_270101_0070,CENTRE_MH_270101,HALL_01,770,Q001,A,425.9
NEET24_270101_0071,CENTRE_MH_270101,HALL_01,771,Q001,A,368.9
NEET24_270101_0072,CENTRE_MH_270101,HALL_01,772,Q001,A,404.4
NEET24_270101_0073,CENTRE_MH_270101,HALL_01,773,Q001,A,409.5
NEET24_270101_0074,CENTRE_MH_270101,HALL_01,774,Q001,A,437.0
NEET24_270101_0075,CENTRE_MH_270101,HALL_01,775,Q001,A,249.9
NEET24_270101_0076,CENTRE_MH_270101,HALL_01,776,Q001,A,499.5
NEET24_270101_0077,CENTRE_MH_270101,HALL_01,777,Q001,A,369.3
NEET24_270101_0078,CENTRE_MH_270101,HALL_01,778,Q001,A,395.2
NEET24_270101_0079,CENTRE_MH_270101,HALL_01,779,Q001,A,167.7
NEET24_270101_0080,CENTRE_MH_270101,HALL_01,780,Q001,A,332.9
NEET24_270101_0081,CENTRE_MH_270101,HALL_01,781,Q001,A,357.7
NEET24_270101_0082,CENTRE_MH_270101,HALL_01,782,Q001,A,271.3
NEET24_270101_0083,CENTRE_MH_270101,HALL_01,783,Q001,A,384.8
NEET24_270101_0084,CENTRE_MH_270101,HALL_01,784,Q001,A,370.7
NEET24_270101_0085,CENTRE_MH_270101,HALL_01,785,Q001,A,292.6
NEET24_270101_0086,CENTRE_MH_270101,HALL_01,786,Q001,A,497.0
NEET24_270101_0087,CENTRE_MH_270101,HALL_01,787,Q001,A,285.8
NEET24_270101_0088,CENTRE_MH_270101,HALL_01,788,Q001,A,491.6
NEET24_270101_0089,CENTRE_MH_270101,HALL_01,789,Q001,A,560.0
NEET24_270101_0090,CENTRE_MH_270101,HALL_01,790,Q001,A,293.3
NEET24_270101_0091,CENTRE_MH_270101,HALL_01,791,Q001,A,513.6
NEET24_270101_0092,CENTRE_MH_270101,HALL_01,792,Q001,A,226.2
NEET24_270101_0093,CENTRE_MH_270101,HALL_01,793,Q001,A,406.8
NEET24_270101_0094,CENTRE_MH_270101,HALL_01,794,Q001,A,214.9
NEET24_270101_0095,CENTRE_MH_270101,HALL_01,795,Q001,A,362.1
NEET24_270101_0096,CENTRE_MH_270101,HALL_01,796,Q001,A,386.0
NEET24_270101_0097,CENTRE_MH_270101,HALL_01,797,Q001,A,399.0
NEET24_270101_0098,CENTRE_MH_270101,HALL_01,798,Q001,A,185.5
NEET24_270101_0099,CENTRE_MH_270101,HALL_01,799,Q001,A,228.6
NEET24_270101_0100,CENTRE_MH_270101,HALL_01,800,Q001,A,368.6
NEET24_270101_0101,CENTRE_MH_270101,HALL_01,801,Q001,A,373.1
NEET24_270101_0102,CENTRE_MH_270101,HALL_01,802,Q001,A,372.1
NEET24_270101_0103,CENTRE_MH_270101,HALL_01,803,Q001,A,116.5
NEET24_270101_0104,CENTRE_MH_270101,HALL_01,804,Q001,A,231.6
NEET24_270101_0105,CENTRE_MH_270101,HALL_01,805,Q001,A,511.0
NEET24_270101_0106,CENTRE_MH_270101,HALL_01,806,Q001,A,339.1
NEET24_270101_0107,CENTRE_MH_270101,HALL_01,807,Q001,A,348.2
NEET24_270101_0108,CENTRE_MH_270101,HALL_01,808,Q001,A,307.1
NEET24_270101_0109,CENTRE_MH_270101,HALL_01,809,Q001,A,123.3
NEET24_270101_0110,CENTRE_MH_270101,HALL_01,810,Q001,A,191.9
NEET24_270101_0111,CENTRE_MH_270101,HALL_01,811,Q001,A,258.7
NEET24_270101_0112,CENTRE_MH_270101,HALL_01,812,Q001,A,422.9
NEET24_270101_0113,CENTRE_MH_270101,HALL_01,813,Q001,A,246.3
NEET24_270101_0114,CENTRE_MH_270101,HALL_01,814,Q001,A,237.1
NEET24_270101_0115,CENTRE_MH_270101,HALL_01,815,Q001,A,350.2
NEET24_270101_0116,CENTRE_MH_270101,HALL_01,816,Q001,A,349.0
NEET24_270101_0117,CENTRE_MH_270101,HALL_01,817,Q001,A,228.4
NEET24_270101_0118,CENTRE_MH_270101,HALL_01,818,Q001,A,551.8
NEET24_270101_0119,CENTRE_MH_270101,HALL_01,819,Q001,A,244.9
NEET24_270101_0120,CENTRE_MH_270101,HALL_01,820,Q001,A,424.3
NEET24_270101_0121,CENTRE_MH_270101,HALL_01,821,Q001,A,329.8
NEET24_270101_0122,CENTRE_MH_270101,HALL_01,822,Q001,A,172.1
NEET24_270101_0123,CENTRE_MH_270101,HALL_01,823,Q001,A,491.9
NEET24_270101_0124,CENTRE_MH_270101,HALL_01,824,Q001,A,254.8
NEET24_270101_0125,CENTRE_MH_270101,HALL_01,825,Q001,A,393.5
NEET24_270101_0126,CENTRE_MH_270101,HALL_01,826,Q001,A,89.3
NEET24_270101_0127,CENTRE_MH_270101,HALL_01,827,Q001,A,383.0
NEET24_270101_0128,CENTRE_MH_270101,HALL_01,828,Q001,A,87.9
NEET24_270101_0129,CENTRE_MH_270101,HALL_01,829,Q001,A,573.1
NEET24_270101_0130,CENTRE_MH_270101,HALL_01,830,Q001,A,384.0
NEET24_270101_0131,CENTRE_MH_270101,HALL_01,831,Q001,A,178.8
NEET24_270101_0132,CENTRE_MH_270101,HALL_01,832,Q001,A,511.7
NEET24_270101_0133,CENTRE_MH_270101,HALL_01,833,Q001,A,583.0
NEET24_270101_0134,CENTRE_MH_270101,HALL_01,834,Q001,A,549.2
NEET24_270101_0135,CENTRE_MH_270101,HALL_01,835,Q001,A,552.5
NEET24_270101_0136,CENTRE_MH_270101,HALL_01,836,Q001,A,313.9
NEET24_270101_0137,CENTRE_MH_270101,HALL_01,837,Q001,A,386.0
NEET24_270101_0138,CENTRE_MH_270101,HALL_01,838,Q001,A,369.6
NEET24_270101_0139,CENTRE_MH_270101,HALL_01,839,Q001,A,296.4
NEET24_270101_0140,CENTRE_MH_270101,HALL_01,840,Q001,A,357.1
NEET24_270101_0141,CENTRE_MH_270101,HALL_01,841,Q001,A,329.2
NEET24_270101_0142,CENTRE_MH_270101,HALL_01,842,Q001,A,483.6
NEET24_270101_0143,CENTRE_MH_270101,HALL_01,843,Q001,A,523.1
NEET24_270101_0144,CENTRE_MH_270101,HALL_01,844,Q001,A,384.6
NEET24_270101_0145,CENTRE_MH_270101,HALL_01,845,Q001,A,331.5
NEET24_270101_0146,CENTRE_MH_270101,HALL_01,846,Q001,A,357.8
NEET24_270101_0147,CENTRE_MH_270101,HALL_01,847,Q001,A,251.5
NEET24_270101_0148,CENTRE_MH_270101,HALL_01,848,Q001,A,257.3
NEET24_270101_0149,CENTRE_MH_270101,HALL_01,849,Q001,A,259.0
NEET24_270101_0150,CENTRE_MH_270101,HALL_01,850,Q001,A,429.9
NEET24_270101_0151,CENTRE_MH_270101,HALL_01,851,Q001,A,389.6
NEET24_270101_0152,CENTRE_MH_270101,HALL_01,852,Q001,A,275.0
NEET24_270101_0153,CENTRE_MH_270101,HALL_01,853,Q001,A,213.7
NEET24_270101_0154,CENTRE_MH_270101,HALL_01,854,Q001,A,494.8
NEET24_270101_0155,CENTRE_MH_270101,HALL_01,855,Q001,A,294.1
NEET24_270101_0156,CENTRE_MH_270101,HALL_01,856,Q001,A,441.1
NEET24_270101_0157,CENTRE_MH_270101,HALL_01,857,Q001,A,253.5
NEET24_270101_0158,CENTRE_MH_270101,HALL_01,858,Q001,A,185.8
NEET24_270101_0159,CENTRE_MH_270101,HALL_01,859,Q001,A,299.4
NEET24_270101_0160,CENTRE_MH_270101,HALL_01,860,Q001,A,356.7
NEET24_270101_0161,CENTRE_MH_270101,HALL_01,861,Q001,A,513.9
NEET24_270101_0162,CENTRE_MH_270101,HALL_01,862,Q001,A,320.8
NEET24_270101_0163,CENTRE_MH_270101,HALL_01,863,Q001,A,420.4
NEET24_270101_0164,CENTRE_MH_270101,HALL_01,864,Q001,A,608.4
NEET24_270101_0165,CENTRE_MH_270101,HALL_01,865,Q001,A,511.2
NEET24_270101_0166,CENTRE_MH_270101,HALL_01,866,Q001,A,351.7
NEET24_270101_0167,CENTRE_MH_270101,HALL_01,867,Q001,A,161.0
NEET24_270101_0168,CENTRE_MH_270101,HALL_01,868,Q001,A,396.0
NEET24_270101_0169,CENTRE_MH_270101,HALL_01,869,Q001,A,381.0
NEET24_270101_0170,CENTRE_MH_270101,HALL_01,870,Q001,A,331.5
NEET24_270101_0171,CENTRE_MH_270101,HALL_01,871,Q001,A,366.5
NEET24_270101_0172,CENTRE_MH_270101,HALL_01,872,Q001,A,322.4
NEET24_270101_0173,CENTRE_MH_270101,HALL_01,873,Q001,A,374.9
NEET24_270101_0174,CENTRE_MH_270101,HALL_01,874,Q001,A,263.1
NEET24_270101_0175,CENTRE_MH_270101,HALL_01,875,Q001,A,434.8
NEET24_270101_0176,CENTRE_MH_270101,HALL_01,876,Q001,A,344.3
NEET24_270101_0177,CENTRE_MH_270101,HALL_01,877,Q001,A,458.4
NEET24_270101_0178,CENTRE_MH_270101,HALL_01,878,Q001,A,309.9
NEET24_270101_0179,CENTRE_MH_270101,HALL_01,879,Q001,A,274.1
NEET24_270101_0180,CENTRE_MH_270101,HALL_01,880,Q001,A,411.5
NEET24_270101_0181,CENTRE_MH_270101,HALL_01,881,Q001,A,480.5
NEET24_270101_0182,CENTRE_MH_270101,HALL_01,882,Q001,A,211.0
NEET24_270101_0183,CENTRE_MH_270101,HALL_01,883,Q001,A,457.3
NEET24_270101_0184,CENTRE_MH_270101,HALL_01,884,Q001,A,187.9
NEET24_270101_0185,CENTRE_MH_270101,HALL_01,885,Q001,A,342.2
NEET24_270101_0186,CENTRE_MH_270101,HALL_01,886,Q001,A,358.3
NEET24_270101_0187,CENTRE_MH_270101,HALL_01,887,Q001,A,502.9
NEET24_270101_0188,CENTRE_MH_270101,HALL_01,888,Q001,A,175.0
NEET24_270101_0189,CENTRE_MH_270101,HALL_01,889,Q001,A,382.8
NEET24_270101_0190,CENTRE_MH_270101,HALL_01,890,Q001,A,443.6
NEET24_270101_0191,CENTRE_MH_270101,HALL_01,891,Q001,A,263.7
NEET24_270101_0192,CENTRE_MH_270101,HALL_01,892,Q001,A,306.1
NEET24_270101_0193,CENTRE_MH_270101,HALL_01,893,Q001,A,480.6
NEET24_270101_0194,CENTRE_MH_270101,HALL_01,894,Q001,A,587.9
NEET24_270101_0195,CENTRE_MH_270101,HALL_01,895,Q001,A,464.1
NEET24_270101_0196,CENTRE_MH_270101,HALL_01,896,Q001,A,436.7
NEET24_270101_0197,CENTRE_MH_270101,HALL_01,897,Q001,A,332.5
NEET24_270101_0198,CENTRE_MH_270101,HALL_01,898,Q001,A,511.1
NEET24_270101_0199,CENTRE_MH_270101,HALL_01,899,Q001,A,298.4
NEET24_270101_0200,CENTRE_MH_270101,HALL_01,900,Q001,A,246.0
NEET24_290101_0001,CENTRE_KA_290101,HALL_01,901,Q001,A,366.1
NEET24_290101_0002,CENTRE_KA_290101,HALL_01,902,Q001,A,565.3
NEET24_290101_0003,CENTRE_KA_290101,HALL_01,903,Q001,A,339.1
NEET24_290101_0004,CENTRE_KA_290101,HALL_01,904,Q001,A,428.3
NEET24_290101_0005,CENTRE_KA_290101,HALL_01,905,Q001,A,410.0
NEET24_290101_0006,CENTRE_KA_290101,HALL_01,906,Q001,A,279.1
NEET24_290101_0007,CENTRE_KA_290101,HALL_01,907,Q001,A,414.6
NEET24_290101_0008,CENTRE_KA_290101,HALL_01,908,Q001,A,332.4
NEET24_290101_0009,CENTRE_KA_290101,HALL_01,909,Q001,A,317.0
NEET24_290101_0010,CENTRE_KA_290101,HALL_01,910,Q001,A,395.6
NEET24_290101_0011,CENTRE_KA_290101,HALL_01,911,Q001,A,238.8
NEET24_290101_0012,CENTRE_KA_290101,HALL_01,912,Q001,A,569.9
NEET24_290101_0013,CENTRE_KA_290101,HALL_01,913,Q001,A,351.7
NEET24_290101_0014,CENTRE_KA_290101,HALL_01,914,Q001,A,394.9
NEET24_290101_0015,CENTRE_KA_290101,HALL_01,915,Q001,A,80.0
NEET24_290101_0016,CENTRE_KA_290101,HALL_01,916,Q001,A,501.0
NEET24_290101_0017,CENTRE_KA_290101,HALL_01,917,Q001,A,238.7
NEET24_290101_0018,CENTRE_KA_290101,HALL_01,918,Q001,A,463.5
NEET24_290101_0019,CENTRE_KA_290101,HALL_01,919,Q001,A,124.5
NEET24_290101_0020,CENTRE_KA_290101,HALL_01,920,Q001,A,353.4
NEET24_290101_0021,CENTRE_KA_290101,HALL_01,921,Q001,A,257.9
NEET24_290101_0022,CENTRE_KA_290101,HALL_01,922,Q001,A,365.9
NEET24_290101_0023,CENTRE_KA_290101,HALL_01,923,Q001,A,263.4
NEET24_290101_0024,CENTRE_KA_290101,HALL_01,924,Q001,A,372.1
NEET24_290101_0025,CENTRE_KA_290101,HALL_01,925,Q001,A,421.2
NEET24_290101_0026,CENTRE_KA_290101,HALL_01,926,Q001,A,346.9
NEET24_290101_0027,CENTRE_KA_290101,HALL_01,927,Q001,A,143.7
NEET24_290101_0028,CENTRE_KA_290101,HALL_01,928,Q001,A,313.7
NEET24_290101_0029,CENTRE_KA_290101,HALL_01,929,Q001,A,283.4
NEET24_290101_0030,CENTRE_KA_290101,HALL_01,930,Q001,A,472.4
NEET24_290101_0031,CENTRE_KA_290101,HALL_01,931,Q001,A,432.6
NEET24_290101_0032,CENTRE_KA_290101,HALL_01,932,Q001,A,536.6
NEET24_290101_0033,CENTRE_KA_290101,HALL_01,933,Q001,A,389.7
NEET24_290101_0034,CENTRE_KA_290101,HALL_01,934,Q001,A,447.2
NEET24_290101_0035,CENTRE_KA_290101,HALL_01,935,Q001,A,362.8
NEET24_290101_0036,CENTRE_KA_290101,HALL_01,936,Q001,A,511.0
NEET24_290101_0037,CENTRE_KA_290101,HALL_01,937,Q001,A,525.3
NEET24_290101_0038,CENTRE_KA_290101,HALL_01,938,Q001,A,284.7
NEET24_290101_0039,CENTRE_KA_290101,HALL_01,939,Q001,A,445.6
NEET24_290101_0040,CENTRE_KA_290101,HALL_01,940,Q001,A,401.5
NEET24_290101_0041,CENTRE_KA_290101,HALL_01,941,Q001,A,532.5
NEET24_290101_0042,CENTRE_KA_290101,HALL_01,942,Q001,A,418.3
NEET24_290101_0043,CENTRE_KA_290101,HALL_01,943,Q001,A,263.1
NEET24_290101_0044,CENTRE_KA_290101,HALL_01,944,Q001,A,248.3
NEET24_290101_0045,CENTRE_KA_290101,HALL_01,945,Q001,A,339.0
NEET24_290101_0046,CENTRE_KA_290101,HALL_01,946,Q001,A,470.3
NEET24_290101_0047,CENTRE_KA_290101,HALL_01,947,Q001,A,558.9
NEET24_290101_0048,CENTRE_KA_290101,HALL_01,948,Q001,A,622.6
NEET24_290101_0049,CENTRE_KA_290101,HALL_01,949,Q001,A,236.6
NEET24_290101_0050,CENTRE_KA_290101,HALL_01,950,Q001,A,274.9
NEET24_290101_0051,CENTRE_KA_290101,HALL_01,951,Q001,A,563.2
NEET24_290101_0052,CENTRE_KA_290101,HALL_01,952,Q001,A,383.2
NEET24_290101_0053,CENTRE_KA_290101,HALL_01,953,Q001,A,218.2
NEET24_290101_0054,CENTRE_KA_290101,HALL_01,954,Q001,A,511.5
NEET24_290101_0055,CENTRE_KA_290101,HALL_01,955,Q001,A,427.8
NEET24_290101_0056,CENTRE_KA_290101,HALL_01,956,Q001,A,366.4
NEET24_290101_0057,CENTRE_KA_290101,HALL_01,957,Q001,A,510.7
NEET24_290101_0058,CENTRE_KA_290101,HALL_01,958,Q001,A,287.1
NEET24_290101_0059,CENTRE_KA_290101,HALL_01,959,Q001,A,237.1
NEET24_290101_0060,CENTRE_KA_290101,HALL_01,960,Q001,A,423.1
NEET24_290101_0061,CENTRE_KA_290101,HALL_01,961,Q001,A,219.0
NEET24_290101_0062,CENTRE_KA_290101,HALL_01,962,Q001,A,437.2
NEET24_290101_0063,CENTRE_KA_290101,HALL_01,963,Q001,A,401.9
NEET24_290101_0064,CENTRE_KA_290101,HALL_01,964,Q001,A,334.6
NEET24_290101_0065,CENTRE_KA_290101,HALL_01,965,Q001,A,398.8
NEET24_290101_0066,CENTRE_KA_290101,HALL_01,966,Q001,A,210.3
NEET24_290101_0067,CENTRE_KA_290101,HALL_01,967,Q001,A,480.5
NEET24_290101_0068,CENTRE_KA_290101,HALL_01,968,Q001,A,331.4
NEET24_290101_0069,CENTRE_KA_290101,HALL_01,969,Q001,A,452.3
NEET24_290101_0070,CENTRE_KA_290101,HALL_01,970,Q001,A,268.6
NEET24_290101_0071,CENTRE_KA_290101,HALL_01,971,Q001,A,255.3
NEET24_290101_0072,CENTRE_KA_290101,HALL_01,972,Q001,A,280.9
NEET24_290101_0073,CENTRE_KA_290101,HALL_01,973,Q001,A,224.3
NEET24_290101_0074,CENTRE_KA_290101,HALL_01,974,Q001,A,138.7
NEET24_290101_0075,CENTRE_KA_290101,HALL_01,975,Q001,A,152.0
NEET24_290101_0076,CENTRE_KA_290101,HALL_01,976,Q001,A,265.7
NEET24_290101_0077,CENTRE_KA_290101,HALL_01,977,Q001,A,479.3
NEET24_290101_0078,CENTRE_KA_290101,HALL_01,978,Q001,A,242.0
NEET24_290101_0079,CENTRE_KA_290101,HALL_01,979,Q001,A,209.3
NEET24_290101_0080,CENTRE_KA_290101,HALL_01,980,Q001,A,165.8
NEET24_290101_0081,CENTRE_KA_290101,HALL_01,981,Q001,A,379.8
NEET24_290101_0082,CENTRE_KA_290101,HALL_01,982,Q001,A,306.1
NEET24_290101_0083,CENTRE_KA_290101,HALL_01,983,Q001,A,293.8
NEET24_290101_0084,CENTRE_KA_290101,HALL_01,984,Q001,A,370.4
NEET24_290101_0085,CENTRE_KA_290101,HALL_01,985,Q001,A,348.9
NEET24_290101_0086,CENTRE_KA_290101,HALL_01,986,Q001,A,397.1
NEET24_290101_0087,CENTRE_KA_290101,HALL_01,987,Q001,A,338.5
NEET24_290101_0088,CENTRE_KA_290101,HALL_01,988,Q001,A,353.6
NEET24_290101_0089,CENTRE_KA_290101,HALL_01,989,Q001,A,482.2
NEET24_290101_0090,CENTRE_KA_290101,HALL_01,990,Q001,A,255.3
NEET24_290101_0091,CENTRE_KA_290101,HALL_01,991,Q001,A,411.3
NEET24_290101_0092,CENTRE_KA_290101,HALL_01,992,Q001,A,508.7
NEET24_290101_0093,CENTRE_KA_290101,HALL_01,993,Q001,A,284.5
NEET24_290101_0094,CENTRE_KA_290101,HALL_01,994,Q001,A,191.8
NEET24_290101_0095,CENTRE_KA_290101,HALL_01,995,Q001,A,301.8
NEET24_290101_0096,CENTRE_KA_290101,HALL_01,996,Q001,A,304.9
NEET24_290101_0097,CENTRE_KA_290101,HALL_01,997,Q001,A,103.2
NEET24_290101_0098,CENTRE_KA_290101,HALL_01,998,Q001,A,217.5
NEET24_290101_0099,CENTRE_KA_290101,HALL_01,999,Q001,A,159.9
NEET24_290101_0100,CENTRE_KA_290101,HALL_01,1000,Q001,A,136.7
NEET24_290101_0101,CENTRE_KA_290101,HALL_01,1001,Q001,A,159.3
NEET24_290101_0102,CENTRE_KA_290101,HALL_01,1002,Q001,A,307.3
NEET24_290101_0103,CENTRE_KA_290101,HALL_01,1003,Q001,A,513.0
NEET24_290101_0104,CENTRE_KA_290101,HALL_01,1004,Q001,A,365.5
NEET24_290101_0105,CENTRE_KA_290101,HALL_01,1005,Q001,A,462.1
NEET24_290101_0106,CENTRE_KA_290101,HALL_01,1006,Q001,A,349.5
NEET24_290101_0107,CENTRE_KA_290101,HALL_01,1007,Q001,A,448.7
NEET24_290101_0108,CENTRE_KA_290101,HALL_01,1008,Q001,A,449.3
NEET24_290101_0109,CENTRE_KA_290101,HALL_01,1009,Q001,A,326.8
NEET24_290101_0110,CENTRE_KA_290101,HALL_01,1010,Q001,A,474.9
NEET24_290101_0111,CENTRE_KA_290101,HALL_01,1011,Q001,A,244.2
NEET24_290101_0112,CENTRE_KA_290101,HALL_01,1012,Q001,A,425.8
NEET24_290101_0113,CENTRE_KA_290101,HALL_01,1013,Q001,A,374.3
NEET24_290101_0114,CENTRE_KA_290101,HALL_01,1014,Q001,A,615.0
NEET24_290101_0115,CENTRE_KA_290101,HALL_01,1015,Q001,A,284.3
NEET24_290101_0116,CENTRE_KA_290101,HALL_01,1016,Q001,A,362.7
NEET24_290101_0117,CENTRE_KA_290101,HALL_01,1017,Q001,A,295.0
NEET24_290101_0118,CENTRE_KA_290101,HALL_01,1018,Q001,A,378.7
NEET24_290101_0119,CENTRE_KA_290101,HALL_01,1019,Q001,A,499.6
NEET24_290101_0120,CENTRE_KA_290101,HALL_01,1020,Q001,A,376.4
NEET24_290101_0121,CENTRE_KA_290101,HALL_01,1021,Q001,A,333.3
NEET24_290101_0122,CENTRE_KA_290101,HALL_01,1022,Q001,A,167.3
NEET24_290101_0123,CENTRE_KA_290101,HALL_01,1023,Q001,A,638.4
NEET24_290101_0124,CENTRE_KA_290101,HALL_01,1024,Q001,A,357.9
NEET24_290101_0125,CENTRE_KA_290101,HALL_01,1025,Q001,A,264.2
NEET24_290101_0126,CENTRE_KA_290101,HALL_01,1026,Q001,A,410.3
NEET24_290101_0127,CENTRE_KA_290101,HALL_01,1027,Q001,A,211.8
NEET24_290101_0128,CENTRE_KA_290101,HALL_01,1028,Q001,A,159.7
NEET24_290101_0129,CENTRE_KA_290101,HALL_01,1029,Q001,A,231.2
NEET24_290101_0130,CENTRE_KA_290101,HALL_01,1030,Q001,A,361.2
NEET24_290101_0131,CENTRE_KA_290101,HALL_01,1031,Q001,A,537.3
NEET24_290101_0132,CENTRE_KA_290101,HALL_01,1032,Q001,A,377.2
NEET24_290101_0133,CENTRE_KA_290101,HALL_01,1033,Q001,A,189.7
NEET24_290101_0134,CENTRE_KA_290101,HALL_01,1034,Q001,A,283.6
NEET24_290101_0135,CENTRE_KA_290101,HALL_01,1035,Q001,A,665.9
NEET24_290101_0136,CENTRE_KA_290101,HALL_01,1036,Q001,A,482.9
NEET24_290101_0137,CENTRE_KA_290101,HALL_01,1037,Q001,A,328.8
NEET24_290101_0138,CENTRE_KA_290101,HALL_01,1038,Q001,A,356.7
NEET24_290101_0139,CENTRE_KA_290101,HALL_01,1039,Q001,A,287.1
NEET24_290101_0140,CENTRE_KA_290101,HALL_01,1040,Q001,A,380.8
NEET24_290101_0141,CENTRE_KA_290101,HALL_01,1041,Q001,A,294.5
NEET24_290101_0142,CENTRE_KA_290101,HALL_01,1042,Q001,A,212.5
NEET24_290101_0143,CENTRE_KA_290101,HALL_01,1043,Q001,A,497.6
NEET24_290101_0144,CENTRE_KA_290101,HALL_01,1044,Q001,A,322.6
NEET24_290101_0145,CENTRE_KA_290101,HALL_01,1045,Q001,A,329.1
NEET24_290101_0146,CENTRE_KA_290101,HALL_01,1046,Q001,A,334.2
NEET24_290101_0147,CENTRE_KA_290101,HALL_01,1047,Q001,A,399.6
NEET24_290101_0148,CENTRE_KA_290101,HALL_01,1048,Q001,A,290.3
NEET24_290101_0149,CENTRE_KA_290101,HALL_01,1049,Q001,A,366.9
NEET24_290101_0150,CENTRE_KA_290101,HALL_01,1050,Q001,A,455.6
NEET24_290101_0151,CENTRE_KA_290101,HALL_01,1051,Q001,A,388.8
NEET24_290101_0152,CENTRE_KA_290101,HALL_01,1052,Q001,A,240.1
NEET24_290101_0153,CENTRE_KA_290101,HALL_01,1053,Q001,A,457.6
NEET24_290101_0154,CENTRE_KA_290101,HALL_01,1054,Q001,A,262.3
NEET24_290101_0155,CENTRE_KA_290101,HALL_01,1055,Q001,A,364.2
NEET24_290101_0156,CENTRE_KA_290101,HALL_01,1056,Q001,A,201.0
NEET24_290101_0157,CENTRE_KA_290101,HALL_01,1057,Q001,A,217.3
NEET24_290101_0158,CENTRE_KA_290101,HALL_01,1058,Q001,A,481.7
NEET24_290101_0159,CENTRE_KA_290101,HALL_01,1059,Q001,A,248.5
NEET24_290101_0160,CENTRE_KA_290101,HALL_01,1060,Q001,A,287.4
NEET24_290101_0161,CENTRE_KA_290101,HALL_01,1061,Q001,A,496.5
NEET24_290101_0162,CENTRE_KA_290101,HALL_01,1062,Q001,A,680.0
NEET24_290101_0163,CENTRE_KA_290101,HALL_01,1063,Q001,A,421.0
NEET24_290101_0164,CENTRE_KA_290101,HALL_01,1064,Q001,A,409.6
NEET24_290101_0165,CENTRE_KA_290101,HALL_01,1065,Q001,A,240.7
NEET24_290101_0166,CENTRE_KA_290101,HALL_01,1066,Q001,A,481.4
NEET24_290101_0167,CENTRE_KA_290101,HALL_01,1067,Q001,A,453.9
NEET24_290101_0168,CENTRE_KA_290101,HALL_01,1068,Q001,A,108.9
NEET24_290101_0169,CENTRE_KA_290101,HALL_01,1069,Q001,A,425.6
NEET24_290101_0170,CENTRE_KA_290101,HALL_01,1070,Q001,A,311.5
NEET24_290101_0171,CENTRE_KA_290101,HALL_01,1071,Q001,A,398.6
NEET24_290101_0172,CENTRE_KA_290101,HALL_01,1072,Q001,A,452.9
NEET24_290101_0173,CENTRE_KA_290101,HALL_01,1073,Q001,A,454.6
NEET24_290101_0174,CENTRE_KA_290101,HALL_01,1074,Q001,A,184.0
NEET24_290101_0175,CENTRE_KA_290101,HALL_01,1075,Q001,A,247.3
NEET24_290101_0176,CENTRE_KA_290101,HALL_01,1076,Q001,A,226.3
NEET24_290101_0177,CENTRE_KA_290101,HALL_01,1077,Q001,A,445.5
NEET24_290101_0178,CENTRE_KA_290101,HALL_01,1078,Q001,A,302.0
NEET24_290101_0179,CENTRE_KA_290101,HALL_01,1079,Q001,A,471.1
NEET24_290101_0180,CENTRE_KA_290101,HALL_01,1080,Q001,A,155.2
NEET24_290101_0181,CENTRE_KA_290101,HALL_01,1081,Q001,A,426.7
NEET24_290101_0182,CENTRE_KA_290101,HALL_01,1082,Q001,A,466.2
NEET24_290101_0183,CENTRE_KA_290101,HALL_01,1083,Q001,A,450.4
NEET24_290101_0184,CENTRE_KA_290101,HALL_01,1084,Q001,A,444.7
NEET24_290101_0185,CENTRE_KA_290101,HALL_01,1085,Q001,A,238.8
NEET24_290101_0186,CENTRE_KA_290101,HALL_01,1086,Q001,A,420.9
NEET24_290101_0187,CENTRE_KA_290101,HALL_01,1087,Q001,A,248.8
NEET24_290101_0188,CENTRE_KA_290101,HALL_01,1088,Q001,A,430.7
NEET24_290101_0189,CENTRE_KA_290101,HALL_01,1089,Q001,A,263.1
NEET24_290101_0190,CENTRE_KA_290101,HALL_01,1090,Q001,A,394.2
NEET24_290101_0191,CENTRE_KA_290101,HALL_01,1091,Q001,A,237.5
NEET24_290101_0192,CENTRE_KA_290101,HALL_01,1092,Q001,A,327.3
NEET24_290101_0193,CENTRE_KA_290101,HALL_01,1093,Q001,A,241.3
NEET24_290101_0194,CENTRE_KA_290101,HALL_01,1094,Q001,A,306.2
NEET24_290101_0195,CENTRE_KA_290101,HALL_01,1095,Q001,A,421.5
NEET24_290101_0196,CENTRE_KA_290101,HALL_01,1096,Q001,A,507.8
NEET24_290101_0197,CENTRE_KA_290101,HALL_01,1097,Q001,A,289.6
NEET24_290101_0198,CENTRE_KA_290101,HALL_01,1098,Q001,A,290.4
NEET24_290101_0199,CENTRE_KA_290101,HALL_01,1099,Q001,A,348.1
NEET24_290101_0200,CENTRE_KA_290101,HALL_01,1100,Q001,A,445.1
NEET24_330101_0001,CENTRE_TN_330101,HALL_01,1101,Q001,A,402.5
NEET24_330101_0002,CENTRE_TN_330101,HALL_01,1102,Q001,A,336.2
NEET24_330101_0003,CENTRE_TN_330101,HALL_01,1103,Q001,A,229.0
NEET24_330101_0004,CENTRE_TN_330101,HALL_01,1104,Q001,A,367.7
NEET24_330101_0005,CENTRE_TN_330101,HALL_01,1105,Q001,A,369.5
NEET24_330101_0006,CENTRE_TN_330101,HALL_01,1106,Q001,A,482.3
NEET24_330101_0007,CENTRE_TN_330101,HALL_01,1107,Q001,A,300.2
NEET24_330101_0008,CENTRE_TN_330101,HALL_01,1108,Q001,A,283.0
NEET24_330101_0009,CENTRE_TN_330101,HALL_01,1109,Q001,A,236.3
NEET24_330101_0010,CENTRE_TN_330101,HALL_01,1110,Q001,A,531.8
NEET24_330101_0011,CENTRE_TN_330101,HALL_01,1111,Q001,A,144.8
NEET24_330101_0012,CENTRE_TN_330101,HALL_01,1112,Q001,A,113.5
NEET24_330101_0013,CENTRE_TN_330101,HALL_01,1113,Q001,A,459.1
NEET24_330101_0014,CENTRE_TN_330101,HALL_01,1114,Q001,A,429.8
NEET24_330101_0015,CENTRE_TN_330101,HALL_01,1115,Q001,A,370.1
NEET24_330101_0016,CENTRE_TN_330101,HALL_01,1116,Q001,A,319.4
NEET24_330101_0017,CENTRE_TN_330101,HALL_01,1117,Q001,A,389.7
NEET24_330101_0018,CENTRE_TN_330101,HALL_01,1118,Q001,A,273.4
NEET24_330101_0019,CENTRE_TN_330101,HALL_01,1119,Q001,A,336.9
NEET24_330101_0020,CENTRE_TN_330101,HALL_01,1120,Q001,A,118.5
NEET24_330101_0021,CENTRE_TN_330101,HALL_01,1121,Q001,A,364.9
NEET24_330101_0022,CENTRE_TN_330101,HALL_01,1122,Q001,A,253.7
NEET24_330101_0023,CENTRE_TN_330101,HALL_01,1123,Q001,A,458.5
NEET24_330101_0024,CENTRE_TN_330101,HALL_01,1124,Q001,A,409.8
NEET24_330101_0025,CENTRE_TN_330101,HALL_01,1125,Q001,A,401.4
NEET24_330101_0026,CENTRE_TN_330101,HALL_01,1126,Q001,A,358.2
NEET24_330101_0027,CENTRE_TN_330101,HALL_01,1127,Q001,A,460.4
NEET24_330101_0028,CENTRE_TN_330101,HALL_01,1128,Q001,A,157.8
NEET24_330101_0029,CENTRE_TN_330101,HALL_01,1129,Q001,A,266.6
NEET24_330101_0030,CENTRE_TN_330101,HALL_01,1130,Q001,A,215.6
NEET24_330101_0031,CENTRE_TN_330101,HALL_01,1131,Q001,A,220.6
NEET24_330101_0032,CENTRE_TN_330101,HALL_01,1132,Q001,A,192.3
NEET24_330101_0033,CENTRE_TN_330101,HALL_01,1133,Q001,A,285.0
NEET24_330101_0034,CENTRE_TN_330101,HALL_01,1134,Q001,A,243.2
NEET24_330101_0035,CENTRE_TN_330101,HALL_01,1135,Q001,A,192.0
NEET24_330101_0036,CENTRE_TN_330101,HALL_01,1136,Q001,A,430.4
NEET24_330101_0037,CENTRE_TN_330101,HALL_01,1137,Q001,A,356.6
NEET24_330101_0038,CENTRE_TN_330101,HALL_01,1138,Q001,A,360.2
NEET24_330101_0039,CENTRE_TN_330101,HALL_01,1139,Q001,A,81.3
NEET24_330101_0040,CENTRE_TN_330101,HALL_01,1140,Q001,A,296.9
NEET24_330101_0041,CENTRE_TN_330101,HALL_01,1141,Q001,A,398.6
NEET24_330101_0042,CENTRE_TN_330101,HALL_01,1142,Q001,A,444.6
NEET24_330101_0043,CENTRE_TN_330101,HALL_01,1143,Q001,A,471.9
NEET24_330101_0044,CENTRE_TN_330101,HALL_01,1144,Q001,A,511.2
NEET24_330101_0045,CENTRE_TN_330101,HALL_01,1145,Q001,A,420.0
NEET24_330101_0046,CENTRE_TN_330101,HALL_01,1146,Q001,A,389.7
NEET24_330101_0047,CENTRE_TN_330101,HALL_01,1147,Q001,A,331.1
NEET24_330101_0048,CENTRE_TN_330101,HALL_01,1148,Q001,A,230.3
NEET24_330101_0049,CENTRE_TN_330101,HALL_01,1149,Q001,A,318.7
NEET24_330101_0050,CENTRE_TN_330101,HALL_01,1150,Q001,A,275.5
NEET24_330101_0051,CENTRE_TN_330101,HALL_01,1151,Q001,A,359.3
NEET24_330101_0052,CENTRE_TN_330101,HALL_01,1152,Q001,A,301.5
NEET24_330101_0053,CENTRE_TN_330101,HALL_01,1153,Q001,A,434.3
NEET24_330101_0054,CENTRE_TN_330101,HALL_01,1154,Q001,A,484.5
NEET24_330101_0055,CENTRE_TN_330101,HALL_01,1155,Q001,A,284.3
NEET24_330101_0056,CENTRE_TN_330101,HALL_01,1156,Q001,A,389.7
NEET24_330101_0057,CENTRE_TN_330101,HALL_01,1157,Q001,A,295.3
NEET24_330101_0058,CENTRE_TN_330101,HALL_01,1158,Q001,A,341.0
NEET24_330101_0059,CENTRE_TN_330101,HALL_01,1159,Q001,A,303.3
NEET24_330101_0060,CENTRE_TN_330101,HALL_01,1160,Q001,A,448.4
NEET24_330101_0061,CENTRE_TN_330101,HALL_01,1161,Q001,A,401.0
NEET24_330101_0062,CENTRE_TN_330101,HALL_01,1162,Q001,A,200.4
NEET24_330101_0063,CENTRE_TN_330101,HALL_01,1163,Q001,A,412.2
NEET24_330101_0064,CENTRE_TN_330101,HALL_01,1164,Q001,A,271.2
NEET24_330101_0065,CENTRE_TN_330101,HALL_01,1165,Q001,A,381.1
NEET24_330101_0066,CENTRE_TN_330101,HALL_01,1166,Q001,A,234.5
NEET24_330101_0067,CENTRE_TN_330101,HALL_01,1167,Q001,A,331.8
NEET24_330101_0068,CENTRE_TN_330101,HALL_01,1168,Q001,A,472.8
NEET24_330101_0069,CENTRE_TN_330101,HALL_01,1169,Q001,A,451.1
NEET24_330101_0070,CENTRE_TN_330101,HALL_01,1170,Q001,A,222.7
NEET24_330101_0071,CENTRE_TN_330101,HALL_01,1171,Q001,A,262.3
NEET24_330101_0072,CENTRE_TN_330101,HALL_01,1172,Q001,A,310.9
NEET24_330101_0073,CENTRE_TN_330101,HALL_01,1173,Q001,A,415.8
NEET24_330101_0074,CENTRE_TN_330101,HALL_01,1174,Q001,A,378.4
NEET24_330101_0075,CENTRE_TN_330101,HALL_01,1175,Q001,A,336.2
NEET24_330101_0076,CENTRE_TN_330101,HALL_01,1176,Q001,A,418.3
NEET24_330101_0077,CENTRE_TN_330101,HALL_01,1177,Q001,A,606.0
NEET24_330101_0078,CENTRE_TN_330101,HALL_01,1178,Q001,A,361.3
NEET24_330101_0079,CENTRE_TN_330101,HALL_01,1179,Q001,A,145.7
NEET24_330101_0080,CENTRE_TN_330101,HALL_01,1180,Q001,A,325.7
NEET24_330101_0081,CENTRE_TN_330101,HALL_01,1181,Q001,A,396.4
NEET24_330101_0082,CENTRE_TN_330101,HALL_01,1182,Q001,A,218.0
NEET24_330101_0083,CENTRE_TN_330101,HALL_01,1183,Q001,A,342.0
NEET24_330101_0084,CENTRE_TN_330101,HALL_01,1184,Q001,A,437.6
NEET24_330101_0085,CENTRE_TN_330101,HALL_01,1185,Q001,A,442.9
NEET24_330101_0086,CENTRE_TN_330101,HALL_01,1186,Q001,A,358.3
NEET24_330101_0087,CENTRE_TN_330101,HALL_01,1187,Q001,A,486.0
NEET24_330101_0088,CENTRE_TN_330101,HALL_01,1188,Q001,A,287.0
NEET24_330101_0089,CENTRE_TN_330101,HALL_01,1189,Q001,A,246.4
NEET24_330101_0090,CENTRE_TN_330101,HALL_01,1190,Q001,A,188.9
NEET24_330101_0091,CENTRE_TN_330101,HALL_01,1191,Q001,A,454.1
NEET24_330101_0092,CENTRE_TN_330101,HALL_01,1192,Q001,A,222.5
NEET24_330101_0093,CENTRE_TN_330101,HALL_01,1193,Q001,A,389.8
NEET24_330101_0094,CENTRE_TN_330101,HALL_01,1194,Q001,A,428.0
NEET24_330101_0095,CENTRE_TN_330101,HALL_01,1195,Q001,A,386.8
NEET24_330101_0096,CENTRE_TN_330101,HALL_01,1196,Q001,A,234.3
NEET24_330101_0097,CENTRE_TN_330101,HALL_01,1197,Q001,A,390.3
NEET24_330101_0098,CENTRE_TN_330101,HALL_01,1198,Q001,A,279.5
NEET24_330101_0099,CENTRE_TN_330101,HALL_01,1199,Q001,A,266.7
NEET24_330101_0100,CENTRE_TN_330101,HALL_01,1200,Q001,A,92.4
NEET24_330101_0101,CENTRE_TN_330101,HALL_01,1201,Q001,A,508.2
NEET24_330101_0102,CENTRE_TN_330101,HALL_01,1202,Q001,A,471.7
NEET24_330101_0103,CENTRE_TN_330101,HALL_01,1203,Q001,A,586.3
NEET24_330101_0104,CENTRE_TN_330101,HALL_01,1204,Q001,A,169.6
NEET24_330101_0105,CENTRE_TN_330101,HALL_01,1205,Q001,A,383.6
NEET24_330101_0106,CENTRE_TN_330101,HALL_01,1206,Q001,A,260.4
NEET24_330101_0107,CENTRE_TN_330101,HALL_01,1207,Q001,A,434.0
NEET24_330101_0108,CENTRE_TN_330101,HALL_01,1208,Q001,A,436.8
NEET24_330101_0109,CENTRE_TN_330101,HALL_01,1209,Q001,A,415.9
NEET24_330101_0110,CENTRE_TN_330101,HALL_01,1210,Q001,A,302.3
NEET24_330101_0111,CENTRE_TN_330101,HALL_01,1211,Q001,A,367.3
NEET24_330101_0112,CENTRE_TN_330101,HALL_01,1212,Q001,A,470.7
NEET24_330101_0113,CENTRE_TN_330101,HALL_01,1213,Q001,A,201.7
NEET24_330101_0114,CENTRE_TN_330101,HALL_01,1214,Q001,A,375.5
NEET24_330101_0115,CENTRE_TN_330101,HALL_01,1215,Q001,A,536.7
NEET24_330101_0116,CENTRE_TN_330101,HALL_01,1216,Q001,A,484.5
NEET24_330101_0117,CENTRE_TN_330101,HALL_01,1217,Q001,A,415.2
NEET24_330101_0118,CENTRE_TN_330101,HALL_01,1218,Q001,A,265.9
NEET24_330101_0119,CENTRE_TN_330101,HALL_01,1219,Q001,A,325.6
NEET24_330101_0120,CENTRE_TN_330101,HALL_01,1220,Q001,A,357.5
NEET24_330101_0121,CENTRE_TN_330101,HALL_01,1221,Q001,A,234.5
NEET24_330101_0122,CENTRE_TN_330101,HALL_01,1222,Q001,A,499.9
NEET24_330101_0123,CENTRE_TN_330101,HALL_01,1223,Q001,A,297.0
NEET24_330101_0124,CENTRE_TN_330101,HALL_01,1224,Q001,A,372.1
NEET24_330101_0125,CENTRE_TN_330101,HALL_01,1225,Q001,A,382.9
NEET24_330101_0126,CENTRE_TN_330101,HALL_01,1226,Q001,A,337.3
NEET24_330101_0127,CENTRE_TN_330101,HALL_01,1227,Q001,A,410.9
NEET24_330101_0128,CENTRE_TN_330101,HALL_01,1228,Q001,A,451.2
NEET24_330101_0129,CENTRE_TN_330101,HALL_01,1229,Q001,A,499.0
NEET24_330101_0130,CENTRE_TN_330101,HALL_01,1230,Q001,A,591.6
NEET24_330101_0131,CENTRE_TN_330101,HALL_01,1231,Q001,A,468.9
NEET24_330101_0132,CENTRE_TN_330101,HALL_01,1232,Q001,A,250.9
NEET24_330101_0133,CENTRE_TN_330101,HALL_01,1233,Q001,A,247.5
NEET24_330101_0134,CENTRE_TN_330101,HALL_01,1234,Q001,A,200.6
NEET24_330101_0135,CENTRE_TN_330101,HALL_01,1235,Q001,A,281.0
NEET24_330101_0136,CENTRE_TN_330101,HALL_01,1236,Q001,A,240.3
NEET24_330101_0137,CENTRE_TN_330101,HALL_01,1237,Q001,A,124.1
NEET24_330101_0138,CENTRE_TN_330101,HALL_01,1238,Q001,A,129.8
NEET24_330101_0139,CENTRE_TN_330101,HALL_01,1239,Q001,A,80.0
NEET24_330101_0140,CENTRE_TN_330101,HALL_01,1240,Q001,A,204.2
NEET24_330101_0141,CENTRE_TN_330101,HALL_01,1241,Q001,A,614.2
NEET24_330101_0142,CENTRE_TN_330101,HALL_01,1242,Q001,A,290.0
NEET24_330101_0143,CENTRE_TN_330101,HALL_01,1243,Q001,A,453.3
NEET24_330101_0144,CENTRE_TN_330101,HALL_01,1244,Q001,A,180.6
NEET24_330101_0145,CENTRE_TN_330101,HALL_01,1245,Q001,A,371.5
NEET24_330101_0146,CENTRE_TN_330101,HALL_01,1246,Q001,A,384.2
NEET24_330101_0147,CENTRE_TN_330101,HALL_01,1247,Q001,A,192.6
NEET24_330101_0148,CENTRE_TN_330101,HALL_01,1248,Q001,A,313.0
NEET24_330101_0149,CENTRE_TN_330101,HALL_01,1249,Q001,A,376.2
NEET24_330101_0150,CENTRE_TN_330101,HALL_01,1250,Q001,A,309.1
NEET24_330101_0151,CENTRE_TN_330101,HALL_01,1251,Q001,A,347.6
NEET24_330101_0152,CENTRE_TN_330101,HALL_01,1252,Q001,A,275.8
NEET24_330101_0153,CENTRE_TN_330101,HALL_01,1253,Q001,A,409.5
NEET24_330101_0154,CENTRE_TN_330101,HALL_01,1254,Q001,A,145.5
NEET24_330101_0155,CENTRE_TN_330101,HALL_01,1255,Q001,A,90.3
NEET24_330101_0156,CENTRE_TN_330101,HALL_01,1256,Q001,A,470.2
NEET24_330101_0157,CENTRE_TN_330101,HALL_01,1257,Q001,A,423.0
NEET24_330101_0158,CENTRE_TN_330101,HALL_01,1258,Q001,A,226.7
NEET24_330101_0159,CENTRE_TN_330101,HALL_01,1259,Q001,A,440.6
NEET24_330101_0160,CENTRE_TN_330101,HALL_01,1260,Q001,A,520.7
NEET24_330101_0161,CENTRE_TN_330101,HALL_01,1261,Q001,A,286.5
NEET24_330101_0162,CENTRE_TN_330101,HALL_01,1262,Q001,A,583.5
NEET24_330101_0163,CENTRE_TN_330101,HALL_01,1263,Q001,A,404.2
NEET24_330101_0164,CENTRE_TN_330101,HALL_01,1264,Q001,A,273.1
NEET24_330101_0165,CENTRE_TN_330101,HALL_01,1265,Q001,A,307.7
NEET24_330101_0166,CENTRE_TN_330101,HALL_01,1266,Q001,A,232.8
NEET24_330101_0167,CENTRE_TN_330101,HALL_01,1267,Q001,A,256.8
NEET24_330101_0168,CENTRE_TN_330101,HALL_01,1268,Q001,A,461.4
NEET24_330101_0169,CENTRE_TN_330101,HALL_01,1269,Q001,A,307.0
NEET24_330101_0170,CENTRE_TN_330101,HALL_01,1270,Q001,A,421.9
NEET24_330101_0171,CENTRE_TN_330101,HALL_01,1271,Q001,A,136.7
NEET24_330101_0172,CENTRE_TN_330101,HALL_01,1272,Q001,A,388.0
NEET24_330101_0173,CENTRE_TN_330101,HALL_01,1273,Q001,A,334.7
NEET24_330101_0174,CENTRE_TN_330101,HALL_01,1274,Q001,A,320.3
NEET24_330101_0175,CENTRE_TN_330101,HALL_01,1275,Q001,A,314.2
NEET24_330101_0176,CENTRE_TN_330101,HALL_01,1276,Q001,A,247.1
NEET24_330101_0177,CENTRE_TN_330101,HALL_01,1277,Q001,A,80.0
NEET24_330101_0178,CENTRE_TN_330101,HALL_01,1278,Q001,A,184.0
NEET24_330101_0179,CENTRE_TN_330101,HALL_01,1279,Q001,A,316.2
NEET24_330101_0180,CENTRE_TN_330101,HALL_01,1280,Q001,A,171.3
NEET24_190101_0001,CENTRE_WB_190101,HALL_01,1281,Q001,A,534.1
NEET24_190101_0002,CENTRE_WB_190101,HALL_01,1282,Q001,A,189.1
NEET24_190101_0003,CENTRE_WB_190101,HALL_01,1283,Q001,A,469.0
NEET24_190101_0004,CENTRE_WB_190101,HALL_01,1284,Q001,A,323.7
NEET24_190101_0005,CENTRE_WB_190101,HALL_01,1285,Q001,A,306.0
NEET24_190101_0006,CENTRE_WB_190101,HALL_01,1286,Q001,A,269.4
NEET24_190101_0007,CENTRE_WB_190101,HALL_01,1287,Q001,A,263.9
NEET24_190101_0008,CENTRE_WB_190101,HALL_01,1288,Q001,A,269.5
NEET24_190101_0009,CENTRE_WB_190101,HALL_01,1289,Q001,A,468.9
NEET24_190101_0010,CENTRE_WB_190101,HALL_01,1290,Q001,A,273.7
NEET24_190101_0011,CENTRE_WB_190101,HALL_01,1291,Q001,A,397.3
NEET24_190101_0012,CENTRE_WB_190101,HALL_01,1292,Q001,A,516.9
NEET24_190101_0013,CENTRE_WB_190101,HALL_01,1293,Q001,A,101.4
NEET24_190101_0014,CENTRE_WB_190101,HALL_01,1294,Q001,A,287.5
NEET24_190101_0015,CENTRE_WB_190101,HALL_01,1295,Q001,A,300.5
NEET24_190101_0016,CENTRE_WB_190101,HALL_01,1296,Q001,A,488.0
NEET24_190101_0017,CENTRE_WB_190101,HALL_01,1297,Q001,A,423.2
NEET24_190101_0018,CENTRE_WB_190101,HALL_01,1298,Q001,A,425.9
NEET24_190101_0019,CENTRE_WB_190101,HALL_01,1299,Q001,A,290.5
NEET24_190101_0020,CENTRE_WB_190101,HALL_01,1300,Q001,A,245.7
NEET24_190101_0021,CENTRE_WB_190101,HALL_01,1301,Q001,A,199.3
NEET24_190101_0022,CENTRE_WB_190101,HALL_01,1302,Q001,A,464.5
NEET24_190101_0023,CENTRE_WB_190101,HALL_01,1303,Q001,A,470.9
NEET24_190101_0024,CENTRE_WB_190101,HALL_01,1304,Q001,A,466.8
NEET24_190101_0025,CENTRE_WB_190101,HALL_01,1305,Q001,A,414.7
NEET24_190101_0026,CENTRE_WB_190101,HALL_01,1306,Q001,A,276.3
NEET24_190101_0027,CENTRE_WB_190101,HALL_01,1307,Q001,A,259.5
NEET24_190101_0028,CENTRE_WB_190101,HALL_01,1308,Q001,A,464.4
NEET24_190101_0029,CENTRE_WB_190101,HALL_01,1309,Q001,A,468.9
NEET24_190101_0030,CENTRE_WB_190101,HALL_01,1310,Q001,A,680.0
NEET24_190101_0031,CENTRE_WB_190101,HALL_01,1311,Q001,A,211.5
NEET24_190101_0032,CENTRE_WB_190101,HALL_01,1312,Q001,A,383.4
NEET24_190101_0033,CENTRE_WB_190101,HALL_01,1313,Q001,A,313.4
NEET24_190101_0034,CENTRE_WB_190101,HALL_01,1314,Q001,A,274.3
NEET24_190101_0035,CENTRE_WB_190101,HALL_01,1315,Q001,A,219.7
NEET24_190101_0036,CENTRE_WB_190101,HALL_01,1316,Q001,A,438.2
NEET24_190101_0037,CENTRE_WB_190101,HALL_01,1317,Q001,A,351.3
NEET24_190101_0038,CENTRE_WB_190101,HALL_01,1318,Q001,A,440.3
NEET24_190101_0039,CENTRE_WB_190101,HALL_01,1319,Q001,A,308.2
NEET24_190101_0040,CENTRE_WB_190101,HALL_01,1320,Q001,A,347.6
NEET24_190101_0041,CENTRE_WB_190101,HALL_01,1321,Q001,A,265.3
NEET24_190101_0042,CENTRE_WB_190101,HALL_01,1322,Q001,A,406.7
NEET24_190101_0043,CENTRE_WB_190101,HALL_01,1323,Q001,A,340.0
NEET24_190101_0044,CENTRE_WB_190101,HALL_01,1324,Q001,A,282.5
NEET24_190101_0045,CENTRE_WB_190101,HALL_01,1325,Q001,A,534.3
NEET24_190101_0046,CENTRE_WB_190101,HALL_01,1326,Q001,A,196.9
NEET24_190101_0047,CENTRE_WB_190101,HALL_01,1327,Q001,A,333.1
NEET24_190101_0048,CENTRE_WB_190101,HALL_01,1328,Q001,A,330.0
NEET24_190101_0049,CENTRE_WB_190101,HALL_01,1329,Q001,A,199.7
NEET24_190101_0050,CENTRE_WB_190101,HALL_01,1330,Q001,A,216.4
NEET24_190101_0051,CENTRE_WB_190101,HALL_01,1331,Q001,A,139.9
NEET24_190101_0052,CENTRE_WB_190101,HALL_01,1332,Q001,A,225.6
NEET24_190101_0053,CENTRE_WB_190101,HALL_01,1333,Q001,A,235.2
NEET24_190101_0054,CENTRE_WB_190101,HALL_01,1334,Q001,A,381.1
NEET24_190101_0055,CENTRE_WB_190101,HALL_01,1335,Q001,A,399.9
NEET24_190101_0056,CENTRE_WB_190101,HALL_01,1336,Q001,A,283.4
NEET24_190101_0057,CENTRE_WB_190101,HALL_01,1337,Q001,A,189.3
NEET24_190101_0058,CENTRE_WB_190101,HALL_01,1338,Q001,A,490.5
NEET24_190101_0059,CENTRE_WB_190101,HALL_01,1339,Q001,A,234.5
NEET24_190101_0060,CENTRE_WB_190101,HALL_01,1340,Q001,A,445.4
NEET24_190101_0061,CENTRE_WB_190101,HALL_01,1341,Q001,A,369.7
NEET24_190101_0062,CENTRE_WB_190101,HALL_01,1342,Q001,A,282.3
NEET24_190101_0063,CENTRE_WB_190101,HALL_01,1343,Q001,A,80.0
NEET24_190101_0064,CENTRE_WB_190101,HALL_01,1344,Q001,A,192.4
NEET24_190101_0065,CENTRE_WB_190101,HALL_01,1345,Q001,A,217.0
NEET24_190101_0066,CENTRE_WB_190101,HALL_01,1346,Q001,A,357.7
NEET24_190101_0067,CENTRE_WB_190101,HALL_01,1347,Q001,A,257.9
NEET24_190101_0068,CENTRE_WB_190101,HALL_01,1348,Q001,A,360.3
NEET24_190101_0069,CENTRE_WB_190101,HALL_01,1349,Q001,A,637.8
NEET24_190101_0070,CENTRE_WB_190101,HALL_01,1350,Q001,A,393.3
NEET24_190101_0071,CENTRE_WB_190101,HALL_01,1351,Q001,A,96.8
NEET24_190101_0072,CENTRE_WB_190101,HALL_01,1352,Q001,A,399.7
NEET24_190101_0073,CENTRE_WB_190101,HALL_01,1353,Q001,A,502.6
NEET24_190101_0074,CENTRE_WB_190101,HALL_01,1354,Q001,A,228.0
NEET24_190101_0075,CENTRE_WB_190101,HALL_01,1355,Q001,A,286.9
NEET24_190101_0076,CENTRE_WB_190101,HALL_01,1356,Q001,A,364.3
NEET24_190101_0077,CENTRE_WB_190101,HALL_01,1357,Q001,A,141.9
NEET24_190101_0078,CENTRE_WB_190101,HALL_01,1358,Q001,A,220.2
NEET24_190101_0079,CENTRE_WB_190101,HALL_01,1359,Q001,A,337.8
NEET24_190101_0080,CENTRE_WB_190101,HALL_01,1360,Q001,A,380.3
NEET24_190101_0081,CENTRE_WB_190101,HALL_01,1361,Q001,A,405.3
NEET24_190101_0082,CENTRE_WB_190101,HALL_01,1362,Q001,A,155.1
NEET24_190101_0083,CENTRE_WB_190101,HALL_01,1363,Q001,A,197.2
NEET24_190101_0084,CENTRE_WB_190101,HALL_01,1364,Q001,A,464.6
NEET24_190101_0085,CENTRE_WB_190101,HALL_01,1365,Q001,A,382.4
NEET24_190101_0086,CENTRE_WB_190101,HALL_01,1366,Q001,A,154.8
NEET24_190101_0087,CENTRE_WB_190101,HALL_01,1367,Q001,A,534.2
NEET24_190101_0088,CENTRE_WB_190101,HALL_01,1368,Q001,A,306.7
NEET24_190101_0089,CENTRE_WB_190101,HALL_01,1369,Q001,A,205.5
NEET24_190101_0090,CENTRE_WB_190101,HALL_01,1370,Q001,A,374.1
NEET24_190101_0091,CENTRE_WB_190101,HALL_01,1371,Q001,A,374.0
NEET24_190101_0092,CENTRE_WB_190101,HALL_01,1372,Q001,A,407.1
NEET24_190101_0093,CENTRE_WB_190101,HALL_01,1373,Q001,A,446.2
NEET24_190101_0094,CENTRE_WB_190101,HALL_01,1374,Q001,A,123.9
NEET24_190101_0095,CENTRE_WB_190101,HALL_01,1375,Q001,A,321.8
NEET24_190101_0096,CENTRE_WB_190101,HALL_01,1376,Q001,A,551.9
NEET24_190101_0097,CENTRE_WB_190101,HALL_01,1377,Q001,A,477.7
NEET24_190101_0098,CENTRE_WB_190101,HALL_01,1378,Q001,A,437.3
NEET24_190101_0099,CENTRE_WB_190101,HALL_01,1379,Q001,A,121.7
NEET24_190101_0100,CENTRE_WB_190101,HALL_01,1380,Q001,A,447.9
NEET24_190101_0101,CENTRE_WB_190101,HALL_01,1381,Q001,A,289.6
NEET24_190101_0102,CENTRE_WB_190101,HALL_01,1382,Q001,A,251.4
NEET24_190101_0103,CENTRE_WB_190101,HALL_01,1383,Q001,A,407.4
NEET24_190101_0104,CENTRE_WB_190101,HALL_01,1384,Q001,A,304.2
NEET24_190101_0105,CENTRE_WB_190101,HALL_01,1385,Q001,A,371.1
NEET24_190101_0106,CENTRE_WB_190101,HALL_01,1386,Q001,A,356.0
NEET24_190101_0107,CENTRE_WB_190101,HALL_01,1387,Q001,A,439.5
NEET24_190101_0108,CENTRE_WB_190101,HALL_01,1388,Q001,A,488.0
NEET24_190101_0109,CENTRE_WB_190101,HALL_01,1389,Q001,A,446.2
NEET24_190101_0110,CENTRE_WB_190101,HALL_01,1390,Q001,A,307.0
NEET24_190101_0111,CENTRE_WB_190101,HALL_01,1391,Q001,A,395.6
NEET24_190101_0112,CENTRE_WB_190101,HALL_01,1392,Q001,A,589.4
NEET24_190101_0113,CENTRE_WB_190101,HALL_01,1393,Q001,A,401.2
NEET24_190101_0114,CENTRE_WB_190101,HALL_01,1394,Q001,A,126.3
NEET24_190101_0115,CENTRE_WB_190101,HALL_01,1395,Q001,A,377.4
NEET24_190101_0116,CENTRE_WB_190101,HALL_01,1396,Q001,A,347.2
NEET24_190101_0117,CENTRE_WB_190101,HALL_01,1397,Q001,A,210.8
NEET24_190101_0118,CENTRE_WB_190101,HALL_01,1398,Q001,A,152.8
NEET24_190101_0119,CENTRE_WB_190101,HALL_01,1399,Q001,A,174.3
NEET24_190101_0120,CENTRE_WB_190101,HALL_01,1400,Q001,A,419.6
NEET24_190101_0121,CENTRE_WB_190101,HALL_01,1401,Q001,A,349.5
NEET24_190101_0122,CENTRE_WB_190101,HALL_01,1402,Q001,A,501.1
NEET24_190101_0123,CENTRE_WB_190101,HALL_01,1403,Q001,A,560.4
NEET24_190101_0124,CENTRE_WB_190101,HALL_01,1404,Q001,A,246.5
NEET24_190101_0125,CENTRE_WB_190101,HALL_01,1405,Q001,A,263.7
NEET24_190101_0126,CENTRE_WB_190101,HALL_01,1406,Q001,A,353.9
NEET24_190101_0127,CENTRE_WB_190101,HALL_01,1407,Q001,A,256.4
NEET24_190101_0128,CENTRE_WB_190101,HALL_01,1408,Q001,A,401.2
NEET24_190101_0129,CENTRE_WB_190101,HALL_01,1409,Q001,A,398.8
NEET24_190101_0130,CENTRE_WB_190101,HALL_01,1410,Q001,A,236.8
NEET24_190101_0131,CENTRE_WB_190101,HALL_01,1411,Q001,A,216.9
NEET24_190101_0132,CENTRE_WB_190101,HALL_01,1412,Q001,A,542.1
NEET24_190101_0133,CENTRE_WB_190101,HALL_01,1413,Q001,A,424.2
NEET24_190101_0134,CENTRE_WB_190101,HALL_01,1414,Q001,A,197.5
NEET24_190101_0135,CENTRE_WB_190101,HALL_01,1415,Q001,A,340.2
NEET24_190101_0136,CENTRE_WB_190101,HALL_01,1416,Q001,A,238.4
NEET24_190101_0137,CENTRE_WB_190101,HALL_01,1417,Q001,A,229.1
NEET24_190101_0138,CENTRE_WB_190101,HALL_01,1418,Q001,A,321.3
NEET24_190101_0139,CENTRE_WB_190101,HALL_01,1419,Q001,A,246.4
NEET24_190101_0140,CENTRE_WB_190101,HALL_01,1420,Q001,A,447.3
NEET24_190101_0141,CENTRE_WB_190101,HALL_01,1421,Q001,A,341.1
NEET24_190101_0142,CENTRE_WB_190101,HALL_01,1422,Q001,A,273.1
NEET24_190101_0143,CENTRE_WB_190101,HALL_01,1423,Q001,A,308.2
NEET24_190101_0144,CENTRE_WB_190101,HALL_01,1424,Q001,A,271.2
NEET24_190101_0145,CENTRE_WB_190101,HALL_01,1425,Q001,A,218.1
NEET24_190101_0146,CENTRE_WB_190101,HALL_01,1426,Q001,A,157.6
NEET24_190101_0147,CENTRE_WB_190101,HALL_01,1427,Q001,A,558.7
NEET24_190101_0148,CENTRE_WB_190101,HALL_01,1428,Q001,A,145.6
NEET24_190101_0149,CENTRE_WB_190101,HALL_01,1429,Q001,A,284.7
NEET24_190101_0150,CENTRE_WB_190101,HALL_01,1430,Q001,A,316.7
NEET24_190101_0151,CENTRE_WB_190101,HALL_01,1431,Q001,A,338.9
NEET24_190101_0152,CENTRE_WB_190101,HALL_01,1432,Q001,A,364.0
NEET24_190101_0153,CENTRE_WB_190101,HALL_01,1433,Q001,A,315.5
NEET24_190101_0154,CENTRE_WB_190101,HALL_01,1434,Q001,A,255.7
NEET24_190101_0155,CENTRE_WB_190101,HALL_01,1435,Q001,A,412.5
NEET24_190101_0156,CENTRE_WB_190101,HALL_01,1436,Q001,A,338.2
NEET24_190101_0157,CENTRE_WB_190101,HALL_01,1437,Q001,A,231.9
NEET24_190101_0158,CENTRE_WB_190101,HALL_01,1438,Q001,A,417.8
NEET24_190101_0159,CENTRE_WB_190101,HALL_01,1439,Q001,A,375.2
NEET24_190101_0160,CENTRE_WB_190101,HALL_01,1440,Q001,A,310.3
NEET24_190101_0161,CENTRE_WB_190101,HALL_01,1441,Q001,A,295.1
NEET24_190101_0162,CENTRE_WB_190101,HALL_01,1442,Q001,A,171.7
NEET24_190101_0163,CENTRE_WB_190101,HALL_01,1443,Q001,A,244.8
NEET24_190101_0164,CENTRE_WB_190101,HALL_01,1444,Q001,A,411.7
NEET24_190101_0165,CENTRE_WB_190101,HALL_01,1445,Q001,A,419.7
NEET24_190101_0166,CENTRE_WB_190101,HALL_01,1446,Q001,A,252.9
NEET24_190101_0167,CENTRE_WB_190101,HALL_01,1447,Q001,A,480.1
NEET24_190101_0168,CENTRE_WB_190101,HALL_01,1448,Q001,A,424.5
NEET24_190101_0169,CENTRE_WB_190101,HALL_01,1449,Q001,A,187.1
NEET24_190101_0170,CENTRE_WB_190101,HALL_01,1450,Q001,A,470.3
NEET24_190101_0171,CENTRE_WB_190101,HALL_01,1451,Q001,A,324.2
NEET24_190101_0172,CENTRE_WB_190101,HALL_01,1452,Q001,A,365.6
NEET24_190101_0173,CENTRE_WB_190101,HALL_01,1453,Q001,A,396.4
NEET24_190101_0174,CENTRE_WB_190101,HALL_01,1454,Q001,A,281.6
NEET24_190101_0175,CENTRE_WB_190101,HALL_01,1455,Q001,A,80.0
NEET24_190101_0176,CENTRE_WB_190101,HALL_01,1456,Q001,A,415.1
NEET24_190101_0177,CENTRE_WB_190101,HALL_01,1457,Q001,A,357.8
NEET24_190101_0178,CENTRE_WB_190101,HALL_01,1458,Q001,A,401.2
NEET24_190101_0179,CENTRE_WB_190101,HALL_01,1459,Q001,A,108.4
NEET24_190101_0180,CENTRE_WB_190101,HALL_01,1460,Q001,A,300.3
NEET24_080101_0001,CENTRE_RJ_080101,HALL_01,1461,Q001,A,430.8
NEET24_080101_0002,CENTRE_RJ_080101,HALL_01,1462,Q001,A,170.4
NEET24_080101_0003,CENTRE_RJ_080101,HALL_01,1463,Q001,A,466.2
NEET24_080101_0004,CENTRE_RJ_080101,HALL_01,1464,Q001,A,309.0
NEET24_080101_0005,CENTRE_RJ_080101,HALL_01,1465,Q001,A,345.2
NEET24_080101_0006,CENTRE_RJ_080101,HALL_01,1466,Q001,A,283.0
NEET24_080101_0007,CENTRE_RJ_080101,HALL_01,1467,Q001,A,264.7
NEET24_080101_0008,CENTRE_RJ_080101,HALL_01,1468,Q001,A,363.3
NEET24_080101_0009,CENTRE_RJ_080101,HALL_01,1469,Q001,A,312.6
NEET24_080101_0010,CENTRE_RJ_080101,HALL_01,1470,Q001,A,288.7
NEET24_080101_0011,CENTRE_RJ_080101,HALL_01,1471,Q001,A,263.8
NEET24_080101_0012,CENTRE_RJ_080101,HALL_01,1472,Q001,A,377.6
NEET24_080101_0013,CENTRE_RJ_080101,HALL_01,1473,Q001,A,222.6
NEET24_080101_0014,CENTRE_RJ_080101,HALL_01,1474,Q001,A,239.8
NEET24_080101_0015,CENTRE_RJ_080101,HALL_01,1475,Q001,A,412.7
NEET24_080101_0016,CENTRE_RJ_080101,HALL_01,1476,Q001,A,440.8
NEET24_080101_0017,CENTRE_RJ_080101,HALL_01,1477,Q001,A,311.7
NEET24_080101_0018,CENTRE_RJ_080101,HALL_01,1478,Q001,A,408.2
NEET24_080101_0019,CENTRE_RJ_080101,HALL_01,1479,Q001,A,502.8
NEET24_080101_0020,CENTRE_RJ_080101,HALL_01,1480,Q001,A,201.9
NEET24_080101_0021,CENTRE_RJ_080101,HALL_01,1481,Q001,A,492.1
NEET24_080101_0022,CENTRE_RJ_080101,HALL_01,1482,Q001,A,335.0
NEET24_080101_0023,CENTRE_RJ_080101,HALL_01,1483,Q001,A,387.5
NEET24_080101_0024,CENTRE_RJ_080101,HALL_01,1484,Q001,A,231.4
NEET24_080101_0025,CENTRE_RJ_080101,HALL_01,1485,Q001,A,395.8
NEET24_080101_0026,CENTRE_RJ_080101,HALL_01,1486,Q001,A,412.5
NEET24_080101_0027,CENTRE_RJ_080101,HALL_01,1487,Q001,A,337.8
NEET24_080101_0028,CENTRE_RJ_080101,HALL_01,1488,Q001,A,325.5
NEET24_080101_0029,CENTRE_RJ_080101,HALL_01,1489,Q001,A,391.5
NEET24_080101_0030,CENTRE_RJ_080101,HALL_01,1490,Q001,A,294.7
NEET24_080101_0031,CENTRE_RJ_080101,HALL_01,1491,Q001,A,425.0
NEET24_080101_0032,CENTRE_RJ_080101,HALL_01,1492,Q001,A,167.6
NEET24_080101_0033,CENTRE_RJ_080101,HALL_01,1493,Q001,A,401.0
NEET24_080101_0034,CENTRE_RJ_080101,HALL_01,1494,Q001,A,402.3
NEET24_080101_0035,CENTRE_RJ_080101,HALL_01,1495,Q001,A,447.9
NEET24_080101_0036,CENTRE_RJ_080101,HALL_01,1496,Q001,A,164.9
NEET24_080101_0037,CENTRE_RJ_080101,HALL_01,1497,Q001,A,400.4
NEET24_080101_0038,CENTRE_RJ_080101,HALL_01,1498,Q001,A,475.0
NEET24_080101_0039,CENTRE_RJ_080101,HALL_01,1499,Q001,A,256.2
NEET24_080101_0040,CENTRE_RJ_080101,HALL_01,1500,Q001,A,189.3
NEET24_080101_0041,CENTRE_RJ_080101,HALL_01,1501,Q001,A,405.3
NEET24_080101_0042,CENTRE_RJ_080101,HALL_01,1502,Q001,A,350.2
NEET24_080101_0043,CENTRE_RJ_080101,HALL_01,1503,Q001,A,301.8
NEET24_080101_0044,CENTRE_RJ_080101,HALL_01,1504,Q001,A,284.2
NEET24_080101_0045,CENTRE_RJ_080101,HALL_01,1505,Q001,A,236.7
NEET24_080101_0046,CENTRE_RJ_080101,HALL_01,1506,Q001,A,149.2
NEET24_080101_0047,CENTRE_RJ_080101,HALL_01,1507,Q001,A,324.3
NEET24_080101_0048,CENTRE_RJ_080101,HALL_01,1508,Q001,A,355.5
NEET24_080101_0049,CENTRE_RJ_080101,HALL_01,1509,Q001,A,364.4
NEET24_080101_0050,CENTRE_RJ_080101,HALL_01,1510,Q001,A,440.6
NEET24_080101_0051,CENTRE_RJ_080101,HALL_01,1511,Q001,A,199.1
NEET24_080101_0052,CENTRE_RJ_080101,HALL_01,1512,Q001,A,284.7
NEET24_080101_0053,CENTRE_RJ_080101,HALL_01,1513,Q001,A,362.6
NEET24_080101_0054,CENTRE_RJ_080101,HALL_01,1514,Q001,A,354.5
NEET24_080101_0055,CENTRE_RJ_080101,HALL_01,1515,Q001,A,504.9
NEET24_080101_0056,CENTRE_RJ_080101,HALL_01,1516,Q001,A,158.0
NEET24_080101_0057,CENTRE_RJ_080101,HALL_01,1517,Q001,A,554.1
NEET24_080101_0058,CENTRE_RJ_080101,HALL_01,1518,Q001,A,405.0
NEET24_080101_0059,CENTRE_RJ_080101,HALL_01,1519,Q001,A,353.4
NEET24_080101_0060,CENTRE_RJ_080101,HALL_01,1520,Q001,A,234.7
NEET24_080101_0061,CENTRE_RJ_080101,HALL_01,1521,Q001,A,374.3
NEET24_080101_0062,CENTRE_RJ_080101,HALL_01,1522,Q001,A,296.8
NEET24_080101_0063,CENTRE_RJ_080101,HALL_01,1523,Q001,A,355.9
NEET24_080101_0064,CENTRE_RJ_080101,HALL_01,1524,Q001,A,411.3
NEET24_080101_0065,CENTRE_RJ_080101,HALL_01,1525,Q001,A,423.7
NEET24_080101_0066,CENTRE_RJ_080101,HALL_01,1526,Q001,A,303.4
NEET24_080101_0067,CENTRE_RJ_080101,HALL_01,1527,Q001,A,425.5
NEET24_080101_0068,CENTRE_RJ_080101,HALL_01,1528,Q001,A,365.5
NEET24_080101_0069,CENTRE_RJ_080101,HALL_01,1529,Q001,A,333.5
NEET24_080101_0070,CENTRE_RJ_080101,HALL_01,1530,Q001,A,394.3
NEET24_080101_0071,CENTRE_RJ_080101,HALL_01,1531,Q001,A,467.8
NEET24_080101_0072,CENTRE_RJ_080101,HALL_01,1532,Q001,A,389.3
NEET24_080101_0073,CENTRE_RJ_080101,HALL_01,1533,Q001,A,310.2
NEET24_080101_0074,CENTRE_RJ_080101,HALL_01,1534,Q001,A,368.0
NEET24_080101_0075,CENTRE_RJ_080101,HALL_01,1535,Q001,A,162.7
NEET24_080101_0076,CENTRE_RJ_080101,HALL_01,1536,Q001,A,374.9
NEET24_080101_0077,CENTRE_RJ_080101,HALL_01,1537,Q001,A,494.3
NEET24_080101_0078,CENTRE_RJ_080101,HALL_01,1538,Q001,A,196.0
NEET24_080101_0079,CENTRE_RJ_080101,HALL_01,1539,Q001,A,80.0
NEET24_080101_0080,CENTRE_RJ_080101,HALL_01,1540,Q001,A,359.1
NEET24_080101_0081,CENTRE_RJ_080101,HALL_01,1541,Q001,A,399.1
NEET24_080101_0082,CENTRE_RJ_080101,HALL_01,1542,Q001,A,403.3
NEET24_080101_0083,CENTRE_RJ_080101,HALL_01,1543,Q001,A,371.8
NEET24_080101_0084,CENTRE_RJ_080101,HALL_01,1544,Q001,A,249.9
NEET24_080101_0085,CENTRE_RJ_080101,HALL_01,1545,Q001,A,80.0
NEET24_080101_0086,CENTRE_RJ_080101,HALL_01,1546,Q001,A,451.8
NEET24_080101_0087,CENTRE_RJ_080101,HALL_01,1547,Q001,A,80.0
NEET24_080101_0088,CENTRE_RJ_080101,HALL_01,1548,Q001,A,510.1
NEET24_080101_0089,CENTRE_RJ_080101,HALL_01,1549,Q001,A,325.6
NEET24_080101_0090,CENTRE_RJ_080101,HALL_01,1550,Q001,A,303.5
NEET24_080101_0091,CENTRE_RJ_080101,HALL_01,1551,Q001,A,199.3
NEET24_080101_0092,CENTRE_RJ_080101,HALL_01,1552,Q001,A,315.6
NEET24_080101_0093,CENTRE_RJ_080101,HALL_01,1553,Q001,A,434.0
NEET24_080101_0094,CENTRE_RJ_080101,HALL_01,1554,Q001,A,439.3
NEET24_080101_0095,CENTRE_RJ_080101,HALL_01,1555,Q001,A,491.1
NEET24_080101_0096,CENTRE_RJ_080101,HALL_01,1556,Q001,A,318.1
NEET24_080101_0097,CENTRE_RJ_080101,HALL_01,1557,Q001,A,272.3
NEET24_080101_0098,CENTRE_RJ_080101,HALL_01,1558,Q001,A,287.2
NEET24_080101_0099,CENTRE_RJ_080101,HALL_01,1559,Q001,A,402.7
NEET24_080101_0100,CENTRE_RJ_080101,HALL_01,1560,Q001,A,542.9
NEET24_080101_0101,CENTRE_RJ_080101,HALL_01,1561,Q001,A,321.0
NEET24_080101_0102,CENTRE_RJ_080101,HALL_01,1562,Q001,A,351.2
NEET24_080101_0103,CENTRE_RJ_080101,HALL_01,1563,Q001,A,473.8
NEET24_080101_0104,CENTRE_RJ_080101,HALL_01,1564,Q001,A,243.8
NEET24_080101_0105,CENTRE_RJ_080101,HALL_01,1565,Q001,A,454.9
NEET24_080101_0106,CENTRE_RJ_080101,HALL_01,1566,Q001,A,80.0
NEET24_080101_0107,CENTRE_RJ_080101,HALL_01,1567,Q001,A,406.8
NEET24_080101_0108,CENTRE_RJ_080101,HALL_01,1568,Q001,A,503.7
NEET24_080101_0109,CENTRE_RJ_080101,HALL_01,1569,Q001,A,513.9
NEET24_080101_0110,CENTRE_RJ_080101,HALL_01,1570,Q001,A,446.1
NEET24_080101_0111,CENTRE_RJ_080101,HALL_01,1571,Q001,A,386.5
NEET24_080101_0112,CENTRE_RJ_080101,HALL_01,1572,Q001,A,312.9
NEET24_080101_0113,CENTRE_RJ_080101,HALL_01,1573,Q001,A,211.6
NEET24_080101_0114,CENTRE_RJ_080101,HALL_01,1574,Q001,A,240.0
NEET24_080101_0115,CENTRE_RJ_080101,HALL_01,1575,Q001,A,402.7
NEET24_080101_0116,CENTRE_RJ_080101,HALL_01,1576,Q001,A,287.0
NEET24_080101_0117,CENTRE_RJ_080101,HALL_01,1577,Q001,A,313.0
NEET24_080101_0118,CENTRE_RJ_080101,HALL_01,1578,Q001,A,321.5
NEET24_080101_0119,CENTRE_RJ_080101,HALL_01,1579,Q001,A,381.2
NEET24_080101_0120,CENTRE_RJ_080101,HALL_01,1580,Q001,A,204.4
NEET24_080101_0121,CENTRE_RJ_080101,HALL_01,1581,Q001,A,369.6
NEET24_080101_0122,CENTRE_RJ_080101,HALL_01,1582,Q001,A,489.6
NEET24_080101_0123,CENTRE_RJ_080101,HALL_01,1583,Q001,A,496.0
NEET24_080101_0124,CENTRE_RJ_080101,HALL_01,1584,Q001,A,194.8
NEET24_080101_0125,CENTRE_RJ_080101,HALL_01,1585,Q001,A,291.5
NEET24_080101_0126,CENTRE_RJ_080101,HALL_01,1586,Q001,A,346.7
NEET24_080101_0127,CENTRE_RJ_080101,HALL_01,1587,Q001,A,279.9
NEET24_080101_0128,CENTRE_RJ_080101,HALL_01,1588,Q001,A,108.5
NEET24_080101_0129,CENTRE_RJ_080101,HALL_01,1589,Q001,A,335.8
NEET24_080101_0130,CENTRE_RJ_080101,HALL_01,1590,Q001,A,408.0
NEET24_080101_0131,CENTRE_RJ_080101,HALL_01,1591,Q001,A,218.8
NEET24_080101_0132,CENTRE_RJ_080101,HALL_01,1592,Q001,A,317.2
NEET24_080101_0133,CENTRE_RJ_080101,HALL_01,1593,Q001,A,404.4
NEET24_080101_0134,CENTRE_RJ_080101,HALL_01,1594,Q001,A,415.4
NEET24_080101_0135,CENTRE_RJ_080101,HALL_01,1595,Q001,A,307.2
NEET24_080101_0136,CENTRE_RJ_080101,HALL_01,1596,Q001,A,471.6
NEET24_080101_0137,CENTRE_RJ_080101,HALL_01,1597,Q001,A,294.9
NEET24_080101_0138,CENTRE_RJ_080101,HALL_01,1598,Q001,A,330.1
NEET24_080101_0139,CENTRE_RJ_080101,HALL_01,1599,Q001,A,385.5
NEET24_080101_0140,CENTRE_RJ_080101,HALL_01,1600,Q001,A,435.3
NEET24_080101_0141,CENTRE_RJ_080101,HALL_01,1601,Q001,A,611.6
NEET24_080101_0142,CENTRE_RJ_080101,HALL_01,1602,Q001,A,315.4
NEET24_080101_0143,CENTRE_RJ_080101,HALL_01,1603,Q001,A,499.2
NEET24_080101_0144,CENTRE_RJ_080101,HALL_01,1604,Q001,A,301.7
NEET24_080101_0145,CENTRE_RJ_080101,HALL_01,1605,Q001,A,306.5
NEET24_080101_0146,CENTRE_RJ_080101,HALL_01,1606,Q001,A,242.6
NEET24_080101_0147,CENTRE_RJ_080101,HALL_01,1607,Q001,A,220.8
NEET24_080101_0148,CENTRE_RJ_080101,HALL_01,1608,Q001,A,278.4
NEET24_080101_0149,CENTRE_RJ_080101,HALL_01,1609,Q001,A,305.8
NEET24_080101_0150,CENTRE_RJ_080101,HALL_01,1610,Q001,A,164.2
NEET24_080101_0151,CENTRE_RJ_080101,HALL_01,1611,Q001,A,165.3
NEET24_080101_0152,CENTRE_RJ_080101,HALL_01,1612,Q001,A,203.4
NEET24_080101_0153,CENTRE_RJ_080101,HALL_01,1613,Q001,A,562.5
NEET24_080101_0154,CENTRE_RJ_080101,HALL_01,1614,Q001,A,562.0
NEET24_080101_0155,CENTRE_RJ_080101,HALL_01,1615,Q001,A,398.8
NEET24_080101_0156,CENTRE_RJ_080101,HALL_01,1616,Q001,A,584.4
NEET24_080101_0157,CENTRE_RJ_080101,HALL_01,1617,Q001,A,476.8
NEET24_080101_0158,CENTRE_RJ_080101,HALL_01,1618,Q001,A,351.9
NEET24_080101_0159,CENTRE_RJ_080101,HALL_01,1619,Q001,A,250.6
NEET24_080101_0160,CENTRE_RJ_080101,HALL_01,1620,Q001,A,376.5
NEET24_080101_0161,CENTRE_RJ_080101,HALL_01,1621,Q001,A,485.3
NEET24_080101_0162,CENTRE_RJ_080101,HALL_01,1622,Q001,A,319.0
NEET24_080101_0163,CENTRE_RJ_080101,HALL_01,1623,Q001,A,320.7
NEET24_080101_0164,CENTRE_RJ_080101,HALL_01,1624,Q001,A,450.7
NEET24_080101_0165,CENTRE_RJ_080101,HALL_01,1625,Q001,A,247.2
NEET24_080101_0166,CENTRE_RJ_080101,HALL_01,1626,Q001,A,278.7
NEET24_080101_0167,CENTRE_RJ_080101,HALL_01,1627,Q001,A,264.1
NEET24_080101_0168,CENTRE_RJ_080101,HALL_01,1628,Q001,A,346.7
NEET24_080101_0169,CENTRE_RJ_080101,HALL_01,1629,Q001,A,548.6
NEET24_080101_0170,CENTRE_RJ_080101,HALL_01,1630,Q001,A,234.9
NEET24_080101_0171,CENTRE_RJ_080101,HALL_01,1631,Q001,A,410.3
NEET24_080101_0172,CENTRE_RJ_080101,HALL_01,1632,Q001,A,314.6
NEET24_080101_0173,CENTRE_RJ_080101,HALL_01,1633,Q001,A,277.5
NEET24_080101_0174,CENTRE_RJ_080101,HALL_01,1634,Q001,A,229.1
NEET24_080101_0175,CENTRE_RJ_080101,HALL_01,1635,Q001,A,405.0
NEET24_080101_0176,CENTRE_RJ_080101,HALL_01,1636,Q001,A,305.6
NEET24_080101_0177,CENTRE_RJ_080101,HALL_01,1637,Q001,A,394.0
NEET24_080101_0178,CENTRE_RJ_080101,HALL_01,1638,Q001,A,405.0
NEET24_080101_0179,CENTRE_RJ_080101,HALL_01,1639,Q001,A,262.9
NEET24_080101_0180,CENTRE_RJ_080101,HALL_01,1640,Q001,A,445.6
NEET24_090101_0001,CENTRE_UP_090101,HALL_01,1641,Q001,A,332.0
NEET24_090101_0002,CENTRE_UP_090101,HALL_01,1642,Q001,A,183.6
NEET24_090101_0003,CENTRE_UP_090101,HALL_01,1643,Q001,A,455.6
NEET24_090101_0004,CENTRE_UP_090101,HALL_01,1644,Q001,A,285.8
NEET24_090101_0005,CENTRE_UP_090101,HALL_01,1645,Q001,A,334.9
NEET24_090101_0006,CENTRE_UP_090101,HALL_01,1646,Q001,A,343.1
NEET24_090101_0007,CENTRE_UP_090101,HALL_01,1647,Q001,A,398.7
NEET24_090101_0008,CENTRE_UP_090101,HALL_01,1648,Q001,A,279.8
NEET24_090101_0009,CENTRE_UP_090101,HALL_01,1649,Q001,A,359.7
NEET24_090101_0010,CENTRE_UP_090101,HALL_01,1650,Q001,A,603.4
NEET24_090101_0011,CENTRE_UP_090101,HALL_01,1651,Q001,A,426.7
NEET24_090101_0012,CENTRE_UP_090101,HALL_01,1652,Q001,A,418.7
NEET24_090101_0013,CENTRE_UP_090101,HALL_01,1653,Q001,A,249.8
NEET24_090101_0014,CENTRE_UP_090101,HALL_01,1654,Q001,A,581.3
NEET24_090101_0015,CENTRE_UP_090101,HALL_01,1655,Q001,A,282.4
NEET24_090101_0016,CENTRE_UP_090101,HALL_01,1656,Q001,A,444.1
NEET24_090101_0017,CENTRE_UP_090101,HALL_01,1657,Q001,A,93.1
NEET24_090101_0018,CENTRE_UP_090101,HALL_01,1658,Q001,A,326.5
NEET24_090101_0019,CENTRE_UP_090101,HALL_01,1659,Q001,A,266.6
NEET24_090101_0020,CENTRE_UP_090101,HALL_01,1660,Q001,A,546.0
NEET24_090101_0021,CENTRE_UP_090101,HALL_01,1661,Q001,A,661.6
NEET24_090101_0022,CENTRE_UP_090101,HALL_01,1662,Q001,A,108.7
NEET24_090101_0023,CENTRE_UP_090101,HALL_01,1663,Q001,A,388.9
NEET24_090101_0024,CENTRE_UP_090101,HALL_01,1664,Q001,A,290.0
NEET24_090101_0025,CENTRE_UP_090101,HALL_01,1665,Q001,A,340.8
NEET24_090101_0026,CENTRE_UP_090101,HALL_01,1666,Q001,A,240.4
NEET24_090101_0027,CENTRE_UP_090101,HALL_01,1667,Q001,A,419.0
NEET24_090101_0028,CENTRE_UP_090101,HALL_01,1668,Q001,A,348.9
NEET24_090101_0029,CENTRE_UP_090101,HALL_01,1669,Q001,A,491.9
NEET24_090101_0030,CENTRE_UP_090101,HALL_01,1670,Q001,A,429.1
NEET24_090101_0031,CENTRE_UP_090101,HALL_01,1671,Q001,A,368.1
NEET24_090101_0032,CENTRE_UP_090101,HALL_01,1672,Q001,A,159.0
NEET24_090101_0033,CENTRE_UP_090101,HALL_01,1673,Q001,A,212.8
NEET24_090101_0034,CENTRE_UP_090101,HALL_01,1674,Q001,A,295.9
NEET24_090101_0035,CENTRE_UP_090101,HALL_01,1675,Q001,A,256.6
NEET24_090101_0036,CENTRE_UP_090101,HALL_01,1676,Q001,A,394.8
NEET24_090101_0037,CENTRE_UP_090101,HALL_01,1677,Q001,A,342.8
NEET24_090101_0038,CENTRE_UP_090101,HALL_01,1678,Q001,A,400.1
NEET24_090101_0039,CENTRE_UP_090101,HALL_01,1679,Q001,A,407.2
NEET24_090101_0040,CENTRE_UP_090101,HALL_01,1680,Q001,A,262.3
NEET24_090101_0041,CENTRE_UP_090101,HALL_01,1681,Q001,A,427.3
NEET24_090101_0042,CENTRE_UP_090101,HALL_01,1682,Q001,A,375.8
NEET24_090101_0043,CENTRE_UP_090101,HALL_01,1683,Q001,A,350.5
NEET24_090101_0044,CENTRE_UP_090101,HALL_01,1684,Q001,A,239.0
NEET24_090101_0045,CENTRE_UP_090101,HALL_01,1685,Q001,A,298.7
NEET24_090101_0046,CENTRE_UP_090101,HALL_01,1686,Q001,A,312.7
NEET24_090101_0047,CENTRE_UP_090101,HALL_01,1687,Q001,A,450.3
NEET24_090101_0048,CENTRE_UP_090101,HALL_01,1688,Q001,A,201.7
NEET24_090101_0049,CENTRE_UP_090101,HALL_01,1689,Q001,A,384.6
NEET24_090101_0050,CENTRE_UP_090101,HALL_01,1690,Q001,A,413.2
NEET24_090101_0051,CENTRE_UP_090101,HALL_01,1691,Q001,A,197.0
NEET24_090101_0052,CENTRE_UP_090101,HALL_01,1692,Q001,A,293.7
NEET24_090101_0053,CENTRE_UP_090101,HALL_01,1693,Q001,A,301.2
NEET24_090101_0054,CENTRE_UP_090101,HALL_01,1694,Q001,A,431.3
NEET24_090101_0055,CENTRE_UP_090101,HALL_01,1695,Q001,A,403.4
NEET24_090101_0056,CENTRE_UP_090101,HALL_01,1696,Q001,A,486.4
NEET24_090101_0057,CENTRE_UP_090101,HALL_01,1697,Q001,A,327.8
NEET24_090101_0058,CENTRE_UP_090101,HALL_01,1698,Q001,A,297.4
NEET24_090101_0059,CENTRE_UP_090101,HALL_01,1699,Q001,A,388.0
NEET24_090101_0060,CENTRE_UP_090101,HALL_01,1700,Q001,A,246.8
NEET24_090101_0061,CENTRE_UP_090101,HALL_01,1701,Q001,A,270.1
NEET24_090101_0062,CENTRE_UP_090101,HALL_01,1702,Q001,A,371.4
NEET24_090101_0063,CENTRE_UP_090101,HALL_01,1703,Q001,A,348.1
NEET24_090101_0064,CENTRE_UP_090101,HALL_01,1704,Q001,A,292.9
NEET24_090101_0065,CENTRE_UP_090101,HALL_01,1705,Q001,A,137.8
NEET24_090101_0066,CENTRE_UP_090101,HALL_01,1706,Q001,A,275.2
NEET24_090101_0067,CENTRE_UP_090101,HALL_01,1707,Q001,A,332.1
NEET24_090101_0068,CENTRE_UP_090101,HALL_01,1708,Q001,A,389.4
NEET24_090101_0069,CENTRE_UP_090101,HALL_01,1709,Q001,A,300.7
NEET24_090101_0070,CENTRE_UP_090101,HALL_01,1710,Q001,A,431.5
NEET24_090101_0071,CENTRE_UP_090101,HALL_01,1711,Q001,A,297.9
NEET24_090101_0072,CENTRE_UP_090101,HALL_01,1712,Q001,A,215.5
NEET24_090101_0073,CENTRE_UP_090101,HALL_01,1713,Q001,A,439.2
NEET24_090101_0074,CENTRE_UP_090101,HALL_01,1714,Q001,A,424.8
NEET24_090101_0075,CENTRE_UP_090101,HALL_01,1715,Q001,A,211.0
NEET24_090101_0076,CENTRE_UP_090101,HALL_01,1716,Q001,A,202.8
NEET24_090101_0077,CENTRE_UP_090101,HALL_01,1717,Q001,A,333.7
NEET24_090101_0078,CENTRE_UP_090101,HALL_01,1718,Q001,A,192.3
NEET24_090101_0079,CENTRE_UP_090101,HALL_01,1719,Q001,A,349.4
NEET24_090101_0080,CENTRE_UP_090101,HALL_01,1720,Q001,A,319.2
NEET24_090101_0081,CENTRE_UP_090101,HALL_01,1721,Q001,A,343.3
NEET24_090101_0082,CENTRE_UP_090101,HALL_01,1722,Q001,A,312.9
NEET24_090101_0083,CENTRE_UP_090101,HALL_01,1723,Q001,A,388.3
NEET24_090101_0084,CENTRE_UP_090101,HALL_01,1724,Q001,A,254.6
NEET24_090101_0085,CENTRE_UP_090101,HALL_01,1725,Q001,A,389.4
NEET24_090101_0086,CENTRE_UP_090101,HALL_01,1726,Q001,A,527.6
NEET24_090101_0087,CENTRE_UP_090101,HALL_01,1727,Q001,A,201.5
NEET24_090101_0088,CENTRE_UP_090101,HALL_01,1728,Q001,A,233.4
NEET24_090101_0089,CENTRE_UP_090101,HALL_01,1729,Q001,A,227.5
NEET24_090101_0090,CENTRE_UP_090101,HALL_01,1730,Q001,A,323.6
NEET24_090101_0091,CENTRE_UP_090101,HALL_01,1731,Q001,A,507.1
NEET24_090101_0092,CENTRE_UP_090101,HALL_01,1732,Q001,A,488.8
NEET24_090101_0093,CENTRE_UP_090101,HALL_01,1733,Q001,A,313.6
NEET24_090101_0094,CENTRE_UP_090101,HALL_01,1734,Q001,A,345.3
NEET24_090101_0095,CENTRE_UP_090101,HALL_01,1735,Q001,A,377.0
NEET24_090101_0096,CENTRE_UP_090101,HALL_01,1736,Q001,A,200.9
NEET24_090101_0097,CENTRE_UP_090101,HALL_01,1737,Q001,A,357.2
NEET24_090101_0098,CENTRE_UP_090101,HALL_01,1738,Q001,A,304.3
NEET24_090101_0099,CENTRE_UP_090101,HALL_01,1739,Q001,A,144.7
NEET24_090101_0100,CENTRE_UP_090101,HALL_01,1740,Q001,A,184.2
NEET24_090101_0101,CENTRE_UP_090101,HALL_01,1741,Q001,A,486.0
NEET24_090101_0102,CENTRE_UP_090101,HALL_01,1742,Q001,A,347.3
NEET24_090101_0103,CENTRE_UP_090101,HALL_01,1743,Q001,A,489.8
NEET24_090101_0104,CENTRE_UP_090101,HALL_01,1744,Q001,A,317.1
NEET24_090101_0105,CENTRE_UP_090101,HALL_01,1745,Q001,A,268.8
NEET24_090101_0106,CENTRE_UP_090101,HALL_01,1746,Q001,A,228.3
NEET24_090101_0107,CENTRE_UP_090101,HALL_01,1747,Q001,A,383.4
NEET24_090101_0108,CENTRE_UP_090101,HALL_01,1748,Q001,A,273.7
NEET24_090101_0109,CENTRE_UP_090101,HALL_01,1749,Q001,A,380.4
NEET24_090101_0110,CENTRE_UP_090101,HALL_01,1750,Q001,A,181.9
NEET24_090101_0111,CENTRE_UP_090101,HALL_01,1751,Q001,A,338.2
NEET24_090101_0112,CENTRE_UP_090101,HALL_01,1752,Q001,A,120.2
NEET24_090101_0113,CENTRE_UP_090101,HALL_01,1753,Q001,A,379.6
NEET24_090101_0114,CENTRE_UP_090101,HALL_01,1754,Q001,A,314.5
NEET24_090101_0115,CENTRE_UP_090101,HALL_01,1755,Q001,A,161.9
NEET24_090101_0116,CENTRE_UP_090101,HALL_01,1756,Q001,A,193.5
NEET24_090101_0117,CENTRE_UP_090101,HALL_01,1757,Q001,A,322.7
NEET24_090101_0118,CENTRE_UP_090101,HALL_01,1758,Q001,A,471.2
NEET24_090101_0119,CENTRE_UP_090101,HALL_01,1759,Q001,A,338.5
NEET24_090101_0120,CENTRE_UP_090101,HALL_01,1760,Q001,A,133.9
NEET24_090101_0121,CENTRE_UP_090101,HALL_01,1761,Q001,A,541.4
NEET24_090101_0122,CENTRE_UP_090101,HALL_01,1762,Q001,A,202.6
NEET24_090101_0123,CENTRE_UP_090101,HALL_01,1763,Q001,A,375.6
NEET24_090101_0124,CENTRE_UP_090101,HALL_01,1764,Q001,A,174.6
NEET24_090101_0125,CENTRE_UP_090101,HALL_01,1765,Q001,A,290.5
NEET24_090101_0126,CENTRE_UP_090101,HALL_01,1766,Q001,A,457.1
NEET24_090101_0127,CENTRE_UP_090101,HALL_01,1767,Q001,A,211.6
NEET24_090101_0128,CENTRE_UP_090101,HALL_01,1768,Q001,A,369.8
NEET24_090101_0129,CENTRE_UP_090101,HALL_01,1769,Q001,A,255.0
NEET24_090101_0130,CENTRE_UP_090101,HALL_01,1770,Q001,A,80.0
NEET24_090101_0131,CENTRE_UP_090101,HALL_01,1771,Q001,A,368.7
NEET24_090101_0132,CENTRE_UP_090101,HALL_01,1772,Q001,A,322.4
NEET24_090101_0133,CENTRE_UP_090101,HALL_01,1773,Q001,A,435.2
NEET24_090101_0134,CENTRE_UP_090101,HALL_01,1774,Q001,A,644.7
NEET24_090101_0135,CENTRE_UP_090101,HALL_01,1775,Q001,A,222.6
NEET24_090101_0136,CENTRE_UP_090101,HALL_01,1776,Q001,A,363.8
NEET24_090101_0137,CENTRE_UP_090101,HALL_01,1777,Q001,A,161.9
NEET24_090101_0138,CENTRE_UP_090101,HALL_01,1778,Q001,A,291.1
NEET24_090101_0139,CENTRE_UP_090101,HALL_01,1779,Q001,A,216.0
NEET24_090101_0140,CENTRE_UP_090101,HALL_01,1780,Q001,A,193.7
NEET24_090101_0141,CENTRE_UP_090101,HALL_01,1781,Q001,A,358.7
NEET24_090101_0142,CENTRE_UP_090101,HALL_01,1782,Q001,A,508.6
NEET24_090101_0143,CENTRE_UP_090101,HALL_01,1783,Q001,A,266.4
NEET24_090101_0144,CENTRE_UP_090101,HALL_01,1784,Q001,A,304.7
NEET24_090101_0145,CENTRE_UP_090101,HALL_01,1785,Q001,A,485.9
NEET24_090101_0146,CENTRE_UP_090101,HALL_01,1786,Q001,A,104.4
NEET24_090101_0147,CENTRE_UP_090101,HALL_01,1787,Q001,A,274.4
NEET24_090101_0148,CENTRE_UP_090101,HALL_01,1788,Q001,A,256.6
NEET24_090101_0149,CENTRE_UP_090101,HALL_01,1789,Q001,A,405.1
NEET24_090101_0150,CENTRE_UP_090101,HALL_01,1790,Q001,A,349.3
NEET24_090101_0151,CENTRE_UP_090101,HALL_01,1791,Q001,A,276.0
NEET24_090101_0152,CENTRE_UP_090101,HALL_01,1792,Q001,A,616.8
NEET24_090101_0153,CENTRE_UP_090101,HALL_01,1793,Q001,A,414.9
NEET24_090101_0154,CENTRE_UP_090101,HALL_01,1794,Q001,A,569.6
NEET24_090101_0155,CENTRE_UP_090101,HALL_01,1795,Q001,A,464.4
NEET24_090101_0156,CENTRE_UP_090101,HALL_01,1796,Q001,A,233.7
NEET24_090101_0157,CENTRE_UP_090101,HALL_01,1797,Q001,A,181.6
NEET24_090101_0158,CENTRE_UP_090101,HALL_01,1798,Q001,A,388.4
NEET24_090101_0159,CENTRE_UP_090101,HALL_01,1799,Q001,A,550.3
NEET24_090101_0160,CENTRE_UP_090101,HALL_01,1800,Q001,A,320.4
NEET24_090101_0161,CENTRE_UP_090101,HALL_01,1801,Q001,A,486.5
NEET24_090101_0162,CENTRE_UP_090101,HALL_01,1802,Q001,A,332.5
NEET24_090101_0163,CENTRE_UP_090101,HALL_01,1803,Q001,A,394.8
NEET24_090101_0164,CENTRE_UP_090101,HALL_01,1804,Q001,A,335.1
NEET24_090101_0165,CENTRE_UP_090101,HALL_01,1805,Q001,A,255.1
NEET24_090101_0166,CENTRE_UP_090101,HALL_01,1806,Q001,A,577.0
NEET24_090101_0167,CENTRE_UP_090101,HALL_01,1807,Q001,A,418.3
NEET24_090101_0168,CENTRE_UP_090101,HALL_01,1808,Q001,A,352.7
NEET24_090101_0169,CENTRE_UP_090101,HALL_01,1809,Q001,A,422.8
NEET24_090101_0170,CENTRE_UP_090101,HALL_01,1810,Q001,A,423.2
NEET24_090101_0171,CENTRE_UP_090101,HALL_01,1811,Q001,A,400.6
NEET24_090101_0172,CENTRE_UP_090101,HALL_01,1812,Q001,A,168.7
NEET24_090101_0173,CENTRE_UP_090101,HALL_01,1813,Q001,A,370.0
NEET24_090101_0174,CENTRE_UP_090101,HALL_01,1814,Q001,A,533.0
NEET24_090101_0175,CENTRE_UP_090101,HALL_01,1815,Q001,A,565.9
NEET24_090101_0176,CENTRE_UP_090101,HALL_01,1816,Q001,A,406.8
NEET24_090101_0177,CENTRE_UP_090101,HALL_01,1817,Q001,A,330.7
NEET24_090101_0178,CENTRE_UP_090101,HALL_01,1818,Q001,A,204.1
NEET24_090101_0179,CENTRE_UP_090101,HALL_01,1819,Q001,A,145.7
NEET24_090101_0180,CENTRE_UP_090101,HALL_01,1820,Q001,A,175.2
NEET24_100101_0001,CENTRE_BR_100101,HALL_01,1821,Q001,A,365.4
NEET24_100101_0002,CENTRE_BR_100101,HALL_01,1822,Q001,A,343.5
NEET24_100101_0003,CENTRE_BR_100101,HALL_01,1823,Q001,A,245.4
NEET24_100101_0004,CENTRE_BR_100101,HALL_01,1824,Q001,A,331.1
NEET24_100101_0005,CENTRE_BR_100101,HALL_01,1825,Q001,A,379.2
NEET24_100101_0006,CENTRE_BR_100101,HALL_01,1826,Q001,A,359.6
NEET24_100101_0007,CENTRE_BR_100101,HALL_01,1827,Q001,A,174.0
NEET24_100101_0008,CENTRE_BR_100101,HALL_01,1828,Q001,A,361.0
NEET24_100101_0009,CENTRE_BR_100101,HALL_01,1829,Q001,A,527.2
NEET24_100101_0010,CENTRE_BR_100101,HALL_01,1830,Q001,A,358.7
NEET24_100101_0011,CENTRE_BR_100101,HALL_01,1831,Q001,A,314.4
NEET24_100101_0012,CENTRE_BR_100101,HALL_01,1832,Q001,A,445.4
NEET24_100101_0013,CENTRE_BR_100101,HALL_01,1833,Q001,A,283.3
NEET24_100101_0014,CENTRE_BR_100101,HALL_01,1834,Q001,A,480.2
NEET24_100101_0015,CENTRE_BR_100101,HALL_01,1835,Q001,A,111.5
NEET24_100101_0016,CENTRE_BR_100101,HALL_01,1836,Q001,A,553.1
NEET24_100101_0017,CENTRE_BR_100101,HALL_01,1837,Q001,A,389.5
NEET24_100101_0018,CENTRE_BR_100101,HALL_01,1838,Q001,A,357.4
NEET24_100101_0019,CENTRE_BR_100101,HALL_01,1839,Q001,A,268.2
NEET24_100101_0020,CENTRE_BR_100101,HALL_01,1840,Q001,A,338.5
NEET24_100101_0021,CENTRE_BR_100101,HALL_01,1841,Q001,A,106.7
NEET24_100101_0022,CENTRE_BR_100101,HALL_01,1842,Q001,A,332.2
NEET24_100101_0023,CENTRE_BR_100101,HALL_01,1843,Q001,A,370.8
NEET24_100101_0024,CENTRE_BR_100101,HALL_01,1844,Q001,A,293.2
NEET24_100101_0025,CENTRE_BR_100101,HALL_01,1845,Q001,A,489.1
NEET24_100101_0026,CENTRE_BR_100101,HALL_01,1846,Q001,A,433.6
NEET24_100101_0027,CENTRE_BR_100101,HALL_01,1847,Q001,A,294.9
NEET24_100101_0028,CENTRE_BR_100101,HALL_01,1848,Q001,A,182.0
NEET24_100101_0029,CENTRE_BR_100101,HALL_01,1849,Q001,A,386.6
NEET24_100101_0030,CENTRE_BR_100101,HALL_01,1850,Q001,A,101.6
NEET24_100101_0031,CENTRE_BR_100101,HALL_01,1851,Q001,A,303.3
NEET24_100101_0032,CENTRE_BR_100101,HALL_01,1852,Q001,A,430.6
NEET24_100101_0033,CENTRE_BR_100101,HALL_01,1853,Q001,A,441.7
NEET24_100101_0034,CENTRE_BR_100101,HALL_01,1854,Q001,A,310.1
NEET24_100101_0035,CENTRE_BR_100101,HALL_01,1855,Q001,A,547.0
NEET24_100101_0036,CENTRE_BR_100101,HALL_01,1856,Q001,A,249.5
NEET24_100101_0037,CENTRE_BR_100101,HALL_01,1857,Q001,A,502.9
NEET24_100101_0038,CENTRE_BR_100101,HALL_01,1858,Q001,A,230.8
NEET24_100101_0039,CENTRE_BR_100101,HALL_01,1859,Q001,A,193.0
NEET24_100101_0040,CENTRE_BR_100101,HALL_01,1860,Q001,A,443.9
NEET24_100101_0041,CENTRE_BR_100101,HALL_01,1861,Q001,A,349.2
NEET24_100101_0042,CENTRE_BR_100101,HALL_01,1862,Q001,A,291.9
NEET24_100101_0043,CENTRE_BR_100101,HALL_01,1863,Q001,A,505.4
NEET24_100101_0044,CENTRE_BR_100101,HALL_01,1864,Q001,A,395.2
NEET24_100101_0045,CENTRE_BR_100101,HALL_01,1865,Q001,A,488.0
NEET24_100101_0046,CENTRE_BR_100101,HALL_01,1866,Q001,A,264.5
NEET24_100101_0047,CENTRE_BR_100101,HALL_01,1867,Q001,A,250.2
NEET24_100101_0048,CENTRE_BR_100101,HALL_01,1868,Q001,A,247.9
NEET24_100101_0049,CENTRE_BR_100101,HALL_01,1869,Q001,A,385.0
NEET24_100101_0050,CENTRE_BR_100101,HALL_01,1870,Q001,A,298.2
NEET24_100101_0051,CENTRE_BR_100101,HALL_01,1871,Q001,A,370.0
NEET24_100101_0052,CENTRE_BR_100101,HALL_01,1872,Q001,A,470.2
NEET24_100101_0053,CENTRE_BR_100101,HALL_01,1873,Q001,A,325.0
NEET24_100101_0054,CENTRE_BR_100101,HALL_01,1874,Q001,A,352.4
NEET24_100101_0055,CENTRE_BR_100101,HALL_01,1875,Q001,A,334.7
NEET24_100101_0056,CENTRE_BR_100101,HALL_01,1876,Q001,A,246.9
NEET24_100101_0057,CENTRE_BR_100101,HALL_01,1877,Q001,A,423.6
NEET24_100101_0058,CENTRE_BR_100101,HALL_01,1878,Q001,A,329.0
NEET24_100101_0059,CENTRE_BR_100101,HALL_01,1879,Q001,A,442.3
NEET24_100101_0060,CENTRE_BR_100101,HALL_01,1880,Q001,A,209.7
NEET24_100101_0061,CENTRE_BR_100101,HALL_01,1881,Q001,A,265.7
NEET24_100101_0062,CENTRE_BR_100101,HALL_01,1882,Q001,A,332.1
NEET24_100101_0063,CENTRE_BR_100101,HALL_01,1883,Q001,A,448.3
NEET24_100101_0064,CENTRE_BR_100101,HALL_01,1884,Q001,A,354.7
NEET24_100101_0065,CENTRE_BR_100101,HALL_01,1885,Q001,A,510.1
NEET24_100101_0066,CENTRE_BR_100101,HALL_01,1886,Q001,A,273.8
NEET24_100101_0067,CENTRE_BR_100101,HALL_01,1887,Q001,A,354.6
NEET24_100101_0068,CENTRE_BR_100101,HALL_01,1888,Q001,A,238.2
NEET24_100101_0069,CENTRE_BR_100101,HALL_01,1889,Q001,A,100.2
NEET24_100101_0070,CENTRE_BR_100101,HALL_01,1890,Q001,A,490.1
NEET24_100101_0071,CENTRE_BR_100101,HALL_01,1891,Q001,A,212.3
NEET24_100101_0072,CENTRE_BR_100101,HALL_01,1892,Q001,A,279.9
NEET24_100101_0073,CENTRE_BR_100101,HALL_01,1893,Q001,A,187.3
NEET24_100101_0074,CENTRE_BR_100101,HALL_01,1894,Q001,A,442.5
NEET24_100101_0075,CENTRE_BR_100101,HALL_01,1895,Q001,A,299.9
NEET24_100101_0076,CENTRE_BR_100101,HALL_01,1896,Q001,A,392.6
NEET24_100101_0077,CENTRE_BR_100101,HALL_01,1897,Q001,A,624.0
NEET24_100101_0078,CENTRE_BR_100101,HALL_01,1898,Q001,A,214.5
NEET24_100101_0079,CENTRE_BR_100101,HALL_01,1899,Q001,A,357.3
NEET24_100101_0080,CENTRE_BR_100101,HALL_01,1900,Q001,A,451.0
NEET24_100101_0081,CENTRE_BR_100101,HALL_01,1901,Q001,A,332.2
NEET24_100101_0082,CENTRE_BR_100101,HALL_01,1902,Q001,A,264.5
NEET24_100101_0083,CENTRE_BR_100101,HALL_01,1903,Q001,A,97.5
NEET24_100101_0084,CENTRE_BR_100101,HALL_01,1904,Q001,A,349.6
NEET24_100101_0085,CENTRE_BR_100101,HALL_01,1905,Q001,A,133.3
NEET24_100101_0086,CENTRE_BR_100101,HALL_01,1906,Q001,A,429.1
NEET24_100101_0087,CENTRE_BR_100101,HALL_01,1907,Q001,A,166.8
NEET24_100101_0088,CENTRE_BR_100101,HALL_01,1908,Q001,A,274.4
NEET24_100101_0089,CENTRE_BR_100101,HALL_01,1909,Q001,A,199.8
NEET24_100101_0090,CENTRE_BR_100101,HALL_01,1910,Q001,A,372.7
NEET24_100101_0091,CENTRE_BR_100101,HALL_01,1911,Q001,A,203.4
NEET24_100101_0092,CENTRE_BR_100101,HALL_01,1912,Q001,A,232.7
NEET24_100101_0093,CENTRE_BR_100101,HALL_01,1913,Q001,A,320.8
NEET24_100101_0094,CENTRE_BR_100101,HALL_01,1914,Q001,A,388.7
NEET24_100101_0095,CENTRE_BR_100101,HALL_01,1915,Q001,A,312.1
NEET24_100101_0096,CENTRE_BR_100101,HALL_01,1916,Q001,A,458.0
NEET24_100101_0097,CENTRE_BR_100101,HALL_01,1917,Q001,A,121.5
NEET24_100101_0098,CENTRE_BR_100101,HALL_01,1918,Q001,A,382.2
NEET24_100101_0099,CENTRE_BR_100101,HALL_01,1919,Q001,A,476.2
NEET24_100101_0100,CENTRE_BR_100101,HALL_01,1920,Q001,A,455.5
NEET24_100101_0101,CENTRE_BR_100101,HALL_01,1921,Q001,A,534.0
NEET24_100101_0102,CENTRE_BR_100101,HALL_01,1922,Q001,A,177.8
NEET24_100101_0103,CENTRE_BR_100101,HALL_01,1923,Q001,A,402.1
NEET24_100101_0104,CENTRE_BR_100101,HALL_01,1924,Q001,A,312.5
NEET24_100101_0105,CENTRE_BR_100101,HALL_01,1925,Q001,A,209.6
NEET24_100101_0106,CENTRE_BR_100101,HALL_01,1926,Q001,A,440.5
NEET24_100101_0107,CENTRE_BR_100101,HALL_01,1927,Q001,A,265.9
NEET24_100101_0108,CENTRE_BR_100101,HALL_01,1928,Q001,A,397.5
NEET24_100101_0109,CENTRE_BR_100101,HALL_01,1929,Q001,A,361.0
NEET24_100101_0110,CENTRE_BR_100101,HALL_01,1930,Q001,A,212.3
NEET24_100101_0111,CENTRE_BR_100101,HALL_01,1931,Q001,A,415.1
NEET24_100101_0112,CENTRE_BR_100101,HALL_01,1932,Q001,A,179.7
NEET24_100101_0113,CENTRE_BR_100101,HALL_01,1933,Q001,A,277.9
NEET24_100101_0114,CENTRE_BR_100101,HALL_01,1934,Q001,A,331.4
NEET24_100101_0115,CENTRE_BR_100101,HALL_01,1935,Q001,A,362.5
NEET24_100101_0116,CENTRE_BR_100101,HALL_01,1936,Q001,A,339.7
NEET24_100101_0117,CENTRE_BR_100101,HALL_01,1937,Q001,A,348.9
NEET24_100101_0118,CENTRE_BR_100101,HALL_01,1938,Q001,A,349.0
NEET24_100101_0119,CENTRE_BR_100101,HALL_01,1939,Q001,A,383.9
NEET24_100101_0120,CENTRE_BR_100101,HALL_01,1940,Q001,A,181.6
NEET24_100101_0121,CENTRE_BR_100101,HALL_01,1941,Q001,A,422.4
NEET24_100101_0122,CENTRE_BR_100101,HALL_01,1942,Q001,A,300.8
NEET24_100101_0123,CENTRE_BR_100101,HALL_01,1943,Q001,A,329.6
NEET24_100101_0124,CENTRE_BR_100101,HALL_01,1944,Q001,A,604.8
NEET24_100101_0125,CENTRE_BR_100101,HALL_01,1945,Q001,A,132.5
NEET24_100101_0126,CENTRE_BR_100101,HALL_01,1946,Q001,A,246.8
NEET24_100101_0127,CENTRE_BR_100101,HALL_01,1947,Q001,A,356.5
NEET24_100101_0128,CENTRE_BR_100101,HALL_01,1948,Q001,A,366.4
NEET24_100101_0129,CENTRE_BR_100101,HALL_01,1949,Q001,A,396.1
NEET24_100101_0130,CENTRE_BR_100101,HALL_01,1950,Q001,A,222.9
NEET24_100101_0131,CENTRE_BR_100101,HALL_01,1951,Q001,A,195.6
NEET24_100101_0132,CENTRE_BR_100101,HALL_01,1952,Q001,A,448.5
NEET24_100101_0133,CENTRE_BR_100101,HALL_01,1953,Q001,A,314.9
NEET24_100101_0134,CENTRE_BR_100101,HALL_01,1954,Q001,A,437.3
NEET24_100101_0135,CENTRE_BR_100101,HALL_01,1955,Q001,A,260.8
NEET24_100101_0136,CENTRE_BR_100101,HALL_01,1956,Q001,A,437.1
NEET24_100101_0137,CENTRE_BR_100101,HALL_01,1957,Q001,A,284.3
NEET24_100101_0138,CENTRE_BR_100101,HALL_01,1958,Q001,A,599.8
NEET24_100101_0139,CENTRE_BR_100101,HALL_01,1959,Q001,A,483.3
NEET24_100101_0140,CENTRE_BR_100101,HALL_01,1960,Q001,A,383.3
NEET24_100101_0141,CENTRE_BR_100101,HALL_01,1961,Q001,A,296.4
NEET24_100101_0142,CENTRE_BR_100101,HALL_01,1962,Q001,A,376.9
NEET24_100101_0143,CENTRE_BR_100101,HALL_01,1963,Q001,A,295.5
NEET24_100101_0144,CENTRE_BR_100101,HALL_01,1964,Q001,A,454.8
NEET24_100101_0145,CENTRE_BR_100101,HALL_01,1965,Q001,A,334.8
NEET24_100101_0146,CENTRE_BR_100101,HALL_01,1966,Q001,A,562.3
NEET24_100101_0147,CENTRE_BR_100101,HALL_01,1967,Q001,A,569.0
NEET24_100101_0148,CENTRE_BR_100101,HALL_01,1968,Q001,A,438.2
NEET24_100101_0149,CENTRE_BR_100101,HALL_01,1969,Q001,A,173.6
NEET24_100101_0150,CENTRE_BR_100101,HALL_01,1970,Q001,A,467.1
NEET24_100101_0151,CENTRE_BR_100101,HALL_01,1971,Q001,A,322.7
NEET24_100101_0152,CENTRE_BR_100101,HALL_01,1972,Q001,A,316.7
NEET24_100101_0153,CENTRE_BR_100101,HALL_01,1973,Q001,A,221.5
NEET24_100101_0154,CENTRE_BR_100101,HALL_01,1974,Q001,A,279.7
NEET24_100101_0155,CENTRE_BR_100101,HALL_01,1975,Q001,A,397.1
NEET24_100101_0156,CENTRE_BR_100101,HALL_01,1976,Q001,A,275.3
NEET24_100101_0157,CENTRE_BR_100101,HALL_01,1977,Q001,A,356.4
NEET24_100101_0158,CENTRE_BR_100101,HALL_01,1978,Q001,A,428.4
NEET24_100101_0159,CENTRE_BR_100101,HALL_01,1979,Q001,A,557.3
NEET24_100101_0160,CENTRE_BR_100101,HALL_01,1980,Q001,A,342.9
NEET24_100101_0161,CENTRE_BR_100101,HALL_01,1981,Q001,A,310.7
NEET24_100101_0162,CENTRE_BR_100101,HALL_01,1982,Q001,A,255.0
NEET24_100101_0163,CENTRE_BR_100101,HALL_01,1983,Q001,A,205.8
NEET24_100101_0164,CENTRE_BR_100101,HALL_01,1984,Q001,A,562.1
NEET24_100101_0165,CENTRE_BR_100101,HALL_01,1985,Q001,A,246.0
NEET24_100101_0166,CENTRE_BR_100101,HALL_01,1986,Q001,A,342.5
NEET24_100101_0167,CENTRE_BR_100101,HALL_01,1987,Q001,A,382.9
NEET24_100101_0168,CENTRE_BR_100101,HALL_01,1988,Q001,A,236.1
NEET24_100101_0169,CENTRE_BR_100101,HALL_01,1989,Q001,A,270.4
NEET24_100101_0170,CENTRE_BR_100101,HALL_01,1990,Q001,A,230.2
NEET24_100101_0171,CENTRE_BR_100101,HALL_01,1991,Q001,A,134.2
NEET24_100101_0172,CENTRE_BR_100101,HALL_01,1992,Q001,A,341.1
NEET24_100101_0173,CENTRE_BR_100101,HALL_01,1993,Q001,A,374.6
NEET24_100101_0174,CENTRE_BR_100101,HALL_01,1994,Q001,A,207.1
NEET24_100101_0175,CENTRE_BR_100101,HALL_01,1995,Q001,A,393.6
NEET24_100101_0176,CENTRE_BR_100101,HALL_01,1996,Q001,A,345.5
NEET24_100101_0177,CENTRE_BR_100101,HALL_01,1997,Q001,A,141.1
NEET24_100101_0178,CENTRE_BR_100101,HALL_01,1998,Q001,A,572.3
NEET24_100101_0179,CENTRE_BR_100101,HALL_01,1999,Q001,A,621.3
NEET24_100101_0180,CENTRE_BR_100101,HALL_01,2000,Q001,A,365.5
