candidate_id,final_score,server_timestamp,centre_id
NEET24_230101_0001,720.0,2026-09-15T12:00:00Z,CENTRE_HR_230101
NEET24_230101_0002,720.0,2026-09-15T12:00:00Z,CENTRE_HR_230101
NEET24_230101_0003,720.0,2026-09-15T12:00:00Z,CENTRE_HR_230101
NEET24_230101_0004,720.0,2026-09-15T12:00:00Z,CENTRE_HR_230101
NEET24_230101_0005,720.0,2026-09-15T12:00:00Z,CENTRE_HR_230101
NEET24_230101_0006,720.0,2026-09-15T12:00:00Z,CENTRE_HR_230101
NEET24_230101_0007,718.0,2026-09-15T12:00:00Z,CENTRE_HR_230101
NEET24_230101_0008,718.0,2026-09-15T12:00:00Z,CENTRE_HR_230101
NEET24_230101_0009,715.0,2026-09-15T12:00:00Z,CENTRE_HR_230101
NEET24_230101_0010,719.0,2026-09-15T12:00:00Z,CENTRE_HR_230101
NEET24_230101_0011,719.0,2026-09-15T12:00:00Z,CENTRE_HR_230101
NEET24_230101_0012,719.0,2026-09-15T12:00:00Z,CENTRE_HR_230101
NEET24_230101_0013,718.0,2026-09-15T12:00:00Z,CENTRE_HR_230101
NEET24_230101_0014,718.0,2026-09-15T12:00:00Z,CENTRE_HR_230101
NEET24_230101_0015,710.0,2026-09-15T12:00:00Z,CENTRE_HR_230101
NEET24_230101_0016,572.6,2026-09-15T12:00:00Z,CENTRE_HR_230101
NEET24_230101_0017,546.6,2026-09-15T12:00:00Z,CENTRE_HR_230101
NEET24_230101_0018,551.1,2026-09-15T12:00:00Z,CENTRE_HR_230101
NEET24_230101_0019,641.2,2026-09-15T12:00:00Z,CENTRE_HR_230101
NEET24_230101_0020,429.7,2026-09-15T12:00:00Z,CENTRE_HR_230101
NEET24_230101_0021,495.3,2026-09-15T12:00:00Z,CENTRE_HR_230101
NEET24_230101_0022,516.4,2026-09-15T12:00:00Z,CENTRE_HR_230101
NEET24_230101_0023,465.4,2026-09-15T12:00:00Z,CENTRE_HR_230101
NEET24_230101_0024,482.5,2026-09-15T12:00:00Z,CENTRE_HR_230101
NEET24_230101_0025,559.0,2026-09-15T12:00:00Z,CENTRE_HR_230101
NEET24_230101_0026,626.2,2026-09-15T12:00:00Z,CENTRE_HR_230101
NEET24_230101_0027,447.4,2026-09-15T12:00:00Z,CENTRE_HR_230101
NEET24_230101_0028,582.3,2026-09-15T12:00:00Z,CENTRE_HR_230101
NEET24_230101_0029,606.3,2026-09-15T12:00:00Z,CENTRE_HR_230101
NEET24_230101_0030,530.9,2026-09-15T12:00:00Z,CENTRE_HR_230101
NEET24_230101_0031,591.4,2026-09-15T12:00:00Z,CENTRE_HR_230101
NEET24_230101_0032,542.9,2026-09-15T12:00:00Z,CENTRE_HR_230101
NEET24_230101_0033,505.3,2026-09-15T12:00:00Z,CENTRE_HR_230101
NEET24_230101_0034,488.5,2026-09-15T12:00:00Z,CENTRE_HR_230101
NEET24_230101_0035,588.4,2026-09-15T12:00:00Z,CENTRE_HR_230101
NEET24_230101_0036,507.3,2026-09-15T12:00:00Z,CENTRE_HR_230101
NEET24_230101_0037,588.8,2026-09-15T12:00:00Z,CENTRE_HR_230101
NEET24_230101_0038,620.1,2026-09-15T12:00:00Z,CENTRE_HR_230101
NEET24_230101_0039,562.4,2026-09-15T12:00:00Z,CENTRE_HR_230101
NEET24_230101_0040,660.0,2026-09-15T12:00:00Z,CENTRE_HR_230101
NEET24_230101_0041,659.7,2026-09-15T12:00:00Z,CENTRE_HR_230101
NEET24_230101_0042,595.0,2026-09-15T12:00:00Z,CENTRE_HR_230101
NEET24_230101_0043,569.7,2026-09-15T12:00:00Z,CENTRE_HR_230101
NEET24_230101_0044,432.2,2026-09-15T12:00:00Z,CENTRE_HR_230101
NEET24_230101_0045,427.1,2026-09-15T12:00:00Z,CENTRE_HR_230101
NEET24_230101_0046,508.4,2026-09-15T12:00:00Z,CENTRE_HR_230101
NEET24_230101_0047,577.4,2026-09-15T12:00:00Z,CENTRE_HR_230101
NEET24_230101_0048,640.0,2026-09-15T12:00:00Z,CENTRE_HR_230101
NEET24_230101_0049,586.7,2026-09-15T12:00:00Z,CENTRE_HR_230101
NEET24_230101_0050,571.5,2026-09-15T12:00:00Z,CENTRE_HR_230101
NEET24_230101_0051,324.5,2026-09-15T12:00:00Z,CENTRE_HR_230101
NEET24_230101_0052,632.5,2026-09-15T12:00:00Z,CENTRE_HR_230101
NEET24_230101_0053,421.3,2026-09-15T12:00:00Z,CENTRE_HR_230101
NEET24_230101_0054,479.9,2026-09-15T12:00:00Z,CENTRE_HR_230101
NEET24_230101_0055,596.4,2026-09-15T12:00:00Z,CENTRE_HR_230101
NEET24_230101_0056,562.5,2026-09-15T12:00:00Z,CENTRE_HR_230101
NEET24_230101_0057,501.4,2026-09-15T12:00:00Z,CENTRE_HR_230101
NEET24_230101_0058,471.4,2026-09-15T12:00:00Z,CENTRE_HR_230101
NEET24_230101_0059,628.1,2026-09-15T12:00:00Z,CENTRE_HR_230101
NEET24_230101_0060,506.1,2026-09-15T12:00:00Z,CENTRE_HR_230101
NEET24_230101_0061,431.4,2026-09-15T12:00:00Z,CENTRE_HR_230101
NEET24_230101_0062,635.9,2026-09-15T12:00:00Z,CENTRE_HR_230101
NEET24_230101_0063,586.2,2026-09-15T12:00:00Z,CENTRE_HR_230101
NEET24_230101_0064,485.1,2026-09-15T12:00:00Z,CENTRE_HR_230101
NEET24_230101_0065,528.0,2026-09-15T12:00:00Z,CENTRE_HR_230101
NEET24_230101_0066,482.2,2026-09-15T12:00:00Z,CENTRE_HR_230101
NEET24_230101_0067,554.0,2026-09-15T12:00:00Z,CENTRE_HR_230101
NEET24_230101_0068,642.1,2026-09-15T12:00:00Z,CENTRE_HR_230101
NEET24_230101_0069,488.3,2026-09-15T12:00:00Z,CENTRE_HR_230101
NEET24_230101_0070,552.6,2026-09-15T12:00:00Z,CENTRE_HR_230101
NEET24_230101_0071,605.2,2026-09-15T12:00:00Z,CENTRE_HR_230101
NEET24_230101_0072,542.9,2026-09-15T12:00:00Z,CENTRE_HR_230101
NEET24_230101_0073,514.7,2026-09-15T12:00:00Z,CENTRE_HR_230101
NEET24_230101_0074,599.1,2026-09-15T12:00:00Z,CENTRE_HR_230101
NEET24_230101_0075,417.9,2026-09-15T12:00:00Z,CENTRE_HR_230101
NEET24_230101_0076,517.4,2026-09-15T12:00:00Z,CENTRE_HR_230101
NEET24_230101_0077,556.1,2026-09-15T12:00:00Z,CENTRE_HR_230101
NEET24_230101_0078,623.0,2026-09-15T12:00:00Z,CENTRE_HR_230101
NEET24_230101_0079,489.6,2026-09-15T12:00:00Z,CENTRE_HR_230101
NEET24_230101_0080,529.6,2026-09-15T12:00:00Z,CENTRE_HR_230101
NEET24_230101_0081,489.2,2026-09-15T12:00:00Z,CENTRE_HR_230101
NEET24_230101_0082,384.1,2026-09-15T12:00:00Z,CENTRE_HR_230101
NEET24_230101_0083,540.8,2026-09-15T12:00:00Z,CENTRE_HR_230101
NEET24_230101_0084,514.0,2026-09-15T12:00:00Z,CENTRE_HR_230101
NEET24_230101_0085,507.4,2026-09-15T12:00:00Z,CENTRE_HR_230101
NEET24_230101_0086,619.3,2026-09-15T12:00:00Z,CENTRE_HR_230101
NEET24_230101_0087,635.3,2026-09-15T12:00:00Z,CENTRE_HR_230101
NEET24_230101_0088,419.4,2026-09-15T12:00:00Z,CENTRE_HR_230101
NEET24_230101_0089,509.9,2026-09-15T12:00:00Z,CENTRE_HR_230101
NEET24_230101_0090,450.6,2026-09-15T12:00:00Z,CENTRE_HR_230101
NEET24_230101_0091,583.1,2026-09-15T12:00:00Z,CENTRE_HR_230101
NEET24_230101_0092,373.0,2026-09-15T12:00:00Z,CENTRE_HR_230101
NEET24_230101_0093,720.0,2026-09-15T12:00:00Z,CENTRE_HR_230101
NEET24_230101_0094,596.5,2026-09-15T12:00:00Z,CENTRE_HR_230101
NEET24_230101_0095,606.8,2026-09-15T12:00:00Z,CENTRE_HR_230101
NEET24_230101_0096,545.4,2026-09-15T12:00:00Z,CENTRE_HR_230101
NEET24_230101_0097,391.1,2026-09-15T12:00:00Z,CENTRE_HR_230101
NEET24_230101_0098,565.4,2026-09-15T12:00:00Z,CENTRE_HR_230101
NEET24_230101_0099,576.3,2026-09-15T12:00:00Z,CENTRE_HR_230101
NEET24_230101_0100,497.3,2026-09-15T12:00:00Z,CENTRE_HR_230101
NEET24_230101_0101,448.5,2026-09-15T12:00:00Z,CENTRE_HR_230101
NEET24_230101_0102,464.4,2026-09-15T12:00:00Z,CENTRE_HR_230101
NEET24_230101_0103,606.9,2026-09-15T12:00:00Z,CENTRE_HR_230101
NEET24_230101_0104,484.1,2026-09-15T12:00:00Z,CENTRE_HR_230101
NEET24_230101_0105,551.4,2026-09-15T12:00:00Z,CENTRE_HR_230101
NEET24_230101_0106,370.7,2026-09-15T12:00:00Z,CENTRE_HR_230101
NEET24_230101_0107,481.2,2026-09-15T12:00:00Z,CENTRE_HR_230101
NEET24_230101_0108,524.3,2026-09-15T12:00:00Z,CENTRE_HR_230101
NEET24_230101_0109,506.5,2026-09-15T12:00:00Z,CENTRE_HR_230101
NEET24_230101_0110,633.7,2026-09-15T12:00:00Z,CENTRE_HR_230101
NEET24_230101_0111,457.2,2026-09-15T12:00:00Z,CENTRE_HR_230101
NEET24_230101_0112,548.0,2026-09-15T12:00:00Z,CENTRE_HR_230101
NEET24_230101_0113,472.1,2026-09-15T12:00:00Z,CENTRE_HR_230101
NEET24_230101_0114,528.1,2026-09-15T12:00:00Z,CENTRE_HR_230101
NEET24_230101_0115,582.4,2026-09-15T12:00:00Z,CENTRE_HR_230101
NEET24_230101_0116,660.0,2026-09-15T12:00:00Z,CENTRE_HR_230101
NEET24_230101_0117,542.4,2026-09-15T12:00:00Z,CENTRE_HR_230101
NEET24_230101_0118,502.0,2026-09-15T12:00:00Z,CENTRE_HR_230101
NEET24_230101_0119,343.2,2026-09-15T12:00:00Z,CENTRE_HR_230101
NEET24_230101_0120,546.7,2026-09-15T12:00:00Z,CENTRE_HR_230101
NEET24_230101_0121,451.0,2026-09-15T12:00:00Z,CENTRE_HR_230101
NEET24_230101_0122,622.5,2026-09-15T12:00:00Z,CENTRE_HR_230101
NEET24_230101_0123,605.1,2026-09-15T12:00:00Z,CENTRE_HR_230101
NEET24_230101_0124,588.6,2026-09-15T12:00:00Z,CENTRE_HR_230101
NEET24_230101_0125,465.1,2026-09-15T12:00:00Z,CENTRE_HR_230101
NEET24_230101_0126,562.9,2026-09-15T12:00:00Z,CENTRE_HR_230101
NEET24_230101_0127,608.9,2026-09-15T12:00:00Z,CENTRE_HR_230101
NEET24_230101_0128,638.0,2026-09-15T12:00:00Z,CENTRE_HR_230101
NEET24_230101_0129,697.8,2026-09-15T12:00:00Z,CENTRE_HR_230101
NEET24_230101_0130,688.4,2026-09-15T12:00:00Z,CENTRE_HR_230101
NEET24_230101_0131,461.4,2026-09-15T12:00:00Z,CENTRE_HR_230101
NEET24_230101_0132,469.4,2026-09-15T12:00:00Z,CENTRE_HR_230101
NEET24_230101_0133,489.4,2026-09-15T12:00:00Z,CENTRE_HR_230101
NEET24_230101_0134,594.3,2026-09-15T12:00:00Z,CENTRE_HR_230101
NEET24_230101_0135,586.0,2026-09-15T12:00:00Z,CENTRE_HR_230101
NEET24_230101_0136,675.4,2026-09-15T12:00:00Z,CENTRE_HR_230101
NEET24_230101_0137,527.5,2026-09-15T12:00:00Z,CENTRE_HR_230101
NEET24_230101_0138,543.7,2026-09-15T12:00:00Z,CENTRE_HR_230101
NEET24_230101_0139,595.6,2026-09-15T12:00:00Z,CENTRE_HR_230101
NEET24_230101_0140,512.3,2026-09-15T12:00:00Z,CENTRE_HR_230101
NEET24_230101_0141,527.5,2026-09-15T12:00:00Z,CENTRE_HR_230101
NEET24_230101_0142,524.3,2026-09-15T12:00:00Z,CENTRE_HR_230101
NEET24_230101_0143,402.9,2026-09-15T12:00:00Z,CENTRE_HR_230101
NEET24_230101_0144,631.6,2026-09-15T12:00:00Z,CENTRE_HR_230101
NEET24_230101_0145,527.2,2026-09-15T12:00:00Z,CENTRE_HR_230101
NEET24_230101_0146,617.5,2026-09-15T12:00:00Z,CENTRE_HR_230101
NEET24_230101_0147,618.2,2026-09-15T12:00:00Z,CENTRE_HR_230101
NEET24_230101_0148,582.6,2026-09-15T12:00:00Z,CENTRE_HR_230101
NEET24_230101_0149,525.2,2026-09-15T12:00:00Z,CENTRE_HR_230101
NEET24_230101_0150,439.1,2026-09-15T12:00:00Z,CENTRE_HR_230101
NEET24_230101_0151,522.3,2026-09-15T12:00:00Z,CENTRE_HR_230101
NEET24_230101_0152,708.2,2026-09-15T12:00:00Z,CENTRE_HR_230101
NEET24_230101_0153,501.7,2026-09-15T12:00:00Z,CENTRE_HR_230101
NEET24_230101_0154,543.8,2026-09-15T12:00:00Z,CENTRE_HR_230101
NEET24_230101_0155,425.3,2026-09-15T12:00:00Z,CENTRE_HR_230101
NEET24_230101_0156,522.5,2026-09-15T12:00:00Z,CENTRE_HR_230101
NEET24_230101_0157,466.4,2026-09-15T12:00:00Z,CENTRE_HR_230101
NEET24_230101_0158,505.7,2026-09-15T12:00:00Z,CENTRE_HR_230101
NEET24_230101_0159,476.1,2026-09-15T12:00:00Z,CENTRE_HR_230101
NEET24_230101_0160,606.4,2026-09-15T12:00:00Z,CENTRE_HR_230101
NEET24_230101_0161,491.5,2026-09-15T12:00:00Z,CENTRE_HR_230101
NEET24_230101_0162,540.4,2026-09-15T12:00:00Z,CENTRE_HR_230101
NEET24_230101_0163,567.3,2026-09-15T12:00:00Z,CENTRE_HR_230101
NEET24_230101_0164,634.5,2026-09-15T12:00:00Z,CENTRE_HR_230101
NEET24_230101_0165,552.6,2026-09-15T12:00:00Z,CENTRE_HR_230101
NEET24_230101_0166,532.3,2026-09-15T12:00:00Z,CENTRE_HR_230101
NEET24_230101_0167,535.2,2026-09-15T12:00:00Z,CENTRE_HR_230101
NEET24_230101_0168,533.2,2026-09-15T12:00:00Z,CENTRE_HR_230101
NEET24_230101_0169,514.8,2026-09-15T12:00:00Z,CENTRE_HR_230101
NEET24_230101_0170,557.3,2026-09-15T12:00:00Z,CENTRE_HR_230101
NEET24_230101_0171,547.8,2026-09-15T12:00:00Z,CENTRE_HR_230101
NEET24_230101_0172,496.4,2026-09-15T12:00:00Z,CENTRE_HR_230101
NEET24_230101_0173,618.9,2026-09-15T12:00:00Z,CENTRE_HR_230101
NEET24_230101_0174,524.6,2026-09-15T12:00:00Z,CENTRE_HR_230101
NEET24_230101_0175,625.1,2026-09-15T12:00:00Z,CENTRE_HR_230101
NEET24_230101_0176,423.4,2026-09-15T12:00:00Z,CENTRE_HR_230101
NEET24_230101_0177,510.7,2026-09-15T12:00:00Z,CENTRE_HR_230101
NEET24_230101_0178,612.6,2026-09-15T12:00:00Z,CENTRE_HR_230101
NEET24_230101_0179,473.8,2026-09-15T12:00:00Z,CENTRE_HR_230101
NEET24_230101_0180,543.7,2026-09-15T12:00:00Z,CENTRE_HR_230101
NEET24_230101_0181,624.8,2026-09-15T12:00:00Z,CENTRE_HR_230101
NEET24_230101_0182,512.1,2026-09-15T12:00:00Z,CENTRE_HR_230101
NEET24_230101_0183,558.4,2026-09-15T12:00:00Z,CENTRE_HR_230101
NEET24_230101_0184,502.0,2026-09-15T12:00:00Z,CENTRE_HR_230101
NEET24_230101_0185,481.0,2026-09-15T12:00:00Z,CENTRE_HR_230101
NEET24_230101_0186,413.0,2026-09-15T12:00:00Z,CENTRE_HR_230101
NEET24_230101_0187,619.4,2026-09-15T12:00:00Z,CENTRE_HR_230101
NEET24_230101_0188,642.9,2026-09-15T12:00:00Z,CENTRE_HR_230101
NEET24_230101_0189,576.5,2026-09-15T12:00:00Z,CENTRE_HR_230101
NEET24_230101_0190,523.9,2026-09-15T12:00:00Z,CENTRE_HR_230101
NEET24_230101_0191,518.9,2026-09-15T12:00:00Z,CENTRE_HR_230101
NEET24_230101_0192,521.6,2026-09-15T12:00:00Z,CENTRE_HR_230101
NEET24_230101_0193,406.6,2026-09-15T12:00:00Z,CENTRE_HR_230101
NEET24_230101_0194,577.8,2026-09-15T12:00:00Z,CENTRE_HR_230101
NEET24_230101_0195,571.0,2026-09-15T12:00:00Z,CENTRE_HR_230101
NEET24_230101_0196,499.8,2026-09-15T12:00:00Z,CENTRE_HR_230101
NEET24_230101_0197,530.7,2026-09-15T12:00:00Z,CENTRE_HR_230101
NEET24_230101_0198,573.9,2026-09-15T12:00:00Z,CENTRE_HR_230101
NEET24_230101_0199,616.4,2026-09-15T12:00:00Z,CENTRE_HR_230101
NEET24_230101_0200,560.9,2026-09-15T12:00:00Z,CENTRE_HR_230101
NEET24_220101_0001,714.5,2026-09-15T12:00:00Z,CENTRE_GJ_220101
NEET24_220101_0002,715.4,2026-09-15T12:00:00Z,CENTRE_GJ_220101
NEET24_220101_0003,701.8,2026-09-15T12:00:00Z,CENTRE_GJ_220101
NEET24_220101_0004,711.7,2026-09-15T12:00:00Z,CENTRE_GJ_220101
NEET24_220101_0005,709.7,2026-09-15T12:00:00Z,CENTRE_GJ_220101
NEET24_220101_0006,700.3,2026-09-15T12:00:00Z,CENTRE_GJ_220101
NEET24_220101_0007,701.7,2026-09-15T12:00:00Z,CENTRE_GJ_220101
NEET24_220101_0008,713.6,2026-09-15T12:00:00Z,CENTRE_GJ_220101
NEET24_220101_0009,704.3,2026-09-15T12:00:00Z,CENTRE_GJ_220101
NEET24_220101_0010,707.3,2026-09-15T12:00:00Z,CENTRE_GJ_220101
NEET24_220101_0011,708.7,2026-09-15T12:00:00Z,CENTRE_GJ_220101
NEET24_220101_0012,715.6,2026-09-15T12:00:00Z,CENTRE_GJ_220101
NEET24_220101_0013,716.2,2026-09-15T12:00:00Z,CENTRE_GJ_220101
NEET24_220101_0014,703.0,2026-09-15T12:00:00Z,CENTRE_GJ_220101
NEET24_220101_0015,700.0,2026-09-15T12:00:00Z,CENTRE_GJ_220101
NEET24_220101_0016,649.3,2026-09-15T12:00:00Z,CENTRE_GJ_220101
NEET24_220101_0017,689.5,2026-09-15T12:00:00Z,CENTRE_GJ_220101
NEET24_220101_0018,678.9,2026-09-15T12:00:00Z,CENTRE_GJ_220101
NEET24_220101_0019,641.4,2026-09-15T12:00:00Z,CENTRE_GJ_220101
NEET24_220101_0020,672.2,2026-09-15T12:00:00Z,CENTRE_GJ_220101
NEET24_220101_0021,674.8,2026-09-15T12:00:00Z,CENTRE_GJ_220101
NEET24_220101_0022,678.8,2026-09-15T12:00:00Z,CENTRE_GJ_220101
NEET24_220101_0023,669.6,2026-09-15T12:00:00Z,CENTRE_GJ_220101
NEET24_220101_0024,656.5,2026-09-15T12:00:00Z,CENTRE_GJ_220101
NEET24_220101_0025,634.2,2026-09-15T12:00:00Z,CENTRE_GJ_220101
NEET24_220101_0026,636.3,2026-09-15T12:00:00Z,CENTRE_GJ_220101
NEET24_220101_0027,624.4,2026-09-15T12:00:00Z,CENTRE_GJ_220101
NEET24_220101_0028,675.2,2026-09-15T12:00:00Z,CENTRE_GJ_220101
NEET24_220101_0029,624.6,2026-09-15T12:00:00Z,CENTRE_GJ_220101
NEET24_220101_0030,643.5,2026-09-15T12:00:00Z,CENTRE_GJ_220101
NEET24_220101_0031,623.8,2026-09-15T12:00:00Z,CENTRE_GJ_220101
NEET24_220101_0032,655.8,2026-09-15T12:00:00Z,CENTRE_GJ_220101
NEET24_220101_0033,689.0,2026-09-15T12:00:00Z,CENTRE_GJ_220101
NEET24_220101_0034,659.8,2026-09-15T12:00:00Z,CENTRE_GJ_220101
NEET24_220101_0035,624.3,2026-09-15T12:00:00Z,CENTRE_GJ_220101
NEET24_220101_0036,658.1,2026-09-15T12:00:00Z,CENTRE_GJ_220101
NEET24_220101_0037,683.9,2026-09-15T12:00:00Z,CENTRE_GJ_220101
NEET24_220101_0038,625.1,2026-09-15T12:00:00Z,CENTRE_GJ_220101
NEET24_220101_0039,625.1,2026-09-15T12:00:00Z,CENTRE_GJ_220101
NEET24_220101_0040,684.6,2026-09-15T12:00:00Z,CENTRE_GJ_220101
NEET24_220101_0041,650.3,2026-09-15T12:00:00Z,CENTRE_GJ_220101
NEET24_220101_0042,690.6,2026-09-15T12:00:00Z,CENTRE_GJ_220101
NEET24_220101_0043,662.7,2026-09-15T12:00:00Z,CENTRE_GJ_220101
NEET24_220101_0044,663.4,2026-09-15T12:00:00Z,CENTRE_GJ_220101
NEET24_220101_0045,623.0,2026-09-15T12:00:00Z,CENTRE_GJ_220101
NEET24_220101_0046,626.1,2026-09-15T12:00:00Z,CENTRE_GJ_220101
NEET24_220101_0047,669.3,2026-09-15T12:00:00Z,CENTRE_GJ_220101
NEET24_220101_0048,662.4,2026-09-15T12:00:00Z,CENTRE_GJ_220101
NEET24_220101_0049,643.7,2026-09-15T12:00:00Z,CENTRE_GJ_220101
NEET24_220101_0050,639.6,2026-09-15T12:00:00Z,CENTRE_GJ_220101
NEET24_220101_0051,670.2,2026-09-15T12:00:00Z,CENTRE_GJ_220101
NEET24_220101_0052,643.6,2026-09-15T12:00:00Z,CENTRE_GJ_220101
NEET24_220101_0053,639.9,2026-09-15T12:00:00Z,CENTRE_GJ_220101
NEET24_220101_0054,629.8,2026-09-15T12:00:00Z,CENTRE_GJ_220101
NEET24_220101_0055,668.4,2026-09-15T12:00:00Z,CENTRE_GJ_220101
NEET24_220101_0056,654.3,2026-09-15T12:00:00Z,CENTRE_GJ_220101
NEET24_220101_0057,689.7,2026-09-15T12:00:00Z,CENTRE_GJ_220101
NEET24_220101_0058,690.2,2026-09-15T12:00:00Z,CENTRE_GJ_220101
NEET24_220101_0059,620.7,2026-09-15T12:00:00Z,CENTRE_GJ_220101
NEET24_220101_0060,666.6,2026-09-15T12:00:00Z,CENTRE_GJ_220101
NEET24_220101_0061,662.2,2026-09-15T12:00:00Z,CENTRE_GJ_220101
NEET24_220101_0062,627.5,2026-09-15T12:00:00Z,CENTRE_GJ_220101
NEET24_220101_0063,660.3,2026-09-15T12:00:00Z,CENTRE_GJ_220101
NEET24_220101_0064,657.9,2026-09-15T12:00:00Z,CENTRE_GJ_220101
NEET24_220101_0065,629.9,2026-09-15T12:00:00Z,CENTRE_GJ_220101
NEET24_220101_0066,646.2,2026-09-15T12:00:00Z,CENTRE_GJ_220101
NEET24_220101_0067,625.2,2026-09-15T12:00:00Z,CENTRE_GJ_220101
NEET24_220101_0068,638.3,2026-09-15T12:00:00Z,CENTRE_GJ_220101
NEET24_220101_0069,641.4,2026-09-15T12:00:00Z,CENTRE_GJ_220101
NEET24_220101_0070,652.9,2026-09-15T12:00:00Z,CENTRE_GJ_220101
NEET24_220101_0071,660.7,2026-09-15T12:00:00Z,CENTRE_GJ_220101
NEET24_220101_0072,642.7,2026-09-15T12:00:00Z,CENTRE_GJ_220101
NEET24_220101_0073,693.8,2026-09-15T12:00:00Z,CENTRE_GJ_220101
NEET24_220101_0074,680.5,2026-09-15T12:00:00Z,CENTRE_GJ_220101
NEET24_220101_0075,659.7,2026-09-15T12:00:00Z,CENTRE_GJ_220101
NEET24_220101_0076,670.1,2026-09-15T12:00:00Z,CENTRE_GJ_220101
NEET24_220101_0077,661.6,2026-09-15T12:00:00Z,CENTRE_GJ_220101
NEET24_220101_0078,689.9,2026-09-15T12:00:00Z,CENTRE_GJ_220101
NEET24_220101_0079,627.8,2026-09-15T12:00:00Z,CENTRE_GJ_220101
NEET24_220101_0080,685.9,2026-09-15T12:00:00Z,CENTRE_GJ_220101
NEET24_220101_0081,463.3,2026-09-15T12:00:00Z,CENTRE_GJ_220101
NEET24_220101_0082,471.9,2026-09-15T12:00:00Z,CENTRE_GJ_220101
NEET24_220101_0083,688.7,2026-09-15T12:00:00Z,CENTRE_GJ_220101
NEET24_220101_0084,487.4,2026-09-15T12:00:00Z,CENTRE_GJ_220101
NEET24_220101_0085,434.8,2026-09-15T12:00:00Z,CENTRE_GJ_220101
NEET24_220101_0086,477.0,2026-09-15T12:00:00Z,CENTRE_GJ_220101
NEET24_220101_0087,554.0,2026-09-15T12:00:00Z,CENTRE_GJ_220101
NEET24_220101_0088,410.2,2026-09-15T12:00:00Z,CENTRE_GJ_220101
NEET24_220101_0089,610.9,2026-09-15T12:00:00Z,CENTRE_GJ_220101
NEET24_220101_0090,557.9,2026-09-15T12:00:00Z,CENTRE_GJ_220101
NEET24_220101_0091,400.0,2026-09-15T12:00:00Z,CENTRE_GJ_220101
NEET24_220101_0092,488.5,2026-09-15T12:00:00Z,CENTRE_GJ_220101
NEET24_220101_0093,697.6,2026-09-15T12:00:00Z,CENTRE_GJ_220101
NEET24_220101_0094,617.9,2026-09-15T12:00:00Z,CENTRE_GJ_220101
NEET24_220101_0095,532.3,2026-09-15T12:00:00Z,CENTRE_GJ_220101
NEET24_220101_0096,503.6,2026-09-15T12:00:00Z,CENTRE_GJ_220101
NEET24_220101_0097,464.9,2026-09-15T12:00:00Z,CENTRE_GJ_220101
NEET24_220101_0098,464.8,2026-09-15T12:00:00Z,CENTRE_GJ_220101
NEET24_220101_0099,533.5,2026-09-15T12:00:00Z,CENTRE_GJ_220101
NEET24_220101_0100,545.9,2026-09-15T12:00:00Z,CENTRE_GJ_220101
NEET24_220101_0101,482.9,2026-09-15T12:00:00Z,CENTRE_GJ_220101
NEET24_220101_0102,351.2,2026-09-15T12:00:00Z,CENTRE_GJ_220101
NEET24_220101_0103,543.1,2026-09-15T12:00:00Z,CENTRE_GJ_220101
NEET24_220101_0104,447.1,2026-09-15T12:00:00Z,CENTRE_GJ_220101
NEET24_220101_0105,472.7,2026-09-15T12:00:00Z,CENTRE_GJ_220101
NEET24_220101_0106,627.0,2026-09-15T12:00:00Z,CENTRE_GJ_220101
NEET24_220101_0107,440.7,2026-09-15T12:00:00Z,CENTRE_GJ_220101
NEET24_220101_0108,505.3,2026-09-15T12:00:00Z,CENTRE_GJ_220101
NEET24_220101_0109,510.7,2026-09-15T12:00:00Z,CENTRE_GJ_220101
NEET24_220101_0110,408.0,2026-09-15T12:00:00Z,CENTRE_GJ_220101
NEET24_220101_0111,578.2,2026-09-15T12:00:00Z,CENTRE_GJ_220101
NEET24_220101_0112,464.9,2026-09-15T12:00:00Z,CENTRE_GJ_220101
NEET24_220101_0113,501.9,2026-09-15T12:00:00Z,CENTRE_GJ_220101
NEET24_220101_0114,344.3,2026-09-15T12:00:00Z,CENTRE_GJ_220101
NEET24_220101_0115,656.0,2026-09-15T12:00:00Z,CENTRE_GJ_220101
NEET24_220101_0116,516.7,2026-09-15T12:00:00Z,CENTRE_GJ_220101
NEET24_220101_0117,485.3,2026-09-15T12:00:00Z,CENTRE_GJ_220101
NEET24_220101_0118,399.9,2026-09-15T12:00:00Z,CENTRE_GJ_220101
NEET24_220101_0119,602.1,2026-09-15T12:00:00Z,CENTRE_GJ_220101
NEET24_220101_0120,445.7,2026-09-15T12:00:00Z,CENTRE_GJ_220101
NEET24_220101_0121,413.1,2026-09-15T12:00:00Z,CENTRE_GJ_220101
NEET24_220101_0122,309.9,2026-09-15T12:00:00Z,CENTRE_GJ_220101
NEET24_220101_0123,418.9,2026-09-15T12:00:00Z,CENTRE_GJ_220101
NEET24_220101_0124,645.9,2026-09-15T12:00:00Z,CENTRE_GJ_220101
NEET24_220101_0125,464.1,2026-09-15T12:00:00Z,CENTRE_GJ_220101
NEET24_220101_0126,552.4,2026-09-15T12:00:00Z,CENTRE_GJ_220101
NEET24_220101_0127,458.6,2026-09-15T12:00:00Z,CENTRE_GJ_220101
NEET24_220101_0128,579.0,2026-09-15T12:00:00Z,CENTRE_GJ_220101
NEET24_220101_0129,635.3,2026-09-15T12:00:00Z,CENTRE_GJ_220101
NEET24_220101_0130,533.3,2026-09-15T12:00:00Z,CENTRE_GJ_220101
NEET24_220101_0131,577.8,2026-09-15T12:00:00Z,CENTRE_GJ_220101
NEET24_220101_0132,582.7,2026-09-15T12:00:00Z,CENTRE_GJ_220101
NEET24_220101_0133,685.0,2026-09-15T12:00:00Z,CENTRE_GJ_220101
NEET24_220101_0134,509.8,2026-09-15T12:00:00Z,CENTRE_GJ_220101
NEET24_220101_0135,394.2,2026-09-15T12:00:00Z,CENTRE_GJ_220101
NEET24_220101_0136,415.3,2026-09-15T12:00:00Z,CENTRE_GJ_220101
NEET24_220101_0137,354.4,2026-09-15T12:00:00Z,CENTRE_GJ_220101
NEET24_220101_0138,490.6,2026-09-15T12:00:00Z,CENTRE_GJ_220101
NEET24_220101_0139,545.9,2026-09-15T12:00:00Z,CENTRE_GJ_220101
NEET24_220101_0140,461.9,2026-09-15T12:00:00Z,CENTRE_GJ_220101
NEET24_220101_0141,401.0,2026-09-15T12:00:00Z,CENTRE_GJ_220101
NEET24_220101_0142,594.0,2026-09-15T12:00:00Z,CENTRE_GJ_220101
NEET24_220101_0143,515.8,2026-09-15T12:00:00Z,CENTRE_GJ_220101
NEET24_220101_0144,556.3,2026-09-15T12:00:00Z,CENTRE_GJ_220101
NEET24_220101_0145,692.1,2026-09-15T12:00:00Z,CENTRE_GJ_220101
NEET24_220101_0146,386.8,2026-09-15T12:00:00Z,CENTRE_GJ_220101
NEET24_220101_0147,632.7,2026-09-15T12:00:00Z,CENTRE_GJ_220101
NEET24_220101_0148,536.6,2026-09-15T12:00:00Z,CENTRE_GJ_220101
NEET24_220101_0149,441.2,2026-09-15T12:00:00Z,CENTRE_GJ_220101
NEET24_220101_0150,438.7,2026-09-15T12:00:00Z,CENTRE_GJ_220101
NEET24_220101_0151,409.1,2026-09-15T12:00:00Z,CENTRE_GJ_220101
NEET24_220101_0152,483.6,2026-09-15T12:00:00Z,CENTRE_GJ_220101
NEET24_220101_0153,525.5,2026-09-15T12:00:00Z,CENTRE_GJ_220101
NEET24_220101_0154,502.9,2026-09-15T12:00:00Z,CENTRE_GJ_220101
NEET24_220101_0155,402.6,2026-09-15T12:00:00Z,CENTRE_GJ_220101
NEET24_220101_0156,346.9,2026-09-15T12:00:00Z,CENTRE_GJ_220101
NEET24_220101_0157,481.5,2026-09-15T12:00:00Z,CENTRE_GJ_220101
NEET24_220101_0158,537.3,2026-09-15T12:00:00Z,CENTRE_GJ_220101
NEET24_220101_0159,419.1,2026-09-15T12:00:00Z,CENTRE_GJ_220101
NEET24_220101_0160,681.6,2026-09-15T12:00:00Z,CENTRE_GJ_220101
NEET24_220101_0161,523.6,2026-09-15T12:00:00Z,CENTRE_GJ_220101
NEET24_220101_0162,481.2,2026-09-15T12:00:00Z,CENTRE_GJ_220101
NEET24_220101_0163,614.9,2026-09-15T12:00:00Z,CENTRE_GJ_220101
NEET24_220101_0164,516.4,2026-09-15T12:00:00Z,CENTRE_GJ_220101
NEET24_220101_0165,487.3,2026-09-15T12:00:00Z,CENTRE_GJ_220101
NEET24_220101_0166,418.1,2026-09-15T12:00:00Z,CENTRE_GJ_220101
NEET24_220101_0167,440.1,2026-09-15T12:00:00Z,CENTRE_GJ_220101
NEET24_220101_0168,513.1,2026-09-15T12:00:00Z,CENTRE_GJ_220101
NEET24_220101_0169,390.9,2026-09-15T12:00:00Z,CENTRE_GJ_220101
NEET24_220101_0170,536.9,2026-09-15T12:00:00Z,CENTRE_GJ_220101
NEET24_220101_0171,485.3,2026-09-15T12:00:00Z,CENTRE_GJ_220101
NEET24_220101_0172,539.8,2026-09-15T12:00:00Z,CENTRE_GJ_220101
NEET24_220101_0173,453.6,2026-09-15T12:00:00Z,CENTRE_GJ_220101
NEET24_220101_0174,587.8,2026-09-15T12:00:00Z,CENTRE_GJ_220101
NEET24_220101_0175,518.0,2026-09-15T12:00:00Z,CENTRE_GJ_220101
NEET24_220101_0176,319.2,2026-09-15T12:00:00Z,CENTRE_GJ_220101
NEET24_220101_0177,468.5,2026-09-15T12:00:00Z,CENTRE_GJ_220101
NEET24_220101_0178,402.9,2026-09-15T12:00:00Z,CENTRE_GJ_220101
NEET24_220101_0179,282.0,2026-09-15T12:00:00Z,CENTRE_GJ_220101
NEET24_220101_0180,484.9,2026-09-15T12:00:00Z,CENTRE_GJ_220101
NEET24_220101_0181,427.3,2026-09-15T12:00:00Z,CENTRE_GJ_220101
NEET24_220101_0182,279.6,2026-09-15T12:00:00Z,CENTRE_GJ_220101
NEET24_220101_0183,586.9,2026-09-15T12:00:00Z,CENTRE_GJ_220101
NEET24_220101_0184,606.6,2026-09-15T12:00:00Z,CENTRE_GJ_220101
NEET24_220101_0185,426.6,2026-09-15T12:00:00Z,CENTRE_GJ_220101
NEET24_220101_0186,464.6,2026-09-15T12:00:00Z,CENTRE_GJ_220101
NEET24_220101_0187,448.1,2026-09-15T12:00:00Z,CENTRE_GJ_220101
NEET24_220101_0188,581.4,2026-09-15T12:00:00Z,CENTRE_GJ_220101
NEET24_220101_0189,423.6,2026-09-15T12:00:00Z,CENTRE_GJ_220101
NEET24_220101_0190,447.9,2026-09-15T12:00:00Z,CENTRE_GJ_220101
NEET24_220101_0191,416.8,2026-09-15T12:00:00Z,CENTRE_GJ_220101
NEET24_220101_0192,450.7,2026-09-15T12:00:00Z,CENTRE_GJ_220101
NEET24_220101_0193,375.8,2026-09-15T12:00:00Z,CENTRE_GJ_220101
NEET24_220101_0194,540.2,2026-09-15T12:00:00Z,CENTRE_GJ_220101
NEET24_220101_0195,621.2,2026-09-15T12:00:00Z,CENTRE_GJ_220101
NEET24_220101_0196,375.6,2026-09-15T12:00:00Z,CENTRE_GJ_220101
NEET24_220101_0197,598.6,2026-09-15T12:00:00Z,CENTRE_GJ_220101
NEET24_220101_0198,546.6,2026-09-15T12:00:00Z,CENTRE_GJ_220101
NEET24_220101_0199,599.5,2026-09-15T12:00:00Z,CENTRE_GJ_220101
NEET24_220101_0200,340.5,2026-09-15T12:00:00Z,CENTRE_GJ_220101
NEET24_220101_0201,590.1,2026-09-15T12:00:00Z,CENTRE_GJ_220101
NEET24_220101_0202,468.3,2026-09-15T12:00:00Z,CENTRE_GJ_220101
NEET24_220101_0203,551.6,2026-09-15T12:00:00Z,CENTRE_GJ_220101
NEET24_220101_0204,518.9,2026-09-15T12:00:00Z,CENTRE_GJ_220101
NEET24_220101_0205,363.5,2026-09-15T12:00:00Z,CENTRE_GJ_220101
NEET24_220101_0206,445.0,2026-09-15T12:00:00Z,CENTRE_GJ_220101
NEET24_220101_0207,582.2,2026-09-15T12:00:00Z,CENTRE_GJ_220101
NEET24_220101_0208,438.8,2026-09-15T12:00:00Z,CENTRE_GJ_220101
NEET24_220101_0209,388.5,2026-09-15T12:00:00Z,CENTRE_GJ_220101
NEET24_220101_0210,555.4,2026-09-15T12:00:00Z,CENTRE_GJ_220101
NEET24_220101_0211,258.2,2026-09-15T12:00:00Z,CENTRE_GJ_220101
NEET24_220101_0212,477.7,2026-09-15T12:00:00Z,CENTRE_GJ_220101
NEET24_220101_0213,351.2,2026-09-15T12:00:00Z,CENTRE_GJ_220101
NEET24_220101_0214,460.4,2026-09-15T12:00:00Z,CENTRE_GJ_220101
NEET24_220101_0215,627.1,2026-09-15T12:00:00Z,CENTRE_GJ_220101
NEET24_220101_0216,459.2,2026-09-15T12:00:00Z,CENTRE_GJ_220101
NEET24_220101_0217,461.3,2026-09-15T12:00:00Z,CENTRE_GJ_220101
NEET24_220101_0218,556.4,2026-09-15T12:00:00Z,CENTRE_GJ_220101
NEET24_220101_0219,469.4,2026-09-15T12:00:00Z,CENTRE_GJ_220101
NEET24_220101_0220,426.2,2026-09-15T12:00:00Z,CENTRE_GJ_220101
NEET24_220101_0221,649.9,2026-09-15T12:00:00Z,CENTRE_GJ_220101
NEET24_220101_0222,507.6,2026-09-15T12:00:00Z,CENTRE_GJ_220101
NEET24_220101_0223,513.4,2026-09-15T12:00:00Z,CENTRE_GJ_220101
NEET24_220101_0224,619.9,2026-09-15T12:00:00Z,CENTRE_GJ_220101
NEET24_220101_0225,476.8,2026-09-15T12:00:00Z,CENTRE_GJ_220101
NEET24_220101_0226,502.1,2026-09-15T12:00:00Z,CENTRE_GJ_220101
NEET24_220101_0227,386.0,2026-09-15T12:00:00Z,CENTRE_GJ_220101
NEET24_220101_0228,583.9,2026-09-15T12:00:00Z,CENTRE_GJ_220101
NEET24_220101_0229,408.4,2026-09-15T12:00:00Z,CENTRE_GJ_220101
NEET24_220101_0230,471.5,2026-09-15T12:00:00Z,CENTRE_GJ_220101
NEET24_220101_0231,398.3,2026-09-15T12:00:00Z,CENTRE_GJ_220101
NEET24_220101_0232,446.6,2026-09-15T12:00:00Z,CENTRE_GJ_220101
NEET24_220101_0233,521.6,2026-09-15T12:00:00Z,CENTRE_GJ_220101
NEET24_220101_0234,413.3,2026-09-15T12:00:00Z,CENTRE_GJ_220101
NEET24_220101_0235,304.5,2026-09-15T12:00:00Z,CENTRE_GJ_220101
NEET24_220101_0236,616.5,2026-09-15T12:00:00Z,CENTRE_GJ_220101
NEET24_220101_0237,338.0,2026-09-15T12:00:00Z,CENTRE_GJ_220101
NEET24_220101_0238,501.9,2026-09-15T12:00:00Z,CENTRE_GJ_220101
NEET24_220101_0239,424.3,2026-09-15T12:00:00Z,CENTRE_GJ_220101
NEET24_220101_0240,538.9,2026-09-15T12:00:00Z,CENTRE_GJ_220101
NEET24_220101_0241,351.8,2026-09-15T12:00:00Z,CENTRE_GJ_220101
NEET24_220101_0242,371.7,2026-09-15T12:00:00Z,CENTRE_GJ_220101
NEET24_220101_0243,516.8,2026-09-15T12:00:00Z,CENTRE_GJ_220101
NEET24_220101_0244,532.0,2026-09-15T12:00:00Z,CENTRE_GJ_220101
NEET24_220101_0245,466.0,2026-09-15T12:00:00Z,CENTRE_GJ_220101
NEET24_220101_0246,561.1,2026-09-15T12:00:00Z,CENTRE_GJ_220101
NEET24_220101_0247,568.9,2026-09-15T12:00:00Z,CENTRE_GJ_220101
NEET24_220101_0248,370.8,2026-09-15T12:00:00Z,CENTRE_GJ_220101
NEET24_220101_0249,466.4,2026-09-15T12:00:00Z,CENTRE_GJ_220101
NEET24_220101_0250,424.6,2026-09-15T12:00:00Z,CENTRE_GJ_220101
NEET24_220101_0251,635.4,2026-09-15T12:00:00Z,CENTRE_GJ_220101
NEET24_220101_0252,326.7,2026-09-15T12:00:00Z,CENTRE_GJ_220101
NEET24_220101_0253,551.6,2026-09-15T12:00:00Z,CENTRE_GJ_220101
NEET24_220101_0254,568.0,2026-09-15T12:00:00Z,CENTRE_GJ_220101
NEET24_220101_0255,427.1,2026-09-15T12:00:00Z,CENTRE_GJ_220101
NEET24_220101_0256,576.1,2026-09-15T12:00:00Z,CENTRE_GJ_220101
NEET24_220101_0257,433.0,2026-09-15T12:00:00Z,CENTRE_GJ_220101
NEET24_220101_0258,592.1,2026-09-15T12:00:00Z,CENTRE_GJ_220101
NEET24_220101_0259,649.0,2026-09-15T12:00:00Z,CENTRE_GJ_220101
NEET24_220101_0260,339.1,2026-09-15T12:00:00Z,CENTRE_GJ_220101
NEET24_220101_0261,538.9,2026-09-15T12:00:00Z,CENTRE_GJ_220101
NEET24_220101_0262,531.0,2026-09-15T12:00:00Z,CENTRE_GJ_220101
NEET24_220101_0263,425.3,2026-09-15T12:00:00Z,CENTRE_GJ_220101
NEET24_220101_0264,508.9,2026-09-15T12:00:00Z,CENTRE_GJ_220101
NEET24_220101_0265,382.3,2026-09-15T12:00:00Z,CENTRE_GJ_220101
NEET24_220101_0266,496.9,2026-09-15T12:00:00Z,CENTRE_GJ_220101
NEET24_220101_0267,592.0,2026-09-15T12:00:00Z,CENTRE_GJ_220101
NEET24_220101_0268,474.2,2026-09-15T12:00:00Z,CENTRE_GJ_220101
NEET24_220101_0269,422.4,2026-09-15T12:00:00Z,CENTRE_GJ_220101
NEET24_220101_0270,386.8,2026-09-15T12:00:00Z,CENTRE_GJ_220101
NEET24_220101_0271,662.3,2026-09-15T12:00:00Z,CENTRE_GJ_220101
NEET24_220101_0272,537.5,2026-09-15T12:00:00Z,CENTRE_GJ_220101
NEET24_220101_0273,516.3,2026-09-15T12:00:00Z,CENTRE_GJ_220101
NEET24_220101_0274,449.4,2026-09-15T12:00:00Z,CENTRE_GJ_220101
NEET24_220101_0275,526.7,2026-09-15T12:00:00Z,CENTRE_GJ_220101
NEET24_220101_0276,512.1,2026-09-15T12:00:00Z,CENTRE_GJ_220101
NEET24_220101_0277,585.8,2026-09-15T12:00:00Z,CENTRE_GJ_220101
NEET24_220101_0278,438.2,2026-09-15T12:00:00Z,CENTRE_GJ_220101
NEET24_220101_0279,583.0,2026-09-15T12:00:00Z,CENTRE_GJ_220101
NEET24_220101_0280,656.1,2026-09-15T12:00:00Z,CENTRE_GJ_220101
NEET24_220101_0281,558.5,2026-09-15T12:00:00Z,CENTRE_GJ_220101
NEET24_220101_0282,364.9,2026-09-15T12:00:00Z,CENTRE_GJ_220101
NEET24_220101_0283,594.2,2026-09-15T12:00:00Z,CENTRE_GJ_220101
NEET24_220101_0284,507.8,2026-09-15T12:00:00Z,CENTRE_GJ_220101
NEET24_220101_0285,483.7,2026-09-15T12:00:00Z,CENTRE_GJ_220101
NEET24_220101_0286,581.0,2026-09-15T12:00:00Z,CENTRE_GJ_220101
NEET24_220101_0287,405.2,2026-09-15T12:00:00Z,CENTRE_GJ_220101
NEET24_220101_0288,265.2,2026-09-15T12:00:00Z,CENTRE_GJ_220101
NEET24_220101_0289,522.7,2026-09-15T12:00:00Z,CENTRE_GJ_220101
NEET24_220101_0290,461.6,2026-09-15T12:00:00Z,CENTRE_GJ_220101
NEET24_220101_0291,580.1,2026-09-15T12:00:00Z,CENTRE_GJ_220101
NEET24_220101_0292,630.3,2026-09-15T12:00:00Z,CENTRE_GJ_220101
NEET24_220101_0293,376.3,2026-09-15T12:00:00Z,CENTRE_GJ_220101
NEET24_220101_0294,339.7,2026-09-15T12:00:00Z,CENTRE_GJ_220101
NEET24_220101_0295,453.2,2026-09-15T12:00:00Z,CENTRE_GJ_220101
NEET24_220101_0296,552.5,2026-09-15T12:00:00Z,CENTRE_GJ_220101
NEET24_220101_0297,297.0,2026-09-15T12:00:00Z,CENTRE_GJ_220101
NEET24_220101_0298,414.4,2026-09-15T12:00:00Z,CENTRE_GJ_220101
NEET24_220101_0299,495.6,2026-09-15T12:00:00Z,CENTRE_GJ_220101
NEET24_220101_0300,396.1,2026-09-15T12:00:00Z,CENTRE_GJ_220101
NEET24_110101_0001,350.3,2026-09-15T12:00:00Z,CENTRE_DL_110101
NEET24_110101_0002,239.6,2026-09-15T12:00:00Z,CENTRE_DL_110101
NEET24_110101_0003,160.4,2026-09-15T12:00:00Z,CENTRE_DL_110101
NEET24_110101_0004,304.4,2026-09-15T12:00:00Z,CENTRE_DL_110101
NEET24_110101_0005,122.5,2026-09-15T12:00:00Z,CENTRE_DL_110101
NEET24_110101_0006,622.8,2026-09-15T12:00:00Z,CENTRE_DL_110101
NEET24_110101_0007,183.5,2026-09-15T12:00:00Z,CENTRE_DL_110101
NEET24_110101_0008,95.1,2026-09-15T12:00:00Z,CENTRE_DL_110101
NEET24_110101_0009,286.7,2026-09-15T12:00:00Z,CENTRE_DL_110101
NEET24_110101_0010,197.9,2026-09-15T12:00:00Z,CENTRE_DL_110101
NEET24_110101_0011,247.4,2026-09-15T12:00:00Z,CENTRE_DL_110101
NEET24_110101_0012,445.1,2026-09-15T12:00:00Z,CENTRE_DL_110101
NEET24_110101_0013,401.2,2026-09-15T12:00:00Z,CENTRE_DL_110101
NEET24_110101_0014,388.8,2026-09-15T12:00:00Z,CENTRE_DL_110101
NEET24_110101_0015,285.9,2026-09-15T12:00:00Z,CENTRE_DL_110101
NEET24_110101_0016,333.5,2026-09-15T12:00:00Z,CENTRE_DL_110101
NEET24_110101_0017,442.2,2026-09-15T12:00:00Z,CENTRE_DL_110101
NEET24_110101_0018,239.8,2026-09-15T12:00:00Z,CENTRE_DL_110101
NEET24_110101_0019,369.3,2026-09-15T12:00:00Z,CENTRE_DL_110101
NEET24_110101_0020,407.6,2026-09-15T12:00:00Z,CENTRE_DL_110101
NEET24_110101_0021,276.3,2026-09-15T12:00:00Z,CENTRE_DL_110101
NEET24_110101_0022,454.7,2026-09-15T12:00:00Z,CENTRE_DL_110101
NEET24_110101_0023,303.7,2026-09-15T12:00:00Z,CENTRE_DL_110101
NEET24_110101_0024,405.9,2026-09-15T12:00:00Z,CENTRE_DL_110101
NEET24_110101_0025,228.4,2026-09-15T12:00:00Z,CENTRE_DL_110101
NEET24_110101_0026,339.8,2026-09-15T12:00:00Z,CENTRE_DL_110101
NEET24_110101_0027,302.4,2026-09-15T12:00:00Z,CENTRE_DL_110101
NEET24_110101_0028,418.2,2026-09-15T12:00:00Z,CENTRE_DL_110101
NEET24_110101_0029,315.6,2026-09-15T12:00:00Z,CENTRE_DL_110101
NEET24_110101_0030,602.4,2026-09-15T12:00:00Z,CENTRE_DL_110101
NEET24_110101_0031,460.7,2026-09-15T12:00:00Z,CENTRE_DL_110101
NEET24_110101_0032,368.0,2026-09-15T12:00:00Z,CENTRE_DL_110101
NEET24_110101_0033,347.2,2026-09-15T12:00:00Z,CENTRE_DL_110101
NEET24_110101_0034,343.8,2026-09-15T12:00:00Z,CENTRE_DL_110101
NEET24_110101_0035,559.8,2026-09-15T12:00:00Z,CENTRE_DL_110101
NEET24_110101_0036,278.6,2026-09-15T12:00:00Z,CENTRE_DL_110101
NEET24_110101_0037,281.4,2026-09-15T12:00:00Z,CENTRE_DL_110101
NEET24_110101_0038,284.1,2026-09-15T12:00:00Z,CENTRE_DL_110101
NEET24_110101_0039,349.4,2026-09-15T12:00:00Z,CENTRE_DL_110101
NEET24_110101_0040,461.8,2026-09-15T12:00:00Z,CENTRE_DL_110101
NEET24_110101_0041,298.5,2026-09-15T12:00:00Z,CENTRE_DL_110101
NEET24_110101_0042,335.7,2026-09-15T12:00:00Z,CENTRE_DL_110101
NEET24_110101_0043,450.3,2026-09-15T12:00:00Z,CENTRE_DL_110101
NEET24_110101_0044,107.0,2026-09-15T12:00:00Z,CENTRE_DL_110101
NEET24_110101_0045,157.1,2026-09-15T12:00:00Z,CENTRE_DL_110101
NEET24_110101_0046,300.6,2026-09-15T12:00:00Z,CENTRE_DL_110101
NEET24_110101_0047,144.5,2026-09-15T12:00:00Z,CENTRE_DL_110101
NEET24_110101_0048,391.2,2026-09-15T12:00:00Z,CENTRE_DL_110101
NEET24_110101_0049,425.1,2026-09-15T12:00:00Z,CENTRE_DL_110101
NEET24_110101_0050,107.2,2026-09-15T12:00:00Z,CENTRE_DL_110101
NEET24_110101_0051,214.5,2026-09-15T12:00:00Z,CENTRE_DL_110101
NEET24_110101_0052,116.7,2026-09-15T12:00:00Z,CENTRE_DL_110101
NEET24_110101_0053,224.8,2026-09-15T12:00:00Z,CENTRE_DL_110101
NEET24_110101_0054,145.9,2026-09-15T12:00:00Z,CENTRE_DL_110101
NEET24_110101_0055,533.4,2026-09-15T12:00:00Z,CENTRE_DL_110101
NEET24_110101_0056,389.1,2026-09-15T12:00:00Z,CENTRE_DL_110101
NEET24_110101_0057,486.0,2026-09-15T12:00:00Z,CENTRE_DL_110101
NEET24_110101_0058,381.6,2026-09-15T12:00:00Z,CENTRE_DL_110101
NEET24_110101_0059,265.0,2026-09-15T12:00:00Z,CENTRE_DL_110101
NEET24_110101_0060,308.3,2026-09-15T12:00:00Z,CENTRE_DL_110101
NEET24_110101_0061,247.9,2026-09-15T12:00:00Z,CENTRE_DL_110101
NEET24_110101_0062,256.5,2026-09-15T12:00:00Z,CENTRE_DL_110101
NEET24_110101_0063,149.4,2026-09-15T12:00:00Z,CENTRE_DL_110101
NEET24_110101_0064,382.5,2026-09-15T12:00:00Z,CENTRE_DL_110101
NEET24_110101_0065,197.6,2026-09-15T12:00:00Z,CENTRE_DL_110101
NEET24_110101_0066,477.2,2026-09-15T12:00:00Z,CENTRE_DL_110101
NEET24_110101_0067,376.2,2026-09-15T12:00:00Z,CENTRE_DL_110101
NEET24_110101_0068,317.1,2026-09-15T12:00:00Z,CENTRE_DL_110101
NEET24_110101_0069,303.1,2026-09-15T12:00:00Z,CENTRE_DL_110101
NEET24_110101_0070,329.0,2026-09-15T12:00:00Z,CENTRE_DL_110101
NEET24_110101_0071,325.3,2026-09-15T12:00:00Z,CENTRE_DL_110101
NEET24_110101_0072,223.0,2026-09-15T12:00:00Z,CENTRE_DL_110101
NEET24_110101_0073,404.3,2026-09-15T12:00:00Z,CENTRE_DL_110101
NEET24_110101_0074,240.3,2026-09-15T12:00:00Z,CENTRE_DL_110101
NEET24_110101_0075,384.2,2026-09-15T12:00:00Z,CENTRE_DL_110101
NEET24_110101_0076,439.1,2026-09-15T12:00:00Z,CENTRE_DL_110101
NEET24_110101_0077,259.6,2026-09-15T12:00:00Z,CENTRE_DL_110101
NEET24_110101_0078,381.0,2026-09-15T12:00:00Z,CENTRE_DL_110101
NEET24_110101_0079,398.7,2026-09-15T12:00:00Z,CENTRE_DL_110101
NEET24_110101_0080,174.8,2026-09-15T12:00:00Z,CENTRE_DL_110101
NEET24_110101_0081,317.3,2026-09-15T12:00:00Z,CENTRE_DL_110101
NEET24_110101_0082,147.3,2026-09-15T12:00:00Z,CENTRE_DL_110101
NEET24_110101_0083,168.1,2026-09-15T12:00:00Z,CENTRE_DL_110101
NEET24_110101_0084,359.8,2026-09-15T12:00:00Z,CENTRE_DL_110101
NEET24_110101_0085,212.9,2026-09-15T12:00:00Z,CENTRE_DL_110101
NEET24_110101_0086,410.6,2026-09-15T12:00:00Z,CENTRE_DL_110101
NEET24_110101_0087,203.0,2026-09-15T12:00:00Z,CENTRE_DL_110101
NEET24_110101_0088,302.1,2026-09-15T12:00:00Z,CENTRE_DL_110101
NEET24_110101_0089,417.6,2026-09-15T12:00:00Z,CENTRE_DL_110101
NEET24_110101_0090,425.3,2026-09-15T12:00:00Z,CENTRE_DL_110101
NEET24_110101_0091,302.9,2026-09-15T12:00:00Z,CENTRE_DL_110101
NEET24_110101_0092,157.5,2026-09-15T12:00:00Z,CENTRE_DL_110101
NEET24_110101_0093,398.3,2026-09-15T12:00:00Z,CENTRE_DL_110101
NEET24_110101_0094,185.4,2026-09-15T12:00:00Z,CENTRE_DL_110101
NEET24_110101_0095,267.4,2026-09-15T12:00:00Z,CENTRE_DL_110101
NEET24_110101_0096,270.6,2026-09-15T12:00:00Z,CENTRE_DL_110101
NEET24_110101_0097,455.0,2026-09-15T12:00:00Z,CENTRE_DL_110101
NEET24_110101_0098,279.6,2026-09-15T12:00:00Z,CENTRE_DL_110101
NEET24_110101_0099,458.5,2026-09-15T12:00:00Z,CENTRE_DL_110101
NEET24_110101_0100,285.6,2026-09-15T12:00:00Z,CENTRE_DL_110101
NEET24_110101_0101,410.3,2026-09-15T12:00:00Z,CENTRE_DL_110101
NEET24_110101_0102,311.3,2026-09-15T12:00:00Z,CENTRE_DL_110101
NEET24_110101_0103,492.2,2026-09-15T12:00:00Z,CENTRE_DL_110101
NEET24_110101_0104,446.9,2026-09-15T12:00:00Z,CENTRE_DL_110101
NEET24_110101_0105,239.8,2026-09-15T12:00:00Z,CENTRE_DL_110101
NEET24_110101_0106,265.5,2026-09-15T12:00:00Z,CENTRE_DL_110101
NEET24_110101_0107,332.2,2026-09-15T12:00:00Z,CENTRE_DL_110101
NEET24_110101_0108,346.4,2026-09-15T12:00:00Z,CENTRE_DL_110101
NEET24_110101_0109,457.3,2026-09-15T12:00:00Z,CENTRE_DL_110101
NEET24_110101_0110,259.8,2026-09-15T12:00:00Z,CENTRE_DL_110101
NEET24_110101_0111,311.0,2026-09-15T12:00:00Z,CENTRE_DL_110101
NEET24_110101_0112,160.6,2026-09-15T12:00:00Z,CENTRE_DL_110101
NEET24_110101_0113,367.1,2026-09-15T12:00:00Z,CENTRE_DL_110101
NEET24_110101_0114,319.7,2026-09-15T12:00:00Z,CENTRE_DL_110101
NEET24_110101_0115,346.9,2026-09-15T12:00:00Z,CENTRE_DL_110101
NEET24_110101_0116,307.9,2026-09-15T12:00:00Z,CENTRE_DL_110101
NEET24_110101_0117,452.6,2026-09-15T12:00:00Z,CENTRE_DL_110101
NEET24_110101_0118,347.1,2026-09-15T12:00:00Z,CENTRE_DL_110101
NEET24_110101_0119,509.7,2026-09-15T12:00:00Z,CENTRE_DL_110101
NEET24_110101_0120,240.7,2026-09-15T12:00:00Z,CENTRE_DL_110101
NEET24_110101_0121,447.1,2026-09-15T12:00:00Z,CENTRE_DL_110101
NEET24_110101_0122,124.4,2026-09-15T12:00:00Z,CENTRE_DL_110101
NEET24_110101_0123,662.6,2026-09-15T12:00:00Z,CENTRE_DL_110101
NEET24_110101_0124,238.2,2026-09-15T12:00:00Z,CENTRE_DL_110101
NEET24_110101_0125,306.7,2026-09-15T12:00:00Z,CENTRE_DL_110101
NEET24_110101_0126,245.7,2026-09-15T12:00:00Z,CENTRE_DL_110101
NEET24_110101_0127,368.2,2026-09-15T12:00:00Z,CENTRE_DL_110101
NEET24_110101_0128,362.4,2026-09-15T12:00:00Z,CENTRE_DL_110101
NEET24_110101_0129,522.5,2026-09-15T12:00:00Z,CENTRE_DL_110101
NEET24_110101_0130,264.1,2026-09-15T12:00:00Z,CENTRE_DL_110101
NEET24_110101_0131,513.7,2026-09-15T12:00:00Z,CENTRE_DL_110101
NEET24_110101_0132,507.7,2026-09-15T12:00:00Z,CENTRE_DL_110101
NEET24_110101_0133,286.5,2026-09-15T12:00:00Z,CENTRE_DL_110101
NEET24_110101_0134,407.6,2026-09-15T12:00:00Z,CENTRE_DL_110101
NEET24_110101_0135,515.8,2026-09-15T12:00:00Z,CENTRE_DL_110101
NEET24_110101_0136,314.6,2026-09-15T12:00:00Z,CENTRE_DL_110101
NEET24_110101_0137,491.4,2026-09-15T12:00:00Z,CENTRE_DL_110101
NEET24_110101_0138,349.9,2026-09-15T12:00:00Z,CENTRE_DL_110101
NEET24_110101_0139,185.3,2026-09-15T12:00:00Z,CENTRE_DL_110101
NEET24_110101_0140,555.8,2026-09-15T12:00:00Z,CENTRE_DL_110101
NEET24_110101_0141,313.4,2026-09-15T12:00:00Z,CENTRE_DL_110101
NEET24_110101_0142,308.8,2026-09-15T12:00:00Z,CENTRE_DL_110101
NEET24_110101_0143,444.3,2026-09-15T12:00:00Z,CENTRE_DL_110101
NEET24_110101_0144,281.8,2026-09-15T12:00:00Z,CENTRE_DL_110101
NEET24_110101_0145,510.8,2026-09-15T12:00:00Z,CENTRE_DL_110101
NEET24_110101_0146,364.6,2026-09-15T12:00:00Z,CENTRE_DL_110101
NEET24_110101_0147,365.1,2026-09-15T12:00:00Z,CENTRE_DL_110101
NEET24_110101_0148,430.0,2026-09-15T12:00:00Z,CENTRE_DL_110101
NEET24_110101_0149,372.1,2026-09-15T12:00:00Z,CENTRE_DL_110101
NEET24_110101_0150,493.9,2026-09-15T12:00:00Z,CENTRE_DL_110101
NEET24_110101_0151,283.6,2026-09-15T12:00:00Z,CENTRE_DL_110101
NEET24_110101_0152,340.9,2026-09-15T12:00:00Z,CENTRE_DL_110101
NEET24_110101_0153,286.5,2026-09-15T12:00:00Z,CENTRE_DL_110101
NEET24_110101_0154,433.8,2026-09-15T12:00:00Z,CENTRE_DL_110101
NEET24_110101_0155,347.2,2026-09-15T12:00:00Z,CENTRE_DL_110101
NEET24_110101_0156,236.0,2026-09-15T12:00:00Z,CENTRE_DL_110101
NEET24_110101_0157,354.0,2026-09-15T12:00:00Z,CENTRE_DL_110101
NEET24_110101_0158,425.7,2026-09-15T12:00:00Z,CENTRE_DL_110101
NEET24_110101_0159,321.1,2026-09-15T12:00:00Z,CENTRE_DL_110101
NEET24_110101_0160,376.6,2026-09-15T12:00:00Z,CENTRE_DL_110101
NEET24_110101_0161,296.8,2026-09-15T12:00:00Z,CENTRE_DL_110101
NEET24_110101_0162,462.7,2026-09-15T12:00:00Z,CENTRE_DL_110101
NEET24_110101_0163,393.4,2026-09-15T12:00:00Z,CENTRE_DL_110101
NEET24_110101_0164,185.0,2026-09-15T12:00:00Z,CENTRE_DL_110101
NEET24_110101_0165,258.5,2026-09-15T12:00:00Z,CENTRE_DL_110101
NEET24_110101_0166,461.6,2026-09-15T12:00:00Z,CENTRE_DL_110101
NEET24_110101_0167,511.2,2026-09-15T12:00:00Z,CENTRE_DL_110101
NEET24_110101_0168,386.1,2026-09-15T12:00:00Z,CENTRE_DL_110101
NEET24_110101_0169,324.8,2026-09-15T12:00:00Z,CENTRE_DL_110101
NEET24_110101_0170,341.7,2026-09-15T12:00:00Z,CENTRE_DL_110101
NEET24_110101_0171,487.0,2026-09-15T12:00:00Z,CENTRE_DL_110101
NEET24_110101_0172,206.1,2026-09-15T12:00:00Z,CENTRE_DL_110101
NEET24_110101_0173,417.8,2026-09-15T12:00:00Z,CENTRE_DL_110101
NEET24_110101_0174,193.7,2026-09-15T12:00:00Z,CENTRE_DL_110101
NEET24_110101_0175,205.3,2026-09-15T12:00:00Z,CENTRE_DL_110101
NEET24_110101_0176,156.3,2026-09-15T12:00:00Z,CENTRE_DL_110101
NEET24_110101_0177,511.7,2026-09-15T12:00:00Z,CENTRE_DL_110101
NEET24_110101_0178,295.1,2026-09-15T12:00:00Z,CENTRE_DL_110101
NEET24_110101_0179,486.5,2026-09-15T12:00:00Z,CENTRE_DL_110101
NEET24_110101_0180,205.5,2026-09-15T12:00:00Z,CENTRE_DL_110101
NEET24_110101_0181,404.5,2026-09-15T12:00:00Z,CENTRE_DL_110101
NEET24_110101_0182,611.3,2026-09-15T12:00:00Z,CENTRE_DL_110101
NEET24_110101_0183,447.9,2026-09-15T12:00:00Z,CENTRE_DL_110101
NEET24_110101_0184,498.4,2026-09-15T12:00:00Z,CENTRE_DL_110101
NEET24_110101_0185,453.9,2026-09-15T12:00:00Z,CENTRE_DL_110101
NEET24_110101_0186,276.4,2026-09-15T12:00:00Z,CENTRE_DL_110101
NEET24_110101_0187,276.0,2026-09-15T12:00:00Z,CENTRE_DL_110101
NEET24_110101_0188,414.3,2026-09-15T12:00:00Z,CENTRE_DL_110101
NEET24_110101_0189,381.6,2026-09-15T12:00:00Z,CENTRE_DL_110101
NEET24_110101_0190,276.4,2026-09-15T12:00:00Z,CENTRE_DL_110101
NEET24_110101_0191,318.5,2026-09-15T12:00:00Z,CENTRE_DL_110101
NEET24_110101_0192,192.4,2026-09-15T12:00:00Z,CENTRE_DL_110101
NEET24_110101_0193,435.6,2026-09-15T12:00:00Z,CENTRE_DL_110101
NEET24_110101_0194,310.9,2026-09-15T12:00:00Z,CENTRE_DL_110101
NEET24_110101_0195,345.6,2026-09-15T12:00:00Z,CENTRE_DL_110101
NEET24_110101_0196,317.8,2026-09-15T12:00:00Z,CENTRE_DL_110101
NEET24_110101_0197,431.1,2026-09-15T12:00:00Z,CENTRE_DL_110101
NEET24_110101_0198,368.1,2026-09-15T12:00:00Z,CENTRE_DL_110101
NEET24_110101_0199,305.9,2026-09-15T12:00:00Z,CENTRE_DL_110101
NEET24_110101_0200,349.4,2026-09-15T12:00:00Z,CENTRE_DL_110101
NEET24_270101_0001,429.7,2026-09-15T12:00:00Z,CENTRE_MH_270101
NEET24_270101_0002,379.3,2026-09-15T12:00:00Z,CENTRE_MH_270101
NEET24_270101_0003,191.6,2026-09-15T12:00:00Z,CENTRE_MH_270101
NEET24_270101_0004,365.4,2026-09-15T12:00:00Z,CENTRE_MH_270101
NEET24_270101_0005,268.0,2026-09-15T12:00:00Z,CENTRE_MH_270101
NEET24_270101_0006,401.6,2026-09-15T12:00:00Z,CENTRE_MH_270101
NEET24_270101_0007,394.2,2026-09-15T12:00:00Z,CENTRE_MH_270101
NEET24_270101_0008,393.6,2026-09-15T12:00:00Z,CENTRE_MH_270101
NEET24_270101_0009,412.8,2026-09-15T12:00:00Z,CENTRE_MH_270101
NEET24_270101_0010,365.3,2026-09-15T12:00:00Z,CENTRE_MH_270101
NEET24_270101_0011,371.4,2026-09-15T12:00:00Z,CENTRE_MH_270101
NEET24_270101_0012,380.9,2026-09-15T12:00:00Z,CENTRE_MH_270101
NEET24_270101_0013,190.9,2026-09-15T12:00:00Z,CENTRE_MH_270101
NEET24_270101_0014,456.6,2026-09-15T12:00:00Z,CENTRE_MH_270101
NEET24_270101_0015,108.5,2026-09-15T12:00:00Z,CENTRE_MH_270101
NEET24_270101_0016,220.0,2026-09-15T12:00:00Z,CENTRE_MH_270101
NEET24_270101_0017,388.3,2026-09-15T12:00:00Z,CENTRE_MH_270101
NEET24_270101_0018,301.1,2026-09-15T12:00:00Z,CENTRE_MH_270101
NEET24_270101_0019,450.0,2026-09-15T12:00:00Z,CENTRE_MH_270101
NEET24_270101_0020,320.0,2026-09-15T12:00:00Z,CENTRE_MH_270101
NEET24_270101_0021,481.9,2026-09-15T12:00:00Z,CENTRE_MH_270101
NEET24_270101_0022,196.5,2026-09-15T12:00:00Z,CENTRE_MH_270101
NEET24_270101_0023,399.2,2026-09-15T12:00:00Z,CENTRE_MH_270101
NEET24_270101_0024,483.9,2026-09-15T12:00:00Z,CENTRE_MH_270101
NEET24_270101_0025,220.1,2026-09-15T12:00:00Z,CENTRE_MH_270101
NEET24_270101_0026,319.1,2026-09-15T12:00:00Z,CENTRE_MH_270101
NEET24_270101_0027,324.0,2026-09-15T12:00:00Z,CENTRE_MH_270101
NEET24_270101_0028,362.7,2026-09-15T12:00:00Z,CENTRE_MH_270101
NEET24_270101_0029,510.7,2026-09-15T12:00:00Z,CENTRE_MH_270101
NEET24_270101_0030,437.9,2026-09-15T12:00:00Z,CENTRE_MH_270101
NEET24_270101_0031,222.5,2026-09-15T12:00:00Z,CENTRE_MH_270101
NEET24_270101_0032,534.0,2026-09-15T12:00:00Z,CENTRE_MH_270101
NEET24_270101_0033,365.4,2026-09-15T12:00:00Z,CENTRE_MH_270101
NEET24_270101_0034,405.4,2026-09-15T12:00:00Z,CENTRE_MH_270101
NEET24_270101_0035,204.2,2026-09-15T12:00:00Z,CENTRE_MH_270101
NEET24_270101_0036,345.9,2026-09-15T12:00:00Z,CENTRE_MH_270101
NEET24_270101_0037,268.9,2026-09-15T12:00:00Z,CENTRE_MH_270101
NEET24_270101_0038,216.6,2026-09-15T12:00:00Z,CENTRE_MH_270101
NEET24_270101_0039,325.2,2026-09-15T12:00:00Z,CENTRE_MH_270101
NEET24_270101_0040,271.1,2026-09-15T12:00:00Z,CENTRE_MH_270101
NEET24_270101_0041,680.0,2026-09-15T12:00:00Z,CENTRE_MH_270101
NEET24_270101_0042,145.9,2026-09-15T12:00:00Z,CENTRE_MH_270101
NEET24_270101_0043,422.7,2026-09-15T12:00:00Z,CENTRE_MH_270101
NEET24_270101_0044,467.1,2026-09-15T12:00:00Z,CENTRE_MH_270101
NEET24_270101_0045,315.0,2026-09-15T12:00:00Z,CENTRE_MH_270101
NEET24_270101_0046,255.1,2026-09-15T12:00:00Z,CENTRE_MH_270101
NEET24_270101_0047,395.1,2026-09-15T12:00:00Z,CENTRE_MH_270101
NEET24_270101_0048,393.9,2026-09-15T12:00:00Z,CENTRE_MH_270101
NEET24_270101_0049,381.6,2026-09-15T12:00:00Z,CENTRE_MH_270101
NEET24_270101_0050,225.7,2026-09-15T12:00:00Z,CENTRE_MH_270101
NEET24_270101_0051,410.9,2026-09-15T12:00:00Z,CENTRE_MH_270101
NEET24_270101_0052,279.3,2026-09-15T12:00:00Z,CENTRE_MH_270101
NEET24_270101_0053,240.8,2026-09-15T12:00:00Z,CENTRE_MH_270101
NEET24_270101_0054,342.1,2026-09-15T12:00:00Z,CENTRE_MH_270101
NEET24_270101_0055,308.6,2026-09-15T12:00:00Z,CENTRE_MH_270101
NEET24_270101_0056,414.6,2026-09-15T12:00:00Z,CENTRE_MH_270101
NEET24_270101_0057,386.1,2026-09-15T12:00:00Z,CENTRE_MH_270101
NEET24_270101_0058,487.7,2026-09-15T12:00:00Z,CENTRE_MH_270101
NEET24_270101_0059,471.7,2026-09-15T12:00:00Z,CENTRE_MH_270101
NEET24_270101_0060,481.9,2026-09-15T12:00:00Z,CENTRE_MH_270101
NEET24_270101_0061,178.9,2026-09-15T12:00:00Z,CENTRE_MH_270101
NEET24_270101_0062,572.0,2026-09-15T12:00:00Z,CENTRE_MH_270101
NEET24_270101_0063,341.7,2026-09-15T12:00:00Z,CENTRE_MH_270101
NEET24_270101_0064,302.7,2026-09-15T12:00:00Z,CENTRE_MH_270101
NEET24_270101_0065,349.1,2026-09-15T12:00:00Z,CENTRE_MH_270101
NEET24_270101_0066,180.5,2026-09-15T12:00:00Z,CENTRE_MH_270101
NEET24_270101_0067,321.4,2026-09-15T12:00:00Z,CENTRE_MH_270101
NEET24_270101_0068,215.8,2026-09-15T12:00:00Z,CENTRE_MH_270101
NEET24_270101_0069,341.2,2026-09-15T12:00:00Z,CENTRE_MH_270101
NEET24_270101_0070,425.9,2026-09-15T12:00:00Z,CENTRE_MH_270101
NEET24_270101_0071,368.9,2026-09-15T12:00:00Z,CENTRE_MH_270101
NEET24_270101_0072,404.4,2026-09-15T12:00:00Z,CENTRE_MH_270101
NEET24_270101_0073,409.5,2026-09-15T12:00:00Z,CENTRE_MH_270101
NEET24_270101_0074,437.0,2026-09-15T12:00:00Z,CENTRE_MH_270101
NEET24_270101_0075,249.9,2026-09-15T12:00:00Z,CENTRE_MH_270101
NEET24_270101_0076,499.5,2026-09-15T12:00:00Z,CENTRE_MH_270101
NEET24_270101_0077,369.3,2026-09-15T12:00:00Z,CENTRE_MH_270101
NEET24_270101_0078,395.2,2026-09-15T12:00:00Z,CENTRE_MH_270101
NEET24_270101_0079,167.7,2026-09-15T12:00:00Z,CENTRE_MH_270101
NEET24_270101_0080,332.9,2026-09-15T12:00:00Z,CENTRE_MH_270101
NEET24_270101_0081,357.7,2026-09-15T12:00:00Z,CENTRE_MH_270101
NEET24_270101_0082,271.3,2026-09-15T12:00:00Z,CENTRE_MH_270101
NEET24_270101_0083,384.8,2026-09-15T12:00:00Z,CENTRE_MH_270101
NEET24_270101_0084,370.7,2026-09-15T12:00:00Z,CENTRE_MH_270101
NEET24_270101_0085,292.6,2026-09-15T12:00:00Z,CENTRE_MH_270101
NEET24_270101_0086,497.0,2026-09-15T12:00:00Z,CENTRE_MH_270101
NEET24_270101_0087,285.8,2026-09-15T12:00:00Z,CENTRE_MH_270101
NEET24_270101_0088,491.6,2026-09-15T12:00:00Z,CENTRE_MH_270101
NEET24_270101_0089,560.0,2026-09-15T12:00:00Z,CENTRE_MH_270101
NEET24_270101_0090,293.3,2026-09-15T12:00:00Z,CENTRE_MH_270101
NEET24_270101_0091,513.6,2026-09-15T12:00:00Z,CENTRE_MH_270101
NEET24_270101_0092,226.2,2026-09-15T12:00:00Z,CENTRE_MH_270101
NEET24_270101_0093,406.8,2026-09-15T12:00:00Z,CENTRE_MH_270101
NEET24_270101_0094,214.9,2026-09-15T12:00:00Z,CENTRE_MH_270101
NEET24_270101_0095,362.1,2026-09-15T12:00:00Z,CENTRE_MH_270101
NEET24_270101_0096,386.0,2026-09-15T12:00:00Z,CENTRE_MH_270101
NEET24_270101_0097,399.0,2026-09-15T12:00:00Z,CENTRE_MH_270101
NEET24_270101_0098,185.5,2026-09-15T12:00:00Z,CENTRE_MH_270101
NEET24_270101_0099,228.6,2026-09-15T12:00:00Z,CENTRE_MH_270101
NEET24_270101_0100,368.6,2026-09-15T12:00:00Z,CENTRE_MH_270101
NEET24_270101_0101,373.1,2026-09-15T12:00:00Z,CENTRE_MH_270101
NEET24_270101_0102,372.1,2026-09-15T12:00:00Z,CENTRE_MH_270101
NEET24_270101_0103,116.5,2026-09-15T12:00:00Z,CENTRE_MH_270101
NEET24_270101_0104,231.6,2026-09-15T12:00:00Z,CENTRE_MH_270101
NEET24_270101_0105,511.0,2026-09-15T12:00:00Z,CENTRE_MH_270101
NEET24_270101_0106,339.1,2026-09-15T12:00:00Z,CENTRE_MH_270101
NEET24_270101_0107,348.2,2026-09-15T12:00:00Z,CENTRE_MH_270101
NEET24_270101_0108,307.1,2026-09-15T12:00:00Z,CENTRE_MH_270101
NEET24_270101_0109,123.3,2026-09-15T12:00:00Z,CENTRE_MH_270101
NEET24_270101_0110,191.9,2026-09-15T12:00:00Z,CENTRE_MH_270101
NEET24_270101_0111,258.7,2026-09-15T12:00:00Z,CENTRE_MH_270101
NEET24_270101_0112,422.9,2026-09-15T12:00:00Z,CENTRE_MH_270101
NEET24_270101_0113,246.3,2026-09-15T12:00:00Z,CENTRE_MH_270101
NEET24_270101_0114,237.1,2026-09-15T12:00:00Z,CENTRE_MH_270101
NEET24_270101_0115,350.2,2026-09-15T12:00:00Z,CENTRE_MH_270101
NEET24_270101_0116,349.0,2026-09-15T12:00:00Z,CENTRE_MH_270101
NEET24_270101_0117,228.4,2026-09-15T12:00:00Z,CENTRE_MH_270101
NEET24_270101_0118,551.8,2026-09-15T12:00:00Z,CENTRE_MH_270101
NEET24_270101_0119,244.9,2026-09-15T12:00:00Z,CENTRE_MH_270101
NEET24_270101_0120,424.3,2026-09-15T12:00:00Z,CENTRE_MH_270101
NEET24_270101_0121,329.8,2026-09-15T12:00:00Z,CENTRE_MH_270101
NEET24_270101_0122,172.1,2026-09-15T12:00:00Z,CENTRE_MH_270101
NEET24_270101_0123,491.9,2026-09-15T12:00:00Z,CENTRE_MH_270101
NEET24_270101_0124,254.8,2026-09-15T12:00:00Z,CENTRE_MH_270101
NEET24_270101_0125,393.5,2026-09-15T12:00:00Z,CENTRE_MH_270101
NEET24_270101_0126,89.3,2026-09-15T12:00:00Z,CENTRE_MH_270101
NEET24_270101_0127,383.0,2026-09-15T12:00:00Z,CENTRE_MH_270101
NEET24_270101_0128,87.9,2026-09-15T12:00:00Z,CENTRE_MH_270101
NEET24_270101_0129,573.1,2026-09-15T12:00:00Z,CENTRE_MH_270101
NEET24_270101_0130,384.0,2026-09-15T12:00:00Z,CENTRE_MH_270101
NEET24_270101_0131,178.8,2026-09-15T12:00:00Z,CENTRE_MH_270101
NEET24_270101_0132,511.7,2026-09-15T12:00:00Z,CENTRE_MH_270101
NEET24_270101_0133,583.0,2026-09-15T12:00:00Z,CENTRE_MH_270101
NEET24_270101_0134,549.2,2026-09-15T12:00:00Z,CENTRE_MH_270101
NEET24_270101_0135,552.5,2026-09-15T12:00:00Z,CENTRE_MH_270101
NEET24_270101_0136,313.9,2026-09-15T12:00:00Z,CENTRE_MH_270101
NEET24_270101_0137,386.0,2026-09-15T12:00:00Z,CENTRE_MH_270101
NEET24_270101_0138,369.6,2026-09-15T12:00:00Z,CENTRE_MH_270101
NEET24_270101_0139,296.4,2026-09-15T12:00:00Z,CENTRE_MH_270101
NEET24_270101_0140,357.1,2026-09-15T12:00:00Z,CENTRE_MH_270101
NEET24_270101_0141,329.2,2026-09-15T12:00:00Z,CENTRE_MH_270101
NEET24_270101_0142,483.6,2026-09-15T12:00:00Z,CENTRE_MH_270101
NEET24_270101_0143,523.1,2026-09-15T12:00:00Z,CENTRE_MH_270101
NEET24_270101_0144,384.6,2026-09-15T12:00:00Z,CENTRE_MH_270101
NEET24_270101_0145,331.5,2026-09-15T12:00:00Z,CENTRE_MH_270101
NEET24_270101_0146,357.8,2026-09-15T12:00:00Z,CENTRE_MH_270101
NEET24_270101_0147,251.5,2026-09-15T12:00:00Z,CENTRE_MH_270101
NEET24_270101_0148,257.3,2026-09-15T12:00:00Z,CENTRE_MH_270101
NEET24_270101_0149,259.0,2026-09-15T12:00:00Z,CENTRE_MH_270101
NEET24_270101_0150,429.9,2026-09-15T12:00:00Z,CENTRE_MH_270101
NEET24_270101_0151,389.6,2026-09-15T12:00:00Z,CENTRE_MH_270101
NEET24_270101_0152,275.0,2026-09-15T12:00:00Z,CENTRE_MH_270101
NEET24_270101_0153,213.7,2026-09-15T12:00:00Z,CENTRE_MH_270101
NEET24_270101_0154,494.8,2026-09-15T12:00:00Z,CENTRE_MH_270101
NEET24_270101_0155,294.1,2026-09-15T12:00:00Z,CENTRE_MH_270101
NEET24_270101_0156,441.1,2026-09-15T12:00:00Z,CENTRE_MH_270101
NEET24_270101_0157,253.5,2026-09-15T12:00:00Z,CENTRE_MH_270101
NEET24_270101_0158,185.8,2026-09-15T12:00:00Z,CENTRE_MH_270101
NEET24_270101_0159,299.4,2026-09-15T12:00:00Z,CENTRE_MH_270101
NEET24_270101_0160,356.7,2026-09-15T12:00:00Z,CENTRE_MH_270101
NEET24_270101_0161,513.9,2026-09-15T12:00:00Z,CENTRE_MH_270101
NEET24_270101_0162,320.8,2026-09-15T12:00:00Z,CENTRE_MH_270101
NEET24_270101_0163,420.4,2026-09-15T12:00:00Z,CENTRE_MH_270101
NEET24_270101_0164,608.4,2026-09-15T12:00:00Z,CENTRE_MH_270101
NEET24_270101_0165,511.2,2026-09-15T12:00:00Z,CENTRE_MH_270101
NEET24_270101_0166,351.7,2026-09-15T12:00:00Z,CENTRE_MH_270101
NEET24_270101_0167,161.0,2026-09-15T12:00:00Z,CENTRE_MH_270101
NEET24_270101_0168,396.0,2026-09-15T12:00:00Z,CENTRE_MH_270101
NEET24_270101_0169,381.0,2026-09-15T12:00:00Z,CENTRE_MH_270101
NEET24_270101_0170,331.5,2026-09-15T12:00:00Z,CENTRE_MH_270101
NEET24_270101_0171,366.5,2026-09-15T12:00:00Z,CENTRE_MH_270101
NEET24_270101_0172,322.4,2026-09-15T12:00:00Z,CENTRE_MH_270101
NEET24_270101_0173,374.9,2026-09-15T12:00:00Z,CENTRE_MH_270101
NEET24_270101_0174,263.1,2026-09-15T12:00:00Z,CENTRE_MH_270101
NEET24_270101_0175,434.8,2026-09-15T12:00:00Z,CENTRE_MH_270101
NEET24_270101_0176,344.3,2026-09-15T12:00:00Z,CENTRE_MH_270101
NEET24_270101_0177,458.4,2026-09-15T12:00:00Z,CENTRE_MH_270101
NEET24_270101_0178,309.9,2026-09-15T12:00:00Z,CENTRE_MH_270101
NEET24_270101_0179,274.1,2026-09-15T12:00:00Z,CENTRE_MH_270101
NEET24_270101_0180,411.5,2026-09-15T12:00:00Z,CENTRE_MH_270101
NEET24_270101_0181,480.5,2026-09-15T12:00:00Z,CENTRE_MH_270101
NEET24_270101_0182,211.0,2026-09-15T12:00:00Z,CENTRE_MH_270101
NEET24_270101_0183,457.3,2026-09-15T12:00:00Z,CENTRE_MH_270101
NEET24_270101_0184,187.9,2026-09-15T12:00:00Z,CENTRE_MH_270101
NEET24_270101_0185,342.2,2026-09-15T12:00:00Z,CENTRE_MH_270101
NEET24_270101_0186,358.3,2026-09-15T12:00:00Z,CENTRE_MH_270101
NEET24_270101_0187,502.9,2026-09-15T12:00:00Z,CENTRE_MH_270101
NEET24_270101_0188,175.0,2026-09-15T12:00:00Z,CENTRE_MH_270101
NEET24_270101_0189,382.8,2026-09-15T12:00:00Z,CENTRE_MH_270101
NEET24_270101_0190,443.6,2026-09-15T12:00:00Z,CENTRE_MH_270101
NEET24_270101_0191,263.7,2026-09-15T12:00:00Z,CENTRE_MH_270101
NEET24_270101_0192,306.1,2026-09-15T12:00:00Z,CENTRE_MH_270101
NEET24_270101_0193,480.6,2026-09-15T12:00:00Z,CENTRE_MH_270101
NEET24_270101_0194,587.9,2026-09-15T12:00:00Z,CENTRE_MH_270101
NEET24_270101_0195,464.1,2026-09-15T12:00:00Z,CENTRE_MH_270101
NEET24_270101_0196,436.7,2026-09-15T12:00:00Z,CENTRE_MH_270101
NEET24_270101_0197,332.5,2026-09-15T12:00:00Z,CENTRE_MH_270101
NEET24_270101_0198,511.1,2026-09-15T12:00:00Z,CENTRE_MH_270101
NEET24_270101_0199,298.4,2026-09-15T12:00:00Z,CENTRE_MH_270101
NEET24_270101_0200,246.0,2026-09-15T12:00:00Z,CENTRE_MH_270101
NEET24_290101_0001,366.1,2026-09-15T12:00:00Z,CENTRE_KA_290101
NEET24_290101_0002,565.3,2026-09-15T12:00:00Z,CENTRE_KA_290101
NEET24_290101_0003,339.1,2026-09-15T12:00:00Z,CENTRE_KA_290101
NEET24_290101_0004,428.3,2026-09-15T12:00:00Z,CENTRE_KA_290101
NEET24_290101_0005,410.0,2026-09-15T12:00:00Z,CENTRE_KA_290101
NEET24_290101_0006,279.1,2026-09-15T12:00:00Z,CENTRE_KA_290101
NEET24_290101_0007,414.6,2026-09-15T12:00:00Z,CENTRE_KA_290101
NEET24_290101_0008,332.4,2026-09-15T12:00:00Z,CENTRE_KA_290101
NEET24_290101_0009,317.0,2026-09-15T12:00:00Z,CENTRE_KA_290101
NEET24_290101_0010,395.6,2026-09-15T12:00:00Z,CENTRE_KA_290101
NEET24_290101_0011,238.8,2026-09-15T12:00:00Z,CENTRE_KA_290101
NEET24_290101_0012,569.9,2026-09-15T12:00:00Z,CENTRE_KA_290101
NEET24_290101_0013,351.7,2026-09-15T12:00:00Z,CENTRE_KA_290101
NEET24_290101_0014,394.9,2026-09-15T12:00:00Z,CENTRE_KA_290101
NEET24_290101_0015,80.0,2026-09-15T12:00:00Z,CENTRE_KA_290101
NEET24_290101_0016,501.0,2026-09-15T12:00:00Z,CENTRE_KA_290101
NEET24_290101_0017,238.7,2026-09-15T12:00:00Z,CENTRE_KA_290101
NEET24_290101_0018,463.5,2026-09-15T12:00:00Z,CENTRE_KA_290101
NEET24_290101_0019,124.5,2026-09-15T12:00:00Z,CENTRE_KA_290101
NEET24_290101_0020,353.4,2026-09-15T12:00:00Z,CENTRE_KA_290101
NEET24_290101_0021,257.9,2026-09-15T12:00:00Z,CENTRE_KA_290101
NEET24_290101_0022,365.9,2026-09-15T12:00:00Z,CENTRE_KA_290101
NEET24_290101_0023,263.4,2026-09-15T12:00:00Z,CENTRE_KA_290101
NEET24_290101_0024,372.1,2026-09-15T12:00:00Z,CENTRE_KA_290101
NEET24_290101_0025,421.2,2026-09-15T12:00:00Z,CENTRE_KA_290101
NEET24_290101_0026,346.9,2026-09-15T12:00:00Z,CENTRE_KA_290101
NEET24_290101_0027,143.7,2026-09-15T12:00:00Z,CENTRE_KA_290101
NEET24_290101_0028,313.7,2026-09-15T12:00:00Z,CENTRE_KA_290101
NEET24_290101_0029,283.4,2026-09-15T12:00:00Z,CENTRE_KA_290101
NEET24_290101_0030,472.4,2026-09-15T12:00:00Z,CENTRE_KA_290101
NEET24_290101_0031,432.6,2026-09-15T12:00:00Z,CENTRE_KA_290101
NEET24_290101_0032,536.6,2026-09-15T12:00:00Z,CENTRE_KA_290101
NEET24_290101_0033,389.7,2026-09-15T12:00:00Z,CENTRE_KA_290101
NEET24_290101_0034,447.2,2026-09-15T12:00:00Z,CENTRE_KA_290101
NEET24_290101_0035,362.8,2026-09-15T12:00:00Z,CENTRE_KA_290101
NEET24_290101_0036,511.0,2026-09-15T12:00:00Z,CENTRE_KA_290101
NEET24_290101_0037,525.3,2026-09-15T12:00:00Z,CENTRE_KA_290101
NEET24_290101_0038,284.7,2026-09-15T12:00:00Z,CENTRE_KA_290101
NEET24_290101_0039,445.6,2026-09-15T12:00:00Z,CENTRE_KA_290101
NEET24_290101_0040,401.5,2026-09-15T12:00:00Z,CENTRE_KA_290101
NEET24_290101_0041,532.5,2026-09-15T12:00:00Z,CENTRE_KA_290101
NEET24_290101_0042,418.3,2026-09-15T12:00:00Z,CENTRE_KA_290101
NEET24_290101_0043,263.1,2026-09-15T12:00:00Z,CENTRE_KA_290101
NEET24_290101_0044,248.3,2026-09-15T12:00:00Z,CENTRE_KA_290101
NEET24_290101_0045,339.0,2026-09-15T12:00:00Z,CENTRE_KA_290101
NEET24_290101_0046,470.3,2026-09-15T12:00:00Z,CENTRE_KA_290101
NEET24_290101_0047,558.9,2026-09-15T12:00:00Z,CENTRE_KA_290101
NEET24_290101_0048,622.6,2026-09-15T12:00:00Z,CENTRE_KA_290101
NEET24_290101_0049,236.6,2026-09-15T12:00:00Z,CENTRE_KA_290101
NEET24_290101_0050,274.9,2026-09-15T12:00:00Z,CENTRE_KA_290101
NEET24_290101_0051,563.2,2026-09-15T12:00:00Z,CENTRE_KA_290101
NEET24_290101_0052,383.2,2026-09-15T12:00:00Z,CENTRE_KA_290101
NEET24_290101_0053,218.2,2026-09-15T12:00:00Z,CENTRE_KA_290101
NEET24_290101_0054,511.5,2026-09-15T12:00:00Z,CENTRE_KA_290101
NEET24_290101_0055,427.8,2026-09-15T12:00:00Z,CENTRE_KA_290101
NEET24_290101_0056,366.4,2026-09-15T12:00:00Z,CENTRE_KA_290101
NEET24_290101_0057,510.7,2026-09-15T12:00:00Z,CENTRE_KA_290101
NEET24_290101_0058,287.1,2026-09-15T12:00:00Z,CENTRE_KA_290101
NEET24_290101_0059,237.1,2026-09-15T12:00:00Z,CENTRE_KA_290101
NEET24_290101_0060,423.1,2026-09-15T12:00:00Z,CENTRE_KA_290101
NEET24_290101_0061,219.0,2026-09-15T12:00:00Z,CENTRE_KA_290101
NEET24_290101_0062,437.2,2026-09-15T12:00:00Z,CENTRE_KA_290101
NEET24_290101_0063,401.9,2026-09-15T12:00:00Z,CENTRE_KA_290101
NEET24_290101_0064,334.6,2026-09-15T12:00:00Z,CENTRE_KA_290101
NEET24_290101_0065,398.8,2026-09-15T12:00:00Z,CENTRE_KA_290101
NEET24_290101_0066,210.3,2026-09-15T12:00:00Z,CENTRE_KA_290101
NEET24_290101_0067,480.5,2026-09-15T12:00:00Z,CENTRE_KA_290101
NEET24_290101_0068,331.4,2026-09-15T12:00:00Z,CENTRE_KA_290101
NEET24_290101_0069,452.3,2026-09-15T12:00:00Z,CENTRE_KA_290101
NEET24_290101_0070,268.6,2026-09-15T12:00:00Z,CENTRE_KA_290101
NEET24_290101_0071,255.3,2026-09-15T12:00:00Z,CENTRE_KA_290101
NEET24_290101_0072,280.9,2026-09-15T12:00:00Z,CENTRE_KA_290101
NEET24_290101_0073,224.3,2026-09-15T12:00:00Z,CENTRE_KA_290101
NEET24_290101_0074,138.7,2026-09-15T12:00:00Z,CENTRE_KA_290101
NEET24_290101_0075,152.0,2026-09-15T12:00:00Z,CENTRE_KA_290101
NEET24_290101_0076,265.7,2026-09-15T12:00:00Z,CENTRE_KA_290101
NEET24_290101_0077,479.3,2026-09-15T12:00:00Z,CENTRE_KA_290101
NEET24_290101_0078,242.0,2026-09-15T12:00:00Z,CENTRE_KA_290101
NEET24_290101_0079,209.3,2026-09-15T12:00:00Z,CENTRE_KA_290101
NEET24_290101_0080,165.8,2026-09-15T12:00:00Z,CENTRE_KA_290101
NEET24_290101_0081,379.8,2026-09-15T12:00:00Z,CENTRE_KA_290101
NEET24_290101_0082,306.1,2026-09-15T12:00:00Z,CENTRE_KA_290101
NEET24_290101_0083,293.8,2026-09-15T12:00:00Z,CENTRE_KA_290101
NEET24_290101_0084,370.4,2026-09-15T12:00:00Z,CENTRE_KA_290101
NEET24_290101_0085,348.9,2026-09-15T12:00:00Z,CENTRE_KA_290101
NEET24_290101_0086,397.1,2026-09-15T12:00:00Z,CENTRE_KA_290101
NEET24_290101_0087,338.5,2026-09-15T12:00:00Z,CENTRE_KA_290101
NEET24_290101_0088,353.6,2026-09-15T12:00:00Z,CENTRE_KA_290101
NEET24_290101_0089,482.2,2026-09-15T12:00:00Z,CENTRE_KA_290101
NEET24_290101_0090,255.3,2026-09-15T12:00:00Z,CENTRE_KA_290101
NEET24_290101_0091,411.3,2026-09-15T12:00:00Z,CENTRE_KA_290101
NEET24_290101_0092,508.7,2026-09-15T12:00:00Z,CENTRE_KA_290101
NEET24_290101_0093,284.5,2026-09-15T12:00:00Z,CENTRE_KA_290101
NEET24_290101_0094,191.8,2026-09-15T12:00:00Z,CENTRE_KA_290101
NEET24_290101_0095,301.8,2026-09-15T12:00:00Z,CENTRE_KA_290101
NEET24_290101_0096,304.9,2026-09-15T12:00:00Z,CENTRE_KA_290101
NEET24_290101_0097,103.2,2026-09-15T12:00:00Z,CENTRE_KA_290101
NEET24_290101_0098,217.5,2026-09-15T12:00:00Z,CENTRE_KA_290101
NEET24_290101_0099,159.9,2026-09-15T12:00:00Z,CENTRE_KA_290101
NEET24_290101_0100,136.7,2026-09-15T12:00:00Z,CENTRE_KA_290101
NEET24_290101_0101,159.3,2026-09-15T12:00:00Z,CENTRE_KA_290101
NEET24_290101_0102,307.3,2026-09-15T12:00:00Z,CENTRE_KA_290101
NEET24_290101_0103,513.0,2026-09-15T12:00:00Z,CENTRE_KA_290101
NEET24_290101_0104,365.5,2026-09-15T12:00:00Z,CENTRE_KA_290101
NEET24_290101_0105,462.1,2026-09-15T12:00:00Z,CENTRE_KA_290101
NEET24_290101_0106,349.5,2026-09-15T12:00:00Z,CENTRE_KA_290101
NEET24_290101_0107,448.7,2026-09-15T12:00:00Z,CENTRE_KA_290101
NEET24_290101_0108,449.3,2026-09-15T12:00:00Z,CENTRE_KA_290101
NEET24_290101_0109,326.8,2026-09-15T12:00:00Z,CENTRE_KA_290101
NEET24_290101_0110,474.9,2026-09-15T12:00:00Z,CENTRE_KA_290101
NEET24_290101_0111,244.2,2026-09-15T12:00:00Z,CENTRE_KA_290101
NEET24_290101_0112,425.8,2026-09-15T12:00:00Z,CENTRE_KA_290101
NEET24_290101_0113,374.3,2026-09-15T12:00:00Z,CENTRE_KA_290101
NEET24_290101_0114,615.0,2026-09-15T12:00:00Z,CENTRE_KA_290101
NEET24_290101_0115,284.3,2026-09-15T12:00:00Z,CENTRE_KA_290101
NEET24_290101_0116,362.7,2026-09-15T12:00:00Z,CENTRE_KA_290101
NEET24_290101_0117,295.0,2026-09-15T12:00:00Z,CENTRE_KA_290101
NEET24_290101_0118,378.7,2026-09-15T12:00:00Z,CENTRE_KA_290101
NEET24_290101_0119,499.6,2026-09-15T12:00:00Z,CENTRE_KA_290101
NEET24_290101_0120,376.4,2026-09-15T12:00:00Z,CENTRE_KA_290101
NEET24_290101_0121,333.3,2026-09-15T12:00:00Z,CENTRE_KA_290101
NEET24_290101_0122,167.3,2026-09-15T12:00:00Z,CENTRE_KA_290101
NEET24_290101_0123,638.4,2026-09-15T12:00:00Z,CENTRE_KA_290101
NEET24_290101_0124,357.9,2026-09-15T12:00:00Z,CENTRE_KA_290101
NEET24_290101_0125,264.2,2026-09-15T12:00:00Z,CENTRE_KA_290101
NEET24_290101_0126,410.3,2026-09-15T12:00:00Z,CENTRE_KA_290101
NEET24_290101_0127,211.8,2026-09-15T12:00:00Z,CENTRE_KA_290101
NEET24_290101_0128,159.7,2026-09-15T12:00:00Z,CENTRE_KA_290101
NEET24_290101_0129,231.2,2026-09-15T12:00:00Z,CENTRE_KA_290101
NEET24_290101_0130,361.2,2026-09-15T12:00:00Z,CENTRE_KA_290101
NEET24_290101_0131,537.3,2026-09-15T12:00:00Z,CENTRE_KA_290101
NEET24_290101_0132,377.2,2026-09-15T12:00:00Z,CENTRE_KA_290101
NEET24_290101_0133,189.7,2026-09-15T12:00:00Z,CENTRE_KA_290101
NEET24_290101_0134,283.6,2026-09-15T12:00:00Z,CENTRE_KA_290101
NEET24_290101_0135,665.9,2026-09-15T12:00:00Z,CENTRE_KA_290101
NEET24_290101_0136,482.9,2026-09-15T12:00:00Z,CENTRE_KA_290101
NEET24_290101_0137,328.8,2026-09-15T12:00:00Z,CENTRE_KA_290101
NEET24_290101_0138,356.7,2026-09-15T12:00:00Z,CENTRE_KA_290101
NEET24_290101_0139,287.1,2026-09-15T12:00:00Z,CENTRE_KA_290101
NEET24_290101_0140,380.8,2026-09-15T12:00:00Z,CENTRE_KA_290101
NEET24_290101_0141,294.5,2026-09-15T12:00:00Z,CENTRE_KA_290101
NEET24_290101_0142,212.5,2026-09-15T12:00:00Z,CENTRE_KA_290101
NEET24_290101_0143,497.6,2026-09-15T12:00:00Z,CENTRE_KA_290101
NEET24_290101_0144,322.6,2026-09-15T12:00:00Z,CENTRE_KA_290101
NEET24_290101_0145,329.1,2026-09-15T12:00:00Z,CENTRE_KA_290101
NEET24_290101_0146,334.2,2026-09-15T12:00:00Z,CENTRE_KA_290101
NEET24_290101_0147,399.6,2026-09-15T12:00:00Z,CENTRE_KA_290101
NEET24_290101_0148,290.3,2026-09-15T12:00:00Z,CENTRE_KA_290101
NEET24_290101_0149,366.9,2026-09-15T12:00:00Z,CENTRE_KA_290101
NEET24_290101_0150,455.6,2026-09-15T12:00:00Z,CENTRE_KA_290101
NEET24_290101_0151,388.8,2026-09-15T12:00:00Z,CENTRE_KA_290101
NEET24_290101_0152,240.1,2026-09-15T12:00:00Z,CENTRE_KA_290101
NEET24_290101_0153,457.6,2026-09-15T12:00:00Z,CENTRE_KA_290101
NEET24_290101_0154,262.3,2026-09-15T12:00:00Z,CENTRE_KA_290101
NEET24_290101_0155,364.2,2026-09-15T12:00:00Z,CENTRE_KA_290101
NEET24_290101_0156,201.0,2026-09-15T12:00:00Z,CENTRE_KA_290101
NEET24_290101_0157,217.3,2026-09-15T12:00:00Z,CENTRE_KA_290101
NEET24_290101_0158,481.7,2026-09-15T12:00:00Z,CENTRE_KA_290101
NEET24_290101_0159,248.5,2026-09-15T12:00:00Z,CENTRE_KA_290101
NEET24_290101_0160,287.4,2026-09-15T12:00:00Z,CENTRE_KA_290101
NEET24_290101_0161,496.5,2026-09-15T12:00:00Z,CENTRE_KA_290101
NEET24_290101_0162,680.0,2026-09-15T12:00:00Z,CENTRE_KA_290101
NEET24_290101_0163,421.0,2026-09-15T12:00:00Z,CENTRE_KA_290101
NEET24_290101_0164,409.6,2026-09-15T12:00:00Z,CENTRE_KA_290101
NEET24_290101_0165,240.7,2026-09-15T12:00:00Z,CENTRE_KA_290101
NEET24_290101_0166,481.4,2026-09-15T12:00:00Z,CENTRE_KA_290101
NEET24_290101_0167,453.9,2026-09-15T12:00:00Z,CENTRE_KA_290101
NEET24_290101_0168,108.9,2026-09-15T12:00:00Z,CENTRE_KA_290101
NEET24_290101_0169,425.6,2026-09-15T12:00:00Z,CENTRE_KA_290101
NEET24_290101_0170,311.5,2026-09-15T12:00:00Z,CENTRE_KA_290101
NEET24_290101_0171,398.6,2026-09-15T12:00:00Z,CENTRE_KA_290101
NEET24_290101_0172,452.9,2026-09-15T12:00:00Z,CENTRE_KA_290101
NEET24_290101_0173,454.6,2026-09-15T12:00:00Z,CENTRE_KA_290101
NEET24_290101_0174,184.0,2026-09-15T12:00:00Z,CENTRE_KA_290101
NEET24_290101_0175,247.3,2026-09-15T12:00:00Z,CENTRE_KA_290101
NEET24_290101_0176,226.3,2026-09-15T12:00:00Z,CENTRE_KA_290101
NEET24_290101_0177,445.5,2026-09-15T12:00:00Z,CENTRE_KA_290101
NEET24_290101_0178,302.0,2026-09-15T12:00:00Z,CENTRE_KA_290101
NEET24_290101_0179,471.1,2026-09-15T12:00:00Z,CENTRE_KA_290101
NEET24_290101_0180,155.2,2026-09-15T12:00:00Z,CENTRE_KA_290101
NEET24_290101_0181,426.7,2026-09-15T12:00:00Z,CENTRE_KA_290101
NEET24_290101_0182,466.2,2026-09-15T12:00:00Z,CENTRE_KA_290101
NEET24_290101_0183,450.4,2026-09-15T12:00:00Z,CENTRE_KA_290101
NEET24_290101_0184,444.7,2026-09-15T12:00:00Z,CENTRE_KA_290101
NEET24_290101_0185,238.8,2026-09-15T12:00:00Z,CENTRE_KA_290101
NEET24_290101_0186,420.9,2026-09-15T12:00:00Z,CENTRE_KA_290101
NEET24_290101_0187,248.8,2026-09-15T12:00:00Z,CENTRE_KA_290101
NEET24_290101_0188,430.7,2026-09-15T12:00:00Z,CENTRE_KA_290101
NEET24_290101_0189,263.1,2026-09-15T12:00:00Z,CENTRE_KA_290101
NEET24_290101_0190,394.2,2026-09-15T12:00:00Z,CENTRE_KA_290101
NEET24_290101_0191,237.5,2026-09-15T12:00:00Z,CENTRE_KA_290101
NEET24_290101_0192,327.3,2026-09-15T12:00:00Z,CENTRE_KA_290101
NEET24_290101_0193,241.3,2026-09-15T12:00:00Z,CENTRE_KA_290101
NEET24_290101_0194,306.2,2026-09-15T12:00:00Z,CENTRE_KA_290101
NEET24_290101_0195,421.5,2026-09-15T12:00:00Z,CENTRE_KA_290101
NEET24_290101_0196,507.8,2026-09-15T12:00:00Z,CENTRE_KA_290101
NEET24_290101_0197,289.6,2026-09-15T12:00:00Z,CENTRE_KA_290101
NEET24_290101_0198,290.4,2026-09-15T12:00:00Z,CENTRE_KA_290101
NEET24_290101_0199,348.1,2026-09-15T12:00:00Z,CENTRE_KA_290101
NEET24_290101_0200,445.1,2026-09-15T12:00:00Z,CENTRE_KA_290101
NEET24_330101_0001,402.5,2026-09-15T12:00:00Z,CENTRE_TN_330101
NEET24_330101_0002,336.2,2026-09-15T12:00:00Z,CENTRE_TN_330101
NEET24_330101_0003,229.0,2026-09-15T12:00:00Z,CENTRE_TN_330101
NEET24_330101_0004,367.7,2026-09-15T12:00:00Z,CENTRE_TN_330101
NEET24_330101_0005,369.5,2026-09-15T12:00:00Z,CENTRE_TN_330101
NEET24_330101_0006,482.3,2026-09-15T12:00:00Z,CENTRE_TN_330101
NEET24_330101_0007,300.2,2026-09-15T12:00:00Z,CENTRE_TN_330101
NEET24_330101_0008,283.0,2026-09-15T12:00:00Z,CENTRE_TN_330101
NEET24_330101_0009,236.3,2026-09-15T12:00:00Z,CENTRE_TN_330101
NEET24_330101_0010,531.8,2026-09-15T12:00:00Z,CENTRE_TN_330101
NEET24_330101_0011,144.8,2026-09-15T12:00:00Z,CENTRE_TN_330101
NEET24_330101_0012,113.5,2026-09-15T12:00:00Z,CENTRE_TN_330101
NEET24_330101_0013,459.1,2026-09-15T12:00:00Z,CENTRE_TN_330101
NEET24_330101_0014,429.8,2026-09-15T12:00:00Z,CENTRE_TN_330101
NEET24_330101_0015,370.1,2026-09-15T12:00:00Z,CENTRE_TN_330101
NEET24_330101_0016,319.4,2026-09-15T12:00:00Z,CENTRE_TN_330101
NEET24_330101_0017,389.7,2026-09-15T12:00:00Z,CENTRE_TN_330101
NEET24_330101_0018,273.4,2026-09-15T12:00:00Z,CENTRE_TN_330101
NEET24_330101_0019,336.9,2026-09-15T12:00:00Z,CENTRE_TN_330101
NEET24_330101_0020,118.5,2026-09-15T12:00:00Z,CENTRE_TN_330101
NEET24_330101_0021,364.9,2026-09-15T12:00:00Z,CENTRE_TN_330101
NEET24_330101_0022,253.7,2026-09-15T12:00:00Z,CENTRE_TN_330101
NEET24_330101_0023,458.5,2026-09-15T12:00:00Z,CENTRE_TN_330101
NEET24_330101_0024,409.8,2026-09-15T12:00:00Z,CENTRE_TN_330101
NEET24_330101_0025,401.4,2026-09-15T12:00:00Z,CENTRE_TN_330101
NEET24_330101_0026,358.2,2026-09-15T12:00:00Z,CENTRE_TN_330101
NEET24_330101_0027,460.4,2026-09-15T12:00:00Z,CENTRE_TN_330101
NEET24_330101_0028,157.8,2026-09-15T12:00:00Z,CENTRE_TN_330101
NEET24_330101_0029,266.6,2026-09-15T12:00:00Z,CENTRE_TN_330101
NEET24_330101_0030,215.6,2026-09-15T12:00:00Z,CENTRE_TN_330101
NEET24_330101_0031,220.6,2026-09-15T12:00:00Z,CENTRE_TN_330101
NEET24_330101_0032,192.3,2026-09-15T12:00:00Z,CENTRE_TN_330101
NEET24_330101_0033,285.0,2026-09-15T12:00:00Z,CENTRE_TN_330101
NEET24_330101_0034,243.2,2026-09-15T12:00:00Z,CENTRE_TN_330101
NEET24_330101_0035,192.0,2026-09-15T12:00:00Z,CENTRE_TN_330101
NEET24_330101_0036,430.4,2026-09-15T12:00:00Z,CENTRE_TN_330101
NEET24_330101_0037,356.6,2026-09-15T12:00:00Z,CENTRE_TN_330101
NEET24_330101_0038,360.2,2026-09-15T12:00:00Z,CENTRE_TN_330101
NEET24_330101_0039,81.3,2026-09-15T12:00:00Z,CENTRE_TN_330101
NEET24_330101_0040,296.9,2026-09-15T12:00:00Z,CENTRE_TN_330101
NEET24_330101_0041,398.6,2026-09-15T12:00:00Z,CENTRE_TN_330101
NEET24_330101_0042,444.6,2026-09-15T12:00:00Z,CENTRE_TN_330101
NEET24_330101_0043,471.9,2026-09-15T12:00:00Z,CENTRE_TN_330101
NEET24_330101_0044,511.2,2026-09-15T12:00:00Z,CENTRE_TN_330101
NEET24_330101_0045,420.0,2026-09-15T12:00:00Z,CENTRE_TN_330101
NEET24_330101_0046,389.7,2026-09-15T12:00:00Z,CENTRE_TN_330101
NEET24_330101_0047,331.1,2026-09-15T12:00:00Z,CENTRE_TN_330101
NEET24_330101_0048,230.3,2026-09-15T12:00:00Z,CENTRE_TN_330101
NEET24_330101_0049,318.7,2026-09-15T12:00:00Z,CENTRE_TN_330101
NEET24_330101_0050,275.5,2026-09-15T12:00:00Z,CENTRE_TN_330101
NEET24_330101_0051,359.3,2026-09-15T12:00:00Z,CENTRE_TN_330101
NEET24_330101_0052,301.5,2026-09-15T12:00:00Z,CENTRE_TN_330101
NEET24_330101_0053,434.3,2026-09-15T12:00:00Z,CENTRE_TN_330101
NEET24_330101_0054,484.5,2026-09-15T12:00:00Z,CENTRE_TN_330101
NEET24_330101_0055,284.3,2026-09-15T12:00:00Z,CENTRE_TN_330101
NEET24_330101_0056,389.7,2026-09-15T12:00:00Z,CENTRE_TN_330101
NEET24_330101_0057,295.3,2026-09-15T12:00:00Z,CENTRE_TN_330101
NEET24_330101_0058,341.0,2026-09-15T12:00:00Z,CENTRE_TN_330101
NEET24_330101_0059,303.3,2026-09-15T12:00:00Z,CENTRE_TN_330101
NEET24_330101_0060,448.4,2026-09-15T12:00:00Z,CENTRE_TN_330101
NEET24_330101_0061,401.0,2026-09-15T12:00:00Z,CENTRE_TN_330101
NEET24_330101_0062,200.4,2026-09-15T12:00:00Z,CENTRE_TN_330101
NEET24_330101_0063,412.2,2026-09-15T12:00:00Z,CENTRE_TN_330101
NEET24_330101_0064,271.2,2026-09-15T12:00:00Z,CENTRE_TN_330101
NEET24_330101_0065,381.1,2026-09-15T12:00:00Z,CENTRE_TN_330101
NEET24_330101_0066,234.5,2026-09-15T12:00:00Z,CENTRE_TN_330101
NEET24_330101_0067,331.8,2026-09-15T12:00:00Z,CENTRE_TN_330101
NEET24_330101_0068,472.8,2026-09-15T12:00:00Z,CENTRE_TN_330101
NEET24_330101_0069,451.1,2026-09-15T12:00:00Z,CENTRE_TN_330101
NEET24_330101_0070,222.7,2026-09-15T12:00:00Z,CENTRE_TN_330101
NEET24_330101_0071,262.3,2026-09-15T12:00:00Z,CENTRE_TN_330101
NEET24_330101_0072,310.9,2026-09-15T12:00:00Z,CENTRE_TN_330101
NEET24_330101_0073,415.8,2026-09-15T12:00:00Z,CENTRE_TN_330101
NEET24_330101_0074,378.4,2026-09-15T12:00:00Z,CENTRE_TN_330101
NEET24_330101_0075,336.2,2026-09-15T12:00:00Z,CENTRE_TN_330101
NEET24_330101_0076,418.3,2026-09-15T12:00:00Z,CENTRE_TN_330101
NEET24_330101_0077,606.0,2026-09-15T12:00:00Z,CENTRE_TN_330101
NEET24_330101_0078,361.3,2026-09-15T12:00:00Z,CENTRE_TN_330101
NEET24_330101_0079,145.7,2026-09-15T12:00:00Z,CENTRE_TN_330101
NEET24_330101_0080,325.7,2026-09-15T12:00:00Z,CENTRE_TN_330101
NEET24_330101_0081,396.4,2026-09-15T12:00:00Z,CENTRE_TN_330101
NEET24_330101_0082,218.0,2026-09-15T12:00:00Z,CENTRE_TN_330101
NEET24_330101_0083,342.0,2026-09-15T12:00:00Z,CENTRE_TN_330101
NEET24_330101_0084,437.6,2026-09-15T12:00:00Z,CENTRE_TN_330101
NEET24_330101_0085,442.9,2026-09-15T12:00:00Z,CENTRE_TN_330101
NEET24_330101_0086,358.3,2026-09-15T12:00:00Z,CENTRE_TN_330101
NEET24_330101_0087,486.0,2026-09-15T12:00:00Z,CENTRE_TN_330101
NEET24_330101_0088,287.0,2026-09-15T12:00:00Z,CENTRE_TN_330101
NEET24_330101_0089,246.4,2026-09-15T12:00:00Z,CENTRE_TN_330101
NEET24_330101_0090,188.9,2026-09-15T12:00:00Z,CENTRE_TN_330101
NEET24_330101_0091,454.1,2026-09-15T12:00:00Z,CENTRE_TN_330101
NEET24_330101_0092,222.5,2026-09-15T12:00:00Z,CENTRE_TN_330101
NEET24_330101_0093,389.8,2026-09-15T12:00:00Z,CENTRE_TN_330101
NEET24_330101_0094,428.0,2026-09-15T12:00:00Z,CENTRE_TN_330101
NEET24_330101_0095,386.8,2026-09-15T12:00:00Z,CENTRE_TN_330101
NEET24_330101_0096,234.3,2026-09-15T12:00:00Z,CENTRE_TN_330101
NEET24_330101_0097,390.3,2026-09-15T12:00:00Z,CENTRE_TN_330101
NEET24_330101_0098,279.5,2026-09-15T12:00:00Z,CENTRE_TN_330101
NEET24_330101_0099,266.7,2026-09-15T12:00:00Z,CENTRE_TN_330101
NEET24_330101_0100,92.4,2026-09-15T12:00:00Z,CENTRE_TN_330101
NEET24_330101_0101,508.2,2026-09-15T12:00:00Z,CENTRE_TN_330101
NEET24_330101_0102,471.7,2026-09-15T12:00:00Z,CENTRE_TN_330101
NEET24_330101_0103,586.3,2026-09-15T12:00:00Z,CENTRE_TN_330101
NEET24_330101_0104,169.6,2026-09-15T12:00:00Z,CENTRE_TN_330101
NEET24_330101_0105,383.6,2026-09-15T12:00:00Z,CENTRE_TN_330101
NEET24_330101_0106,260.4,2026-09-15T12:00:00Z,CENTRE_TN_330101
NEET24_330101_0107,434.0,2026-09-15T12:00:00Z,CENTRE_TN_330101
NEET24_330101_0108,436.8,2026-09-15T12:00:00Z,CENTRE_TN_330101
NEET24_330101_0109,415.9,2026-09-15T12:00:00Z,CENTRE_TN_330101
NEET24_330101_0110,302.3,2026-09-15T12:00:00Z,CENTRE_TN_330101
NEET24_330101_0111,367.3,2026-09-15T12:00:00Z,CENTRE_TN_330101
NEET24_330101_0112,470.7,2026-09-15T12:00:00Z,CENTRE_TN_330101
NEET24_330101_0113,201.7,2026-09-15T12:00:00Z,CENTRE_TN_330101
NEET24_330101_0114,375.5,2026-09-15T12:00:00Z,CENTRE_TN_330101
NEET24_330101_0115,536.7,2026-09-15T12:00:00Z,CENTRE_TN_330101
NEET24_330101_0116,484.5,2026-09-15T12:00:00Z,CENTRE_TN_330101
NEET24_330101_0117,415.2,2026-09-15T12:00:00Z,CENTRE_TN_330101
NEET24_330101_0118,265.9,2026-09-15T12:00:00Z,CENTRE_TN_330101
NEET24_330101_0119,325.6,2026-09-15T12:00:00Z,CENTRE_TN_330101
NEET24_330101_0120,357.5,2026-09-15T12:00:00Z,CENTRE_TN_330101
NEET24_330101_0121,234.5,2026-09-15T12:00:00Z,CENTRE_TN_330101
NEET24_330101_0122,499.9,2026-09-15T12:00:00Z,CENTRE_TN_330101
NEET24_330101_0123,297.0,2026-09-15T12:00:00Z,CENTRE_TN_330101
NEET24_330101_0124,372.1,2026-09-15T12:00:00Z,CENTRE_TN_330101
NEET24_330101_0125,382.9,2026-09-15T12:00:00Z,CENTRE_TN_330101
NEET24_330101_0126,337.3,2026-09-15T12:00:00Z,CENTRE_TN_330101
NEET24_330101_0127,410.9,2026-09-15T12:00:00Z,CENTRE_TN_330101
NEET24_330101_0128,451.2,2026-09-15T12:00:00Z,CENTRE_TN_330101
NEET24_330101_0129,499.0,2026-09-15T12:00:00Z,CENTRE_TN_330101
NEET24_330101_0130,591.6,2026-09-15T12:00:00Z,CENTRE_TN_330101
NEET24_330101_0131,468.9,2026-09-15T12:00:00Z,CENTRE_TN_330101
NEET24_330101_0132,250.9,2026-09-15T12:00:00Z,CENTRE_TN_330101
NEET24_330101_0133,247.5,2026-09-15T12:00:00Z,CENTRE_TN_330101
NEET24_330101_0134,200.6,2026-09-15T12:00:00Z,CENTRE_TN_330101
NEET24_330101_0135,281.0,2026-09-15T12:00:00Z,CENTRE_TN_330101
NEET24_330101_0136,240.3,2026-09-15T12:00:00Z,CENTRE_TN_330101
NEET24_330101_0137,124.1,2026-09-15T12:00:00Z,CENTRE_TN_330101
NEET24_330101_0138,129.8,2026-09-15T12:00:00Z,CENTRE_TN_330101
NEET24_330101_0139,80.0,2026-09-15T12:00:00Z,CENTRE_TN_330101
NEET24_330101_0140,204.2,2026-09-15T12:00:00Z,CENTRE_TN_330101
NEET24_330101_0141,614.2,2026-09-15T12:00:00Z,CENTRE_TN_330101
NEET24_330101_0142,290.0,2026-09-15T12:00:00Z,CENTRE_TN_330101
NEET24_330101_0143,453.3,2026-09-15T12:00:00Z,CENTRE_TN_330101
NEET24_330101_0144,180.6,2026-09-15T12:00:00Z,CENTRE_TN_330101
NEET24_330101_0145,371.5,2026-09-15T12:00:00Z,CENTRE_TN_330101
NEET24_330101_0146,384.2,2026-09-15T12:00:00Z,CENTRE_TN_330101
NEET24_330101_0147,192.6,2026-09-15T12:00:00Z,CENTRE_TN_330101
NEET24_330101_0148,313.0,2026-09-15T12:00:00Z,CENTRE_TN_330101
NEET24_330101_0149,376.2,2026-09-15T12:00:00Z,CENTRE_TN_330101
NEET24_330101_0150,309.1,2026-09-15T12:00:00Z,CENTRE_TN_330101
NEET24_330101_0151,347.6,2026-09-15T12:00:00Z,CENTRE_TN_330101
NEET24_330101_0152,275.8,2026-09-15T12:00:00Z,CENTRE_TN_330101
NEET24_330101_0153,409.5,2026-09-15T12:00:00Z,CENTRE_TN_330101
NEET24_330101_0154,145.5,2026-09-15T12:00:00Z,CENTRE_TN_330101
NEET24_330101_0155,90.3,2026-09-15T12:00:00Z,CENTRE_TN_330101
NEET24_330101_0156,470.2,2026-09-15T12:00:00Z,CENTRE_TN_330101
NEET24_330101_0157,423.0,2026-09-15T12:00:00Z,CENTRE_TN_330101
NEET24_330101_0158,226.7,2026-09-15T12:00:00Z,CENTRE_TN_330101
NEET24_330101_0159,440.6,2026-09-15T12:00:00Z,CENTRE_TN_330101
NEET24_330101_0160,520.7,2026-09-15T12:00:00Z,CENTRE_TN_330101
NEET24_330101_0161,286.5,2026-09-15T12:00:00Z,CENTRE_TN_330101
NEET24_330101_0162,583.5,2026-09-15T12:00:00Z,CENTRE_TN_330101
NEET24_330101_0163,404.2,2026-09-15T12:00:00Z,CENTRE_TN_330101
NEET24_330101_0164,273.1,2026-09-15T12:00:00Z,CENTRE_TN_330101
NEET24_330101_0165,307.7,2026-09-15T12:00:00Z,CENTRE_TN_330101
NEET24_330101_0166,232.8,2026-09-15T12:00:00Z,CENTRE_TN_330101
NEET24_330101_0167,256.8,2026-09-15T12:00:00Z,CENTRE_TN_330101
NEET24_330101_0168,461.4,2026-09-15T12:00:00Z,CENTRE_TN_330101
NEET24_330101_0169,307.0,2026-09-15T12:00:00Z,CENTRE_TN_330101
NEET24_330101_0170,421.9,2026-09-15T12:00:00Z,CENTRE_TN_330101
NEET24_330101_0171,136.7,2026-09-15T12:00:00Z,CENTRE_TN_330101
NEET24_330101_0172,388.0,2026-09-15T12:00:00Z,CENTRE_TN_330101
NEET24_330101_0173,334.7,2026-09-15T12:00:00Z,CENTRE_TN_330101
NEET24_330101_0174,320.3,2026-09-15T12:00:00Z,CENTRE_TN_330101
NEET24_330101_0175,314.2,2026-09-15T12:00:00Z,CENTRE_TN_330101
NEET24_330101_0176,247.1,2026-09-15T12:00:00Z,CENTRE_TN_330101
NEET24_330101_0177,80.0,2026-09-15T12:00:00Z,CENTRE_TN_330101
NEET24_330101_0178,184.0,2026-09-15T12:00:00Z,CENTRE_TN_330101
NEET24_330101_0179,316.2,2026-09-15T12:00:00Z,CENTRE_TN_330101
NEET24_330101_0180,171.3,2026-09-15T12:00:00Z,CENTRE_TN_330101
NEET24_190101_0001,534.1,2026-09-15T12:00:00Z,CENTRE_WB_190101
NEET24_190101_0002,189.1,2026-09-15T12:00:00Z,CENTRE_WB_190101
NEET24_190101_0003,469.0,2026-09-15T12:00:00Z,CENTRE_WB_190101
NEET24_190101_0004,323.7,2026-09-15T12:00:00Z,CENTRE_WB_190101
NEET24_190101_0005,306.0,2026-09-15T12:00:00Z,CENTRE_WB_190101
NEET24_190101_0006,269.4,2026-09-15T12:00:00Z,CENTRE_WB_190101
NEET24_190101_0007,263.9,2026-09-15T12:00:00Z,CENTRE_WB_190101
NEET24_190101_0008,269.5,2026-09-15T12:00:00Z,CENTRE_WB_190101
NEET24_190101_0009,468.9,2026-09-15T12:00:00Z,CENTRE_WB_190101
NEET24_190101_0010,273.7,2026-09-15T12:00:00Z,CENTRE_WB_190101
NEET24_190101_0011,397.3,2026-09-15T12:00:00Z,CENTRE_WB_190101
NEET24_190101_0012,516.9,2026-09-15T12:00:00Z,CENTRE_WB_190101
NEET24_190101_0013,101.4,2026-09-15T12:00:00Z,CENTRE_WB_190101
NEET24_190101_0014,287.5,2026-09-15T12:00:00Z,CENTRE_WB_190101
NEET24_190101_0015,300.5,2026-09-15T12:00:00Z,CENTRE_WB_190101
NEET24_190101_0016,488.0,2026-09-15T12:00:00Z,CENTRE_WB_190101
NEET24_190101_0017,423.2,2026-09-15T12:00:00Z,CENTRE_WB_190101
NEET24_190101_0018,425.9,2026-09-15T12:00:00Z,CENTRE_WB_190101
NEET24_190101_0019,290.5,2026-09-15T12:00:00Z,CENTRE_WB_190101
NEET24_190101_0020,245.7,2026-09-15T12:00:00Z,CENTRE_WB_190101
NEET24_190101_0021,199.3,2026-09-15T12:00:00Z,CENTRE_WB_190101
NEET24_190101_0022,464.5,2026-09-15T12:00:00Z,CENTRE_WB_190101
NEET24_190101_0023,470.9,2026-09-15T12:00:00Z,CENTRE_WB_190101
NEET24_190101_0024,466.8,2026-09-15T12:00:00Z,CENTRE_WB_190101
NEET24_190101_0025,414.7,2026-09-15T12:00:00Z,CENTRE_WB_190101
NEET24_190101_0026,276.3,2026-09-15T12:00:00Z,CENTRE_WB_190101
NEET24_190101_0027,259.5,2026-09-15T12:00:00Z,CENTRE_WB_190101
NEET24_190101_0028,464.4,2026-09-15T12:00:00Z,CENTRE_WB_190101
NEET24_190101_0029,468.9,2026-09-15T12:00:00Z,CENTRE_WB_190101
NEET24_190101_0030,680.0,2026-09-15T12:00:00Z,CENTRE_WB_190101
NEET24_190101_0031,211.5,2026-09-15T12:00:00Z,CENTRE_WB_190101
NEET24_190101_0032,383.4,2026-09-15T12:00:00Z,CENTRE_WB_190101
NEET24_190101_0033,313.4,2026-09-15T12:00:00Z,CENTRE_WB_190101
NEET24_190101_0034,274.3,2026-09-15T12:00:00Z,CENTRE_WB_190101
NEET24_190101_0035,219.7,2026-09-15T12:00:00Z,CENTRE_WB_190101
NEET24_190101_0036,438.2,2026-09-15T12:00:00Z,CENTRE_WB_190101
NEET24_190101_0037,351.3,2026-09-15T12:00:00Z,CENTRE_WB_190101
NEET24_190101_0038,440.3,2026-09-15T12:00:00Z,CENTRE_WB_190101
NEET24_190101_0039,308.2,2026-09-15T12:00:00Z,CENTRE_WB_190101
NEET24_190101_0040,347.6,2026-09-15T12:00:00Z,CENTRE_WB_190101
NEET24_190101_0041,265.3,2026-09-15T12:00:00Z,CENTRE_WB_190101
NEET24_190101_0042,406.7,2026-09-15T12:00:00Z,CENTRE_WB_190101
NEET24_190101_0043,340.0,2026-09-15T12:00:00Z,CENTRE_WB_190101
NEET24_190101_0044,282.5,2026-09-15T12:00:00Z,CENTRE_WB_190101
NEET24_190101_0045,534.3,2026-09-15T12:00:00Z,CENTRE_WB_190101
NEET24_190101_0046,196.9,2026-09-15T12:00:00Z,CENTRE_WB_190101
NEET24_190101_0047,333.1,2026-09-15T12:00:00Z,CENTRE_WB_190101
NEET24_190101_0048,330.0,2026-09-15T12:00:00Z,CENTRE_WB_190101
NEET24_190101_0049,199.7,2026-09-15T12:00:00Z,CENTRE_WB_190101
NEET24_190101_0050,216.4,2026-09-15T12:00:00Z,CENTRE_WB_190101
NEET24_190101_0051,139.9,2026-09-15T12:00:00Z,CENTRE_WB_190101
NEET24_190101_0052,225.6,2026-09-15T12:00:00Z,CENTRE_WB_190101
NEET24_190101_0053,235.2,2026-09-15T12:00:00Z,CENTRE_WB_190101
NEET24_190101_0054,381.1,2026-09-15T12:00:00Z,CENTRE_WB_190101
NEET24_190101_0055,399.9,2026-09-15T12:00:00Z,CENTRE_WB_190101
NEET24_190101_0056,283.4,2026-09-15T12:00:00Z,CENTRE_WB_190101
NEET24_190101_0057,189.3,2026-09-15T12:00:00Z,CENTRE_WB_190101
NEET24_190101_0058,490.5,2026-09-15T12:00:00Z,CENTRE_WB_190101
NEET24_190101_0059,234.5,2026-09-15T12:00:00Z,CENTRE_WB_190101
NEET24_190101_0060,445.4,2026-09-15T12:00:00Z,CENTRE_WB_190101
NEET24_190101_0061,369.7,2026-09-15T12:00:00Z,CENTRE_WB_190101
NEET24_190101_0062,282.3,2026-09-15T12:00:00Z,CENTRE_WB_190101
NEET24_190101_0063,80.0,2026-09-15T12:00:00Z,CENTRE_WB_190101
NEET24_190101_0064,192.4,2026-09-15T12:00:00Z,CENTRE_WB_190101
NEET24_190101_0065,217.0,2026-09-15T12:00:00Z,CENTRE_WB_190101
NEET24_190101_0066,357.7,2026-09-15T12:00:00Z,CENTRE_WB_190101
NEET24_190101_0067,257.9,2026-09-15T12:00:00Z,CENTRE_WB_190101
NEET24_190101_0068,360.3,2026-09-15T12:00:00Z,CENTRE_WB_190101
NEET24_190101_0069,637.8,2026-09-15T12:00:00Z,CENTRE_WB_190101
NEET24_190101_0070,393.3,2026-09-15T12:00:00Z,CENTRE_WB_190101
NEET24_190101_0071,96.8,2026-09-15T12:00:00Z,CENTRE_WB_190101
NEET24_190101_0072,399.7,2026-09-15T12:00:00Z,CENTRE_WB_190101
NEET24_190101_0073,502.6,2026-09-15T12:00:00Z,CENTRE_WB_190101
NEET24_190101_0074,228.0,2026-09-15T12:00:00Z,CENTRE_WB_190101
NEET24_190101_0075,286.9,2026-09-15T12:00:00Z,CENTRE_WB_190101
NEET24_190101_0076,364.3,2026-09-15T12:00:00Z,CENTRE_WB_190101
NEET24_190101_0077,141.9,2026-09-15T12:00:00Z,CENTRE_WB_190101
NEET24_190101_0078,220.2,2026-09-15T12:00:00Z,CENTRE_WB_190101
NEET24_190101_0079,337.8,2026-09-15T12:00:00Z,CENTRE_WB_190101
NEET24_190101_0080,380.3,2026-09-15T12:00:00Z,CENTRE_WB_190101
NEET24_190101_0081,405.3,2026-09-15T12:00:00Z,CENTRE_WB_190101
NEET24_190101_0082,155.1,2026-09-15T12:00:00Z,CENTRE_WB_190101
NEET24_190101_0083,197.2,2026-09-15T12:00:00Z,CENTRE_WB_190101
NEET24_190101_0084,464.6,2026-09-15T12:00:00Z,CENTRE_WB_190101
NEET24_190101_0085,382.4,2026-09-15T12:00:00Z,CENTRE_WB_190101
NEET24_190101_0086,154.8,2026-09-15T12:00:00Z,CENTRE_WB_190101
NEET24_190101_0087,534.2,2026-09-15T12:00:00Z,CENTRE_WB_190101
NEET24_190101_0088,306.7,2026-09-15T12:00:00Z,CENTRE_WB_190101
NEET24_190101_0089,205.5,2026-09-15T12:00:00Z,CENTRE_WB_190101
NEET24_190101_0090,374.1,2026-09-15T12:00:00Z,CENTRE_WB_190101
NEET24_190101_0091,374.0,2026-09-15T12:00:00Z,CENTRE_WB_190101
NEET24_190101_0092,407.1,2026-09-15T12:00:00Z,CENTRE_WB_190101
NEET24_190101_0093,446.2,2026-09-15T12:00:00Z,CENTRE_WB_190101
NEET24_190101_0094,123.9,2026-09-15T12:00:00Z,CENTRE_WB_190101
NEET24_190101_0095,321.8,2026-09-15T12:00:00Z,CENTRE_WB_190101
NEET24_190101_0096,551.9,2026-09-15T12:00:00Z,CENTRE_WB_190101
NEET24_190101_0097,477.7,2026-09-15T12:00:00Z,CENTRE_WB_190101
NEET24_190101_0098,437.3,2026-09-15T12:00:00Z,CENTRE_WB_190101
NEET24_190101_0099,121.7,2026-09-15T12:00:00Z,CENTRE_WB_190101
NEET24_190101_0100,447.9,2026-09-15T12:00:00Z,CENTRE_WB_190101
NEET24_190101_0101,289.6,2026-09-15T12:00:00Z,CENTRE_WB_190101
NEET24_190101_0102,251.4,2026-09-15T12:00:00Z,CENTRE_WB_190101
NEET24_190101_0103,407.4,2026-09-15T12:00:00Z,CENTRE_WB_190101
NEET24_190101_0104,304.2,2026-09-15T12:00:00Z,CENTRE_WB_190101
NEET24_190101_0105,371.1,2026-09-15T12:00:00Z,CENTRE_WB_190101
NEET24_190101_0106,356.0,2026-09-15T12:00:00Z,CENTRE_WB_190101
NEET24_190101_0107,439.5,2026-09-15T12:00:00Z,CENTRE_WB_190101
NEET24_190101_0108,488.0,2026-09-15T12:00:00Z,CENTRE_WB_190101
NEET24_190101_0109,446.2,2026-09-15T12:00:00Z,CENTRE_WB_190101
NEET24_190101_0110,307.0,2026-09-15T12:00:00Z,CENTRE_WB_190101
NEET24_190101_0111,395.6,2026-09-15T12:00:00Z,CENTRE_WB_190101
NEET24_190101_0112,589.4,2026-09-15T12:00:00Z,CENTRE_WB_190101
NEET24_190101_0113,401.2,2026-09-15T12:00:00Z,CENTRE_WB_190101
NEET24_190101_0114,126.3,2026-09-15T12:00:00Z,CENTRE_WB_190101
NEET24_190101_0115,377.4,2026-09-15T12:00:00Z,CENTRE_WB_190101
NEET24_190101_0116,347.2,2026-09-15T12:00:00Z,CENTRE_WB_190101
NEET24_190101_0117,210.8,2026-09-15T12:00:00Z,CENTRE_WB_190101
NEET24_190101_0118,152.8,2026-09-15T12:00:00Z,CENTRE_WB_190101
NEET24_190101_0119,174.3,2026-09-15T12:00:00Z,CENTRE_WB_190101
NEET24_190101_0120,419.6,2026-09-15T12:00:00Z,CENTRE_WB_190101
NEET24_190101_0121,349.5,2026-09-15T12:00:00Z,CENTRE_WB_190101
NEET24_190101_0122,501.1,2026-09-15T12:00:00Z,CENTRE_WB_190101
NEET24_190101_0123,560.4,2026-09-15T12:00:00Z,CENTRE_WB_190101
NEET24_190101_0124,246.5,2026-09-15T12:00:00Z,CENTRE_WB_190101
NEET24_190101_0125,263.7,2026-09-15T12:00:00Z,CENTRE_WB_190101
NEET24_190101_0126,353.9,2026-09-15T12:00:00Z,CENTRE_WB_190101
NEET24_190101_0127,256.4,2026-09-15T12:00:00Z,CENTRE_WB_190101
NEET24_190101_0128,401.2,2026-09-15T12:00:00Z,CENTRE_WB_190101
NEET24_190101_0129,398.8,2026-09-15T12:00:00Z,CENTRE_WB_190101
NEET24_190101_0130,236.8,2026-09-15T12:00:00Z,CENTRE_WB_190101
NEET24_190101_0131,216.9,2026-09-15T12:00:00Z,CENTRE_WB_190101
NEET24_190101_0132,542.1,2026-09-15T12:00:00Z,CENTRE_WB_190101
NEET24_190101_0133,424.2,2026-09-15T12:00:00Z,CENTRE_WB_190101
NEET24_190101_0134,197.5,2026-09-15T12:00:00Z,CENTRE_WB_190101
NEET24_190101_0135,340.2,2026-09-15T12:00:00Z,CENTRE_WB_190101
NEET24_190101_0136,238.4,2026-09-15T12:00:00Z,CENTRE_WB_190101
NEET24_190101_0137,229.1,2026-09-15T12:00:00Z,CENTRE_WB_190101
NEET24_190101_0138,321.3,2026-09-15T12:00:00Z,CENTRE_WB_190101
NEET24_190101_0139,246.4,2026-09-15T12:00:00Z,CENTRE_WB_190101
NEET24_190101_0140,447.3,2026-09-15T12:00:00Z,CENTRE_WB_190101
NEET24_190101_0141,341.1,2026-09-15T12:00:00Z,CENTRE_WB_190101
NEET24_190101_0142,273.1,2026-09-15T12:00:00Z,CENTRE_WB_190101
NEET24_190101_0143,308.2,2026-09-15T12:00:00Z,CENTRE_WB_190101
NEET24_190101_0144,271.2,2026-09-15T12:00:00Z,CENTRE_WB_190101
NEET24_190101_0145,218.1,2026-09-15T12:00:00Z,CENTRE_WB_190101
NEET24_190101_0146,157.6,2026-09-15T12:00:00Z,CENTRE_WB_190101
NEET24_190101_0147,558.7,2026-09-15T12:00:00Z,CENTRE_WB_190101
NEET24_190101_0148,145.6,2026-09-15T12:00:00Z,CENTRE_WB_190101
NEET24_190101_0149,284.7,2026-09-15T12:00:00Z,CENTRE_WB_190101
NEET24_190101_0150,316.7,2026-09-15T12:00:00Z,CENTRE_WB_190101
NEET24_190101_0151,338.9,2026-09-15T12:00:00Z,CENTRE_WB_190101
NEET24_190101_0152,364.0,2026-09-15T12:00:00Z,CENTRE_WB_190101
NEET24_190101_0153,315.5,2026-09-15T12:00:00Z,CENTRE_WB_190101
NEET24_190101_0154,255.7,2026-09-15T12:00:00Z,CENTRE_WB_190101
NEET24_190101_0155,412.5,2026-09-15T12:00:00Z,CENTRE_WB_190101
NEET24_190101_0156,338.2,2026-09-15T12:00:00Z,CENTRE_WB_190101
NEET24_190101_0157,231.9,2026-09-15T12:00:00Z,CENTRE_WB_190101
NEET24_190101_0158,417.8,2026-09-15T12:00:00Z,CENTRE_WB_190101
NEET24_190101_0159,375.2,2026-09-15T12:00:00Z,CENTRE_WB_190101
NEET24_190101_0160,310.3,2026-09-15T12:00:00Z,CENTRE_WB_190101
NEET24_190101_0161,295.1,2026-09-15T12:00:00Z,CENTRE_WB_190101
NEET24_190101_0162,171.7,2026-09-15T12:00:00Z,CENTRE_WB_190101
NEET24_190101_0163,244.8,2026-09-15T12:00:00Z,CENTRE_WB_190101
NEET24_190101_0164,411.7,2026-09-15T12:00:00Z,CENTRE_WB_190101
NEET24_190101_0165,419.7,2026-09-15T12:00:00Z,CENTRE_WB_190101
NEET24_190101_0166,252.9,2026-09-15T12:00:00Z,CENTRE_WB_190101
NEET24_190101_0167,480.1,2026-09-15T12:00:00Z,CENTRE_WB_190101
NEET24_190101_0168,424.5,2026-09-15T12:00:00Z,CENTRE_WB_190101
NEET24_190101_0169,187.1,2026-09-15T12:00:00Z,CENTRE_WB_190101
NEET24_190101_0170,470.3,2026-09-15T12:00:00Z,CENTRE_WB_190101
NEET24_190101_0171,324.2,2026-09-15T12:00:00Z,CENTRE_WB_190101
NEET24_190101_0172,365.6,2026-09-15T12:00:00Z,CENTRE_WB_190101
NEET24_190101_0173,396.4,2026-09-15T12:00:00Z,CENTRE_WB_190101
NEET24_190101_0174,281.6,2026-09-15T12:00:00Z,CENTRE_WB_190101
NEET24_190101_0175,80.0,2026-09-15T12:00:00Z,CENTRE_WB_190101
NEET24_190101_0176,415.1,2026-09-15T12:00:00Z,CENTRE_WB_190101
NEET24_190101_0177,357.8,2026-09-15T12:00:00Z,CENTRE_WB_190101
NEET24_190101_0178,401.2,2026-09-15T12:00:00Z,CENTRE_WB_190101
NEET24_190101_0179,108.4,2026-09-15T12:00:00Z,CENTRE_WB_190101
NEET24_190101_0180,300.3,2026-09-15T12:00:00Z,CENTRE_WB_190101
NEET24_080101_0001,430.8,2026-09-15T12:00:00Z,CENTRE_RJ_080101
NEET24_080101_0002,170.4,2026-09-15T12:00:00Z,CENTRE_RJ_080101
NEET24_080101_0003,466.2,2026-09-15T12:00:00Z,CENTRE_RJ_080101
NEET24_080101_0004,309.0,2026-09-15T12:00:00Z,CENTRE_RJ_080101
NEET24_080101_0005,345.2,2026-09-15T12:00:00Z,CENTRE_RJ_080101
NEET24_080101_0006,283.0,2026-09-15T12:00:00Z,CENTRE_RJ_080101
NEET24_080101_0007,264.7,2026-09-15T12:00:00Z,CENTRE_RJ_080101
NEET24_080101_0008,363.3,2026-09-15T12:00:00Z,CENTRE_RJ_080101
NEET24_080101_0009,312.6,2026-09-15T12:00:00Z,CENTRE_RJ_080101
NEET24_080101_0010,288.7,2026-09-15T12:00:00Z,CENTRE_RJ_080101
NEET24_080101_0011,263.8,2026-09-15T12:00:00Z,CENTRE_RJ_080101
NEET24_080101_0012,377.6,2026-09-15T12:00:00Z,CENTRE_RJ_080101
NEET24_080101_0013,222.6,2026-09-15T12:00:00Z,CENTRE_RJ_080101
NEET24_080101_0014,239.8,2026-09-15T12:00:00Z,CENTRE_RJ_080101
NEET24_080101_0015,412.7,2026-09-15T12:00:00Z,CENTRE_RJ_080101
NEET24_080101_0016,440.8,2026-09-15T12:00:00Z,CENTRE_RJ_080101
NEET24_080101_0017,311.7,2026-09-15T12:00:00Z,CENTRE_RJ_080101
NEET24_080101_0018,408.2,2026-09-15T12:00:00Z,CENTRE_RJ_080101
NEET24_080101_0019,502.8,2026-09-15T12:00:00Z,CENTRE_RJ_080101
NEET24_080101_0020,201.9,2026-09-15T12:00:00Z,CENTRE_RJ_080101
NEET24_080101_0021,492.1,2026-09-15T12:00:00Z,CENTRE_RJ_080101
NEET24_080101_0022,335.0,2026-09-15T12:00:00Z,CENTRE_RJ_080101
NEET24_080101_0023,387.5,2026-09-15T12:00:00Z,CENTRE_RJ_080101
NEET24_080101_0024,231.4,2026-09-15T12:00:00Z,CENTRE_RJ_080101
NEET24_080101_0025,395.8,2026-09-15T12:00:00Z,CENTRE_RJ_080101
NEET24_080101_0026,412.5,2026-09-15T12:00:00Z,CENTRE_RJ_080101
NEET24_080101_0027,337.8,2026-09-15T12:00:00Z,CENTRE_RJ_080101
NEET24_080101_0028,325.5,2026-09-15T12:00:00Z,CENTRE_RJ_080101
NEET24_080101_0029,391.5,2026-09-15T12:00:00Z,CENTRE_RJ_080101
NEET24_080101_0030,294.7,2026-09-15T12:00:00Z,CENTRE_RJ_080101
NEET24_080101_0031,425.0,2026-09-15T12:00:00Z,CENTRE_RJ_080101
NEET24_080101_0032,167.6,2026-09-15T12:00:00Z,CENTRE_RJ_080101
NEET24_080101_0033,401.0,2026-09-15T12:00:00Z,CENTRE_RJ_080101
NEET24_080101_0034,402.3,2026-09-15T12:00:00Z,CENTRE_RJ_080101
NEET24_080101_0035,447.9,2026-09-15T12:00:00Z,CENTRE_RJ_080101
NEET24_080101_0036,164.9,2026-09-15T12:00:00Z,CENTRE_RJ_080101
NEET24_080101_0037,400.4,2026-09-15T12:00:00Z,CENTRE_RJ_080101
NEET24_080101_0038,475.0,2026-09-15T12:00:00Z,CENTRE_RJ_080101
NEET24_080101_0039,256.2,2026-09-15T12:00:00Z,CENTRE_RJ_080101
NEET24_080101_0040,189.3,2026-09-15T12:00:00Z,CENTRE_RJ_080101
NEET24_080101_0041,405.3,2026-09-15T12:00:00Z,CENTRE_RJ_080101
NEET24_080101_0042,350.2,2026-09-15T12:00:00Z,CENTRE_RJ_080101
NEET24_080101_0043,301.8,2026-09-15T12:00:00Z,CENTRE_RJ_080101
NEET24_080101_0044,284.2,2026-09-15T12:00:00Z,CENTRE_RJ_080101
NEET24_080101_0045,236.7,2026-09-15T12:00:00Z,CENTRE_RJ_080101
NEET24_080101_0046,149.2,2026-09-15T12:00:00Z,CENTRE_RJ_080101
NEET24_080101_0047,324.3,2026-09-15T12:00:00Z,CENTRE_RJ_080101
NEET24_080101_0048,355.5,2026-09-15T12:00:00Z,CENTRE_RJ_080101
NEET24_080101_0049,364.4,2026-09-15T12:00:00Z,CENTRE_RJ_080101
NEET24_080101_0050,440.6,2026-09-15T12:00:00Z,CENTRE_RJ_080101
NEET24_080101_0051,199.1,2026-09-15T12:00:00Z,CENTRE_RJ_080101
NEET24_080101_0052,284.7,2026-09-15T12:00:00Z,CENTRE_RJ_080101
NEET24_080101_0053,362.6,2026-09-15T12:00:00Z,CENTRE_RJ_080101
NEET24_080101_0054,354.5,2026-09-15T12:00:00Z,CENTRE_RJ_080101
NEET24_080101_0055,504.9,2026-09-15T12:00:00Z,CENTRE_RJ_080101
NEET24_080101_0056,158.0,2026-09-15T12:00:00Z,CENTRE_RJ_080101
NEET24_080101_0057,554.1,2026-09-15T12:00:00Z,CENTRE_RJ_080101
NEET24_080101_0058,405.0,2026-09-15T12:00:00Z,CENTRE_RJ_080101
NEET24_080101_0059,353.4,2026-09-15T12:00:00Z,CENTRE_RJ_080101
NEET24_080101_0060,234.7,2026-09-15T12:00:00Z,CENTRE_RJ_080101
NEET24_080101_0061,374.3,2026-09-15T12:00:00Z,CENTRE_RJ_080101
NEET24_080101_0062,296.8,2026-09-15T12:00:00Z,CENTRE_RJ_080101
NEET24_080101_0063,355.9,2026-09-15T12:00:00Z,CENTRE_RJ_080101
NEET24_080101_0064,411.3,2026-09-15T12:00:00Z,CENTRE_RJ_080101
NEET24_080101_0065,423.7,2026-09-15T12:00:00Z,CENTRE_RJ_080101
NEET24_080101_0066,303.4,2026-09-15T12:00:00Z,CENTRE_RJ_080101
NEET24_080101_0067,425.5,2026-09-15T12:00:00Z,CENTRE_RJ_080101
NEET24_080101_0068,365.5,2026-09-15T12:00:00Z,CENTRE_RJ_080101
NEET24_080101_0069,333.5,2026-09-15T12:00:00Z,CENTRE_RJ_080101
NEET24_080101_0070,394.3,2026-09-15T12:00:00Z,CENTRE_RJ_080101
NEET24_080101_0071,467.8,2026-09-15T12:00:00Z,CENTRE_RJ_080101
NEET24_080101_0072,389.3,2026-09-15T12:00:00Z,CENTRE_RJ_080101
NEET24_080101_0073,310.2,2026-09-15T12:00:00Z,CENTRE_RJ_080101
NEET24_080101_0074,368.0,2026-09-15T12:00:00Z,CENTRE_RJ_080101
NEET24_080101_0075,162.7,2026-09-15T12:00:00Z,CENTRE_RJ_080101
NEET24_080101_0076,374.9,2026-09-15T12:00:00Z,CENTRE_RJ_080101
NEET24_080101_0077,494.3,2026-09-15T12:00:00Z,CENTRE_RJ_080101
NEET24_080101_0078,196.0,2026-09-15T12:00:00Z,CENTRE_RJ_080101
NEET24_080101_0079,80.0,2026-09-15T12:00:00Z,CENTRE_RJ_080101
NEET24_080101_0080,359.1,2026-09-15T12:00:00Z,CENTRE_RJ_080101
NEET24_080101_0081,399.1,2026-09-15T12:00:00Z,CENTRE_RJ_080101
NEET24_080101_0082,403.3,2026-09-15T12:00:00Z,CENTRE_RJ_080101
NEET24_080101_0083,371.8,2026-09-15T12:00:00Z,CENTRE_RJ_080101
NEET24_080101_0084,249.9,2026-09-15T12:00:00Z,CENTRE_RJ_080101
NEET24_080101_0085,80.0,2026-09-15T12:00:00Z,CENTRE_RJ_080101
NEET24_080101_0086,451.8,2026-09-15T12:00:00Z,CENTRE_RJ_080101
NEET24_080101_0087,80.0,2026-09-15T12:00:00Z,CENTRE_RJ_080101
NEET24_080101_0088,510.1,2026-09-15T12:00:00Z,CENTRE_RJ_080101
NEET24_080101_0089,325.6,2026-09-15T12:00:00Z,CENTRE_RJ_080101
NEET24_080101_0090,303.5,2026-09-15T12:00:00Z,CENTRE_RJ_080101
NEET24_080101_0091,199.3,2026-09-15T12:00:00Z,CENTRE_RJ_080101
NEET24_080101_0092,315.6,2026-09-15T12:00:00Z,CENTRE_RJ_080101
NEET24_080101_0093,434.0,2026-09-15T12:00:00Z,CENTRE_RJ_080101
NEET24_080101_0094,439.3,2026-09-15T12:00:00Z,CENTRE_RJ_080101
NEET24_080101_0095,491.1,2026-09-15T12:00:00Z,CENTRE_RJ_080101
NEET24_080101_0096,318.1,2026-09-15T12:00:00Z,CENTRE_RJ_080101
NEET24_080101_0097,272.3,2026-09-15T12:00:00Z,CENTRE_RJ_080101
NEET24_080101_0098,287.2,2026-09-15T12:00:00Z,CENTRE_RJ_080101
NEET24_080101_0099,402.7,2026-09-15T12:00:00Z,CENTRE_RJ_080101
NEET24_080101_0100,542.9,2026-09-15T12:00:00Z,CENTRE_RJ_080101
NEET24_080101_0101,321.0,2026-09-15T12:00:00Z,CENTRE_RJ_080101
NEET24_080101_0102,351.2,2026-09-15T12:00:00Z,CENTRE_RJ_080101
NEET24_080101_0103,473.8,2026-09-15T12:00:00Z,CENTRE_RJ_080101
NEET24_080101_0104,243.8,2026-09-15T12:00:00Z,CENTRE_RJ_080101
NEET24_080101_0105,454.9,2026-09-15T12:00:00Z,CENTRE_RJ_080101
NEET24_080101_0106,80.0,2026-09-15T12:00:00Z,CENTRE_RJ_080101
NEET24_080101_0107,406.8,2026-09-15T12:00:00Z,CENTRE_RJ_080101
NEET24_080101_0108,503.7,2026-09-15T12:00:00Z,CENTRE_RJ_080101
NEET24_080101_0109,513.9,2026-09-15T12:00:00Z,CENTRE_RJ_080101
NEET24_080101_0110,446.1,2026-09-15T12:00:00Z,CENTRE_RJ_080101
NEET24_080101_0111,386.5,2026-09-15T12:00:00Z,CENTRE_RJ_080101
NEET24_080101_0112,312.9,2026-09-15T12:00:00Z,CENTRE_RJ_080101
NEET24_080101_0113,211.6,2026-09-15T12:00:00Z,CENTRE_RJ_080101
NEET24_080101_0114,240.0,2026-09-15T12:00:00Z,CENTRE_RJ_080101
NEET24_080101_0115,402.7,2026-09-15T12:00:00Z,CENTRE_RJ_080101
NEET24_080101_0116,287.0,2026-09-15T12:00:00Z,CENTRE_RJ_080101
NEET24_080101_0117,313.0,2026-09-15T12:00:00Z,CENTRE_RJ_080101
NEET24_080101_0118,321.5,2026-09-15T12:00:00Z,CENTRE_RJ_080101
NEET24_080101_0119,381.2,2026-09-15T12:00:00Z,CENTRE_RJ_080101
NEET24_080101_0120,204.4,2026-09-15T12:00:00Z,CENTRE_RJ_080101
NEET24_080101_0121,369.6,2026-09-15T12:00:00Z,CENTRE_RJ_080101
NEET24_080101_0122,489.6,2026-09-15T12:00:00Z,CENTRE_RJ_080101
NEET24_080101_0123,496.0,2026-09-15T12:00:00Z,CENTRE_RJ_080101
NEET24_080101_0124,194.8,2026-09-15T12:00:00Z,CENTRE_RJ_080101
NEET24_080101_0125,291.5,2026-09-15T12:00:00Z,CENTRE_RJ_080101
NEET24_080101_0126,346.7,2026-09-15T12:00:00Z,CENTRE_RJ_080101
NEET24_080101_0127,279.9,2026-09-15T12:00:00Z,CENTRE_RJ_080101
NEET24_080101_0128,108.5,2026-09-15T12:00:00Z,CENTRE_RJ_080101
NEET24_080101_0129,335.8,2026-09-15T12:00:00Z,CENTRE_RJ_080101
NEET24_080101_0130,408.0,2026-09-15T12:00:00Z,CENTRE_RJ_080101
NEET24_080101_0131,218.8,2026-09-15T12:00:00Z,CENTRE_RJ_080101
NEET24_080101_0132,317.2,2026-09-15T12:00:00Z,CENTRE_RJ_080101
NEET24_080101_0133,404.4,2026-09-15T12:00:00Z,CENTRE_RJ_080101
NEET24_080101_0134,415.4,2026-09-15T12:00:00Z,CENTRE_RJ_080101
NEET24_080101_0135,307.2,2026-09-15T12:00:00Z,CENTRE_RJ_080101
NEET24_080101_0136,471.6,2026-09-15T12:00:00Z,CENTRE_RJ_080101
NEET24_080101_0137,294.9,2026-09-15T12:00:00Z,CENTRE_RJ_080101
NEET24_080101_0138,330.1,2026-09-15T12:00:00Z,CENTRE_RJ_080101
NEET24_080101_0139,385.5,2026-09-15T12:00:00Z,CENTRE_RJ_080101
NEET24_080101_0140,435.3,2026-09-15T12:00:00Z,CENTRE_RJ_080101
NEET24_080101_0141,611.6,2026-09-15T12:00:00Z,CENTRE_RJ_080101
NEET24_080101_0142,315.4,2026-09-15T12:00:00Z,CENTRE_RJ_080101
NEET24_080101_0143,499.2,2026-09-15T12:00:00Z,CENTRE_RJ_080101
NEET24_080101_0144,301.7,2026-09-15T12:00:00Z,CENTRE_RJ_080101
NEET24_080101_0145,306.5,2026-09-15T12:00:00Z,CENTRE_RJ_080101
NEET24_080101_0146,242.6,2026-09-15T12:00:00Z,CENTRE_RJ_080101
NEET24_080101_0147,220.8,2026-09-15T12:00:00Z,CENTRE_RJ_080101
NEET24_080101_0148,278.4,2026-09-15T12:00:00Z,CENTRE_RJ_080101
NEET24_080101_0149,305.8,2026-09-15T12:00:00Z,CENTRE_RJ_080101
NEET24_080101_0150,164.2,2026-09-15T12:00:00Z,CENTRE_RJ_080101
NEET24_080101_0151,165.3,2026-09-15T12:00:00Z,CENTRE_RJ_080101
NEET24_080101_0152,203.4,2026-09-15T12:00:00Z,CENTRE_RJ_080101
NEET24_080101_0153,562.5,2026-09-15T12:00:00Z,CENTRE_RJ_080101
NEET24_080101_0154,562.0,2026-09-15T12:00:00Z,CENTRE_RJ_080101
NEET24_080101_0155,398.8,2026-09-15T12:00:00Z,CENTRE_RJ_080101
NEET24_080101_0156,584.4,2026-09-15T12:00:00Z,CENTRE_RJ_080101
NEET24_080101_0157,476.8,2026-09-15T12:00:00Z,CENTRE_RJ_080101
NEET24_080101_0158,351.9,2026-09-15T12:00:00Z,CENTRE_RJ_080101
NEET24_080101_0159,250.6,2026-09-15T12:00:00Z,CENTRE_RJ_080101
NEET24_080101_0160,376.5,2026-09-15T12:00:00Z,CENTRE_RJ_080101
NEET24_080101_0161,485.3,2026-09-15T12:00:00Z,CENTRE_RJ_080101
NEET24_080101_0162,319.0,2026-09-15T12:00:00Z,CENTRE_RJ_080101
NEET24_080101_0163,320.7,2026-09-15T12:00:00Z,CENTRE_RJ_080101
NEET24_080101_0164,450.7,2026-09-15T12:00:00Z,CENTRE_RJ_080101
NEET24_080101_0165,247.2,2026-09-15T12:00:00Z,CENTRE_RJ_080101
NEET24_080101_0166,278.7,2026-09-15T12:00:00Z,CENTRE_RJ_080101
NEET24_080101_0167,264.1,2026-09-15T12:00:00Z,CENTRE_RJ_080101
NEET24_080101_0168,346.7,2026-09-15T12:00:00Z,CENTRE_RJ_080101
NEET24_080101_0169,548.6,2026-09-15T12:00:00Z,CENTRE_RJ_080101
NEET24_080101_0170,234.9,2026-09-15T12:00:00Z,CENTRE_RJ_080101
NEET24_080101_0171,410.3,2026-09-15T12:00:00Z,CENTRE_RJ_080101
NEET24_080101_0172,314.6,2026-09-15T12:00:00Z,CENTRE_RJ_080101
NEET24_080101_0173,277.5,2026-09-15T12:00:00Z,CENTRE_RJ_080101
NEET24_080101_0174,229.1,2026-09-15T12:00:00Z,CENTRE_RJ_080101
NEET24_080101_0175,405.0,2026-09-15T12:00:00Z,CENTRE_RJ_080101
NEET24_080101_0176,305.6,2026-09-15T12:00:00Z,CENTRE_RJ_080101
NEET24_080101_0177,394.0,2026-09-15T12:00:00Z,CENTRE_RJ_080101
NEET24_080101_0178,405.0,2026-09-15T12:00:00Z,CENTRE_RJ_080101
NEET24_080101_0179,262.9,2026-09-15T12:00:00Z,CENTRE_RJ_080101
NEET24_080101_0180,445.6,2026-09-15T12:00:00Z,CENTRE_RJ_080101
NEET24_090101_0001,332.0,2026-09-15T12:00:00Z,CENTRE_UP_090101
NEET24_090101_0002,183.6,2026-09-15T12:00:00Z,CENTRE_UP_090101
NEET24_090101_0003,455.6,2026-09-15T12:00:00Z,CENTRE_UP_090101
NEET24_090101_0004,285.8,2026-09-15T12:00:00Z,CENTRE_UP_090101
NEET24_090101_0005,334.9,2026-09-15T12:00:00Z,CENTRE_UP_090101
NEET24_090101_0006,343.1,2026-09-15T12:00:00Z,CENTRE_UP_090101
NEET24_090101_0007,398.7,2026-09-15T12:00:00Z,CENTRE_UP_090101
NEET24_090101_0008,279.8,2026-09-15T12:00:00Z,CENTRE_UP_090101
NEET24_090101_0009,359.7,2026-09-15T12:00:00Z,CENTRE_UP_090101
NEET24_090101_0010,603.4,2026-09-15T12:00:00Z,CENTRE_UP_090101
NEET24_090101_0011,426.7,2026-09-15T12:00:00Z,CENTRE_UP_090101
NEET24_090101_0012,418.7,2026-09-15T12:00:00Z,CENTRE_UP_090101
NEET24_090101_0013,249.8,2026-09-15T12:00:00Z,CENTRE_UP_090101
NEET24_090101_0014,581.3,2026-09-15T12:00:00Z,CENTRE_UP_090101
NEET24_090101_0015,282.4,2026-09-15T12:00:00Z,CENTRE_UP_090101
NEET24_090101_0016,444.1,2026-09-15T12:00:00Z,CENTRE_UP_090101
NEET24_090101_0017,93.1,2026-09-15T12:00:00Z,CENTRE_UP_090101
NEET24_090101_0018,326.5,2026-09-15T12:00:00Z,CENTRE_UP_090101
NEET24_090101_0019,266.6,2026-09-15T12:00:00Z,CENTRE_UP_090101
NEET24_090101_0020,546.0,2026-09-15T12:00:00Z,CENTRE_UP_090101
NEET24_090101_0021,661.6,2026-09-15T12:00:00Z,CENTRE_UP_090101
NEET24_090101_0022,108.7,2026-09-15T12:00:00Z,CENTRE_UP_090101
NEET24_090101_0023,388.9,2026-09-15T12:00:00Z,CENTRE_UP_090101
NEET24_090101_0024,290.0,2026-09-15T12:00:00Z,CENTRE_UP_090101
NEET24_090101_0025,340.8,2026-09-15T12:00:00Z,CENTRE_UP_090101
NEET24_090101_0026,240.4,2026-09-15T12:00:00Z,CENTRE_UP_090101
NEET24_090101_0027,419.0,2026-09-15T12:00:00Z,CENTRE_UP_090101
NEET24_090101_0028,348.9,2026-09-15T12:00:00Z,CENTRE_UP_090101
NEET24_090101_0029,491.9,2026-09-15T12:00:00Z,CENTRE_UP_090101
NEET24_090101_0030,429.1,2026-09-15T12:00:00Z,CENTRE_UP_090101
NEET24_090101_0031,368.1,2026-09-15T12:00:00Z,CENTRE_UP_090101
NEET24_090101_0032,159.0,2026-09-15T12:00:00Z,CENTRE_UP_090101
NEET24_090101_0033,212.8,2026-09-15T12:00:00Z,CENTRE_UP_090101
NEET24_090101_0034,295.9,2026-09-15T12:00:00Z,CENTRE_UP_090101
NEET24_090101_0035,256.6,2026-09-15T12:00:00Z,CENTRE_UP_090101
NEET24_090101_0036,394.8,2026-09-15T12:00:00Z,CENTRE_UP_090101
NEET24_090101_0037,342.8,2026-09-15T12:00:00Z,CENTRE_UP_090101
NEET24_090101_0038,400.1,2026-09-15T12:00:00Z,CENTRE_UP_090101
NEET24_090101_0039,407.2,2026-09-15T12:00:00Z,CENTRE_UP_090101
NEET24_090101_0040,262.3,2026-09-15T12:00:00Z,CENTRE_UP_090101
NEET24_090101_0041,427.3,2026-09-15T12:00:00Z,CENTRE_UP_090101
NEET24_090101_0042,375.8,2026-09-15T12:00:00Z,CENTRE_UP_090101
NEET24_090101_0043,350.5,2026-09-15T12:00:00Z,CENTRE_UP_090101
NEET24_090101_0044,239.0,2026-09-15T12:00:00Z,CENTRE_UP_090101
NEET24_090101_0045,298.7,2026-09-15T12:00:00Z,CENTRE_UP_090101
NEET24_090101_0046,312.7,2026-09-15T12:00:00Z,CENTRE_UP_090101
NEET24_090101_0047,450.3,2026-09-15T12:00:00Z,CENTRE_UP_090101
NEET24_090101_0048,201.7,2026-09-15T12:00:00Z,CENTRE_UP_090101
NEET24_090101_0049,384.6,2026-09-15T12:00:00Z,CENTRE_UP_090101
NEET24_090101_0050,413.2,2026-09-15T12:00:00Z,CENTRE_UP_090101
NEET24_090101_0051,197.0,2026-09-15T12:00:00Z,CENTRE_UP_090101
NEET24_090101_0052,293.7,2026-09-15T12:00:00Z,CENTRE_UP_090101
NEET24_090101_0053,301.2,2026-09-15T12:00:00Z,CENTRE_UP_090101
NEET24_090101_0054,431.3,2026-09-15T12:00:00Z,CENTRE_UP_090101
NEET24_090101_0055,403.4,2026-09-15T12:00:00Z,CENTRE_UP_090101
NEET24_090101_0056,486.4,2026-09-15T12:00:00Z,CENTRE_UP_090101
NEET24_090101_0057,327.8,2026-09-15T12:00:00Z,CENTRE_UP_090101
NEET24_090101_0058,297.4,2026-09-15T12:00:00Z,CENTRE_UP_090101
NEET24_090101_0059,388.0,2026-09-15T12:00:00Z,CENTRE_UP_090101
NEET24_090101_0060,246.8,2026-09-15T12:00:00Z,CENTRE_UP_090101
NEET24_090101_0061,270.1,2026-09-15T12:00:00Z,CENTRE_UP_090101
NEET24_090101_0062,371.4,2026-09-15T12:00:00Z,CENTRE_UP_090101
NEET24_090101_0063,348.1,2026-09-15T12:00:00Z,CENTRE_UP_090101
NEET24_090101_0064,292.9,2026-09-15T12:00:00Z,CENTRE_UP_090101
NEET24_090101_0065,137.8,2026-09-15T12:00:00Z,CENTRE_UP_090101
NEET24_090101_0066,275.2,2026-09-15T12:00:00Z,CENTRE_UP_090101
NEET24_090101_0067,332.1,2026-09-15T12:00:00Z,CENTRE_UP_090101
NEET24_090101_0068,389.4,2026-09-15T12:00:00Z,CENTRE_UP_090101
NEET24_090101_0069,300.7,2026-09-15T12:00:00Z,CENTRE_UP_090101
NEET24_090101_0070,431.5,2026-09-15T12:00:00Z,CENTRE_UP_090101
NEET24_090101_0071,297.9,2026-09-15T12:00:00Z,CENTRE_UP_090101
NEET24_090101_0072,215.5,2026-09-15T12:00:00Z,CENTRE_UP_090101
NEET24_090101_0073,439.2,2026-09-15T12:00:00Z,CENTRE_UP_090101
NEET24_090101_0074,424.8,2026-09-15T12:00:00Z,CENTRE_UP_090101
NEET24_090101_0075,211.0,2026-09-15T12:00:00Z,CENTRE_UP_090101
NEET24_090101_0076,202.8,2026-09-15T12:00:00Z,CENTRE_UP_090101
NEET24_090101_0077,333.7,2026-09-15T12:00:00Z,CENTRE_UP_090101
NEET24_090101_0078,192.3,2026-09-15T12:00:00Z,CENTRE_UP_090101
NEET24_090101_0079,349.4,2026-09-15T12:00:00Z,CENTRE_UP_090101
NEET24_090101_0080,319.2,2026-09-15T12:00:00Z,CENTRE_UP_090101
NEET24_090101_0081,343.3,2026-09-15T12:00:00Z,CENTRE_UP_090101
NEET24_090101_0082,312.9,2026-09-15T12:00:00Z,CENTRE_UP_090101
NEET24_090101_0083,388.3,2026-09-15T12:00:00Z,CENTRE_UP_090101
NEET24_090101_0084,254.6,2026-09-15T12:00:00Z,CENTRE_UP_090101
NEET24_090101_0085,389.4,2026-09-15T12:00:00Z,CENTRE_UP_090101
NEET24_090101_0086,527.6,2026-09-15T12:00:00Z,CENTRE_UP_090101
NEET24_090101_0087,201.5,2026-09-15T12:00:00Z,CENTRE_UP_090101
NEET24_090101_0088,233.4,2026-09-15T12:00:00Z,CENTRE_UP_090101
NEET24_090101_0089,227.5,2026-09-15T12:00:00Z,CENTRE_UP_090101
NEET24_090101_0090,323.6,2026-09-15T12:00:00Z,CENTRE_UP_090101
NEET24_090101_0091,507.1,2026-09-15T12:00:00Z,CENTRE_UP_090101
NEET24_090101_0092,488.8,2026-09-15T12:00:00Z,CENTRE_UP_090101
NEET24_090101_0093,313.6,2026-09-15T12:00:00Z,CENTRE_UP_090101
NEET24_090101_0094,345.3,2026-09-15T12:00:00Z,CENTRE_UP_090101
NEET24_090101_0095,377.0,2026-09-15T12:00:00Z,CENTRE_UP_090101
NEET24_090101_0096,200.9,2026-09-15T12:00:00Z,CENTRE_UP_090101
NEET24_090101_0097,357.2,2026-09-15T12:00:00Z,CENTRE_UP_090101
NEET24_090101_0098,304.3,2026-09-15T12:00:00Z,CENTRE_UP_090101
NEET24_090101_0099,144.7,2026-09-15T12:00:00Z,CENTRE_UP_090101
NEET24_090101_0100,184.2,2026-09-15T12:00:00Z,CENTRE_UP_090101
NEET24_090101_0101,486.0,2026-09-15T12:00:00Z,CENTRE_UP_090101
NEET24_090101_0102,347.3,2026-09-15T12:00:00Z,CENTRE_UP_090101
NEET24_090101_0103,489.8,2026-09-15T12:00:00Z,CENTRE_UP_090101
NEET24_090101_0104,317.1,2026-09-15T12:00:00Z,CENTRE_UP_090101
NEET24_090101_0105,268.8,2026-09-15T12:00:00Z,CENTRE_UP_090101
NEET24_090101_0106,228.3,2026-09-15T12:00:00Z,CENTRE_UP_090101
NEET24_090101_0107,383.4,2026-09-15T12:00:00Z,CENTRE_UP_090101
NEET24_090101_0108,273.7,2026-09-15T12:00:00Z,CENTRE_UP_090101
NEET24_090101_0109,380.4,2026-09-15T12:00:00Z,CENTRE_UP_090101
NEET24_090101_0110,181.9,2026-09-15T12:00:00Z,CENTRE_UP_090101
NEET24_090101_0111,338.2,2026-09-15T12:00:00Z,CENTRE_UP_090101
NEET24_090101_0112,120.2,2026-09-15T12:00:00Z,CENTRE_UP_090101
NEET24_090101_0113,379.6,2026-09-15T12:00:00Z,CENTRE_UP_090101
NEET24_090101_0114,314.5,2026-09-15T12:00:00Z,CENTRE_UP_090101
NEET24_090101_0115,161.9,2026-09-15T12:00:00Z,CENTRE_UP_090101
NEET24_090101_0116,193.5,2026-09-15T12:00:00Z,CENTRE_UP_090101
NEET24_090101_0117,322.7,2026-09-15T12:00:00Z,CENTRE_UP_090101
NEET24_090101_0118,471.2,2026-09-15T12:00:00Z,CENTRE_UP_090101
NEET24_090101_0119,338.5,2026-09-15T12:00:00Z,CENTRE_UP_090101
NEET24_090101_0120,133.9,2026-09-15T12:00:00Z,CENTRE_UP_090101
NEET24_090101_0121,541.4,2026-09-15T12:00:00Z,CENTRE_UP_090101
NEET24_090101_0122,202.6,2026-09-15T12:00:00Z,CENTRE_UP_090101
NEET24_090101_0123,375.6,2026-09-15T12:00:00Z,CENTRE_UP_090101
NEET24_090101_0124,174.6,2026-09-15T12:00:00Z,CENTRE_UP_090101
NEET24_090101_0125,290.5,2026-09-15T12:00:00Z,CENTRE_UP_090101
NEET24_090101_0126,457.1,2026-09-15T12:00:00Z,CENTRE_UP_090101
NEET24_090101_0127,211.6,2026-09-15T12:00:00Z,CENTRE_UP_090101
NEET24_090101_0128,369.8,2026-09-15T12:00:00Z,CENTRE_UP_090101
NEET24_090101_0129,255.0,2026-09-15T12:00:00Z,CENTRE_UP_090101
NEET24_090101_0130,80.0,2026-09-15T12:00:00Z,CENTRE_UP_090101
NEET24_090101_0131,368.7,2026-09-15T12:00:00Z,CENTRE_UP_090101
NEET24_090101_0132,322.4,2026-09-15T12:00:00Z,CENTRE_UP_090101
NEET24_090101_0133,435.2,2026-09-15T12:00:00Z,CENTRE_UP_090101
NEET24_090101_0134,644.7,2026-09-15T12:00:00Z,CENTRE_UP_090101
NEET24_090101_0135,222.6,2026-09-15T12:00:00Z,CENTRE_UP_090101
NEET24_090101_0136,363.8,2026-09-15T12:00:00Z,CENTRE_UP_090101
NEET24_090101_0137,161.9,2026-09-15T12:00:00Z,CENTRE_UP_090101
NEET24_090101_0138,291.1,2026-09-15T12:00:00Z,CENTRE_UP_090101
NEET24_090101_0139,216.0,2026-09-15T12:00:00Z,CENTRE_UP_090101
NEET24_090101_0140,193.7,2026-09-15T12:00:00Z,CENTRE_UP_090101
NEET24_090101_0141,358.7,2026-09-15T12:00:00Z,CENTRE_UP_090101
NEET24_090101_0142,508.6,2026-09-15T12:00:00Z,CENTRE_UP_090101
NEET24_090101_0143,266.4,2026-09-15T12:00:00Z,CENTRE_UP_090101
NEET24_090101_0144,304.7,2026-09-15T12:00:00Z,CENTRE_UP_090101
NEET24_090101_0145,485.9,2026-09-15T12:00:00Z,CENTRE_UP_090101
NEET24_090101_0146,104.4,2026-09-15T12:00:00Z,CENTRE_UP_090101
NEET24_090101_0147,274.4,2026-09-15T12:00:00Z,CENTRE_UP_090101
NEET24_090101_0148,256.6,2026-09-15T12:00:00Z,CENTRE_UP_090101
NEET24_090101_0149,405.1,2026-09-15T12:00:00Z,CENTRE_UP_090101
NEET24_090101_0150,349.3,2026-09-15T12:00:00Z,CENTRE_UP_090101
NEET24_090101_0151,276.0,2026-09-15T12:00:00Z,CENTRE_UP_090101
NEET24_090101_0152,616.8,2026-09-15T12:00:00Z,CENTRE_UP_090101
NEET24_090101_0153,414.9,2026-09-15T12:00:00Z,CENTRE_UP_090101
NEET24_090101_0154,569.6,2026-09-15T12:00:00Z,CENTRE_UP_090101
NEET24_090101_0155,464.4,2026-09-15T12:00:00Z,CENTRE_UP_090101
NEET24_090101_0156,233.7,2026-09-15T12:00:00Z,CENTRE_UP_090101
NEET24_090101_0157,181.6,2026-09-15T12:00:00Z,CENTRE_UP_090101
NEET24_090101_0158,388.4,2026-09-15T12:00:00Z,CENTRE_UP_090101
NEET24_090101_0159,550.3,2026-09-15T12:00:00Z,CENTRE_UP_090101
NEET24_090101_0160,320.4,2026-09-15T12:00:00Z,CENTRE_UP_090101
NEET24_090101_0161,486.5,2026-09-15T12:00:00Z,CENTRE_UP_090101
NEET24_090101_0162,332.5,2026-09-15T12:00:00Z,CENTRE_UP_090101
NEET24_090101_0163,394.8,2026-09-15T12:00:00Z,CENTRE_UP_090101
NEET24_090101_0164,335.1,2026-09-15T12:00:00Z,CENTRE_UP_090101
NEET24_090101_0165,255.1,2026-09-15T12:00:00Z,CENTRE_UP_090101
NEET24_090101_0166,577.0,2026-09-15T12:00:00Z,CENTRE_UP_090101
NEET24_090101_0167,418.3,2026-09-15T12:00:00Z,CENTRE_UP_090101
NEET24_090101_0168,352.7,2026-09-15T12:00:00Z,CENTRE_UP_090101
NEET24_090101_0169,422.8,2026-09-15T12:00:00Z,CENTRE_UP_090101
NEET24_090101_0170,423.2,2026-09-15T12:00:00Z,CENTRE_UP_090101
NEET24_090101_0171,400.6,2026-09-15T12:00:00Z,CENTRE_UP_090101
NEET24_090101_0172,168.7,2026-09-15T12:00:00Z,CENTRE_UP_090101
NEET24_090101_0173,370.0,2026-09-15T12:00:00Z,CENTRE_UP_090101
NEET24_090101_0174,533.0,2026-09-15T12:00:00Z,CENTRE_UP_090101
NEET24_090101_0175,565.9,2026-09-15T12:00:00Z,CENTRE_UP_090101
NEET24_090101_0176,406.8,2026-09-15T12:00:00Z,CENTRE_UP_090101
NEET24_090101_0177,330.7,2026-09-15T12:00:00Z,CENTRE_UP_090101
NEET24_090101_0178,204.1,2026-09-15T12:00:00Z,CENTRE_UP_090101
NEET24_090101_0179,145.7,2026-09-15T12:00:00Z,CENTRE_UP_090101
NEET24_090101_0180,175.2,2026-09-15T12:00:00Z,CENTRE_UP_090101
NEET24_100101_0001,365.4,2026-09-15T12:00:00Z,CENTRE_BR_100101
NEET24_100101_0002,343.5,2026-09-15T12:00:00Z,CENTRE_BR_100101
NEET24_100101_0003,245.4,2026-09-15T12:00:00Z,CENTRE_BR_100101
NEET24_100101_0004,331.1,2026-09-15T12:00:00Z,CENTRE_BR_100101
NEET24_100101_0005,379.2,2026-09-15T12:00:00Z,CENTRE_BR_100101
NEET24_100101_0006,359.6,2026-09-15T12:00:00Z,CENTRE_BR_100101
NEET24_100101_0007,174.0,2026-09-15T12:00:00Z,CENTRE_BR_100101
NEET24_100101_0008,361.0,2026-09-15T12:00:00Z,CENTRE_BR_100101
NEET24_100101_0009,527.2,2026-09-15T12:00:00Z,CENTRE_BR_100101
NEET24_100101_0010,358.7,2026-09-15T12:00:00Z,CENTRE_BR_100101
NEET24_100101_0011,314.4,2026-09-15T12:00:00Z,CENTRE_BR_100101
NEET24_100101_0012,445.4,2026-09-15T12:00:00Z,CENTRE_BR_100101
NEET24_100101_0013,283.3,2026-09-15T12:00:00Z,CENTRE_BR_100101
NEET24_100101_0014,480.2,2026-09-15T12:00:00Z,CENTRE_BR_100101
NEET24_100101_0015,111.5,2026-09-15T12:00:00Z,CENTRE_BR_100101
NEET24_100101_0016,553.1,2026-09-15T12:00:00Z,CENTRE_BR_100101
NEET24_100101_0017,389.5,2026-09-15T12:00:00Z,CENTRE_BR_100101
NEET24_100101_0018,357.4,2026-09-15T12:00:00Z,CENTRE_BR_100101
NEET24_100101_0019,268.2,2026-09-15T12:00:00Z,CENTRE_BR_100101
NEET24_100101_0020,338.5,2026-09-15T12:00:00Z,CENTRE_BR_100101
NEET24_100101_0021,106.7,2026-09-15T12:00:00Z,CENTRE_BR_100101
NEET24_100101_0022,332.2,2026-09-15T12:00:00Z,CENTRE_BR_100101
NEET24_100101_0023,370.8,2026-09-15T12:00:00Z,CENTRE_BR_100101
NEET24_100101_0024,293.2,2026-09-15T12:00:00Z,CENTRE_BR_100101
NEET24_100101_0025,489.1,2026-09-15T12:00:00Z,CENTRE_BR_100101
NEET24_100101_0026,433.6,2026-09-15T12:00:00Z,CENTRE_BR_100101
NEET24_100101_0027,294.9,2026-09-15T12:00:00Z,CENTRE_BR_100101
NEET24_100101_0028,182.0,2026-09-15T12:00:00Z,CENTRE_BR_100101
NEET24_100101_0029,386.6,2026-09-15T12:00:00Z,CENTRE_BR_100101
NEET24_100101_0030,101.6,2026-09-15T12:00:00Z,CENTRE_BR_100101
NEET24_100101_0031,303.3,2026-09-15T12:00:00Z,CENTRE_BR_100101
NEET24_100101_0032,430.6,2026-09-15T12:00:00Z,CENTRE_BR_100101
NEET24_100101_0033,441.7,2026-09-15T12:00:00Z,CENTRE_BR_100101
NEET24_100101_0034,310.1,2026-09-15T12:00:00Z,CENTRE_BR_100101
NEET24_100101_0035,547.0,2026-09-15T12:00:00Z,CENTRE_BR_100101
NEET24_100101_0036,249.5,2026-09-15T12:00:00Z,CENTRE_BR_100101
NEET24_100101_0037,502.9,2026-09-15T12:00:00Z,CENTRE_BR_100101
NEET24_100101_0038,230.8,2026-09-15T12:00:00Z,CENTRE_BR_100101
NEET24_100101_0039,193.0,2026-09-15T12:00:00Z,CENTRE_BR_100101
NEET24_100101_0040,443.9,2026-09-15T12:00:00Z,CENTRE_BR_100101
NEET24_100101_0041,349.2,2026-09-15T12:00:00Z,CENTRE_BR_100101
NEET24_100101_0042,291.9,2026-09-15T12:00:00Z,CENTRE_BR_100101
NEET24_100101_0043,505.4,2026-09-15T12:00:00Z,CENTRE_BR_100101
NEET24_100101_0044,395.2,2026-09-15T12:00:00Z,CENTRE_BR_100101
NEET24_100101_0045,488.0,2026-09-15T12:00:00Z,CENTRE_BR_100101
NEET24_100101_0046,264.5,2026-09-15T12:00:00Z,CENTRE_BR_100101
NEET24_100101_0047,250.2,2026-09-15T12:00:00Z,CENTRE_BR_100101
NEET24_100101_0048,247.9,2026-09-15T12:00:00Z,CENTRE_BR_100101
NEET24_100101_0049,385.0,2026-09-15T12:00:00Z,CENTRE_BR_100101
NEET24_100101_0050,298.2,2026-09-15T12:00:00Z,CENTRE_BR_100101
NEET24_100101_0051,370.0,2026-09-15T12:00:00Z,CENTRE_BR_100101
NEET24_100101_0052,470.2,2026-09-15T12:00:00Z,CENTRE_BR_100101
NEET24_100101_0053,325.0,2026-09-15T12:00:00Z,CENTRE_BR_100101
NEET24_100101_0054,352.4,2026-09-15T12:00:00Z,CENTRE_BR_100101
NEET24_100101_0055,334.7,2026-09-15T12:00:00Z,CENTRE_BR_100101
NEET24_100101_0056,246.9,2026-09-15T12:00:00Z,CENTRE_BR_100101
NEET24_100101_0057,423.6,2026-09-15T12:00:00Z,CENTRE_BR_100101
NEET24_100101_0058,329.0,2026-09-15T12:00:00Z,CENTRE_BR_100101
NEET24_100101_0059,442.3,2026-09-15T12:00:00Z,CENTRE_BR_100101
NEET24_100101_0060,209.7,2026-09-15T12:00:00Z,CENTRE_BR_100101
NEET24_100101_0061,265.7,2026-09-15T12:00:00Z,CENTRE_BR_100101
NEET24_100101_0062,332.1,2026-09-15T12:00:00Z,CENTRE_BR_100101
NEET24_100101_0063,448.3,2026-09-15T12:00:00Z,CENTRE_BR_100101
NEET24_100101_0064,354.7,2026-09-15T12:00:00Z,CENTRE_BR_100101
NEET24_100101_0065,510.1,2026-09-15T12:00:00Z,CENTRE_BR_100101
NEET24_100101_0066,273.8,2026-09-15T12:00:00Z,CENTRE_BR_100101
NEET24_100101_0067,354.6,2026-09-15T12:00:00Z,CENTRE_BR_100101
NEET24_100101_0068,238.2,2026-09-15T12:00:00Z,CENTRE_BR_100101
NEET24_100101_0069,100.2,2026-09-15T12:00:00Z,CENTRE_BR_100101
NEET24_100101_0070,490.1,2026-09-15T12:00:00Z,CENTRE_BR_100101
NEET24_100101_0071,212.3,2026-09-15T12:00:00Z,CENTRE_BR_100101
NEET24_100101_0072,279.9,2026-09-15T12:00:00Z,CENTRE_BR_100101
NEET24_100101_0073,187.3,2026-09-15T12:00:00Z,CENTRE_BR_100101
NEET24_100101_0074,442.5,2026-09-15T12:00:00Z,CENTRE_BR_100101
NEET24_100101_0075,299.9,2026-09-15T12:00:00Z,CENTRE_BR_100101
NEET24_100101_0076,392.6,2026-09-15T12:00:00Z,CENTRE_BR_100101
NEET24_100101_0077,624.0,2026-09-15T12:00:00Z,CENTRE_BR_100101
NEET24_100101_0078,214.5,2026-09-15T12:00:00Z,CENTRE_BR_100101
NEET24_100101_0079,357.3,2026-09-15T12:00:00Z,CENTRE_BR_100101
NEET24_100101_0080,451.0,2026-09-15T12:00:00Z,CENTRE_BR_100101
NEET24_100101_0081,332.2,2026-09-15T12:00:00Z,CENTRE_BR_100101
NEET24_100101_0082,264.5,2026-09-15T12:00:00Z,CENTRE_BR_100101
NEET24_100101_0083,97.5,2026-09-15T12:00:00Z,CENTRE_BR_100101
NEET24_100101_0084,349.6,2026-09-15T12:00:00Z,CENTRE_BR_100101
NEET24_100101_0085,133.3,2026-09-15T12:00:00Z,CENTRE_BR_100101
NEET24_100101_0086,429.1,2026-09-15T12:00:00Z,CENTRE_BR_100101
NEET24_100101_0087,166.8,2026-09-15T12:00:00Z,CENTRE_BR_100101
NEET24_100101_0088,274.4,2026-09-15T12:00:00Z,CENTRE_BR_100101
NEET24_100101_0089,199.8,2026-09-15T12:00:00Z,CENTRE_BR_100101
NEET24_100101_0090,372.7,2026-09-15T12:00:00Z,CENTRE_BR_100101
NEET24_100101_0091,203.4,2026-09-15T12:00:00Z,CENTRE_BR_100101
NEET24_100101_0092,232.7,2026-09-15T12:00:00Z,CENTRE_BR_100101
NEET24_100101_0093,320.8,2026-09-15T12:00:00Z,CENTRE_BR_100101
NEET24_100101_0094,388.7,2026-09-15T12:00:00Z,CENTRE_BR_100101
NEET24_100101_0095,312.1,2026-09-15T12:00:00Z,CENTRE_BR_100101
NEET24_100101_0096,458.0,2026-09-15T12:00:00Z,CENTRE_BR_100101
NEET24_100101_0097,121.5,2026-09-15T12:00:00Z,CENTRE_BR_100101
NEET24_100101_0098,382.2,2026-09-15T12:00:00Z,CENTRE_BR_100101
NEET24_100101_0099,476.2,2026-09-15T12:00:00Z,CENTRE_BR_100101
NEET24_100101_0100,455.5,2026-09-15T12:00:00Z,CENTRE_BR_100101
NEET24_100101_0101,534.0,2026-09-15T12:00:00Z,CENTRE_BR_100101
NEET24_100101_0102,177.8,2026-09-15T12:00:00Z,CENTRE_BR_100101
NEET24_100101_0103,402.1,2026-09-15T12:00:00Z,CENTRE_BR_100101
NEET24_100101_0104,312.5,2026-09-15T12:00:00Z,CENTRE_BR_100101
NEET24_100101_0105,209.6,2026-09-15T12:00:00Z,CENTRE_BR_100101
NEET24_100101_0106,440.5,2026-09-15T12:00:00Z,CENTRE_BR_100101
NEET24_100101_0107,265.9,2026-09-15T12:00:00Z,CENTRE_BR_100101
NEET24_100101_0108,397.5,2026-09-15T12:00:00Z,CENTRE_BR_100101
NEET24_100101_0109,361.0,2026-09-15T12:00:00Z,CENTRE_BR_100101
NEET24_100101_0110,212.3,2026-09-15T12:00:00Z,CENTRE_BR_100101
NEET24_100101_0111,415.1,2026-09-15T12:00:00Z,CENTRE_BR_100101
NEET24_100101_0112,179.7,2026-09-15T12:00:00Z,CENTRE_BR_100101
NEET24_100101_0113,277.9,2026-09-15T12:00:00Z,CENTRE_BR_100101
NEET24_100101_0114,331.4,2026-09-15T12:00:00Z,CENTRE_BR_100101
NEET24_100101_0115,362.5,2026-09-15T12:00:00Z,CENTRE_BR_100101
NEET24_100101_0116,339.7,2026-09-15T12:00:00Z,CENTRE_BR_100101
NEET24_100101_0117,348.9,2026-09-15T12:00:00Z,CENTRE_BR_100101
NEET24_100101_0118,349.0,2026-09-15T12:00:00Z,CENTRE_BR_100101
NEET24_100101_0119,383.9,2026-09-15T12:00:00Z,CENTRE_BR_100101
NEET24_100101_0120,181.6,2026-09-15T12:00:00Z,CENTRE_BR_100101
NEET24_100101_0121,422.4,2026-09-15T12:00:00Z,CENTRE_BR_100101
NEET24_100101_0122,300.8,2026-09-15T12:00:00Z,CENTRE_BR_100101
NEET24_100101_0123,329.6,2026-09-15T12:00:00Z,CENTRE_BR_100101
NEET24_100101_0124,604.8,2026-09-15T12:00:00Z,CENTRE_BR_100101
NEET24_100101_0125,132.5,2026-09-15T12:00:00Z,CENTRE_BR_100101
NEET24_100101_0126,246.8,2026-09-15T12:00:00Z,CENTRE_BR_100101
NEET24_100101_0127,356.5,2026-09-15T12:00:00Z,CENTRE_BR_100101
NEET24_100101_0128,366.4,2026-09-15T12:00:00Z,CENTRE_BR_100101
NEET24_100101_0129,396.1,2026-09-15T12:00:00Z,CENTRE_BR_100101
NEET24_100101_0130,222.9,2026-09-15T12:00:00Z,CENTRE_BR_100101
NEET24_100101_0131,195.6,2026-09-15T12:00:00Z,CENTRE_BR_100101
NEET24_100101_0132,448.5,2026-09-15T12:00:00Z,CENTRE_BR_100101
NEET24_100101_0133,314.9,2026-09-15T12:00:00Z,CENTRE_BR_100101
NEET24_100101_0134,437.3,2026-09-15T12:00:00Z,CENTRE_BR_100101
NEET24_100101_0135,260.8,2026-09-15T12:00:00Z,CENTRE_BR_100101
NEET24_100101_0136,437.1,2026-09-15T12:00:00Z,CENTRE_BR_100101
NEET24_100101_0137,284.3,2026-09-15T12:00:00Z,CENTRE_BR_100101
NEET24_100101_0138,599.8,2026-09-15T12:00:00Z,CENTRE_BR_100101
NEET24_100101_0139,483.3,2026-09-15T12:00:00Z,CENTRE_BR_100101
NEET24_100101_0140,383.3,2026-09-15T12:00:00Z,CENTRE_BR_100101
NEET24_100101_0141,296.4,2026-09-15T12:00:00Z,CENTRE_BR_100101
NEET24_100101_0142,376.9,2026-09-15T12:00:00Z,CENTRE_BR_100101
NEET24_100101_0143,295.5,2026-09-15T12:00:00Z,CENTRE_BR_100101
NEET24_100101_0144,454.8,2026-09-15T12:00:00Z,CENTRE_BR_100101
NEET24_100101_0145,334.8,2026-09-15T12:00:00Z,CENTRE_BR_100101
NEET24_100101_0146,562.3,2026-09-15T12:00:00Z,CENTRE_BR_100101
NEET24_100101_0147,569.0,2026-09-15T12:00:00Z,CENTRE_BR_100101
NEET24_100101_0148,438.2,2026-09-15T12:00:00Z,CENTRE_BR_100101
NEET24_100101_0149,173.6,2026-09-15T12:00:00Z,CENTRE_BR_100101
NEET24_100101_0150,467.1,2026-09-15T12:00:00Z,CENTRE_BR_100101
NEET24_100101_0151,322.7,2026-09-15T12:00:00Z,CENTRE_BR_100101
NEET24_100101_0152,316.7,2026-09-15T12:00:00Z,CENTRE_BR_100101
NEET24_100101_0153,221.5,2026-09-15T12:00:00Z,CENTRE_BR_100101
NEET24_100101_0154,279.7,2026-09-15T12:00:00Z,CENTRE_BR_100101
NEET24_100101_0155,397.1,2026-09-15T12:00:00Z,CENTRE_BR_100101
NEET24_100101_0156,275.3,2026-09-15T12:00:00Z,CENTRE_BR_100101
NEET24_100101_0157,356.4,2026-09-15T12:00:00Z,CENTRE_BR_100101
NEET24_100101_0158,428.4,2026-09-15T12:00:00Z,CENTRE_BR_100101
NEET24_100101_0159,557.3,2026-09-15T12:00:00Z,CENTRE_BR_100101
NEET24_100101_0160,342.9,2026-09-15T12:00:00Z,CENTRE_BR_100101
NEET24_100101_0161,310.7,2026-09-15T12:00:00Z,CENTRE_BR_100101
NEET24_100101_0162,255.0,2026-09-15T12:00:00Z,CENTRE_BR_100101
NEET24_100101_0163,205.8,2026-09-15T12:00:00Z,CENTRE_BR_100101
NEET24_100101_0164,562.1,2026-09-15T12:00:00Z,CENTRE_BR_100101
NEET24_100101_0165,246.0,2026-09-15T12:00:00Z,CENTRE_BR_100101
NEET24_100101_0166,342.5,2026-09-15T12:00:00Z,CENTRE_BR_100101
NEET24_100101_0167,382.9,2026-09-15T12:00:00Z,CENTRE_BR_100101
NEET24_100101_0168,236.1,2026-09-15T12:00:00Z,CENTRE_BR_100101
NEET24_100101_0169,270.4,2026-09-15T12:00:00Z,CENTRE_BR_100101
NEET24_100101_0170,230.2,2026-09-15T12:00:00Z,CENTRE_BR_100101
NEET24_100101_0171,134.2,2026-09-15T12:00:00Z,CENTRE_BR_100101
NEET24_100101_0172,341.1,2026-09-15T12:00:00Z,CENTRE_BR_100101
NEET24_100101_0173,374.6,2026-09-15T12:00:00Z,CENTRE_BR_100101
NEET24_100101_0174,207.1,2026-09-15T12:00:00Z,CENTRE_BR_100101
NEET24_100101_0175,393.6,2026-09-15T12:00:00Z,CENTRE_BR_100101
NEET24_100101_0176,345.5,2026-09-15T12:00:00Z,CENTRE_BR_100101
NEET24_100101_0177,141.1,2026-09-15T12:00:00Z,CENTRE_BR_100101
NEET24_100101_0178,572.3,2026-09-15T12:00:00Z,CENTRE_BR_100101
NEET24_100101_0179,621.3,2026-09-15T12:00:00Z,CENTRE_BR_100101
NEET24_100101_0180,365.5,2026-09-15T12:00:00Z,CENTRE_BR_100101
