candidate_id,centre_id,room_id,seat_number,question_id,selected_option,raw_score
WBSSC_SLST_0001,WB_CENTRE_KOL_01,HALL_02,2,Q01,B,1.0
WBSSC_SLST_0001,WB_CENTRE_KOL_01,HALL_02,2,Q02,B,1.0
WBSSC_SLST_0001,WB_CENTRE_KOL_01,HALL_02,2,Q03,B,1.0
WBSSC_SLST_0001,WB_CENTRE_KOL_01,HALL_02,2,Q04,,0.0
WBSSC_SLST_0001,WB_CENTRE_KOL_01,HALL_02,2,Q05,,0.0
WBSSC_SLST_0001,WB_CENTRE_KOL_01,HALL_02,2,Q06,,0.0
WBSSC_SLST_0001,WB_CENTRE_KOL_01,HALL_02,2,Q07,,0.0
WBSSC_SLST_0001,WB_CENTRE_KOL_01,HALL_02,2,Q08,,0.0
WBSSC_SLST_0001,WB_CENTRE_KOL_01,HALL_02,2,Q09,,0.0
WBSSC_SLST_0001,WB_CENTRE_KOL_01,HALL_02,2,Q10,,0.0
WBSSC_SLST_0001,WB_CENTRE_KOL_01,HALL_02,2,Q11,,0.0
WBSSC_SLST_0001,WB_CENTRE_KOL_01,HALL_02,2,Q12,,0.0
WBSSC_SLST_0001,WB_CENTRE_KOL_01,HALL_02,2,Q13,,0.0
WBSSC_SLST_0001,WB_CENTRE_KOL_01,HALL_02,2,Q14,,0.0
WBSSC_SLST_0001,WB_CENTRE_KOL_01,HALL_02,2,Q15,,0.0
WBSSC_SLST_0001,WB_CENTRE_KOL_01,HALL_02,2,Q16,,0.0
WBSSC_SLST_0001,WB_CENTRE_KOL_01,HALL_02,2,Q17,,0.0
WBSSC_SLST_0001,WB_CENTRE_KOL_01,HALL_02,2,Q18,,0.0
WBSSC_SLST_0001,WB_CENTRE_KOL_01,HALL_02,2,Q19,,0.0
WBSSC_SLST_0001,WB_CENTRE_KOL_01,HALL_02,2,Q20,,0.0
WBSSC_SLST_0001,WB_CENTRE_KOL_01,HALL_02,2,Q21,,0.0
WBSSC_SLST_0001,WB_CENTRE_KOL_01,HALL_02,2,Q22,,0.0
WBSSC_SLST_0001,WB_CENTRE_KOL_01,HALL_02,2,Q23,,0.0
WBSSC_SLST_0001,WB_CENTRE_KOL_01,HALL_02,2,Q24,,0.0
WBSSC_SLST_0001,WB_CENTRE_KOL_01,HALL_02,2,Q25,,0.0
WBSSC_SLST_0001,WB_CENTRE_KOL_01,HALL_02,2,Q26,,0.0
WBSSC_SLST_0001,WB_CENTRE_KOL_01,HALL_02,2,Q27,,0.0
WBSSC_SLST_0001,WB_CENTRE_KOL_01,HALL_02,2,Q28,,0.0
WBSSC_SLST_0001,WB_CENTRE_KOL_01,HALL_02,2,Q29,,0.0
WBSSC_SLST_0001,WB_CENTRE_KOL_01,HALL_02,2,Q30,,0.0
WBSSC_SLST_0001,WB_CENTRE_KOL_01,HALL_02,2,Q31,,0.0
WBSSC_SLST_0001,WB_CENTRE_KOL_01,HALL_02,2,Q32,,0.0
WBSSC_SLST_0001,WB_CENTRE_KOL_01,HALL_02,2,Q33,,0.0
WBSSC_SLST_0001,WB_CENTRE_KOL_01,HALL_02,2,Q34,,0.0
WBSSC_SLST_0001,WB_CENTRE_KOL_01,HALL_02,2,Q35,,0.0
WBSSC_SLST_0001,WB_CENTRE_KOL_01,HALL_02,2,Q36,,0.0
WBSSC_SLST_0001,WB_CENTRE_KOL_01,HALL_02,2,Q37,,0.0
WBSSC_SLST_0001,WB_CENTRE_KOL_01,HALL_02,2,Q38,,0.0
WBSSC_SLST_0001,WB_CENTRE_KOL_01,HALL_02,2,Q39,,0.0
WBSSC_SLST_0001,WB_CENTRE_KOL_01,HALL_02,2,Q40,,0.0
WBSSC_SLST_0001,WB_CENTRE_KOL_01,HALL_02,2,Q41,,0.0
WBSSC_SLST_0001,WB_CENTRE_KOL_01,HALL_02,2,Q42,,0.0
WBSSC_SLST_0001,WB_CENTRE_KOL_01,HALL_02,2,Q43,,0.0
WBSSC_SLST_0001,WB_CENTRE_KOL_01,HALL_02,2,Q44,,0.0
WBSSC_SLST_0001,WB_CENTRE_KOL_01,HALL_02,2,Q45,,0.0
WBSSC_SLST_0001,WB_CENTRE_KOL_01,HALL_02,2,Q46,,0.0
WBSSC_SLST_0001,WB_CENTRE_KOL_01,HALL_02,2,Q47,,0.0
WBSSC_SLST_0001,WB_CENTRE_KOL_01,HALL_02,2,Q48,,0.0
WBSSC_SLST_0001,WB_CENTRE_KOL_01,HALL_02,2,Q49,,0.0
WBSSC_SLST_0001,WB_CENTRE_KOL_01,HALL_02,2,Q50,,0.0
WBSSC_SLST_0001,WB_CENTRE_KOL_01,HALL_02,2,Q51,,0.0
WBSSC_SLST_0001,WB_CENTRE_KOL_01,HALL_02,2,Q52,,0.0
WBSSC_SLST_0001,WB_CENTRE_KOL_01,HALL_02,2,Q53,,0.0
WBSSC_SLST_0001,WB_CENTRE_KOL_01,HALL_02,2,Q54,,0.0
WBSSC_SLST_0001,WB_CENTRE_KOL_01,HALL_02,2,Q55,,0.0
WBSSC_SLST_0001,WB_CENTRE_KOL_01,HALL_02,2,Q56,,0.0
WBSSC_SLST_0001,WB_CENTRE_KOL_01,HALL_02,2,Q57,,0.0
WBSSC_SLST_0001,WB_CENTRE_KOL_01,HALL_02,2,Q58,,0.0
WBSSC_SLST_0001,WB_CENTRE_KOL_01,HALL_02,2,Q59,,0.0
WBSSC_SLST_0001,WB_CENTRE_KOL_01,HALL_02,2,Q60,,0.0
WBSSC_SLST_0002,WB_CENTRE_KOL_01,HALL_03,3,Q01,B,1.0
WBSSC_SLST_0002,WB_CENTRE_KOL_01,HALL_03,3,Q02,B,1.0
WBSSC_SLST_0002,WB_CENTRE_KOL_01,HALL_03,3,Q03,B,1.0
WBSSC_SLST_0002,WB_CENTRE_KOL_01,HALL_03,3,Q04,,0.0
WBSSC_SLST_0002,WB_CENTRE_KOL_01,HALL_03,3,Q05,,0.0
WBSSC_SLST_0002,WB_CENTRE_KOL_01,HALL_03,3,Q06,,0.0
WBSSC_SLST_0002,WB_CENTRE_KOL_01,HALL_03,3,Q07,,0.0
WBSSC_SLST_0002,WB_CENTRE_KOL_01,HALL_03,3,Q08,,0.0
WBSSC_SLST_0002,WB_CENTRE_KOL_01,HALL_03,3,Q09,,0.0
WBSSC_SLST_0002,WB_CENTRE_KOL_01,HALL_03,3,Q10,,0.0
WBSSC_SLST_0002,WB_CENTRE_KOL_01,HALL_03,3,Q11,,0.0
WBSSC_SLST_0002,WB_CENTRE_KOL_01,HALL_03,3,Q12,,0.0
WBSSC_SLST_0002,WB_CENTRE_KOL_01,HALL_03,3,Q13,,0.0
WBSSC_SLST_0002,WB_CENTRE_KOL_01,HALL_03,3,Q14,,0.0
WBSSC_SLST_0002,WB_CENTRE_KOL_01,HALL_03,3,Q15,,0.0
WBSSC_SLST_0002,WB_CENTRE_KOL_01,HALL_03,3,Q16,,0.0
WBSSC_SLST_0002,WB_CENTRE_KOL_01,HALL_03,3,Q17,,0.0
WBSSC_SLST_0002,WB_CENTRE_KOL_01,HALL_03,3,Q18,,0.0
WBSSC_SLST_0002,WB_CENTRE_KOL_01,HALL_03,3,Q19,,0.0
WBSSC_SLST_0002,WB_CENTRE_KOL_01,HALL_03,3,Q20,,0.0
WBSSC_SLST_0002,WB_CENTRE_KOL_01,HALL_03,3,Q21,,0.0
WBSSC_SLST_0002,WB_CENTRE_KOL_01,HALL_03,3,Q22,,0.0
WBSSC_SLST_0002,WB_CENTRE_KOL_01,HALL_03,3,Q23,,0.0
WBSSC_SLST_0002,WB_CENTRE_KOL_01,HALL_03,3,Q24,,0.0
WBSSC_SLST_0002,WB_CENTRE_KOL_01,HALL_03,3,Q25,,0.0
WBSSC_SLST_0002,WB_CENTRE_KOL_01,HALL_03,3,Q26,,0.0
WBSSC_SLST_0002,WB_CENTRE_KOL_01,HALL_03,3,Q27,,0.0
WBSSC_SLST_0002,WB_CENTRE_KOL_01,HALL_03,3,Q28,,0.0
WBSSC_SLST_0002,WB_CENTRE_KOL_01,HALL_03,3,Q29,,0.0
WBSSC_SLST_0002,WB_CENTRE_KOL_01,HALL_03,3,Q30,,0.0
WBSSC_SLST_0002,WB_CENTRE_KOL_01,HALL_03,3,Q31,,0.0
WBSSC_SLST_0002,WB_CENTRE_KOL_01,HALL_03,3,Q32,,0.0
WBSSC_SLST_0002,WB_CENTRE_KOL_01,HALL_03,3,Q33,,0.0
WBSSC_SLST_0002,WB_CENTRE_KOL_01,HALL_03,3,Q34,,0.0
WBSSC_SLST_0002,WB_CENTRE_KOL_01,HALL_03,3,Q35,,0.0
WBSSC_SLST_0002,WB_CENTRE_KOL_01,HALL_03,3,Q36,,0.0
WBSSC_SLST_0002,WB_CENTRE_KOL_01,HALL_03,3,Q37,,0.0
WBSSC_SLST_0002,WB_CENTRE_KOL_01,HALL_03,3,Q38,,0.0
WBSSC_SLST_0002,WB_CENTRE_KOL_01,HALL_03,3,Q39,,0.0
WBSSC_SLST_0002,WB_CENTRE_KOL_01,HALL_03,3,Q40,,0.0
WBSSC_SLST_0002,WB_CENTRE_KOL_01,HALL_03,3,Q41,,0.0
WBSSC_SLST_0002,WB_CENTRE_KOL_01,HALL_03,3,Q42,,0.0
WBSSC_SLST_0002,WB_CENTRE_KOL_01,HALL_03,3,Q43,,0.0
WBSSC_SLST_0002,WB_CENTRE_KOL_01,HALL_03,3,Q44,,0.0
WBSSC_SLST_0002,WB_CENTRE_KOL_01,HALL_03,3,Q45,,0.0
WBSSC_SLST_0002,WB_CENTRE_KOL_01,HALL_03,3,Q46,,0.0
WBSSC_SLST_0002,WB_CENTRE_KOL_01,HALL_03,3,Q47,,0.0
WBSSC_SLST_0002,WB_CENTRE_KOL_01,HALL_03,3,Q48,,0.0
WBSSC_SLST_0002,WB_CENTRE_KOL_01,HALL_03,3,Q49,,0.0
WBSSC_SLST_0002,WB_CENTRE_KOL_01,HALL_03,3,Q50,,0.0
WBSSC_SLST_0002,WB_CENTRE_KOL_01,HALL_03,3,Q51,,0.0
WBSSC_SLST_0002,WB_CENTRE_KOL_01,HALL_03,3,Q52,,0.0
WBSSC_SLST_0002,WB_CENTRE_KOL_01,HALL_03,3,Q53,,0.0
WBSSC_SLST_0002,WB_CENTRE_KOL_01,HALL_03,3,Q54,,0.0
WBSSC_SLST_0002,WB_CENTRE_KOL_01,HALL_03,3,Q55,,0.0
WBSSC_SLST_0002,WB_CENTRE_KOL_01,HALL_03,3,Q56,,0.0
WBSSC_SLST_0002,WB_CENTRE_KOL_01,HALL_03,3,Q57,,0.0
WBSSC_SLST_0002,WB_CENTRE_KOL_01,HALL_03,3,Q58,,0.0
WBSSC_SLST_0002,WB_CENTRE_KOL_01,HALL_03,3,Q59,,0.0
WBSSC_SLST_0002,WB_CENTRE_KOL_01,HALL_03,3,Q60,,0.0
WBSSC_SLST_0003,WB_CENTRE_KOL_01,HALL_04,4,Q01,B,1.0
WBSSC_SLST_0003,WB_CENTRE_KOL_01,HALL_04,4,Q02,B,1.0
WBSSC_SLST_0003,WB_CENTRE_KOL_01,HALL_04,4,Q03,B,1.0
WBSSC_SLST_0003,WB_CENTRE_KOL_01,HALL_04,4,Q04,,0.0
WBSSC_SLST_0003,WB_CENTRE_KOL_01,HALL_04,4,Q05,,0.0
WBSSC_SLST_0003,WB_CENTRE_KOL_01,HALL_04,4,Q06,,0.0
WBSSC_SLST_0003,WB_CENTRE_KOL_01,HALL_04,4,Q07,,0.0
WBSSC_SLST_0003,WB_CENTRE_KOL_01,HALL_04,4,Q08,,0.0
WBSSC_SLST_0003,WB_CENTRE_KOL_01,HALL_04,4,Q09,,0.0
WBSSC_SLST_0003,WB_CENTRE_KOL_01,HALL_04,4,Q10,,0.0
WBSSC_SLST_0003,WB_CENTRE_KOL_01,HALL_04,4,Q11,,0.0
WBSSC_SLST_0003,WB_CENTRE_KOL_01,HALL_04,4,Q12,,0.0
WBSSC_SLST_0003,WB_CENTRE_KOL_01,HALL_04,4,Q13,,0.0
WBSSC_SLST_0003,WB_CENTRE_KOL_01,HALL_04,4,Q14,,0.0
WBSSC_SLST_0003,WB_CENTRE_KOL_01,HALL_04,4,Q15,,0.0
WBSSC_SLST_0003,WB_CENTRE_KOL_01,HALL_04,4,Q16,,0.0
WBSSC_SLST_0003,WB_CENTRE_KOL_01,HALL_04,4,Q17,,0.0
WBSSC_SLST_0003,WB_CENTRE_KOL_01,HALL_04,4,Q18,,0.0
WBSSC_SLST_0003,WB_CENTRE_KOL_01,HALL_04,4,Q19,,0.0
WBSSC_SLST_0003,WB_CENTRE_KOL_01,HALL_04,4,Q20,,0.0
WBSSC_SLST_0003,WB_CENTRE_KOL_01,HALL_04,4,Q21,,0.0
WBSSC_SLST_0003,WB_CENTRE_KOL_01,HALL_04,4,Q22,,0.0
WBSSC_SLST_0003,WB_CENTRE_KOL_01,HALL_04,4,Q23,,0.0
WBSSC_SLST_0003,WB_CENTRE_KOL_01,HALL_04,4,Q24,,0.0
WBSSC_SLST_0003,WB_CENTRE_KOL_01,HALL_04,4,Q25,,0.0
WBSSC_SLST_0003,WB_CENTRE_KOL_01,HALL_04,4,Q26,,0.0
WBSSC_SLST_0003,WB_CENTRE_KOL_01,HALL_04,4,Q27,,0.0
WBSSC_SLST_0003,WB_CENTRE_KOL_01,HALL_04,4,Q28,,0.0
WBSSC_SLST_0003,WB_CENTRE_KOL_01,HALL_04,4,Q29,,0.0
WBSSC_SLST_0003,WB_CENTRE_KOL_01,HALL_04,4,Q30,,0.0
WBSSC_SLST_0003,WB_CENTRE_KOL_01,HALL_04,4,Q31,,0.0
WBSSC_SLST_0003,WB_CENTRE_KOL_01,HALL_04,4,Q32,,0.0
WBSSC_SLST_0003,WB_CENTRE_KOL_01,HALL_04,4,Q33,,0.0
WBSSC_SLST_0003,WB_CENTRE_KOL_01,HALL_04,4,Q34,,0.0
WBSSC_SLST_0003,WB_CENTRE_KOL_01,HALL_04,4,Q35,,0.0
WBSSC_SLST_0003,WB_CENTRE_KOL_01,HALL_04,4,Q36,,0.0
WBSSC_SLST_0003,WB_CENTRE_KOL_01,HALL_04,4,Q37,,0.0
WBSSC_SLST_0003,WB_CENTRE_KOL_01,HALL_04,4,Q38,,0.0
WBSSC_SLST_0003,WB_CENTRE_KOL_01,HALL_04,4,Q39,,0.0
WBSSC_SLST_0003,WB_CENTRE_KOL_01,HALL_04,4,Q40,,0.0
WBSSC_SLST_0003,WB_CENTRE_KOL_01,HALL_04,4,Q41,,0.0
WBSSC_SLST_0003,WB_CENTRE_KOL_01,HALL_04,4,Q42,,0.0
WBSSC_SLST_0003,WB_CENTRE_KOL_01,HALL_04,4,Q43,,0.0
WBSSC_SLST_0003,WB_CENTRE_KOL_01,HALL_04,4,Q44,,0.0
WBSSC_SLST_0003,WB_CENTRE_KOL_01,HALL_04,4,Q45,,0.0
WBSSC_SLST_0003,WB_CENTRE_KOL_01,HALL_04,4,Q46,,0.0
WBSSC_SLST_0003,WB_CENTRE_KOL_01,HALL_04,4,Q47,,0.0
WBSSC_SLST_0003,WB_CENTRE_KOL_01,HALL_04,4,Q48,,0.0
WBSSC_SLST_0003,WB_CENTRE_KOL_01,HALL_04,4,Q49,,0.0
WBSSC_SLST_0003,WB_CENTRE_KOL_01,HALL_04,4,Q50,,0.0
WBSSC_SLST_0003,WB_CENTRE_KOL_01,HALL_04,4,Q51,,0.0
WBSSC_SLST_0003,WB_CENTRE_KOL_01,HALL_04,4,Q52,,0.0
WBSSC_SLST_0003,WB_CENTRE_KOL_01,HALL_04,4,Q53,,0.0
WBSSC_SLST_0003,WB_CENTRE_KOL_01,HALL_04,4,Q54,,0.0
WBSSC_SLST_0003,WB_CENTRE_KOL_01,HALL_04,4,Q55,,0.0
WBSSC_SLST_0003,WB_CENTRE_KOL_01,HALL_04,4,Q56,,0.0
WBSSC_SLST_0003,WB_CENTRE_KOL_01,HALL_04,4,Q57,,0.0
WBSSC_SLST_0003,WB_CENTRE_KOL_01,HALL_04,4,Q58,,0.0
WBSSC_SLST_0003,WB_CENTRE_KOL_01,HALL_04,4,Q59,,0.0
WBSSC_SLST_0003,WB_CENTRE_KOL_01,HALL_04,4,Q60,,0.0
WBSSC_SLST_0004,WB_CENTRE_KOL_01,HALL_01,5,Q01,B,1.0
WBSSC_SLST_0004,WB_CENTRE_KOL_01,HALL_01,5,Q02,B,1.0
WBSSC_SLST_0004,WB_CENTRE_KOL_01,HALL_01,5,Q03,B,1.0
WBSSC_SLST_0004,WB_CENTRE_KOL_01,HALL_01,5,Q04,,0.0
WBSSC_SLST_0004,WB_CENTRE_KOL_01,HALL_01,5,Q05,,0.0
WBSSC_SLST_0004,WB_CENTRE_KOL_01,HALL_01,5,Q06,,0.0
WBSSC_SLST_0004,WB_CENTRE_KOL_01,HALL_01,5,Q07,,0.0
WBSSC_SLST_0004,WB_CENTRE_KOL_01,HALL_01,5,Q08,,0.0
WBSSC_SLST_0004,WB_CENTRE_KOL_01,HALL_01,5,Q09,,0.0
WBSSC_SLST_0004,WB_CENTRE_KOL_01,HALL_01,5,Q10,,0.0
WBSSC_SLST_0004,WB_CENTRE_KOL_01,HALL_01,5,Q11,,0.0
WBSSC_SLST_0004,WB_CENTRE_KOL_01,HALL_01,5,Q12,,0.0
WBSSC_SLST_0004,WB_CENTRE_KOL_01,HALL_01,5,Q13,,0.0
WBSSC_SLST_0004,WB_CENTRE_KOL_01,HALL_01,5,Q14,,0.0
WBSSC_SLST_0004,WB_CENTRE_KOL_01,HALL_01,5,Q15,,0.0
WBSSC_SLST_0004,WB_CENTRE_KOL_01,HALL_01,5,Q16,,0.0
WBSSC_SLST_0004,WB_CENTRE_KOL_01,HALL_01,5,Q17,,0.0
WBSSC_SLST_0004,WB_CENTRE_KOL_01,HALL_01,5,Q18,,0.0
WBSSC_SLST_0004,WB_CENTRE_KOL_01,HALL_01,5,Q19,,0.0
WBSSC_SLST_0004,WB_CENTRE_KOL_01,HALL_01,5,Q20,,0.0
WBSSC_SLST_0004,WB_CENTRE_KOL_01,HALL_01,5,Q21,,0.0
WBSSC_SLST_0004,WB_CENTRE_KOL_01,HALL_01,5,Q22,,0.0
WBSSC_SLST_0004,WB_CENTRE_KOL_01,HALL_01,5,Q23,,0.0
WBSSC_SLST_0004,WB_CENTRE_KOL_01,HALL_01,5,Q24,,0.0
WBSSC_SLST_0004,WB_CENTRE_KOL_01,HALL_01,5,Q25,,0.0
WBSSC_SLST_0004,WB_CENTRE_KOL_01,HALL_01,5,Q26,,0.0
WBSSC_SLST_0004,WB_CENTRE_KOL_01,HALL_01,5,Q27,,0.0
WBSSC_SLST_0004,WB_CENTRE_KOL_01,HALL_01,5,Q28,,0.0
WBSSC_SLST_0004,WB_CENTRE_KOL_01,HALL_01,5,Q29,,0.0
WBSSC_SLST_0004,WB_CENTRE_KOL_01,HALL_01,5,Q30,,0.0
WBSSC_SLST_0004,WB_CENTRE_KOL_01,HALL_01,5,Q31,,0.0
WBSSC_SLST_0004,WB_CENTRE_KOL_01,HALL_01,5,Q32,,0.0
WBSSC_SLST_0004,WB_CENTRE_KOL_01,HALL_01,5,Q33,,0.0
WBSSC_SLST_0004,WB_CENTRE_KOL_01,HALL_01,5,Q34,,0.0
WBSSC_SLST_0004,WB_CENTRE_KOL_01,HALL_01,5,Q35,,0.0
WBSSC_SLST_0004,WB_CENTRE_KOL_01,HALL_01,5,Q36,,0.0
WBSSC_SLST_0004,WB_CENTRE_KOL_01,HALL_01,5,Q37,,0.0
WBSSC_SLST_0004,WB_CENTRE_KOL_01,HALL_01,5,Q38,,0.0
WBSSC_SLST_0004,WB_CENTRE_KOL_01,HALL_01,5,Q39,,0.0
WBSSC_SLST_0004,WB_CENTRE_KOL_01,HALL_01,5,Q40,,0.0
WBSSC_SLST_0004,WB_CENTRE_KOL_01,HALL_01,5,Q41,,0.0
WBSSC_SLST_0004,WB_CENTRE_KOL_01,HALL_01,5,Q42,,0.0
WBSSC_SLST_0004,WB_CENTRE_KOL_01,HALL_01,5,Q43,,0.0
WBSSC_SLST_0004,WB_CENTRE_KOL_01,HALL_01,5,Q44,,0.0
WBSSC_SLST_0004,WB_CENTRE_KOL_01,HALL_01,5,Q45,,0.0
WBSSC_SLST_0004,WB_CENTRE_KOL_01,HALL_01,5,Q46,,0.0
WBSSC_SLST_0004,WB_CENTRE_KOL_01,HALL_01,5,Q47,,0.0
WBSSC_SLST_0004,WB_CENTRE_KOL_01,HALL_01,5,Q48,,0.0
WBSSC_SLST_0004,WB_CENTRE_KOL_01,HALL_01,5,Q49,,0.0
WBSSC_SLST_0004,WB_CENTRE_KOL_01,HALL_01,5,Q50,,0.0
WBSSC_SLST_0004,WB_CENTRE_KOL_01,HALL_01,5,Q51,,0.0
WBSSC_SLST_0004,WB_CENTRE_KOL_01,HALL_01,5,Q52,,0.0
WBSSC_SLST_0004,WB_CENTRE_KOL_01,HALL_01,5,Q53,,0.0
WBSSC_SLST_0004,WB_CENTRE_KOL_01,HALL_01,5,Q54,,0.0
WBSSC_SLST_0004,WB_CENTRE_KOL_01,HALL_01,5,Q55,,0.0
WBSSC_SLST_0004,WB_CENTRE_KOL_01,HALL_01,5,Q56,,0.0
WBSSC_SLST_0004,WB_CENTRE_KOL_01,HALL_01,5,Q57,,0.0
WBSSC_SLST_0004,WB_CENTRE_KOL_01,HALL_01,5,Q58,,0.0
WBSSC_SLST_0004,WB_CENTRE_KOL_01,HALL_01,5,Q59,,0.0
WBSSC_SLST_0004,WB_CENTRE_KOL_01,HALL_01,5,Q60,,0.0
WBSSC_SLST_0005,WB_CENTRE_KOL_01,HALL_02,6,Q01,B,1.0
WBSSC_SLST_0005,WB_CENTRE_KOL_01,HALL_02,6,Q02,B,1.0
WBSSC_SLST_0005,WB_CENTRE_KOL_01,HALL_02,6,Q03,B,1.0
WBSSC_SLST_0005,WB_CENTRE_KOL_01,HALL_02,6,Q04,,0.0
WBSSC_SLST_0005,WB_CENTRE_KOL_01,HALL_02,6,Q05,,0.0
WBSSC_SLST_0005,WB_CENTRE_KOL_01,HALL_02,6,Q06,,0.0
WBSSC_SLST_0005,WB_CENTRE_KOL_01,HALL_02,6,Q07,,0.0
WBSSC_SLST_0005,WB_CENTRE_KOL_01,HALL_02,6,Q08,,0.0
WBSSC_SLST_0005,WB_CENTRE_KOL_01,HALL_02,6,Q09,,0.0
WBSSC_SLST_0005,WB_CENTRE_KOL_01,HALL_02,6,Q10,,0.0
WBSSC_SLST_0005,WB_CENTRE_KOL_01,HALL_02,6,Q11,,0.0
WBSSC_SLST_0005,WB_CENTRE_KOL_01,HALL_02,6,Q12,,0.0
WBSSC_SLST_0005,WB_CENTRE_KOL_01,HALL_02,6,Q13,,0.0
WBSSC_SLST_0005,WB_CENTRE_KOL_01,HALL_02,6,Q14,,0.0
WBSSC_SLST_0005,WB_CENTRE_KOL_01,HALL_02,6,Q15,,0.0
WBSSC_SLST_0005,WB_CENTRE_KOL_01,HALL_02,6,Q16,,0.0
WBSSC_SLST_0005,WB_CENTRE_KOL_01,HALL_02,6,Q17,,0.0
WBSSC_SLST_0005,WB_CENTRE_KOL_01,HALL_02,6,Q18,,0.0
WBSSC_SLST_0005,WB_CENTRE_KOL_01,HALL_02,6,Q19,,0.0
WBSSC_SLST_0005,WB_CENTRE_KOL_01,HALL_02,6,Q20,,0.0
WBSSC_SLST_0005,WB_CENTRE_KOL_01,HALL_02,6,Q21,,0.0
WBSSC_SLST_0005,WB_CENTRE_KOL_01,HALL_02,6,Q22,,0.0
WBSSC_SLST_0005,WB_CENTRE_KOL_01,HALL_02,6,Q23,,0.0
WBSSC_SLST_0005,WB_CENTRE_KOL_01,HALL_02,6,Q24,,0.0
WBSSC_SLST_0005,WB_CENTRE_KOL_01,HALL_02,6,Q25,,0.0
WBSSC_SLST_0005,WB_CENTRE_KOL_01,HALL_02,6,Q26,,0.0
WBSSC_SLST_0005,WB_CENTRE_KOL_01,HALL_02,6,Q27,,0.0
WBSSC_SLST_0005,WB_CENTRE_KOL_01,HALL_02,6,Q28,,0.0
WBSSC_SLST_0005,WB_CENTRE_KOL_01,HALL_02,6,Q29,,0.0
WBSSC_SLST_0005,WB_CENTRE_KOL_01,HALL_02,6,Q30,,0.0
WBSSC_SLST_0005,WB_CENTRE_KOL_01,HALL_02,6,Q31,,0.0
WBSSC_SLST_0005,WB_CENTRE_KOL_01,HALL_02,6,Q32,,0.0
WBSSC_SLST_0005,WB_CENTRE_KOL_01,HALL_02,6,Q33,,0.0
WBSSC_SLST_0005,WB_CENTRE_KOL_01,HALL_02,6,Q34,,0.0
WBSSC_SLST_0005,WB_CENTRE_KOL_01,HALL_02,6,Q35,,0.0
WBSSC_SLST_0005,WB_CENTRE_KOL_01,HALL_02,6,Q36,,0.0
WBSSC_SLST_0005,WB_CENTRE_KOL_01,HALL_02,6,Q37,,0.0
WBSSC_SLST_0005,WB_CENTRE_KOL_01,HALL_02,6,Q38,,0.0
WBSSC_SLST_0005,WB_CENTRE_KOL_01,HALL_02,6,Q39,,0.0
WBSSC_SLST_0005,WB_CENTRE_KOL_01,HALL_02,6,Q40,,0.0
WBSSC_SLST_0005,WB_CENTRE_KOL_01,HALL_02,6,Q41,,0.0
WBSSC_SLST_0005,WB_CENTRE_KOL_01,HALL_02,6,Q42,,0.0
WBSSC_SLST_0005,WB_CENTRE_KOL_01,HALL_02,6,Q43,,0.0
WBSSC_SLST_0005,WB_CENTRE_KOL_01,HALL_02,6,Q44,,0.0
WBSSC_SLST_0005,WB_CENTRE_KOL_01,HALL_02,6,Q45,,0.0
WBSSC_SLST_0005,WB_CENTRE_KOL_01,HALL_02,6,Q46,,0.0
WBSSC_SLST_0005,WB_CENTRE_KOL_01,HALL_02,6,Q47,,0.0
WBSSC_SLST_0005,WB_CENTRE_KOL_01,HALL_02,6,Q48,,0.0
WBSSC_SLST_0005,WB_CENTRE_KOL_01,HALL_02,6,Q49,,0.0
WBSSC_SLST_0005,WB_CENTRE_KOL_01,HALL_02,6,Q50,,0.0
WBSSC_SLST_0005,WB_CENTRE_KOL_01,HALL_02,6,Q51,,0.0
WBSSC_SLST_0005,WB_CENTRE_KOL_01,HALL_02,6,Q52,,0.0
WBSSC_SLST_0005,WB_CENTRE_KOL_01,HALL_02,6,Q53,,0.0
WBSSC_SLST_0005,WB_CENTRE_KOL_01,HALL_02,6,Q54,,0.0
WBSSC_SLST_0005,WB_CENTRE_KOL_01,HALL_02,6,Q55,,0.0
WBSSC_SLST_0005,WB_CENTRE_KOL_01,HALL_02,6,Q56,,0.0
WBSSC_SLST_0005,WB_CENTRE_KOL_01,HALL_02,6,Q57,,0.0
WBSSC_SLST_0005,WB_CENTRE_KOL_01,HALL_02,6,Q58,,0.0
WBSSC_SLST_0005,WB_CENTRE_KOL_01,HALL_02,6,Q59,,0.0
WBSSC_SLST_0005,WB_CENTRE_KOL_01,HALL_02,6,Q60,,0.0
WBSSC_SLST_0006,WB_CENTRE_KOL_01,HALL_03,7,Q01,B,1.0
WBSSC_SLST_0006,WB_CENTRE_KOL_01,HALL_03,7,Q02,B,1.0
WBSSC_SLST_0006,WB_CENTRE_KOL_01,HALL_03,7,Q03,B,1.0
WBSSC_SLST_0006,WB_CENTRE_KOL_01,HALL_03,7,Q04,,0.0
WBSSC_SLST_0006,WB_CENTRE_KOL_01,HALL_03,7,Q05,,0.0
WBSSC_SLST_0006,WB_CENTRE_KOL_01,HALL_03,7,Q06,,0.0
WBSSC_SLST_0006,WB_CENTRE_KOL_01,HALL_03,7,Q07,,0.0
WBSSC_SLST_0006,WB_CENTRE_KOL_01,HALL_03,7,Q08,,0.0
WBSSC_SLST_0006,WB_CENTRE_KOL_01,HALL_03,7,Q09,,0.0
WBSSC_SLST_0006,WB_CENTRE_KOL_01,HALL_03,7,Q10,,0.0
WBSSC_SLST_0006,WB_CENTRE_KOL_01,HALL_03,7,Q11,,0.0
WBSSC_SLST_0006,WB_CENTRE_KOL_01,HALL_03,7,Q12,,0.0
WBSSC_SLST_0006,WB_CENTRE_KOL_01,HALL_03,7,Q13,,0.0
WBSSC_SLST_0006,WB_CENTRE_KOL_01,HALL_03,7,Q14,,0.0
WBSSC_SLST_0006,WB_CENTRE_KOL_01,HALL_03,7,Q15,,0.0
WBSSC_SLST_0006,WB_CENTRE_KOL_01,HALL_03,7,Q16,,0.0
WBSSC_SLST_0006,WB_CENTRE_KOL_01,HALL_03,7,Q17,,0.0
WBSSC_SLST_0006,WB_CENTRE_KOL_01,HALL_03,7,Q18,,0.0
WBSSC_SLST_0006,WB_CENTRE_KOL_01,HALL_03,7,Q19,,0.0
WBSSC_SLST_0006,WB_CENTRE_KOL_01,HALL_03,7,Q20,,0.0
WBSSC_SLST_0006,WB_CENTRE_KOL_01,HALL_03,7,Q21,,0.0
WBSSC_SLST_0006,WB_CENTRE_KOL_01,HALL_03,7,Q22,,0.0
WBSSC_SLST_0006,WB_CENTRE_KOL_01,HALL_03,7,Q23,,0.0
WBSSC_SLST_0006,WB_CENTRE_KOL_01,HALL_03,7,Q24,,0.0
WBSSC_SLST_0006,WB_CENTRE_KOL_01,HALL_03,7,Q25,,0.0
WBSSC_SLST_0006,WB_CENTRE_KOL_01,HALL_03,7,Q26,,0.0
WBSSC_SLST_0006,WB_CENTRE_KOL_01,HALL_03,7,Q27,,0.0
WBSSC_SLST_0006,WB_CENTRE_KOL_01,HALL_03,7,Q28,,0.0
WBSSC_SLST_0006,WB_CENTRE_KOL_01,HALL_03,7,Q29,,0.0
WBSSC_SLST_0006,WB_CENTRE_KOL_01,HALL_03,7,Q30,,0.0
WBSSC_SLST_0006,WB_CENTRE_KOL_01,HALL_03,7,Q31,,0.0
WBSSC_SLST_0006,WB_CENTRE_KOL_01,HALL_03,7,Q32,,0.0
WBSSC_SLST_0006,WB_CENTRE_KOL_01,HALL_03,7,Q33,,0.0
WBSSC_SLST_0006,WB_CENTRE_KOL_01,HALL_03,7,Q34,,0.0
WBSSC_SLST_0006,WB_CENTRE_KOL_01,HALL_03,7,Q35,,0.0
WBSSC_SLST_0006,WB_CENTRE_KOL_01,HALL_03,7,Q36,,0.0
WBSSC_SLST_0006,WB_CENTRE_KOL_01,HALL_03,7,Q37,,0.0
WBSSC_SLST_0006,WB_CENTRE_KOL_01,HALL_03,7,Q38,,0.0
WBSSC_SLST_0006,WB_CENTRE_KOL_01,HALL_03,7,Q39,,0.0
WBSSC_SLST_0006,WB_CENTRE_KOL_01,HALL_03,7,Q40,,0.0
WBSSC_SLST_0006,WB_CENTRE_KOL_01,HALL_03,7,Q41,,0.0
WBSSC_SLST_0006,WB_CENTRE_KOL_01,HALL_03,7,Q42,,0.0
WBSSC_SLST_0006,WB_CENTRE_KOL_01,HALL_03,7,Q43,,0.0
WBSSC_SLST_0006,WB_CENTRE_KOL_01,HALL_03,7,Q44,,0.0
WBSSC_SLST_0006,WB_CENTRE_KOL_01,HALL_03,7,Q45,,0.0
WBSSC_SLST_0006,WB_CENTRE_KOL_01,HALL_03,7,Q46,,0.0
WBSSC_SLST_0006,WB_CENTRE_KOL_01,HALL_03,7,Q47,,0.0
WBSSC_SLST_0006,WB_CENTRE_KOL_01,HALL_03,7,Q48,,0.0
WBSSC_SLST_0006,WB_CENTRE_KOL_01,HALL_03,7,Q49,,0.0
WBSSC_SLST_0006,WB_CENTRE_KOL_01,HALL_03,7,Q50,,0.0
WBSSC_SLST_0006,WB_CENTRE_KOL_01,HALL_03,7,Q51,,0.0
WBSSC_SLST_0006,WB_CENTRE_KOL_01,HALL_03,7,Q52,,0.0
WBSSC_SLST_0006,WB_CENTRE_KOL_01,HALL_03,7,Q53,,0.0
WBSSC_SLST_0006,WB_CENTRE_KOL_01,HALL_03,7,Q54,,0.0
WBSSC_SLST_0006,WB_CENTRE_KOL_01,HALL_03,7,Q55,,0.0
WBSSC_SLST_0006,WB_CENTRE_KOL_01,HALL_03,7,Q56,,0.0
WBSSC_SLST_0006,WB_CENTRE_KOL_01,HALL_03,7,Q57,,0.0
WBSSC_SLST_0006,WB_CENTRE_KOL_01,HALL_03,7,Q58,,0.0
WBSSC_SLST_0006,WB_CENTRE_KOL_01,HALL_03,7,Q59,,0.0
WBSSC_SLST_0006,WB_CENTRE_KOL_01,HALL_03,7,Q60,,0.0
WBSSC_SLST_0007,WB_CENTRE_KOL_01,HALL_04,8,Q01,B,1.0
WBSSC_SLST_0007,WB_CENTRE_KOL_01,HALL_04,8,Q02,B,1.0
WBSSC_SLST_0007,WB_CENTRE_KOL_01,HALL_04,8,Q03,B,1.0
WBSSC_SLST_0007,WB_CENTRE_KOL_01,HALL_04,8,Q04,,0.0
WBSSC_SLST_0007,WB_CENTRE_KOL_01,HALL_04,8,Q05,,0.0
WBSSC_SLST_0007,WB_CENTRE_KOL_01,HALL_04,8,Q06,,0.0
WBSSC_SLST_0007,WB_CENTRE_KOL_01,HALL_04,8,Q07,,0.0
WBSSC_SLST_0007,WB_CENTRE_KOL_01,HALL_04,8,Q08,,0.0
WBSSC_SLST_0007,WB_CENTRE_KOL_01,HALL_04,8,Q09,,0.0
WBSSC_SLST_0007,WB_CENTRE_KOL_01,HALL_04,8,Q10,,0.0
WBSSC_SLST_0007,WB_CENTRE_KOL_01,HALL_04,8,Q11,,0.0
WBSSC_SLST_0007,WB_CENTRE_KOL_01,HALL_04,8,Q12,,0.0
WBSSC_SLST_0007,WB_CENTRE_KOL_01,HALL_04,8,Q13,,0.0
WBSSC_SLST_0007,WB_CENTRE_KOL_01,HALL_04,8,Q14,,0.0
WBSSC_SLST_0007,WB_CENTRE_KOL_01,HALL_04,8,Q15,,0.0
WBSSC_SLST_0007,WB_CENTRE_KOL_01,HALL_04,8,Q16,,0.0
WBSSC_SLST_0007,WB_CENTRE_KOL_01,HALL_04,8,Q17,,0.0
WBSSC_SLST_0007,WB_CENTRE_KOL_01,HALL_04,8,Q18,,0.0
WBSSC_SLST_0007,WB_CENTRE_KOL_01,HALL_04,8,Q19,,0.0
WBSSC_SLST_0007,WB_CENTRE_KOL_01,HALL_04,8,Q20,,0.0
WBSSC_SLST_0007,WB_CENTRE_KOL_01,HALL_04,8,Q21,,0.0
WBSSC_SLST_0007,WB_CENTRE_KOL_01,HALL_04,8,Q22,,0.0
WBSSC_SLST_0007,WB_CENTRE_KOL_01,HALL_04,8,Q23,,0.0
WBSSC_SLST_0007,WB_CENTRE_KOL_01,HALL_04,8,Q24,,0.0
WBSSC_SLST_0007,WB_CENTRE_KOL_01,HALL_04,8,Q25,,0.0
WBSSC_SLST_0007,WB_CENTRE_KOL_01,HALL_04,8,Q26,,0.0
WBSSC_SLST_0007,WB_CENTRE_KOL_01,HALL_04,8,Q27,,0.0
WBSSC_SLST_0007,WB_CENTRE_KOL_01,HALL_04,8,Q28,,0.0
WBSSC_SLST_0007,WB_CENTRE_KOL_01,HALL_04,8,Q29,,0.0
WBSSC_SLST_0007,WB_CENTRE_KOL_01,HALL_04,8,Q30,,0.0
WBSSC_SLST_0007,WB_CENTRE_KOL_01,HALL_04,8,Q31,,0.0
WBSSC_SLST_0007,WB_CENTRE_KOL_01,HALL_04,8,Q32,,0.0
WBSSC_SLST_0007,WB_CENTRE_KOL_01,HALL_04,8,Q33,,0.0
WBSSC_SLST_0007,WB_CENTRE_KOL_01,HALL_04,8,Q34,,0.0
WBSSC_SLST_0007,WB_CENTRE_KOL_01,HALL_04,8,Q35,,0.0
WBSSC_SLST_0007,WB_CENTRE_KOL_01,HALL_04,8,Q36,,0.0
WBSSC_SLST_0007,WB_CENTRE_KOL_01,HALL_04,8,Q37,,0.0
WBSSC_SLST_0007,WB_CENTRE_KOL_01,HALL_04,8,Q38,,0.0
WBSSC_SLST_0007,WB_CENTRE_KOL_01,HALL_04,8,Q39,,0.0
WBSSC_SLST_0007,WB_CENTRE_KOL_01,HALL_04,8,Q40,,0.0
WBSSC_SLST_0007,WB_CENTRE_KOL_01,HALL_04,8,Q41,,0.0
WBSSC_SLST_0007,WB_CENTRE_KOL_01,HALL_04,8,Q42,,0.0
WBSSC_SLST_0007,WB_CENTRE_KOL_01,HALL_04,8,Q43,,0.0
WBSSC_SLST_0007,WB_CENTRE_KOL_01,HALL_04,8,Q44,,0.0
WBSSC_SLST_0007,WB_CENTRE_KOL_01,HALL_04,8,Q45,,0.0
WBSSC_SLST_0007,WB_CENTRE_KOL_01,HALL_04,8,Q46,,0.0
WBSSC_SLST_0007,WB_CENTRE_KOL_01,HALL_04,8,Q47,,0.0
WBSSC_SLST_0007,WB_CENTRE_KOL_01,HALL_04,8,Q48,,0.0
WBSSC_SLST_0007,WB_CENTRE_KOL_01,HALL_04,8,Q49,,0.0
WBSSC_SLST_0007,WB_CENTRE_KOL_01,HALL_04,8,Q50,,0.0
WBSSC_SLST_0007,WB_CENTRE_KOL_01,HALL_04,8,Q51,,0.0
WBSSC_SLST_0007,WB_CENTRE_KOL_01,HALL_04,8,Q52,,0.0
WBSSC_SLST_0007,WB_CENTRE_KOL_01,HALL_04,8,Q53,,0.0
WBSSC_SLST_0007,WB_CENTRE_KOL_01,HALL_04,8,Q54,,0.0
WBSSC_SLST_0007,WB_CENTRE_KOL_01,HALL_04,8,Q55,,0.0
WBSSC_SLST_0007,WB_CENTRE_KOL_01,HALL_04,8,Q56,,0.0
WBSSC_SLST_0007,WB_CENTRE_KOL_01,HALL_04,8,Q57,,0.0
WBSSC_SLST_0007,WB_CENTRE_KOL_01,HALL_04,8,Q58,,0.0
WBSSC_SLST_0007,WB_CENTRE_KOL_01,HALL_04,8,Q59,,0.0
WBSSC_SLST_0007,WB_CENTRE_KOL_01,HALL_04,8,Q60,,0.0
WBSSC_SLST_0008,WB_CENTRE_KOL_01,HALL_01,9,Q01,B,1.0
WBSSC_SLST_0008,WB_CENTRE_KOL_01,HALL_01,9,Q02,B,1.0
WBSSC_SLST_0008,WB_CENTRE_KOL_01,HALL_01,9,Q03,B,1.0
WBSSC_SLST_0008,WB_CENTRE_KOL_01,HALL_01,9,Q04,,0.0
WBSSC_SLST_0008,WB_CENTRE_KOL_01,HALL_01,9,Q05,,0.0
WBSSC_SLST_0008,WB_CENTRE_KOL_01,HALL_01,9,Q06,,0.0
WBSSC_SLST_0008,WB_CENTRE_KOL_01,HALL_01,9,Q07,,0.0
WBSSC_SLST_0008,WB_CENTRE_KOL_01,HALL_01,9,Q08,,0.0
WBSSC_SLST_0008,WB_CENTRE_KOL_01,HALL_01,9,Q09,,0.0
WBSSC_SLST_0008,WB_CENTRE_KOL_01,HALL_01,9,Q10,,0.0
WBSSC_SLST_0008,WB_CENTRE_KOL_01,HALL_01,9,Q11,,0.0
WBSSC_SLST_0008,WB_CENTRE_KOL_01,HALL_01,9,Q12,,0.0
WBSSC_SLST_0008,WB_CENTRE_KOL_01,HALL_01,9,Q13,,0.0
WBSSC_SLST_0008,WB_CENTRE_KOL_01,HALL_01,9,Q14,,0.0
WBSSC_SLST_0008,WB_CENTRE_KOL_01,HALL_01,9,Q15,,0.0
WBSSC_SLST_0008,WB_CENTRE_KOL_01,HALL_01,9,Q16,,0.0
WBSSC_SLST_0008,WB_CENTRE_KOL_01,HALL_01,9,Q17,,0.0
WBSSC_SLST_0008,WB_CENTRE_KOL_01,HALL_01,9,Q18,,0.0
WBSSC_SLST_0008,WB_CENTRE_KOL_01,HALL_01,9,Q19,,0.0
WBSSC_SLST_0008,WB_CENTRE_KOL_01,HALL_01,9,Q20,,0.0
WBSSC_SLST_0008,WB_CENTRE_KOL_01,HALL_01,9,Q21,,0.0
WBSSC_SLST_0008,WB_CENTRE_KOL_01,HALL_01,9,Q22,,0.0
WBSSC_SLST_0008,WB_CENTRE_KOL_01,HALL_01,9,Q23,,0.0
WBSSC_SLST_0008,WB_CENTRE_KOL_01,HALL_01,9,Q24,,0.0
WBSSC_SLST_0008,WB_CENTRE_KOL_01,HALL_01,9,Q25,,0.0
WBSSC_SLST_0008,WB_CENTRE_KOL_01,HALL_01,9,Q26,,0.0
WBSSC_SLST_0008,WB_CENTRE_KOL_01,HALL_01,9,Q27,,0.0
WBSSC_SLST_0008,WB_CENTRE_KOL_01,HALL_01,9,Q28,,0.0
WBSSC_SLST_0008,WB_CENTRE_KOL_01,HALL_01,9,Q29,,0.0
WBSSC_SLST_0008,WB_CENTRE_KOL_01,HALL_01,9,Q30,,0.0
WBSSC_SLST_0008,WB_CENTRE_KOL_01,HALL_01,9,Q31,,0.0
WBSSC_SLST_0008,WB_CENTRE_KOL_01,HALL_01,9,Q32,,0.0
WBSSC_SLST_0008,WB_CENTRE_KOL_01,HALL_01,9,Q33,,0.0
WBSSC_SLST_0008,WB_CENTRE_KOL_01,HALL_01,9,Q34,,0.0
WBSSC_SLST_0008,WB_CENTRE_KOL_01,HALL_01,9,Q35,,0.0
WBSSC_SLST_0008,WB_CENTRE_KOL_01,HALL_01,9,Q36,,0.0
WBSSC_SLST_0008,WB_CENTRE_KOL_01,HALL_01,9,Q37,,0.0
WBSSC_SLST_0008,WB_CENTRE_KOL_01,HALL_01,9,Q38,,0.0
WBSSC_SLST_0008,WB_CENTRE_KOL_01,HALL_01,9,Q39,,0.0
WBSSC_SLST_0008,WB_CENTRE_KOL_01,HALL_01,9,Q40,,0.0
WBSSC_SLST_0008,WB_CENTRE_KOL_01,HALL_01,9,Q41,,0.0
WBSSC_SLST_0008,WB_CENTRE_KOL_01,HALL_01,9,Q42,,0.0
WBSSC_SLST_0008,WB_CENTRE_KOL_01,HALL_01,9,Q43,,0.0
WBSSC_SLST_0008,WB_CENTRE_KOL_01,HALL_01,9,Q44,,0.0
WBSSC_SLST_0008,WB_CENTRE_KOL_01,HALL_01,9,Q45,,0.0
WBSSC_SLST_0008,WB_CENTRE_KOL_01,HALL_01,9,Q46,,0.0
WBSSC_SLST_0008,WB_CENTRE_KOL_01,HALL_01,9,Q47,,0.0
WBSSC_SLST_0008,WB_CENTRE_KOL_01,HALL_01,9,Q48,,0.0
WBSSC_SLST_0008,WB_CENTRE_KOL_01,HALL_01,9,Q49,,0.0
WBSSC_SLST_0008,WB_CENTRE_KOL_01,HALL_01,9,Q50,,0.0
WBSSC_SLST_0008,WB_CENTRE_KOL_01,HALL_01,9,Q51,,0.0
WBSSC_SLST_0008,WB_CENTRE_KOL_01,HALL_01,9,Q52,,0.0
WBSSC_SLST_0008,WB_CENTRE_KOL_01,HALL_01,9,Q53,,0.0
WBSSC_SLST_0008,WB_CENTRE_KOL_01,HALL_01,9,Q54,,0.0
WBSSC_SLST_0008,WB_CENTRE_KOL_01,HALL_01,9,Q55,,0.0
WBSSC_SLST_0008,WB_CENTRE_KOL_01,HALL_01,9,Q56,,0.0
WBSSC_SLST_0008,WB_CENTRE_KOL_01,HALL_01,9,Q57,,0.0
WBSSC_SLST_0008,WB_CENTRE_KOL_01,HALL_01,9,Q58,,0.0
WBSSC_SLST_0008,WB_CENTRE_KOL_01,HALL_01,9,Q59,,0.0
WBSSC_SLST_0008,WB_CENTRE_KOL_01,HALL_01,9,Q60,,0.0
WBSSC_SLST_0009,WB_CENTRE_KOL_01,HALL_02,10,Q01,B,1.0
WBSSC_SLST_0009,WB_CENTRE_KOL_01,HALL_02,10,Q02,B,1.0
WBSSC_SLST_0009,WB_CENTRE_KOL_01,HALL_02,10,Q03,B,1.0
WBSSC_SLST_0009,WB_CENTRE_KOL_01,HALL_02,10,Q04,,0.0
WBSSC_SLST_0009,WB_CENTRE_KOL_01,HALL_02,10,Q05,,0.0
WBSSC_SLST_0009,WB_CENTRE_KOL_01,HALL_02,10,Q06,,0.0
WBSSC_SLST_0009,WB_CENTRE_KOL_01,HALL_02,10,Q07,,0.0
WBSSC_SLST_0009,WB_CENTRE_KOL_01,HALL_02,10,Q08,,0.0
WBSSC_SLST_0009,WB_CENTRE_KOL_01,HALL_02,10,Q09,,0.0
WBSSC_SLST_0009,WB_CENTRE_KOL_01,HALL_02,10,Q10,,0.0
WBSSC_SLST_0009,WB_CENTRE_KOL_01,HALL_02,10,Q11,,0.0
WBSSC_SLST_0009,WB_CENTRE_KOL_01,HALL_02,10,Q12,,0.0
WBSSC_SLST_0009,WB_CENTRE_KOL_01,HALL_02,10,Q13,,0.0
WBSSC_SLST_0009,WB_CENTRE_KOL_01,HALL_02,10,Q14,,0.0
WBSSC_SLST_0009,WB_CENTRE_KOL_01,HALL_02,10,Q15,,0.0
WBSSC_SLST_0009,WB_CENTRE_KOL_01,HALL_02,10,Q16,,0.0
WBSSC_SLST_0009,WB_CENTRE_KOL_01,HALL_02,10,Q17,,0.0
WBSSC_SLST_0009,WB_CENTRE_KOL_01,HALL_02,10,Q18,,0.0
WBSSC_SLST_0009,WB_CENTRE_KOL_01,HALL_02,10,Q19,,0.0
WBSSC_SLST_0009,WB_CENTRE_KOL_01,HALL_02,10,Q20,,0.0
WBSSC_SLST_0009,WB_CENTRE_KOL_01,HALL_02,10,Q21,,0.0
WBSSC_SLST_0009,WB_CENTRE_KOL_01,HALL_02,10,Q22,,0.0
WBSSC_SLST_0009,WB_CENTRE_KOL_01,HALL_02,10,Q23,,0.0
WBSSC_SLST_0009,WB_CENTRE_KOL_01,HALL_02,10,Q24,,0.0
WBSSC_SLST_0009,WB_CENTRE_KOL_01,HALL_02,10,Q25,,0.0
WBSSC_SLST_0009,WB_CENTRE_KOL_01,HALL_02,10,Q26,,0.0
WBSSC_SLST_0009,WB_CENTRE_KOL_01,HALL_02,10,Q27,,0.0
WBSSC_SLST_0009,WB_CENTRE_KOL_01,HALL_02,10,Q28,,0.0
WBSSC_SLST_0009,WB_CENTRE_KOL_01,HALL_02,10,Q29,,0.0
WBSSC_SLST_0009,WB_CENTRE_KOL_01,HALL_02,10,Q30,,0.0
WBSSC_SLST_0009,WB_CENTRE_KOL_01,HALL_02,10,Q31,,0.0
WBSSC_SLST_0009,WB_CENTRE_KOL_01,HALL_02,10,Q32,,0.0
WBSSC_SLST_0009,WB_CENTRE_KOL_01,HALL_02,10,Q33,,0.0
WBSSC_SLST_0009,WB_CENTRE_KOL_01,HALL_02,10,Q34,,0.0
WBSSC_SLST_0009,WB_CENTRE_KOL_01,HALL_02,10,Q35,,0.0
WBSSC_SLST_0009,WB_CENTRE_KOL_01,HALL_02,10,Q36,,0.0
WBSSC_SLST_0009,WB_CENTRE_KOL_01,HALL_02,10,Q37,,0.0
WBSSC_SLST_0009,WB_CENTRE_KOL_01,HALL_02,10,Q38,,0.0
WBSSC_SLST_0009,WB_CENTRE_KOL_01,HALL_02,10,Q39,,0.0
WBSSC_SLST_0009,WB_CENTRE_KOL_01,HALL_02,10,Q40,,0.0
WBSSC_SLST_0009,WB_CENTRE_KOL_01,HALL_02,10,Q41,,0.0
WBSSC_SLST_0009,WB_CENTRE_KOL_01,HALL_02,10,Q42,,0.0
WBSSC_SLST_0009,WB_CENTRE_KOL_01,HALL_02,10,Q43,,0.0
WBSSC_SLST_0009,WB_CENTRE_KOL_01,HALL_02,10,Q44,,0.0
WBSSC_SLST_0009,WB_CENTRE_KOL_01,HALL_02,10,Q45,,0.0
WBSSC_SLST_0009,WB_CENTRE_KOL_01,HALL_02,10,Q46,,0.0
WBSSC_SLST_0009,WB_CENTRE_KOL_01,HALL_02,10,Q47,,0.0
WBSSC_SLST_0009,WB_CENTRE_KOL_01,HALL_02,10,Q48,,0.0
WBSSC_SLST_0009,WB_CENTRE_KOL_01,HALL_02,10,Q49,,0.0
WBSSC_SLST_0009,WB_CENTRE_KOL_01,HALL_02,10,Q50,,0.0
WBSSC_SLST_0009,WB_CENTRE_KOL_01,HALL_02,10,Q51,,0.0
WBSSC_SLST_0009,WB_CENTRE_KOL_01,HALL_02,10,Q52,,0.0
WBSSC_SLST_0009,WB_CENTRE_KOL_01,HALL_02,10,Q53,,0.0
WBSSC_SLST_0009,WB_CENTRE_KOL_01,HALL_02,10,Q54,,0.0
WBSSC_SLST_0009,WB_CENTRE_KOL_01,HALL_02,10,Q55,,0.0
WBSSC_SLST_0009,WB_CENTRE_KOL_01,HALL_02,10,Q56,,0.0
WBSSC_SLST_0009,WB_CENTRE_KOL_01,HALL_02,10,Q57,,0.0
WBSSC_SLST_0009,WB_CENTRE_KOL_01,HALL_02,10,Q58,,0.0
WBSSC_SLST_0009,WB_CENTRE_KOL_01,HALL_02,10,Q59,,0.0
WBSSC_SLST_0009,WB_CENTRE_KOL_01,HALL_02,10,Q60,,0.0
WBSSC_SLST_0010,WB_CENTRE_KOL_01,HALL_03,11,Q01,B,1.0
WBSSC_SLST_0010,WB_CENTRE_KOL_01,HALL_03,11,Q02,B,1.0
WBSSC_SLST_0010,WB_CENTRE_KOL_01,HALL_03,11,Q03,B,1.0
WBSSC_SLST_0010,WB_CENTRE_KOL_01,HALL_03,11,Q04,,0.0
WBSSC_SLST_0010,WB_CENTRE_KOL_01,HALL_03,11,Q05,,0.0
WBSSC_SLST_0010,WB_CENTRE_KOL_01,HALL_03,11,Q06,,0.0
WBSSC_SLST_0010,WB_CENTRE_KOL_01,HALL_03,11,Q07,,0.0
WBSSC_SLST_0010,WB_CENTRE_KOL_01,HALL_03,11,Q08,,0.0
WBSSC_SLST_0010,WB_CENTRE_KOL_01,HALL_03,11,Q09,,0.0
WBSSC_SLST_0010,WB_CENTRE_KOL_01,HALL_03,11,Q10,,0.0
WBSSC_SLST_0010,WB_CENTRE_KOL_01,HALL_03,11,Q11,,0.0
WBSSC_SLST_0010,WB_CENTRE_KOL_01,HALL_03,11,Q12,,0.0
WBSSC_SLST_0010,WB_CENTRE_KOL_01,HALL_03,11,Q13,,0.0
WBSSC_SLST_0010,WB_CENTRE_KOL_01,HALL_03,11,Q14,,0.0
WBSSC_SLST_0010,WB_CENTRE_KOL_01,HALL_03,11,Q15,,0.0
WBSSC_SLST_0010,WB_CENTRE_KOL_01,HALL_03,11,Q16,,0.0
WBSSC_SLST_0010,WB_CENTRE_KOL_01,HALL_03,11,Q17,,0.0
WBSSC_SLST_0010,WB_CENTRE_KOL_01,HALL_03,11,Q18,,0.0
WBSSC_SLST_0010,WB_CENTRE_KOL_01,HALL_03,11,Q19,,0.0
WBSSC_SLST_0010,WB_CENTRE_KOL_01,HALL_03,11,Q20,,0.0
WBSSC_SLST_0010,WB_CENTRE_KOL_01,HALL_03,11,Q21,,0.0
WBSSC_SLST_0010,WB_CENTRE_KOL_01,HALL_03,11,Q22,,0.0
WBSSC_SLST_0010,WB_CENTRE_KOL_01,HALL_03,11,Q23,,0.0
WBSSC_SLST_0010,WB_CENTRE_KOL_01,HALL_03,11,Q24,,0.0
WBSSC_SLST_0010,WB_CENTRE_KOL_01,HALL_03,11,Q25,,0.0
WBSSC_SLST_0010,WB_CENTRE_KOL_01,HALL_03,11,Q26,,0.0
WBSSC_SLST_0010,WB_CENTRE_KOL_01,HALL_03,11,Q27,,0.0
WBSSC_SLST_0010,WB_CENTRE_KOL_01,HALL_03,11,Q28,,0.0
WBSSC_SLST_0010,WB_CENTRE_KOL_01,HALL_03,11,Q29,,0.0
WBSSC_SLST_0010,WB_CENTRE_KOL_01,HALL_03,11,Q30,,0.0
WBSSC_SLST_0010,WB_CENTRE_KOL_01,HALL_03,11,Q31,,0.0
WBSSC_SLST_0010,WB_CENTRE_KOL_01,HALL_03,11,Q32,,0.0
WBSSC_SLST_0010,WB_CENTRE_KOL_01,HALL_03,11,Q33,,0.0
WBSSC_SLST_0010,WB_CENTRE_KOL_01,HALL_03,11,Q34,,0.0
WBSSC_SLST_0010,WB_CENTRE_KOL_01,HALL_03,11,Q35,,0.0
WBSSC_SLST_0010,WB_CENTRE_KOL_01,HALL_03,11,Q36,,0.0
WBSSC_SLST_0010,WB_CENTRE_KOL_01,HALL_03,11,Q37,,0.0
WBSSC_SLST_0010,WB_CENTRE_KOL_01,HALL_03,11,Q38,,0.0
WBSSC_SLST_0010,WB_CENTRE_KOL_01,HALL_03,11,Q39,,0.0
WBSSC_SLST_0010,WB_CENTRE_KOL_01,HALL_03,11,Q40,,0.0
WBSSC_SLST_0010,WB_CENTRE_KOL_01,HALL_03,11,Q41,,0.0
WBSSC_SLST_0010,WB_CENTRE_KOL_01,HALL_03,11,Q42,,0.0
WBSSC_SLST_0010,WB_CENTRE_KOL_01,HALL_03,11,Q43,,0.0
WBSSC_SLST_0010,WB_CENTRE_KOL_01,HALL_03,11,Q44,,0.0
WBSSC_SLST_0010,WB_CENTRE_KOL_01,HALL_03,11,Q45,,0.0
WBSSC_SLST_0010,WB_CENTRE_KOL_01,HALL_03,11,Q46,,0.0
WBSSC_SLST_0010,WB_CENTRE_KOL_01,HALL_03,11,Q47,,0.0
WBSSC_SLST_0010,WB_CENTRE_KOL_01,HALL_03,11,Q48,,0.0
WBSSC_SLST_0010,WB_CENTRE_KOL_01,HALL_03,11,Q49,,0.0
WBSSC_SLST_0010,WB_CENTRE_KOL_01,HALL_03,11,Q50,,0.0
WBSSC_SLST_0010,WB_CENTRE_KOL_01,HALL_03,11,Q51,,0.0
WBSSC_SLST_0010,WB_CENTRE_KOL_01,HALL_03,11,Q52,,0.0
WBSSC_SLST_0010,WB_CENTRE_KOL_01,HALL_03,11,Q53,,0.0
WBSSC_SLST_0010,WB_CENTRE_KOL_01,HALL_03,11,Q54,,0.0
WBSSC_SLST_0010,WB_CENTRE_KOL_01,HALL_03,11,Q55,,0.0
WBSSC_SLST_0010,WB_CENTRE_KOL_01,HALL_03,11,Q56,,0.0
WBSSC_SLST_0010,WB_CENTRE_KOL_01,HALL_03,11,Q57,,0.0
WBSSC_SLST_0010,WB_CENTRE_KOL_01,HALL_03,11,Q58,,0.0
WBSSC_SLST_0010,WB_CENTRE_KOL_01,HALL_03,11,Q59,,0.0
WBSSC_SLST_0010,WB_CENTRE_KOL_01,HALL_03,11,Q60,,0.0
WBSSC_SLST_0011,WB_CENTRE_KOL_01,HALL_04,12,Q01,B,1.0
WBSSC_SLST_0011,WB_CENTRE_KOL_01,HALL_04,12,Q02,B,1.0
WBSSC_SLST_0011,WB_CENTRE_KOL_01,HALL_04,12,Q03,B,1.0
WBSSC_SLST_0011,WB_CENTRE_KOL_01,HALL_04,12,Q04,,0.0
WBSSC_SLST_0011,WB_CENTRE_KOL_01,HALL_04,12,Q05,,0.0
WBSSC_SLST_0011,WB_CENTRE_KOL_01,HALL_04,12,Q06,,0.0
WBSSC_SLST_0011,WB_CENTRE_KOL_01,HALL_04,12,Q07,,0.0
WBSSC_SLST_0011,WB_CENTRE_KOL_01,HALL_04,12,Q08,,0.0
WBSSC_SLST_0011,WB_CENTRE_KOL_01,HALL_04,12,Q09,,0.0
WBSSC_SLST_0011,WB_CENTRE_KOL_01,HALL_04,12,Q10,,0.0
WBSSC_SLST_0011,WB_CENTRE_KOL_01,HALL_04,12,Q11,,0.0
WBSSC_SLST_0011,WB_CENTRE_KOL_01,HALL_04,12,Q12,,0.0
WBSSC_SLST_0011,WB_CENTRE_KOL_01,HALL_04,12,Q13,,0.0
WBSSC_SLST_0011,WB_CENTRE_KOL_01,HALL_04,12,Q14,,0.0
WBSSC_SLST_0011,WB_CENTRE_KOL_01,HALL_04,12,Q15,,0.0
WBSSC_SLST_0011,WB_CENTRE_KOL_01,HALL_04,12,Q16,,0.0
WBSSC_SLST_0011,WB_CENTRE_KOL_01,HALL_04,12,Q17,,0.0
WBSSC_SLST_0011,WB_CENTRE_KOL_01,HALL_04,12,Q18,,0.0
WBSSC_SLST_0011,WB_CENTRE_KOL_01,HALL_04,12,Q19,,0.0
WBSSC_SLST_0011,WB_CENTRE_KOL_01,HALL_04,12,Q20,,0.0
WBSSC_SLST_0011,WB_CENTRE_KOL_01,HALL_04,12,Q21,,0.0
WBSSC_SLST_0011,WB_CENTRE_KOL_01,HALL_04,12,Q22,,0.0
WBSSC_SLST_0011,WB_CENTRE_KOL_01,HALL_04,12,Q23,,0.0
WBSSC_SLST_0011,WB_CENTRE_KOL_01,HALL_04,12,Q24,,0.0
WBSSC_SLST_0011,WB_CENTRE_KOL_01,HALL_04,12,Q25,,0.0
WBSSC_SLST_0011,WB_CENTRE_KOL_01,HALL_04,12,Q26,,0.0
WBSSC_SLST_0011,WB_CENTRE_KOL_01,HALL_04,12,Q27,,0.0
WBSSC_SLST_0011,WB_CENTRE_KOL_01,HALL_04,12,Q28,,0.0
WBSSC_SLST_0011,WB_CENTRE_KOL_01,HALL_04,12,Q29,,0.0
WBSSC_SLST_0011,WB_CENTRE_KOL_01,HALL_04,12,Q30,,0.0
WBSSC_SLST_0011,WB_CENTRE_KOL_01,HALL_04,12,Q31,,0.0
WBSSC_SLST_0011,WB_CENTRE_KOL_01,HALL_04,12,Q32,,0.0
WBSSC_SLST_0011,WB_CENTRE_KOL_01,HALL_04,12,Q33,,0.0
WBSSC_SLST_0011,WB_CENTRE_KOL_01,HALL_04,12,Q34,,0.0
WBSSC_SLST_0011,WB_CENTRE_KOL_01,HALL_04,12,Q35,,0.0
WBSSC_SLST_0011,WB_CENTRE_KOL_01,HALL_04,12,Q36,,0.0
WBSSC_SLST_0011,WB_CENTRE_KOL_01,HALL_04,12,Q37,,0.0
WBSSC_SLST_0011,WB_CENTRE_KOL_01,HALL_04,12,Q38,,0.0
WBSSC_SLST_0011,WB_CENTRE_KOL_01,HALL_04,12,Q39,,0.0
WBSSC_SLST_0011,WB_CENTRE_KOL_01,HALL_04,12,Q40,,0.0
WBSSC_SLST_0011,WB_CENTRE_KOL_01,HALL_04,12,Q41,,0.0
WBSSC_SLST_0011,WB_CENTRE_KOL_01,HALL_04,12,Q42,,0.0
WBSSC_SLST_0011,WB_CENTRE_KOL_01,HALL_04,12,Q43,,0.0
WBSSC_SLST_0011,WB_CENTRE_KOL_01,HALL_04,12,Q44,,0.0
WBSSC_SLST_0011,WB_CENTRE_KOL_01,HALL_04,12,Q45,,0.0
WBSSC_SLST_0011,WB_CENTRE_KOL_01,HALL_04,12,Q46,,0.0
WBSSC_SLST_0011,WB_CENTRE_KOL_01,HALL_04,12,Q47,,0.0
WBSSC_SLST_0011,WB_CENTRE_KOL_01,HALL_04,12,Q48,,0.0
WBSSC_SLST_0011,WB_CENTRE_KOL_01,HALL_04,12,Q49,,0.0
WBSSC_SLST_0011,WB_CENTRE_KOL_01,HALL_04,12,Q50,,0.0
WBSSC_SLST_0011,WB_CENTRE_KOL_01,HALL_04,12,Q51,,0.0
WBSSC_SLST_0011,WB_CENTRE_KOL_01,HALL_04,12,Q52,,0.0
WBSSC_SLST_0011,WB_CENTRE_KOL_01,HALL_04,12,Q53,,0.0
WBSSC_SLST_0011,WB_CENTRE_KOL_01,HALL_04,12,Q54,,0.0
WBSSC_SLST_0011,WB_CENTRE_KOL_01,HALL_04,12,Q55,,0.0
WBSSC_SLST_0011,WB_CENTRE_KOL_01,HALL_04,12,Q56,,0.0
WBSSC_SLST_0011,WB_CENTRE_KOL_01,HALL_04,12,Q57,,0.0
WBSSC_SLST_0011,WB_CENTRE_KOL_01,HALL_04,12,Q58,,0.0
WBSSC_SLST_0011,WB_CENTRE_KOL_01,HALL_04,12,Q59,,0.0
WBSSC_SLST_0011,WB_CENTRE_KOL_01,HALL_04,12,Q60,,0.0
WBSSC_SLST_0012,WB_CENTRE_KOL_01,HALL_01,13,Q01,B,1.0
WBSSC_SLST_0012,WB_CENTRE_KOL_01,HALL_01,13,Q02,B,1.0
WBSSC_SLST_0012,WB_CENTRE_KOL_01,HALL_01,13,Q03,B,1.0
WBSSC_SLST_0012,WB_CENTRE_KOL_01,HALL_01,13,Q04,,0.0
WBSSC_SLST_0012,WB_CENTRE_KOL_01,HALL_01,13,Q05,,0.0
WBSSC_SLST_0012,WB_CENTRE_KOL_01,HALL_01,13,Q06,,0.0
WBSSC_SLST_0012,WB_CENTRE_KOL_01,HALL_01,13,Q07,,0.0
WBSSC_SLST_0012,WB_CENTRE_KOL_01,HALL_01,13,Q08,,0.0
WBSSC_SLST_0012,WB_CENTRE_KOL_01,HALL_01,13,Q09,,0.0
WBSSC_SLST_0012,WB_CENTRE_KOL_01,HALL_01,13,Q10,,0.0
WBSSC_SLST_0012,WB_CENTRE_KOL_01,HALL_01,13,Q11,,0.0
WBSSC_SLST_0012,WB_CENTRE_KOL_01,HALL_01,13,Q12,,0.0
WBSSC_SLST_0012,WB_CENTRE_KOL_01,HALL_01,13,Q13,,0.0
WBSSC_SLST_0012,WB_CENTRE_KOL_01,HALL_01,13,Q14,,0.0
WBSSC_SLST_0012,WB_CENTRE_KOL_01,HALL_01,13,Q15,,0.0
WBSSC_SLST_0012,WB_CENTRE_KOL_01,HALL_01,13,Q16,,0.0
WBSSC_SLST_0012,WB_CENTRE_KOL_01,HALL_01,13,Q17,,0.0
WBSSC_SLST_0012,WB_CENTRE_KOL_01,HALL_01,13,Q18,,0.0
WBSSC_SLST_0012,WB_CENTRE_KOL_01,HALL_01,13,Q19,,0.0
WBSSC_SLST_0012,WB_CENTRE_KOL_01,HALL_01,13,Q20,,0.0
WBSSC_SLST_0012,WB_CENTRE_KOL_01,HALL_01,13,Q21,,0.0
WBSSC_SLST_0012,WB_CENTRE_KOL_01,HALL_01,13,Q22,,0.0
WBSSC_SLST_0012,WB_CENTRE_KOL_01,HALL_01,13,Q23,,0.0
WBSSC_SLST_0012,WB_CENTRE_KOL_01,HALL_01,13,Q24,,0.0
WBSSC_SLST_0012,WB_CENTRE_KOL_01,HALL_01,13,Q25,,0.0
WBSSC_SLST_0012,WB_CENTRE_KOL_01,HALL_01,13,Q26,,0.0
WBSSC_SLST_0012,WB_CENTRE_KOL_01,HALL_01,13,Q27,,0.0
WBSSC_SLST_0012,WB_CENTRE_KOL_01,HALL_01,13,Q28,,0.0
WBSSC_SLST_0012,WB_CENTRE_KOL_01,HALL_01,13,Q29,,0.0
WBSSC_SLST_0012,WB_CENTRE_KOL_01,HALL_01,13,Q30,,0.0
WBSSC_SLST_0012,WB_CENTRE_KOL_01,HALL_01,13,Q31,,0.0
WBSSC_SLST_0012,WB_CENTRE_KOL_01,HALL_01,13,Q32,,0.0
WBSSC_SLST_0012,WB_CENTRE_KOL_01,HALL_01,13,Q33,,0.0
WBSSC_SLST_0012,WB_CENTRE_KOL_01,HALL_01,13,Q34,,0.0
WBSSC_SLST_0012,WB_CENTRE_KOL_01,HALL_01,13,Q35,,0.0
WBSSC_SLST_0012,WB_CENTRE_KOL_01,HALL_01,13,Q36,,0.0
WBSSC_SLST_0012,WB_CENTRE_KOL_01,HALL_01,13,Q37,,0.0
WBSSC_SLST_0012,WB_CENTRE_KOL_01,HALL_01,13,Q38,,0.0
WBSSC_SLST_0012,WB_CENTRE_KOL_01,HALL_01,13,Q39,,0.0
WBSSC_SLST_0012,WB_CENTRE_KOL_01,HALL_01,13,Q40,,0.0
WBSSC_SLST_0012,WB_CENTRE_KOL_01,HALL_01,13,Q41,,0.0
WBSSC_SLST_0012,WB_CENTRE_KOL_01,HALL_01,13,Q42,,0.0
WBSSC_SLST_0012,WB_CENTRE_KOL_01,HALL_01,13,Q43,,0.0
WBSSC_SLST_0012,WB_CENTRE_KOL_01,HALL_01,13,Q44,,0.0
WBSSC_SLST_0012,WB_CENTRE_KOL_01,HALL_01,13,Q45,,0.0
WBSSC_SLST_0012,WB_CENTRE_KOL_01,HALL_01,13,Q46,,0.0
WBSSC_SLST_0012,WB_CENTRE_KOL_01,HALL_01,13,Q47,,0.0
WBSSC_SLST_0012,WB_CENTRE_KOL_01,HALL_01,13,Q48,,0.0
WBSSC_SLST_0012,WB_CENTRE_KOL_01,HALL_01,13,Q49,,0.0
WBSSC_SLST_0012,WB_CENTRE_KOL_01,HALL_01,13,Q50,,0.0
WBSSC_SLST_0012,WB_CENTRE_KOL_01,HALL_01,13,Q51,,0.0
WBSSC_SLST_0012,WB_CENTRE_KOL_01,HALL_01,13,Q52,,0.0
WBSSC_SLST_0012,WB_CENTRE_KOL_01,HALL_01,13,Q53,,0.0
WBSSC_SLST_0012,WB_CENTRE_KOL_01,HALL_01,13,Q54,,0.0
WBSSC_SLST_0012,WB_CENTRE_KOL_01,HALL_01,13,Q55,,0.0
WBSSC_SLST_0012,WB_CENTRE_KOL_01,HALL_01,13,Q56,,0.0
WBSSC_SLST_0012,WB_CENTRE_KOL_01,HALL_01,13,Q57,,0.0
WBSSC_SLST_0012,WB_CENTRE_KOL_01,HALL_01,13,Q58,,0.0
WBSSC_SLST_0012,WB_CENTRE_KOL_01,HALL_01,13,Q59,,0.0
WBSSC_SLST_0012,WB_CENTRE_KOL_01,HALL_01,13,Q60,,0.0
WBSSC_SLST_0013,WB_CENTRE_KOL_01,HALL_02,14,Q01,B,1.0
WBSSC_SLST_0013,WB_CENTRE_KOL_01,HALL_02,14,Q02,B,1.0
WBSSC_SLST_0013,WB_CENTRE_KOL_01,HALL_02,14,Q03,B,1.0
WBSSC_SLST_0013,WB_CENTRE_KOL_01,HALL_02,14,Q04,,0.0
WBSSC_SLST_0013,WB_CENTRE_KOL_01,HALL_02,14,Q05,,0.0
WBSSC_SLST_0013,WB_CENTRE_KOL_01,HALL_02,14,Q06,,0.0
WBSSC_SLST_0013,WB_CENTRE_KOL_01,HALL_02,14,Q07,,0.0
WBSSC_SLST_0013,WB_CENTRE_KOL_01,HALL_02,14,Q08,,0.0
WBSSC_SLST_0013,WB_CENTRE_KOL_01,HALL_02,14,Q09,,0.0
WBSSC_SLST_0013,WB_CENTRE_KOL_01,HALL_02,14,Q10,,0.0
WBSSC_SLST_0013,WB_CENTRE_KOL_01,HALL_02,14,Q11,,0.0
WBSSC_SLST_0013,WB_CENTRE_KOL_01,HALL_02,14,Q12,,0.0
WBSSC_SLST_0013,WB_CENTRE_KOL_01,HALL_02,14,Q13,,0.0
WBSSC_SLST_0013,WB_CENTRE_KOL_01,HALL_02,14,Q14,,0.0
WBSSC_SLST_0013,WB_CENTRE_KOL_01,HALL_02,14,Q15,,0.0
WBSSC_SLST_0013,WB_CENTRE_KOL_01,HALL_02,14,Q16,,0.0
WBSSC_SLST_0013,WB_CENTRE_KOL_01,HALL_02,14,Q17,,0.0
WBSSC_SLST_0013,WB_CENTRE_KOL_01,HALL_02,14,Q18,,0.0
WBSSC_SLST_0013,WB_CENTRE_KOL_01,HALL_02,14,Q19,,0.0
WBSSC_SLST_0013,WB_CENTRE_KOL_01,HALL_02,14,Q20,,0.0
WBSSC_SLST_0013,WB_CENTRE_KOL_01,HALL_02,14,Q21,,0.0
WBSSC_SLST_0013,WB_CENTRE_KOL_01,HALL_02,14,Q22,,0.0
WBSSC_SLST_0013,WB_CENTRE_KOL_01,HALL_02,14,Q23,,0.0
WBSSC_SLST_0013,WB_CENTRE_KOL_01,HALL_02,14,Q24,,0.0
WBSSC_SLST_0013,WB_CENTRE_KOL_01,HALL_02,14,Q25,,0.0
WBSSC_SLST_0013,WB_CENTRE_KOL_01,HALL_02,14,Q26,,0.0
WBSSC_SLST_0013,WB_CENTRE_KOL_01,HALL_02,14,Q27,,0.0
WBSSC_SLST_0013,WB_CENTRE_KOL_01,HALL_02,14,Q28,,0.0
WBSSC_SLST_0013,WB_CENTRE_KOL_01,HALL_02,14,Q29,,0.0
WBSSC_SLST_0013,WB_CENTRE_KOL_01,HALL_02,14,Q30,,0.0
WBSSC_SLST_0013,WB_CENTRE_KOL_01,HALL_02,14,Q31,,0.0
WBSSC_SLST_0013,WB_CENTRE_KOL_01,HALL_02,14,Q32,,0.0
WBSSC_SLST_0013,WB_CENTRE_KOL_01,HALL_02,14,Q33,,0.0
WBSSC_SLST_0013,WB_CENTRE_KOL_01,HALL_02,14,Q34,,0.0
WBSSC_SLST_0013,WB_CENTRE_KOL_01,HALL_02,14,Q35,,0.0
WBSSC_SLST_0013,WB_CENTRE_KOL_01,HALL_02,14,Q36,,0.0
WBSSC_SLST_0013,WB_CENTRE_KOL_01,HALL_02,14,Q37,,0.0
WBSSC_SLST_0013,WB_CENTRE_KOL_01,HALL_02,14,Q38,,0.0
WBSSC_SLST_0013,WB_CENTRE_KOL_01,HALL_02,14,Q39,,0.0
WBSSC_SLST_0013,WB_CENTRE_KOL_01,HALL_02,14,Q40,,0.0
WBSSC_SLST_0013,WB_CENTRE_KOL_01,HALL_02,14,Q41,,0.0
WBSSC_SLST_0013,WB_CENTRE_KOL_01,HALL_02,14,Q42,,0.0
WBSSC_SLST_0013,WB_CENTRE_KOL_01,HALL_02,14,Q43,,0.0
WBSSC_SLST_0013,WB_CENTRE_KOL_01,HALL_02,14,Q44,,0.0
WBSSC_SLST_0013,WB_CENTRE_KOL_01,HALL_02,14,Q45,,0.0
WBSSC_SLST_0013,WB_CENTRE_KOL_01,HALL_02,14,Q46,,0.0
WBSSC_SLST_0013,WB_CENTRE_KOL_01,HALL_02,14,Q47,,0.0
WBSSC_SLST_0013,WB_CENTRE_KOL_01,HALL_02,14,Q48,,0.0
WBSSC_SLST_0013,WB_CENTRE_KOL_01,HALL_02,14,Q49,,0.0
WBSSC_SLST_0013,WB_CENTRE_KOL_01,HALL_02,14,Q50,,0.0
WBSSC_SLST_0013,WB_CENTRE_KOL_01,HALL_02,14,Q51,,0.0
WBSSC_SLST_0013,WB_CENTRE_KOL_01,HALL_02,14,Q52,,0.0
WBSSC_SLST_0013,WB_CENTRE_KOL_01,HALL_02,14,Q53,,0.0
WBSSC_SLST_0013,WB_CENTRE_KOL_01,HALL_02,14,Q54,,0.0
WBSSC_SLST_0013,WB_CENTRE_KOL_01,HALL_02,14,Q55,,0.0
WBSSC_SLST_0013,WB_CENTRE_KOL_01,HALL_02,14,Q56,,0.0
WBSSC_SLST_0013,WB_CENTRE_KOL_01,HALL_02,14,Q57,,0.0
WBSSC_SLST_0013,WB_CENTRE_KOL_01,HALL_02,14,Q58,,0.0
WBSSC_SLST_0013,WB_CENTRE_KOL_01,HALL_02,14,Q59,,0.0
WBSSC_SLST_0013,WB_CENTRE_KOL_01,HALL_02,14,Q60,,0.0
WBSSC_SLST_0014,WB_CENTRE_KOL_01,HALL_03,15,Q01,B,1.0
WBSSC_SLST_0014,WB_CENTRE_KOL_01,HALL_03,15,Q02,B,1.0
WBSSC_SLST_0014,WB_CENTRE_KOL_01,HALL_03,15,Q03,B,1.0
WBSSC_SLST_0014,WB_CENTRE_KOL_01,HALL_03,15,Q04,,0.0
WBSSC_SLST_0014,WB_CENTRE_KOL_01,HALL_03,15,Q05,,0.0
WBSSC_SLST_0014,WB_CENTRE_KOL_01,HALL_03,15,Q06,,0.0
WBSSC_SLST_0014,WB_CENTRE_KOL_01,HALL_03,15,Q07,,0.0
WBSSC_SLST_0014,WB_CENTRE_KOL_01,HALL_03,15,Q08,,0.0
WBSSC_SLST_0014,WB_CENTRE_KOL_01,HALL_03,15,Q09,,0.0
WBSSC_SLST_0014,WB_CENTRE_KOL_01,HALL_03,15,Q10,,0.0
WBSSC_SLST_0014,WB_CENTRE_KOL_01,HALL_03,15,Q11,,0.0
WBSSC_SLST_0014,WB_CENTRE_KOL_01,HALL_03,15,Q12,,0.0
WBSSC_SLST_0014,WB_CENTRE_KOL_01,HALL_03,15,Q13,,0.0
WBSSC_SLST_0014,WB_CENTRE_KOL_01,HALL_03,15,Q14,,0.0
WBSSC_SLST_0014,WB_CENTRE_KOL_01,HALL_03,15,Q15,,0.0
WBSSC_SLST_0014,WB_CENTRE_KOL_01,HALL_03,15,Q16,,0.0
WBSSC_SLST_0014,WB_CENTRE_KOL_01,HALL_03,15,Q17,,0.0
WBSSC_SLST_0014,WB_CENTRE_KOL_01,HALL_03,15,Q18,,0.0
WBSSC_SLST_0014,WB_CENTRE_KOL_01,HALL_03,15,Q19,,0.0
WBSSC_SLST_0014,WB_CENTRE_KOL_01,HALL_03,15,Q20,,0.0
WBSSC_SLST_0014,WB_CENTRE_KOL_01,HALL_03,15,Q21,,0.0
WBSSC_SLST_0014,WB_CENTRE_KOL_01,HALL_03,15,Q22,,0.0
WBSSC_SLST_0014,WB_CENTRE_KOL_01,HALL_03,15,Q23,,0.0
WBSSC_SLST_0014,WB_CENTRE_KOL_01,HALL_03,15,Q24,,0.0
WBSSC_SLST_0014,WB_CENTRE_KOL_01,HALL_03,15,Q25,,0.0
WBSSC_SLST_0014,WB_CENTRE_KOL_01,HALL_03,15,Q26,,0.0
WBSSC_SLST_0014,WB_CENTRE_KOL_01,HALL_03,15,Q27,,0.0
WBSSC_SLST_0014,WB_CENTRE_KOL_01,HALL_03,15,Q28,,0.0
WBSSC_SLST_0014,WB_CENTRE_KOL_01,HALL_03,15,Q29,,0.0
WBSSC_SLST_0014,WB_CENTRE_KOL_01,HALL_03,15,Q30,,0.0
WBSSC_SLST_0014,WB_CENTRE_KOL_01,HALL_03,15,Q31,,0.0
WBSSC_SLST_0014,WB_CENTRE_KOL_01,HALL_03,15,Q32,,0.0
WBSSC_SLST_0014,WB_CENTRE_KOL_01,HALL_03,15,Q33,,0.0
WBSSC_SLST_0014,WB_CENTRE_KOL_01,HALL_03,15,Q34,,0.0
WBSSC_SLST_0014,WB_CENTRE_KOL_01,HALL_03,15,Q35,,0.0
WBSSC_SLST_0014,WB_CENTRE_KOL_01,HALL_03,15,Q36,,0.0
WBSSC_SLST_0014,WB_CENTRE_KOL_01,HALL_03,15,Q37,,0.0
WBSSC_SLST_0014,WB_CENTRE_KOL_01,HALL_03,15,Q38,,0.0
WBSSC_SLST_0014,WB_CENTRE_KOL_01,HALL_03,15,Q39,,0.0
WBSSC_SLST_0014,WB_CENTRE_KOL_01,HALL_03,15,Q40,,0.0
WBSSC_SLST_0014,WB_CENTRE_KOL_01,HALL_03,15,Q41,,0.0
WBSSC_SLST_0014,WB_CENTRE_KOL_01,HALL_03,15,Q42,,0.0
WBSSC_SLST_0014,WB_CENTRE_KOL_01,HALL_03,15,Q43,,0.0
WBSSC_SLST_0014,WB_CENTRE_KOL_01,HALL_03,15,Q44,,0.0
WBSSC_SLST_0014,WB_CENTRE_KOL_01,HALL_03,15,Q45,,0.0
WBSSC_SLST_0014,WB_CENTRE_KOL_01,HALL_03,15,Q46,,0.0
WBSSC_SLST_0014,WB_CENTRE_KOL_01,HALL_03,15,Q47,,0.0
WBSSC_SLST_0014,WB_CENTRE_KOL_01,HALL_03,15,Q48,,0.0
WBSSC_SLST_0014,WB_CENTRE_KOL_01,HALL_03,15,Q49,,0.0
WBSSC_SLST_0014,WB_CENTRE_KOL_01,HALL_03,15,Q50,,0.0
WBSSC_SLST_0014,WB_CENTRE_KOL_01,HALL_03,15,Q51,,0.0
WBSSC_SLST_0014,WB_CENTRE_KOL_01,HALL_03,15,Q52,,0.0
WBSSC_SLST_0014,WB_CENTRE_KOL_01,HALL_03,15,Q53,,0.0
WBSSC_SLST_0014,WB_CENTRE_KOL_01,HALL_03,15,Q54,,0.0
WBSSC_SLST_0014,WB_CENTRE_KOL_01,HALL_03,15,Q55,,0.0
WBSSC_SLST_0014,WB_CENTRE_KOL_01,HALL_03,15,Q56,,0.0
WBSSC_SLST_0014,WB_CENTRE_KOL_01,HALL_03,15,Q57,,0.0
WBSSC_SLST_0014,WB_CENTRE_KOL_01,HALL_03,15,Q58,,0.0
WBSSC_SLST_0014,WB_CENTRE_KOL_01,HALL_03,15,Q59,,0.0
WBSSC_SLST_0014,WB_CENTRE_KOL_01,HALL_03,15,Q60,,0.0
WBSSC_SLST_0015,WB_CENTRE_KOL_01,HALL_04,16,Q01,B,1.0
WBSSC_SLST_0015,WB_CENTRE_KOL_01,HALL_04,16,Q02,B,1.0
WBSSC_SLST_0015,WB_CENTRE_KOL_01,HALL_04,16,Q03,B,1.0
WBSSC_SLST_0015,WB_CENTRE_KOL_01,HALL_04,16,Q04,,0.0
WBSSC_SLST_0015,WB_CENTRE_KOL_01,HALL_04,16,Q05,,0.0
WBSSC_SLST_0015,WB_CENTRE_KOL_01,HALL_04,16,Q06,,0.0
WBSSC_SLST_0015,WB_CENTRE_KOL_01,HALL_04,16,Q07,,0.0
WBSSC_SLST_0015,WB_CENTRE_KOL_01,HALL_04,16,Q08,,0.0
WBSSC_SLST_0015,WB_CENTRE_KOL_01,HALL_04,16,Q09,,0.0
WBSSC_SLST_0015,WB_CENTRE_KOL_01,HALL_04,16,Q10,,0.0
WBSSC_SLST_0015,WB_CENTRE_KOL_01,HALL_04,16,Q11,,0.0
WBSSC_SLST_0015,WB_CENTRE_KOL_01,HALL_04,16,Q12,,0.0
WBSSC_SLST_0015,WB_CENTRE_KOL_01,HALL_04,16,Q13,,0.0
WBSSC_SLST_0015,WB_CENTRE_KOL_01,HALL_04,16,Q14,,0.0
WBSSC_SLST_0015,WB_CENTRE_KOL_01,HALL_04,16,Q15,,0.0
WBSSC_SLST_0015,WB_CENTRE_KOL_01,HALL_04,16,Q16,,0.0
WBSSC_SLST_0015,WB_CENTRE_KOL_01,HALL_04,16,Q17,,0.0
WBSSC_SLST_0015,WB_CENTRE_KOL_01,HALL_04,16,Q18,,0.0
WBSSC_SLST_0015,WB_CENTRE_KOL_01,HALL_04,16,Q19,,0.0
WBSSC_SLST_0015,WB_CENTRE_KOL_01,HALL_04,16,Q20,,0.0
WBSSC_SLST_0015,WB_CENTRE_KOL_01,HALL_04,16,Q21,,0.0
WBSSC_SLST_0015,WB_CENTRE_KOL_01,HALL_04,16,Q22,,0.0
WBSSC_SLST_0015,WB_CENTRE_KOL_01,HALL_04,16,Q23,,0.0
WBSSC_SLST_0015,WB_CENTRE_KOL_01,HALL_04,16,Q24,,0.0
WBSSC_SLST_0015,WB_CENTRE_KOL_01,HALL_04,16,Q25,,0.0
WBSSC_SLST_0015,WB_CENTRE_KOL_01,HALL_04,16,Q26,,0.0
WBSSC_SLST_0015,WB_CENTRE_KOL_01,HALL_04,16,Q27,,0.0
WBSSC_SLST_0015,WB_CENTRE_KOL_01,HALL_04,16,Q28,,0.0
WBSSC_SLST_0015,WB_CENTRE_KOL_01,HALL_04,16,Q29,,0.0
WBSSC_SLST_0015,WB_CENTRE_KOL_01,HALL_04,16,Q30,,0.0
WBSSC_SLST_0015,WB_CENTRE_KOL_01,HALL_04,16,Q31,,0.0
WBSSC_SLST_0015,WB_CENTRE_KOL_01,HALL_04,16,Q32,,0.0
WBSSC_SLST_0015,WB_CENTRE_KOL_01,HALL_04,16,Q33,,0.0
WBSSC_SLST_0015,WB_CENTRE_KOL_01,HALL_04,16,Q34,,0.0
WBSSC_SLST_0015,WB_CENTRE_KOL_01,HALL_04,16,Q35,,0.0
WBSSC_SLST_0015,WB_CENTRE_KOL_01,HALL_04,16,Q36,,0.0
WBSSC_SLST_0015,WB_CENTRE_KOL_01,HALL_04,16,Q37,,0.0
WBSSC_SLST_0015,WB_CENTRE_KOL_01,HALL_04,16,Q38,,0.0
WBSSC_SLST_0015,WB_CENTRE_KOL_01,HALL_04,16,Q39,,0.0
WBSSC_SLST_0015,WB_CENTRE_KOL_01,HALL_04,16,Q40,,0.0
WBSSC_SLST_0015,WB_CENTRE_KOL_01,HALL_04,16,Q41,,0.0
WBSSC_SLST_0015,WB_CENTRE_KOL_01,HALL_04,16,Q42,,0.0
WBSSC_SLST_0015,WB_CENTRE_KOL_01,HALL_04,16,Q43,,0.0
WBSSC_SLST_0015,WB_CENTRE_KOL_01,HALL_04,16,Q44,,0.0
WBSSC_SLST_0015,WB_CENTRE_KOL_01,HALL_04,16,Q45,,0.0
WBSSC_SLST_0015,WB_CENTRE_KOL_01,HALL_04,16,Q46,,0.0
WBSSC_SLST_0015,WB_CENTRE_KOL_01,HALL_04,16,Q47,,0.0
WBSSC_SLST_0015,WB_CENTRE_KOL_01,HALL_04,16,Q48,,0.0
WBSSC_SLST_0015,WB_CENTRE_KOL_01,HALL_04,16,Q49,,0.0
WBSSC_SLST_0015,WB_CENTRE_KOL_01,HALL_04,16,Q50,,0.0
WBSSC_SLST_0015,WB_CENTRE_KOL_01,HALL_04,16,Q51,,0.0
WBSSC_SLST_0015,WB_CENTRE_KOL_01,HALL_04,16,Q52,,0.0
WBSSC_SLST_0015,WB_CENTRE_KOL_01,HALL_04,16,Q53,,0.0
WBSSC_SLST_0015,WB_CENTRE_KOL_01,HALL_04,16,Q54,,0.0
WBSSC_SLST_0015,WB_CENTRE_KOL_01,HALL_04,16,Q55,,0.0
WBSSC_SLST_0015,WB_CENTRE_KOL_01,HALL_04,16,Q56,,0.0
WBSSC_SLST_0015,WB_CENTRE_KOL_01,HALL_04,16,Q57,,0.0
WBSSC_SLST_0015,WB_CENTRE_KOL_01,HALL_04,16,Q58,,0.0
WBSSC_SLST_0015,WB_CENTRE_KOL_01,HALL_04,16,Q59,,0.0
WBSSC_SLST_0015,WB_CENTRE_KOL_01,HALL_04,16,Q60,,0.0
WBSSC_SLST_0016,WB_CENTRE_KOL_01,HALL_01,17,Q01,B,1.0
WBSSC_SLST_0016,WB_CENTRE_KOL_01,HALL_01,17,Q02,B,1.0
WBSSC_SLST_0016,WB_CENTRE_KOL_01,HALL_01,17,Q03,B,1.0
WBSSC_SLST_0016,WB_CENTRE_KOL_01,HALL_01,17,Q04,B,1.0
WBSSC_SLST_0016,WB_CENTRE_KOL_01,HALL_01,17,Q05,B,1.0
WBSSC_SLST_0016,WB_CENTRE_KOL_01,HALL_01,17,Q06,B,1.0
WBSSC_SLST_0016,WB_CENTRE_KOL_01,HALL_01,17,Q07,B,1.0
WBSSC_SLST_0016,WB_CENTRE_KOL_01,HALL_01,17,Q08,B,1.0
WBSSC_SLST_0016,WB_CENTRE_KOL_01,HALL_01,17,Q09,B,1.0
WBSSC_SLST_0016,WB_CENTRE_KOL_01,HALL_01,17,Q10,B,1.0
WBSSC_SLST_0016,WB_CENTRE_KOL_01,HALL_01,17,Q11,B,1.0
WBSSC_SLST_0016,WB_CENTRE_KOL_01,HALL_01,17,Q12,B,1.0
WBSSC_SLST_0016,WB_CENTRE_KOL_01,HALL_01,17,Q13,B,1.0
WBSSC_SLST_0016,WB_CENTRE_KOL_01,HALL_01,17,Q14,B,1.0
WBSSC_SLST_0016,WB_CENTRE_KOL_01,HALL_01,17,Q15,B,1.0
WBSSC_SLST_0016,WB_CENTRE_KOL_01,HALL_01,17,Q16,B,1.0
WBSSC_SLST_0016,WB_CENTRE_KOL_01,HALL_01,17,Q17,B,1.0
WBSSC_SLST_0016,WB_CENTRE_KOL_01,HALL_01,17,Q18,B,1.0
WBSSC_SLST_0016,WB_CENTRE_KOL_01,HALL_01,17,Q19,B,1.0
WBSSC_SLST_0016,WB_CENTRE_KOL_01,HALL_01,17,Q20,B,1.0
WBSSC_SLST_0016,WB_CENTRE_KOL_01,HALL_01,17,Q21,B,1.0
WBSSC_SLST_0016,WB_CENTRE_KOL_01,HALL_01,17,Q22,B,1.0
WBSSC_SLST_0016,WB_CENTRE_KOL_01,HALL_01,17,Q23,B,1.0
WBSSC_SLST_0016,WB_CENTRE_KOL_01,HALL_01,17,Q24,B,1.0
WBSSC_SLST_0016,WB_CENTRE_KOL_01,HALL_01,17,Q25,B,1.0
WBSSC_SLST_0016,WB_CENTRE_KOL_01,HALL_01,17,Q26,B,1.0
WBSSC_SLST_0016,WB_CENTRE_KOL_01,HALL_01,17,Q27,B,1.0
WBSSC_SLST_0016,WB_CENTRE_KOL_01,HALL_01,17,Q28,B,1.0
WBSSC_SLST_0016,WB_CENTRE_KOL_01,HALL_01,17,Q29,B,1.0
WBSSC_SLST_0016,WB_CENTRE_KOL_01,HALL_01,17,Q30,B,1.0
WBSSC_SLST_0016,WB_CENTRE_KOL_01,HALL_01,17,Q31,B,1.0
WBSSC_SLST_0016,WB_CENTRE_KOL_01,HALL_01,17,Q32,B,1.0
WBSSC_SLST_0016,WB_CENTRE_KOL_01,HALL_01,17,Q33,B,1.0
WBSSC_SLST_0016,WB_CENTRE_KOL_01,HALL_01,17,Q34,B,1.0
WBSSC_SLST_0016,WB_CENTRE_KOL_01,HALL_01,17,Q35,B,1.0
WBSSC_SLST_0016,WB_CENTRE_KOL_01,HALL_01,17,Q36,A,0.0
WBSSC_SLST_0016,WB_CENTRE_KOL_01,HALL_01,17,Q37,A,0.0
WBSSC_SLST_0016,WB_CENTRE_KOL_01,HALL_01,17,Q38,A,0.0
WBSSC_SLST_0016,WB_CENTRE_KOL_01,HALL_01,17,Q39,D,0.0
WBSSC_SLST_0016,WB_CENTRE_KOL_01,HALL_01,17,Q40,A,0.0
WBSSC_SLST_0016,WB_CENTRE_KOL_01,HALL_01,17,Q41,A,0.0
WBSSC_SLST_0016,WB_CENTRE_KOL_01,HALL_01,17,Q42,D,0.0
WBSSC_SLST_0016,WB_CENTRE_KOL_01,HALL_01,17,Q43,C,0.0
WBSSC_SLST_0016,WB_CENTRE_KOL_01,HALL_01,17,Q44,D,0.0
WBSSC_SLST_0016,WB_CENTRE_KOL_01,HALL_01,17,Q45,A,0.0
WBSSC_SLST_0016,WB_CENTRE_KOL_01,HALL_01,17,Q46,D,0.0
WBSSC_SLST_0016,WB_CENTRE_KOL_01,HALL_01,17,Q47,C,0.0
WBSSC_SLST_0016,WB_CENTRE_KOL_01,HALL_01,17,Q48,A,0.0
WBSSC_SLST_0016,WB_CENTRE_KOL_01,HALL_01,17,Q49,C,0.0
WBSSC_SLST_0016,WB_CENTRE_KOL_01,HALL_01,17,Q50,C,0.0
WBSSC_SLST_0016,WB_CENTRE_KOL_01,HALL_01,17,Q51,C,0.0
WBSSC_SLST_0016,WB_CENTRE_KOL_01,HALL_01,17,Q52,D,0.0
WBSSC_SLST_0016,WB_CENTRE_KOL_01,HALL_01,17,Q53,C,0.0
WBSSC_SLST_0016,WB_CENTRE_KOL_01,HALL_01,17,Q54,C,0.0
WBSSC_SLST_0016,WB_CENTRE_KOL_01,HALL_01,17,Q55,A,0.0
WBSSC_SLST_0016,WB_CENTRE_KOL_01,HALL_01,17,Q56,D,0.0
WBSSC_SLST_0016,WB_CENTRE_KOL_01,HALL_01,17,Q57,C,0.0
WBSSC_SLST_0016,WB_CENTRE_KOL_01,HALL_01,17,Q58,C,0.0
WBSSC_SLST_0016,WB_CENTRE_KOL_01,HALL_01,17,Q59,C,0.0
WBSSC_SLST_0016,WB_CENTRE_KOL_01,HALL_01,17,Q60,C,0.0
WBSSC_SLST_0017,WB_CENTRE_KOL_01,HALL_02,18,Q01,B,1.0
WBSSC_SLST_0017,WB_CENTRE_KOL_01,HALL_02,18,Q02,B,1.0
WBSSC_SLST_0017,WB_CENTRE_KOL_01,HALL_02,18,Q03,B,1.0
WBSSC_SLST_0017,WB_CENTRE_KOL_01,HALL_02,18,Q04,B,1.0
WBSSC_SLST_0017,WB_CENTRE_KOL_01,HALL_02,18,Q05,B,1.0
WBSSC_SLST_0017,WB_CENTRE_KOL_01,HALL_02,18,Q06,B,1.0
WBSSC_SLST_0017,WB_CENTRE_KOL_01,HALL_02,18,Q07,B,1.0
WBSSC_SLST_0017,WB_CENTRE_KOL_01,HALL_02,18,Q08,B,1.0
WBSSC_SLST_0017,WB_CENTRE_KOL_01,HALL_02,18,Q09,B,1.0
WBSSC_SLST_0017,WB_CENTRE_KOL_01,HALL_02,18,Q10,B,1.0
WBSSC_SLST_0017,WB_CENTRE_KOL_01,HALL_02,18,Q11,B,1.0
WBSSC_SLST_0017,WB_CENTRE_KOL_01,HALL_02,18,Q12,B,1.0
WBSSC_SLST_0017,WB_CENTRE_KOL_01,HALL_02,18,Q13,B,1.0
WBSSC_SLST_0017,WB_CENTRE_KOL_01,HALL_02,18,Q14,B,1.0
WBSSC_SLST_0017,WB_CENTRE_KOL_01,HALL_02,18,Q15,B,1.0
WBSSC_SLST_0017,WB_CENTRE_KOL_01,HALL_02,18,Q16,B,1.0
WBSSC_SLST_0017,WB_CENTRE_KOL_01,HALL_02,18,Q17,B,1.0
WBSSC_SLST_0017,WB_CENTRE_KOL_01,HALL_02,18,Q18,B,1.0
WBSSC_SLST_0017,WB_CENTRE_KOL_01,HALL_02,18,Q19,B,1.0
WBSSC_SLST_0017,WB_CENTRE_KOL_01,HALL_02,18,Q20,B,1.0
WBSSC_SLST_0017,WB_CENTRE_KOL_01,HALL_02,18,Q21,B,1.0
WBSSC_SLST_0017,WB_CENTRE_KOL_01,HALL_02,18,Q22,B,1.0
WBSSC_SLST_0017,WB_CENTRE_KOL_01,HALL_02,18,Q23,B,1.0
WBSSC_SLST_0017,WB_CENTRE_KOL_01,HALL_02,18,Q24,B,1.0
WBSSC_SLST_0017,WB_CENTRE_KOL_01,HALL_02,18,Q25,B,1.0
WBSSC_SLST_0017,WB_CENTRE_KOL_01,HALL_02,18,Q26,B,1.0
WBSSC_SLST_0017,WB_CENTRE_KOL_01,HALL_02,18,Q27,B,1.0
WBSSC_SLST_0017,WB_CENTRE_KOL_01,HALL_02,18,Q28,B,1.0
WBSSC_SLST_0017,WB_CENTRE_KOL_01,HALL_02,18,Q29,B,1.0
WBSSC_SLST_0017,WB_CENTRE_KOL_01,HALL_02,18,Q30,B,1.0
WBSSC_SLST_0017,WB_CENTRE_KOL_01,HALL_02,18,Q31,B,1.0
WBSSC_SLST_0017,WB_CENTRE_KOL_01,HALL_02,18,Q32,B,1.0
WBSSC_SLST_0017,WB_CENTRE_KOL_01,HALL_02,18,Q33,B,1.0
WBSSC_SLST_0017,WB_CENTRE_KOL_01,HALL_02,18,Q34,B,1.0
WBSSC_SLST_0017,WB_CENTRE_KOL_01,HALL_02,18,Q35,B,1.0
WBSSC_SLST_0017,WB_CENTRE_KOL_01,HALL_02,18,Q36,B,1.0
WBSSC_SLST_0017,WB_CENTRE_KOL_01,HALL_02,18,Q37,B,1.0
WBSSC_SLST_0017,WB_CENTRE_KOL_01,HALL_02,18,Q38,B,1.0
WBSSC_SLST_0017,WB_CENTRE_KOL_01,HALL_02,18,Q39,B,1.0
WBSSC_SLST_0017,WB_CENTRE_KOL_01,HALL_02,18,Q40,B,1.0
WBSSC_SLST_0017,WB_CENTRE_KOL_01,HALL_02,18,Q41,A,0.0
WBSSC_SLST_0017,WB_CENTRE_KOL_01,HALL_02,18,Q42,A,0.0
WBSSC_SLST_0017,WB_CENTRE_KOL_01,HALL_02,18,Q43,C,0.0
WBSSC_SLST_0017,WB_CENTRE_KOL_01,HALL_02,18,Q44,A,0.0
WBSSC_SLST_0017,WB_CENTRE_KOL_01,HALL_02,18,Q45,A,0.0
WBSSC_SLST_0017,WB_CENTRE_KOL_01,HALL_02,18,Q46,C,0.0
WBSSC_SLST_0017,WB_CENTRE_KOL_01,HALL_02,18,Q47,A,0.0
WBSSC_SLST_0017,WB_CENTRE_KOL_01,HALL_02,18,Q48,A,0.0
WBSSC_SLST_0017,WB_CENTRE_KOL_01,HALL_02,18,Q49,A,0.0
WBSSC_SLST_0017,WB_CENTRE_KOL_01,HALL_02,18,Q50,A,0.0
WBSSC_SLST_0017,WB_CENTRE_KOL_01,HALL_02,18,Q51,C,0.0
WBSSC_SLST_0017,WB_CENTRE_KOL_01,HALL_02,18,Q52,D,0.0
WBSSC_SLST_0017,WB_CENTRE_KOL_01,HALL_02,18,Q53,D,0.0
WBSSC_SLST_0017,WB_CENTRE_KOL_01,HALL_02,18,Q54,C,0.0
WBSSC_SLST_0017,WB_CENTRE_KOL_01,HALL_02,18,Q55,C,0.0
WBSSC_SLST_0017,WB_CENTRE_KOL_01,HALL_02,18,Q56,A,0.0
WBSSC_SLST_0017,WB_CENTRE_KOL_01,HALL_02,18,Q57,C,0.0
WBSSC_SLST_0017,WB_CENTRE_KOL_01,HALL_02,18,Q58,D,0.0
WBSSC_SLST_0017,WB_CENTRE_KOL_01,HALL_02,18,Q59,A,0.0
WBSSC_SLST_0017,WB_CENTRE_KOL_01,HALL_02,18,Q60,A,0.0
WBSSC_SLST_0018,WB_CENTRE_KOL_01,HALL_03,19,Q01,B,1.0
WBSSC_SLST_0018,WB_CENTRE_KOL_01,HALL_03,19,Q02,B,1.0
WBSSC_SLST_0018,WB_CENTRE_KOL_01,HALL_03,19,Q03,B,1.0
WBSSC_SLST_0018,WB_CENTRE_KOL_01,HALL_03,19,Q04,B,1.0
WBSSC_SLST_0018,WB_CENTRE_KOL_01,HALL_03,19,Q05,B,1.0
WBSSC_SLST_0018,WB_CENTRE_KOL_01,HALL_03,19,Q06,B,1.0
WBSSC_SLST_0018,WB_CENTRE_KOL_01,HALL_03,19,Q07,B,1.0
WBSSC_SLST_0018,WB_CENTRE_KOL_01,HALL_03,19,Q08,B,1.0
WBSSC_SLST_0018,WB_CENTRE_KOL_01,HALL_03,19,Q09,B,1.0
WBSSC_SLST_0018,WB_CENTRE_KOL_01,HALL_03,19,Q10,B,1.0
WBSSC_SLST_0018,WB_CENTRE_KOL_01,HALL_03,19,Q11,B,1.0
WBSSC_SLST_0018,WB_CENTRE_KOL_01,HALL_03,19,Q12,B,1.0
WBSSC_SLST_0018,WB_CENTRE_KOL_01,HALL_03,19,Q13,B,1.0
WBSSC_SLST_0018,WB_CENTRE_KOL_01,HALL_03,19,Q14,B,1.0
WBSSC_SLST_0018,WB_CENTRE_KOL_01,HALL_03,19,Q15,B,1.0
WBSSC_SLST_0018,WB_CENTRE_KOL_01,HALL_03,19,Q16,B,1.0
WBSSC_SLST_0018,WB_CENTRE_KOL_01,HALL_03,19,Q17,B,1.0
WBSSC_SLST_0018,WB_CENTRE_KOL_01,HALL_03,19,Q18,B,1.0
WBSSC_SLST_0018,WB_CENTRE_KOL_01,HALL_03,19,Q19,B,1.0
WBSSC_SLST_0018,WB_CENTRE_KOL_01,HALL_03,19,Q20,B,1.0
WBSSC_SLST_0018,WB_CENTRE_KOL_01,HALL_03,19,Q21,B,1.0
WBSSC_SLST_0018,WB_CENTRE_KOL_01,HALL_03,19,Q22,B,1.0
WBSSC_SLST_0018,WB_CENTRE_KOL_01,HALL_03,19,Q23,B,1.0
WBSSC_SLST_0018,WB_CENTRE_KOL_01,HALL_03,19,Q24,B,1.0
WBSSC_SLST_0018,WB_CENTRE_KOL_01,HALL_03,19,Q25,B,1.0
WBSSC_SLST_0018,WB_CENTRE_KOL_01,HALL_03,19,Q26,B,1.0
WBSSC_SLST_0018,WB_CENTRE_KOL_01,HALL_03,19,Q27,B,1.0
WBSSC_SLST_0018,WB_CENTRE_KOL_01,HALL_03,19,Q28,B,1.0
WBSSC_SLST_0018,WB_CENTRE_KOL_01,HALL_03,19,Q29,A,0.0
WBSSC_SLST_0018,WB_CENTRE_KOL_01,HALL_03,19,Q30,A,0.0
WBSSC_SLST_0018,WB_CENTRE_KOL_01,HALL_03,19,Q31,C,0.0
WBSSC_SLST_0018,WB_CENTRE_KOL_01,HALL_03,19,Q32,D,0.0
WBSSC_SLST_0018,WB_CENTRE_KOL_01,HALL_03,19,Q33,A,0.0
WBSSC_SLST_0018,WB_CENTRE_KOL_01,HALL_03,19,Q34,D,0.0
WBSSC_SLST_0018,WB_CENTRE_KOL_01,HALL_03,19,Q35,A,0.0
WBSSC_SLST_0018,WB_CENTRE_KOL_01,HALL_03,19,Q36,D,0.0
WBSSC_SLST_0018,WB_CENTRE_KOL_01,HALL_03,19,Q37,A,0.0
WBSSC_SLST_0018,WB_CENTRE_KOL_01,HALL_03,19,Q38,A,0.0
WBSSC_SLST_0018,WB_CENTRE_KOL_01,HALL_03,19,Q39,C,0.0
WBSSC_SLST_0018,WB_CENTRE_KOL_01,HALL_03,19,Q40,D,0.0
WBSSC_SLST_0018,WB_CENTRE_KOL_01,HALL_03,19,Q41,A,0.0
WBSSC_SLST_0018,WB_CENTRE_KOL_01,HALL_03,19,Q42,C,0.0
WBSSC_SLST_0018,WB_CENTRE_KOL_01,HALL_03,19,Q43,C,0.0
WBSSC_SLST_0018,WB_CENTRE_KOL_01,HALL_03,19,Q44,D,0.0
WBSSC_SLST_0018,WB_CENTRE_KOL_01,HALL_03,19,Q45,D,0.0
WBSSC_SLST_0018,WB_CENTRE_KOL_01,HALL_03,19,Q46,C,0.0
WBSSC_SLST_0018,WB_CENTRE_KOL_01,HALL_03,19,Q47,A,0.0
WBSSC_SLST_0018,WB_CENTRE_KOL_01,HALL_03,19,Q48,D,0.0
WBSSC_SLST_0018,WB_CENTRE_KOL_01,HALL_03,19,Q49,A,0.0
WBSSC_SLST_0018,WB_CENTRE_KOL_01,HALL_03,19,Q50,D,0.0
WBSSC_SLST_0018,WB_CENTRE_KOL_01,HALL_03,19,Q51,A,0.0
WBSSC_SLST_0018,WB_CENTRE_KOL_01,HALL_03,19,Q52,A,0.0
WBSSC_SLST_0018,WB_CENTRE_KOL_01,HALL_03,19,Q53,D,0.0
WBSSC_SLST_0018,WB_CENTRE_KOL_01,HALL_03,19,Q54,D,0.0
WBSSC_SLST_0018,WB_CENTRE_KOL_01,HALL_03,19,Q55,C,0.0
WBSSC_SLST_0018,WB_CENTRE_KOL_01,HALL_03,19,Q56,D,0.0
WBSSC_SLST_0018,WB_CENTRE_KOL_01,HALL_03,19,Q57,D,0.0
WBSSC_SLST_0018,WB_CENTRE_KOL_01,HALL_03,19,Q58,D,0.0
WBSSC_SLST_0018,WB_CENTRE_KOL_01,HALL_03,19,Q59,A,0.0
WBSSC_SLST_0018,WB_CENTRE_KOL_01,HALL_03,19,Q60,C,0.0
WBSSC_SLST_0019,WB_CENTRE_KOL_01,HALL_04,20,Q01,B,1.0
WBSSC_SLST_0019,WB_CENTRE_KOL_01,HALL_04,20,Q02,B,1.0
WBSSC_SLST_0019,WB_CENTRE_KOL_01,HALL_04,20,Q03,B,1.0
WBSSC_SLST_0019,WB_CENTRE_KOL_01,HALL_04,20,Q04,B,1.0
WBSSC_SLST_0019,WB_CENTRE_KOL_01,HALL_04,20,Q05,B,1.0
WBSSC_SLST_0019,WB_CENTRE_KOL_01,HALL_04,20,Q06,B,1.0
WBSSC_SLST_0019,WB_CENTRE_KOL_01,HALL_04,20,Q07,B,1.0
WBSSC_SLST_0019,WB_CENTRE_KOL_01,HALL_04,20,Q08,B,1.0
WBSSC_SLST_0019,WB_CENTRE_KOL_01,HALL_04,20,Q09,B,1.0
WBSSC_SLST_0019,WB_CENTRE_KOL_01,HALL_04,20,Q10,B,1.0
WBSSC_SLST_0019,WB_CENTRE_KOL_01,HALL_04,20,Q11,B,1.0
WBSSC_SLST_0019,WB_CENTRE_KOL_01,HALL_04,20,Q12,B,1.0
WBSSC_SLST_0019,WB_CENTRE_KOL_01,HALL_04,20,Q13,B,1.0
WBSSC_SLST_0019,WB_CENTRE_KOL_01,HALL_04,20,Q14,B,1.0
WBSSC_SLST_0019,WB_CENTRE_KOL_01,HALL_04,20,Q15,B,1.0
WBSSC_SLST_0019,WB_CENTRE_KOL_01,HALL_04,20,Q16,B,1.0
WBSSC_SLST_0019,WB_CENTRE_KOL_01,HALL_04,20,Q17,B,1.0
WBSSC_SLST_0019,WB_CENTRE_KOL_01,HALL_04,20,Q18,B,1.0
WBSSC_SLST_0019,WB_CENTRE_KOL_01,HALL_04,20,Q19,B,1.0
WBSSC_SLST_0019,WB_CENTRE_KOL_01,HALL_04,20,Q20,B,1.0
WBSSC_SLST_0019,WB_CENTRE_KOL_01,HALL_04,20,Q21,B,1.0
WBSSC_SLST_0019,WB_CENTRE_KOL_01,HALL_04,20,Q22,B,1.0
WBSSC_SLST_0019,WB_CENTRE_KOL_01,HALL_04,20,Q23,B,1.0
WBSSC_SLST_0019,WB_CENTRE_KOL_01,HALL_04,20,Q24,B,1.0
WBSSC_SLST_0019,WB_CENTRE_KOL_01,HALL_04,20,Q25,B,1.0
WBSSC_SLST_0019,WB_CENTRE_KOL_01,HALL_04,20,Q26,B,1.0
WBSSC_SLST_0019,WB_CENTRE_KOL_01,HALL_04,20,Q27,B,1.0
WBSSC_SLST_0019,WB_CENTRE_KOL_01,HALL_04,20,Q28,B,1.0
WBSSC_SLST_0019,WB_CENTRE_KOL_01,HALL_04,20,Q29,B,1.0
WBSSC_SLST_0019,WB_CENTRE_KOL_01,HALL_04,20,Q30,B,1.0
WBSSC_SLST_0019,WB_CENTRE_KOL_01,HALL_04,20,Q31,B,1.0
WBSSC_SLST_0019,WB_CENTRE_KOL_01,HALL_04,20,Q32,B,1.0
WBSSC_SLST_0019,WB_CENTRE_KOL_01,HALL_04,20,Q33,B,1.0
WBSSC_SLST_0019,WB_CENTRE_KOL_01,HALL_04,20,Q34,A,0.0
WBSSC_SLST_0019,WB_CENTRE_KOL_01,HALL_04,20,Q35,A,0.0
WBSSC_SLST_0019,WB_CENTRE_KOL_01,HALL_04,20,Q36,C,0.0
WBSSC_SLST_0019,WB_CENTRE_KOL_01,HALL_04,20,Q37,A,0.0
WBSSC_SLST_0019,WB_CENTRE_KOL_01,HALL_04,20,Q38,D,0.0
WBSSC_SLST_0019,WB_CENTRE_KOL_01,HALL_04,20,Q39,D,0.0
WBSSC_SLST_0019,WB_CENTRE_KOL_01,HALL_04,20,Q40,A,0.0
WBSSC_SLST_0019,WB_CENTRE_KOL_01,HALL_04,20,Q41,C,0.0
WBSSC_SLST_0019,WB_CENTRE_KOL_01,HALL_04,20,Q42,C,0.0
WBSSC_SLST_0019,WB_CENTRE_KOL_01,HALL_04,20,Q43,A,0.0
WBSSC_SLST_0019,WB_CENTRE_KOL_01,HALL_04,20,Q44,D,0.0
WBSSC_SLST_0019,WB_CENTRE_KOL_01,HALL_04,20,Q45,A,0.0
WBSSC_SLST_0019,WB_CENTRE_KOL_01,HALL_04,20,Q46,A,0.0
WBSSC_SLST_0019,WB_CENTRE_KOL_01,HALL_04,20,Q47,D,0.0
WBSSC_SLST_0019,WB_CENTRE_KOL_01,HALL_04,20,Q48,A,0.0
WBSSC_SLST_0019,WB_CENTRE_KOL_01,HALL_04,20,Q49,D,0.0
WBSSC_SLST_0019,WB_CENTRE_KOL_01,HALL_04,20,Q50,C,0.0
WBSSC_SLST_0019,WB_CENTRE_KOL_01,HALL_04,20,Q51,D,0.0
WBSSC_SLST_0019,WB_CENTRE_KOL_01,HALL_04,20,Q52,A,0.0
WBSSC_SLST_0019,WB_CENTRE_KOL_01,HALL_04,20,Q53,A,0.0
WBSSC_SLST_0019,WB_CENTRE_KOL_01,HALL_04,20,Q54,D,0.0
WBSSC_SLST_0019,WB_CENTRE_KOL_01,HALL_04,20,Q55,A,0.0
WBSSC_SLST_0019,WB_CENTRE_KOL_01,HALL_04,20,Q56,D,0.0
WBSSC_SLST_0019,WB_CENTRE_KOL_01,HALL_04,20,Q57,C,0.0
WBSSC_SLST_0019,WB_CENTRE_KOL_01,HALL_04,20,Q58,A,0.0
WBSSC_SLST_0019,WB_CENTRE_KOL_01,HALL_04,20,Q59,A,0.0
WBSSC_SLST_0019,WB_CENTRE_KOL_01,HALL_04,20,Q60,D,0.0
WBSSC_SLST_0020,WB_CENTRE_KOL_01,HALL_01,21,Q01,B,1.0
WBSSC_SLST_0020,WB_CENTRE_KOL_01,HALL_01,21,Q02,B,1.0
WBSSC_SLST_0020,WB_CENTRE_KOL_01,HALL_01,21,Q03,B,1.0
WBSSC_SLST_0020,WB_CENTRE_KOL_01,HALL_01,21,Q04,B,1.0
WBSSC_SLST_0020,WB_CENTRE_KOL_01,HALL_01,21,Q05,B,1.0
WBSSC_SLST_0020,WB_CENTRE_KOL_01,HALL_01,21,Q06,B,1.0
WBSSC_SLST_0020,WB_CENTRE_KOL_01,HALL_01,21,Q07,B,1.0
WBSSC_SLST_0020,WB_CENTRE_KOL_01,HALL_01,21,Q08,B,1.0
WBSSC_SLST_0020,WB_CENTRE_KOL_01,HALL_01,21,Q09,B,1.0
WBSSC_SLST_0020,WB_CENTRE_KOL_01,HALL_01,21,Q10,B,1.0
WBSSC_SLST_0020,WB_CENTRE_KOL_01,HALL_01,21,Q11,B,1.0
WBSSC_SLST_0020,WB_CENTRE_KOL_01,HALL_01,21,Q12,B,1.0
WBSSC_SLST_0020,WB_CENTRE_KOL_01,HALL_01,21,Q13,B,1.0
WBSSC_SLST_0020,WB_CENTRE_KOL_01,HALL_01,21,Q14,B,1.0
WBSSC_SLST_0020,WB_CENTRE_KOL_01,HALL_01,21,Q15,B,1.0
WBSSC_SLST_0020,WB_CENTRE_KOL_01,HALL_01,21,Q16,B,1.0
WBSSC_SLST_0020,WB_CENTRE_KOL_01,HALL_01,21,Q17,B,1.0
WBSSC_SLST_0020,WB_CENTRE_KOL_01,HALL_01,21,Q18,B,1.0
WBSSC_SLST_0020,WB_CENTRE_KOL_01,HALL_01,21,Q19,B,1.0
WBSSC_SLST_0020,WB_CENTRE_KOL_01,HALL_01,21,Q20,B,1.0
WBSSC_SLST_0020,WB_CENTRE_KOL_01,HALL_01,21,Q21,B,1.0
WBSSC_SLST_0020,WB_CENTRE_KOL_01,HALL_01,21,Q22,B,1.0
WBSSC_SLST_0020,WB_CENTRE_KOL_01,HALL_01,21,Q23,B,1.0
WBSSC_SLST_0020,WB_CENTRE_KOL_01,HALL_01,21,Q24,B,1.0
WBSSC_SLST_0020,WB_CENTRE_KOL_01,HALL_01,21,Q25,B,1.0
WBSSC_SLST_0020,WB_CENTRE_KOL_01,HALL_01,21,Q26,B,1.0
WBSSC_SLST_0020,WB_CENTRE_KOL_01,HALL_01,21,Q27,B,1.0
WBSSC_SLST_0020,WB_CENTRE_KOL_01,HALL_01,21,Q28,B,1.0
WBSSC_SLST_0020,WB_CENTRE_KOL_01,HALL_01,21,Q29,B,1.0
WBSSC_SLST_0020,WB_CENTRE_KOL_01,HALL_01,21,Q30,B,1.0
WBSSC_SLST_0020,WB_CENTRE_KOL_01,HALL_01,21,Q31,B,1.0
WBSSC_SLST_0020,WB_CENTRE_KOL_01,HALL_01,21,Q32,B,1.0
WBSSC_SLST_0020,WB_CENTRE_KOL_01,HALL_01,21,Q33,B,1.0
WBSSC_SLST_0020,WB_CENTRE_KOL_01,HALL_01,21,Q34,B,1.0
WBSSC_SLST_0020,WB_CENTRE_KOL_01,HALL_01,21,Q35,B,1.0
WBSSC_SLST_0020,WB_CENTRE_KOL_01,HALL_01,21,Q36,B,1.0
WBSSC_SLST_0020,WB_CENTRE_KOL_01,HALL_01,21,Q37,B,1.0
WBSSC_SLST_0020,WB_CENTRE_KOL_01,HALL_01,21,Q38,B,1.0
WBSSC_SLST_0020,WB_CENTRE_KOL_01,HALL_01,21,Q39,A,0.0
WBSSC_SLST_0020,WB_CENTRE_KOL_01,HALL_01,21,Q40,D,0.0
WBSSC_SLST_0020,WB_CENTRE_KOL_01,HALL_01,21,Q41,C,0.0
WBSSC_SLST_0020,WB_CENTRE_KOL_01,HALL_01,21,Q42,A,0.0
WBSSC_SLST_0020,WB_CENTRE_KOL_01,HALL_01,21,Q43,D,0.0
WBSSC_SLST_0020,WB_CENTRE_KOL_01,HALL_01,21,Q44,D,0.0
WBSSC_SLST_0020,WB_CENTRE_KOL_01,HALL_01,21,Q45,C,0.0
WBSSC_SLST_0020,WB_CENTRE_KOL_01,HALL_01,21,Q46,A,0.0
WBSSC_SLST_0020,WB_CENTRE_KOL_01,HALL_01,21,Q47,A,0.0
WBSSC_SLST_0020,WB_CENTRE_KOL_01,HALL_01,21,Q48,A,0.0
WBSSC_SLST_0020,WB_CENTRE_KOL_01,HALL_01,21,Q49,C,0.0
WBSSC_SLST_0020,WB_CENTRE_KOL_01,HALL_01,21,Q50,A,0.0
WBSSC_SLST_0020,WB_CENTRE_KOL_01,HALL_01,21,Q51,D,0.0
WBSSC_SLST_0020,WB_CENTRE_KOL_01,HALL_01,21,Q52,C,0.0
WBSSC_SLST_0020,WB_CENTRE_KOL_01,HALL_01,21,Q53,D,0.0
WBSSC_SLST_0020,WB_CENTRE_KOL_01,HALL_01,21,Q54,C,0.0
WBSSC_SLST_0020,WB_CENTRE_KOL_01,HALL_01,21,Q55,D,0.0
WBSSC_SLST_0020,WB_CENTRE_KOL_01,HALL_01,21,Q56,A,0.0
WBSSC_SLST_0020,WB_CENTRE_KOL_01,HALL_01,21,Q57,C,0.0
WBSSC_SLST_0020,WB_CENTRE_KOL_01,HALL_01,21,Q58,D,0.0
WBSSC_SLST_0020,WB_CENTRE_KOL_01,HALL_01,21,Q59,C,0.0
WBSSC_SLST_0020,WB_CENTRE_KOL_01,HALL_01,21,Q60,D,0.0
WBSSC_SLST_0021,WB_CENTRE_KOL_01,HALL_02,22,Q01,B,1.0
WBSSC_SLST_0021,WB_CENTRE_KOL_01,HALL_02,22,Q02,B,1.0
WBSSC_SLST_0021,WB_CENTRE_KOL_01,HALL_02,22,Q03,B,1.0
WBSSC_SLST_0021,WB_CENTRE_KOL_01,HALL_02,22,Q04,B,1.0
WBSSC_SLST_0021,WB_CENTRE_KOL_01,HALL_02,22,Q05,B,1.0
WBSSC_SLST_0021,WB_CENTRE_KOL_01,HALL_02,22,Q06,B,1.0
WBSSC_SLST_0021,WB_CENTRE_KOL_01,HALL_02,22,Q07,B,1.0
WBSSC_SLST_0021,WB_CENTRE_KOL_01,HALL_02,22,Q08,B,1.0
WBSSC_SLST_0021,WB_CENTRE_KOL_01,HALL_02,22,Q09,B,1.0
WBSSC_SLST_0021,WB_CENTRE_KOL_01,HALL_02,22,Q10,B,1.0
WBSSC_SLST_0021,WB_CENTRE_KOL_01,HALL_02,22,Q11,B,1.0
WBSSC_SLST_0021,WB_CENTRE_KOL_01,HALL_02,22,Q12,B,1.0
WBSSC_SLST_0021,WB_CENTRE_KOL_01,HALL_02,22,Q13,B,1.0
WBSSC_SLST_0021,WB_CENTRE_KOL_01,HALL_02,22,Q14,B,1.0
WBSSC_SLST_0021,WB_CENTRE_KOL_01,HALL_02,22,Q15,B,1.0
WBSSC_SLST_0021,WB_CENTRE_KOL_01,HALL_02,22,Q16,B,1.0
WBSSC_SLST_0021,WB_CENTRE_KOL_01,HALL_02,22,Q17,B,1.0
WBSSC_SLST_0021,WB_CENTRE_KOL_01,HALL_02,22,Q18,B,1.0
WBSSC_SLST_0021,WB_CENTRE_KOL_01,HALL_02,22,Q19,B,1.0
WBSSC_SLST_0021,WB_CENTRE_KOL_01,HALL_02,22,Q20,C,0.0
WBSSC_SLST_0021,WB_CENTRE_KOL_01,HALL_02,22,Q21,A,0.0
WBSSC_SLST_0021,WB_CENTRE_KOL_01,HALL_02,22,Q22,A,0.0
WBSSC_SLST_0021,WB_CENTRE_KOL_01,HALL_02,22,Q23,A,0.0
WBSSC_SLST_0021,WB_CENTRE_KOL_01,HALL_02,22,Q24,D,0.0
WBSSC_SLST_0021,WB_CENTRE_KOL_01,HALL_02,22,Q25,D,0.0
WBSSC_SLST_0021,WB_CENTRE_KOL_01,HALL_02,22,Q26,C,0.0
WBSSC_SLST_0021,WB_CENTRE_KOL_01,HALL_02,22,Q27,C,0.0
WBSSC_SLST_0021,WB_CENTRE_KOL_01,HALL_02,22,Q28,A,0.0
WBSSC_SLST_0021,WB_CENTRE_KOL_01,HALL_02,22,Q29,C,0.0
WBSSC_SLST_0021,WB_CENTRE_KOL_01,HALL_02,22,Q30,A,0.0
WBSSC_SLST_0021,WB_CENTRE_KOL_01,HALL_02,22,Q31,D,0.0
WBSSC_SLST_0021,WB_CENTRE_KOL_01,HALL_02,22,Q32,D,0.0
WBSSC_SLST_0021,WB_CENTRE_KOL_01,HALL_02,22,Q33,A,0.0
WBSSC_SLST_0021,WB_CENTRE_KOL_01,HALL_02,22,Q34,C,0.0
WBSSC_SLST_0021,WB_CENTRE_KOL_01,HALL_02,22,Q35,C,0.0
WBSSC_SLST_0021,WB_CENTRE_KOL_01,HALL_02,22,Q36,C,0.0
WBSSC_SLST_0021,WB_CENTRE_KOL_01,HALL_02,22,Q37,A,0.0
WBSSC_SLST_0021,WB_CENTRE_KOL_01,HALL_02,22,Q38,D,0.0
WBSSC_SLST_0021,WB_CENTRE_KOL_01,HALL_02,22,Q39,C,0.0
WBSSC_SLST_0021,WB_CENTRE_KOL_01,HALL_02,22,Q40,C,0.0
WBSSC_SLST_0021,WB_CENTRE_KOL_01,HALL_02,22,Q41,D,0.0
WBSSC_SLST_0021,WB_CENTRE_KOL_01,HALL_02,22,Q42,D,0.0
WBSSC_SLST_0021,WB_CENTRE_KOL_01,HALL_02,22,Q43,C,0.0
WBSSC_SLST_0021,WB_CENTRE_KOL_01,HALL_02,22,Q44,A,0.0
WBSSC_SLST_0021,WB_CENTRE_KOL_01,HALL_02,22,Q45,C,0.0
WBSSC_SLST_0021,WB_CENTRE_KOL_01,HALL_02,22,Q46,A,0.0
WBSSC_SLST_0021,WB_CENTRE_KOL_01,HALL_02,22,Q47,A,0.0
WBSSC_SLST_0021,WB_CENTRE_KOL_01,HALL_02,22,Q48,D,0.0
WBSSC_SLST_0021,WB_CENTRE_KOL_01,HALL_02,22,Q49,D,0.0
WBSSC_SLST_0021,WB_CENTRE_KOL_01,HALL_02,22,Q50,D,0.0
WBSSC_SLST_0021,WB_CENTRE_KOL_01,HALL_02,22,Q51,C,0.0
WBSSC_SLST_0021,WB_CENTRE_KOL_01,HALL_02,22,Q52,D,0.0
WBSSC_SLST_0021,WB_CENTRE_KOL_01,HALL_02,22,Q53,A,0.0
WBSSC_SLST_0021,WB_CENTRE_KOL_01,HALL_02,22,Q54,C,0.0
WBSSC_SLST_0021,WB_CENTRE_KOL_01,HALL_02,22,Q55,D,0.0
WBSSC_SLST_0021,WB_CENTRE_KOL_01,HALL_02,22,Q56,C,0.0
WBSSC_SLST_0021,WB_CENTRE_KOL_01,HALL_02,22,Q57,D,0.0
WBSSC_SLST_0021,WB_CENTRE_KOL_01,HALL_02,22,Q58,C,0.0
WBSSC_SLST_0021,WB_CENTRE_KOL_01,HALL_02,22,Q59,D,0.0
WBSSC_SLST_0021,WB_CENTRE_KOL_01,HALL_02,22,Q60,D,0.0
WBSSC_SLST_0022,WB_CENTRE_KOL_01,HALL_03,23,Q01,B,1.0
WBSSC_SLST_0022,WB_CENTRE_KOL_01,HALL_03,23,Q02,B,1.0
WBSSC_SLST_0022,WB_CENTRE_KOL_01,HALL_03,23,Q03,B,1.0
WBSSC_SLST_0022,WB_CENTRE_KOL_01,HALL_03,23,Q04,B,1.0
WBSSC_SLST_0022,WB_CENTRE_KOL_01,HALL_03,23,Q05,B,1.0
WBSSC_SLST_0022,WB_CENTRE_KOL_01,HALL_03,23,Q06,B,1.0
WBSSC_SLST_0022,WB_CENTRE_KOL_01,HALL_03,23,Q07,B,1.0
WBSSC_SLST_0022,WB_CENTRE_KOL_01,HALL_03,23,Q08,B,1.0
WBSSC_SLST_0022,WB_CENTRE_KOL_01,HALL_03,23,Q09,B,1.0
WBSSC_SLST_0022,WB_CENTRE_KOL_01,HALL_03,23,Q10,B,1.0
WBSSC_SLST_0022,WB_CENTRE_KOL_01,HALL_03,23,Q11,B,1.0
WBSSC_SLST_0022,WB_CENTRE_KOL_01,HALL_03,23,Q12,B,1.0
WBSSC_SLST_0022,WB_CENTRE_KOL_01,HALL_03,23,Q13,B,1.0
WBSSC_SLST_0022,WB_CENTRE_KOL_01,HALL_03,23,Q14,B,1.0
WBSSC_SLST_0022,WB_CENTRE_KOL_01,HALL_03,23,Q15,B,1.0
WBSSC_SLST_0022,WB_CENTRE_KOL_01,HALL_03,23,Q16,B,1.0
WBSSC_SLST_0022,WB_CENTRE_KOL_01,HALL_03,23,Q17,B,1.0
WBSSC_SLST_0022,WB_CENTRE_KOL_01,HALL_03,23,Q18,B,1.0
WBSSC_SLST_0022,WB_CENTRE_KOL_01,HALL_03,23,Q19,B,1.0
WBSSC_SLST_0022,WB_CENTRE_KOL_01,HALL_03,23,Q20,B,1.0
WBSSC_SLST_0022,WB_CENTRE_KOL_01,HALL_03,23,Q21,B,1.0
WBSSC_SLST_0022,WB_CENTRE_KOL_01,HALL_03,23,Q22,B,1.0
WBSSC_SLST_0022,WB_CENTRE_KOL_01,HALL_03,23,Q23,B,1.0
WBSSC_SLST_0022,WB_CENTRE_KOL_01,HALL_03,23,Q24,B,1.0
WBSSC_SLST_0022,WB_CENTRE_KOL_01,HALL_03,23,Q25,B,1.0
WBSSC_SLST_0022,WB_CENTRE_KOL_01,HALL_03,23,Q26,B,1.0
WBSSC_SLST_0022,WB_CENTRE_KOL_01,HALL_03,23,Q27,B,1.0
WBSSC_SLST_0022,WB_CENTRE_KOL_01,HALL_03,23,Q28,B,1.0
WBSSC_SLST_0022,WB_CENTRE_KOL_01,HALL_03,23,Q29,B,1.0
WBSSC_SLST_0022,WB_CENTRE_KOL_01,HALL_03,23,Q30,B,1.0
WBSSC_SLST_0022,WB_CENTRE_KOL_01,HALL_03,23,Q31,B,1.0
WBSSC_SLST_0022,WB_CENTRE_KOL_01,HALL_03,23,Q32,D,0.0
WBSSC_SLST_0022,WB_CENTRE_KOL_01,HALL_03,23,Q33,A,0.0
WBSSC_SLST_0022,WB_CENTRE_KOL_01,HALL_03,23,Q34,C,0.0
WBSSC_SLST_0022,WB_CENTRE_KOL_01,HALL_03,23,Q35,D,0.0
WBSSC_SLST_0022,WB_CENTRE_KOL_01,HALL_03,23,Q36,A,0.0
WBSSC_SLST_0022,WB_CENTRE_KOL_01,HALL_03,23,Q37,C,0.0
WBSSC_SLST_0022,WB_CENTRE_KOL_01,HALL_03,23,Q38,A,0.0
WBSSC_SLST_0022,WB_CENTRE_KOL_01,HALL_03,23,Q39,A,0.0
WBSSC_SLST_0022,WB_CENTRE_KOL_01,HALL_03,23,Q40,A,0.0
WBSSC_SLST_0022,WB_CENTRE_KOL_01,HALL_03,23,Q41,C,0.0
WBSSC_SLST_0022,WB_CENTRE_KOL_01,HALL_03,23,Q42,D,0.0
WBSSC_SLST_0022,WB_CENTRE_KOL_01,HALL_03,23,Q43,A,0.0
WBSSC_SLST_0022,WB_CENTRE_KOL_01,HALL_03,23,Q44,D,0.0
WBSSC_SLST_0022,WB_CENTRE_KOL_01,HALL_03,23,Q45,D,0.0
WBSSC_SLST_0022,WB_CENTRE_KOL_01,HALL_03,23,Q46,D,0.0
WBSSC_SLST_0022,WB_CENTRE_KOL_01,HALL_03,23,Q47,A,0.0
WBSSC_SLST_0022,WB_CENTRE_KOL_01,HALL_03,23,Q48,C,0.0
WBSSC_SLST_0022,WB_CENTRE_KOL_01,HALL_03,23,Q49,D,0.0
WBSSC_SLST_0022,WB_CENTRE_KOL_01,HALL_03,23,Q50,D,0.0
WBSSC_SLST_0022,WB_CENTRE_KOL_01,HALL_03,23,Q51,A,0.0
WBSSC_SLST_0022,WB_CENTRE_KOL_01,HALL_03,23,Q52,A,0.0
WBSSC_SLST_0022,WB_CENTRE_KOL_01,HALL_03,23,Q53,A,0.0
WBSSC_SLST_0022,WB_CENTRE_KOL_01,HALL_03,23,Q54,A,0.0
WBSSC_SLST_0022,WB_CENTRE_KOL_01,HALL_03,23,Q55,A,0.0
WBSSC_SLST_0022,WB_CENTRE_KOL_01,HALL_03,23,Q56,D,0.0
WBSSC_SLST_0022,WB_CENTRE_KOL_01,HALL_03,23,Q57,A,0.0
WBSSC_SLST_0022,WB_CENTRE_KOL_01,HALL_03,23,Q58,C,0.0
WBSSC_SLST_0022,WB_CENTRE_KOL_01,HALL_03,23,Q59,C,0.0
WBSSC_SLST_0022,WB_CENTRE_KOL_01,HALL_03,23,Q60,A,0.0
WBSSC_SLST_0023,WB_CENTRE_KOL_01,HALL_04,24,Q01,B,1.0
WBSSC_SLST_0023,WB_CENTRE_KOL_01,HALL_04,24,Q02,B,1.0
WBSSC_SLST_0023,WB_CENTRE_KOL_01,HALL_04,24,Q03,B,1.0
WBSSC_SLST_0023,WB_CENTRE_KOL_01,HALL_04,24,Q04,B,1.0
WBSSC_SLST_0023,WB_CENTRE_KOL_01,HALL_04,24,Q05,B,1.0
WBSSC_SLST_0023,WB_CENTRE_KOL_01,HALL_04,24,Q06,B,1.0
WBSSC_SLST_0023,WB_CENTRE_KOL_01,HALL_04,24,Q07,B,1.0
WBSSC_SLST_0023,WB_CENTRE_KOL_01,HALL_04,24,Q08,B,1.0
WBSSC_SLST_0023,WB_CENTRE_KOL_01,HALL_04,24,Q09,B,1.0
WBSSC_SLST_0023,WB_CENTRE_KOL_01,HALL_04,24,Q10,B,1.0
WBSSC_SLST_0023,WB_CENTRE_KOL_01,HALL_04,24,Q11,B,1.0
WBSSC_SLST_0023,WB_CENTRE_KOL_01,HALL_04,24,Q12,B,1.0
WBSSC_SLST_0023,WB_CENTRE_KOL_01,HALL_04,24,Q13,B,1.0
WBSSC_SLST_0023,WB_CENTRE_KOL_01,HALL_04,24,Q14,B,1.0
WBSSC_SLST_0023,WB_CENTRE_KOL_01,HALL_04,24,Q15,B,1.0
WBSSC_SLST_0023,WB_CENTRE_KOL_01,HALL_04,24,Q16,B,1.0
WBSSC_SLST_0023,WB_CENTRE_KOL_01,HALL_04,24,Q17,B,1.0
WBSSC_SLST_0023,WB_CENTRE_KOL_01,HALL_04,24,Q18,B,1.0
WBSSC_SLST_0023,WB_CENTRE_KOL_01,HALL_04,24,Q19,B,1.0
WBSSC_SLST_0023,WB_CENTRE_KOL_01,HALL_04,24,Q20,B,1.0
WBSSC_SLST_0023,WB_CENTRE_KOL_01,HALL_04,24,Q21,B,1.0
WBSSC_SLST_0023,WB_CENTRE_KOL_01,HALL_04,24,Q22,B,1.0
WBSSC_SLST_0023,WB_CENTRE_KOL_01,HALL_04,24,Q23,B,1.0
WBSSC_SLST_0023,WB_CENTRE_KOL_01,HALL_04,24,Q24,B,1.0
WBSSC_SLST_0023,WB_CENTRE_KOL_01,HALL_04,24,Q25,B,1.0
WBSSC_SLST_0023,WB_CENTRE_KOL_01,HALL_04,24,Q26,B,1.0
WBSSC_SLST_0023,WB_CENTRE_KOL_01,HALL_04,24,Q27,B,1.0
WBSSC_SLST_0023,WB_CENTRE_KOL_01,HALL_04,24,Q28,B,1.0
WBSSC_SLST_0023,WB_CENTRE_KOL_01,HALL_04,24,Q29,B,1.0
WBSSC_SLST_0023,WB_CENTRE_KOL_01,HALL_04,24,Q30,B,1.0
WBSSC_SLST_0023,WB_CENTRE_KOL_01,HALL_04,24,Q31,B,1.0
WBSSC_SLST_0023,WB_CENTRE_KOL_01,HALL_04,24,Q32,B,1.0
WBSSC_SLST_0023,WB_CENTRE_KOL_01,HALL_04,24,Q33,B,1.0
WBSSC_SLST_0023,WB_CENTRE_KOL_01,HALL_04,24,Q34,B,1.0
WBSSC_SLST_0023,WB_CENTRE_KOL_01,HALL_04,24,Q35,B,1.0
WBSSC_SLST_0023,WB_CENTRE_KOL_01,HALL_04,24,Q36,B,1.0
WBSSC_SLST_0023,WB_CENTRE_KOL_01,HALL_04,24,Q37,A,0.0
WBSSC_SLST_0023,WB_CENTRE_KOL_01,HALL_04,24,Q38,C,0.0
WBSSC_SLST_0023,WB_CENTRE_KOL_01,HALL_04,24,Q39,C,0.0
WBSSC_SLST_0023,WB_CENTRE_KOL_01,HALL_04,24,Q40,C,0.0
WBSSC_SLST_0023,WB_CENTRE_KOL_01,HALL_04,24,Q41,D,0.0
WBSSC_SLST_0023,WB_CENTRE_KOL_01,HALL_04,24,Q42,D,0.0
WBSSC_SLST_0023,WB_CENTRE_KOL_01,HALL_04,24,Q43,D,0.0
WBSSC_SLST_0023,WB_CENTRE_KOL_01,HALL_04,24,Q44,D,0.0
WBSSC_SLST_0023,WB_CENTRE_KOL_01,HALL_04,24,Q45,D,0.0
WBSSC_SLST_0023,WB_CENTRE_KOL_01,HALL_04,24,Q46,D,0.0
WBSSC_SLST_0023,WB_CENTRE_KOL_01,HALL_04,24,Q47,A,0.0
WBSSC_SLST_0023,WB_CENTRE_KOL_01,HALL_04,24,Q48,C,0.0
WBSSC_SLST_0023,WB_CENTRE_KOL_01,HALL_04,24,Q49,C,0.0
WBSSC_SLST_0023,WB_CENTRE_KOL_01,HALL_04,24,Q50,D,0.0
WBSSC_SLST_0023,WB_CENTRE_KOL_01,HALL_04,24,Q51,D,0.0
WBSSC_SLST_0023,WB_CENTRE_KOL_01,HALL_04,24,Q52,C,0.0
WBSSC_SLST_0023,WB_CENTRE_KOL_01,HALL_04,24,Q53,A,0.0
WBSSC_SLST_0023,WB_CENTRE_KOL_01,HALL_04,24,Q54,A,0.0
WBSSC_SLST_0023,WB_CENTRE_KOL_01,HALL_04,24,Q55,C,0.0
WBSSC_SLST_0023,WB_CENTRE_KOL_01,HALL_04,24,Q56,A,0.0
WBSSC_SLST_0023,WB_CENTRE_KOL_01,HALL_04,24,Q57,A,0.0
WBSSC_SLST_0023,WB_CENTRE_KOL_01,HALL_04,24,Q58,D,0.0
WBSSC_SLST_0023,WB_CENTRE_KOL_01,HALL_04,24,Q59,D,0.0
WBSSC_SLST_0023,WB_CENTRE_KOL_01,HALL_04,24,Q60,A,0.0
WBSSC_SLST_0024,WB_CENTRE_KOL_01,HALL_01,25,Q01,B,1.0
WBSSC_SLST_0024,WB_CENTRE_KOL_01,HALL_01,25,Q02,B,1.0
WBSSC_SLST_0024,WB_CENTRE_KOL_01,HALL_01,25,Q03,B,1.0
WBSSC_SLST_0024,WB_CENTRE_KOL_01,HALL_01,25,Q04,B,1.0
WBSSC_SLST_0024,WB_CENTRE_KOL_01,HALL_01,25,Q05,B,1.0
WBSSC_SLST_0024,WB_CENTRE_KOL_01,HALL_01,25,Q06,B,1.0
WBSSC_SLST_0024,WB_CENTRE_KOL_01,HALL_01,25,Q07,B,1.0
WBSSC_SLST_0024,WB_CENTRE_KOL_01,HALL_01,25,Q08,B,1.0
WBSSC_SLST_0024,WB_CENTRE_KOL_01,HALL_01,25,Q09,B,1.0
WBSSC_SLST_0024,WB_CENTRE_KOL_01,HALL_01,25,Q10,B,1.0
WBSSC_SLST_0024,WB_CENTRE_KOL_01,HALL_01,25,Q11,B,1.0
WBSSC_SLST_0024,WB_CENTRE_KOL_01,HALL_01,25,Q12,B,1.0
WBSSC_SLST_0024,WB_CENTRE_KOL_01,HALL_01,25,Q13,B,1.0
WBSSC_SLST_0024,WB_CENTRE_KOL_01,HALL_01,25,Q14,B,1.0
WBSSC_SLST_0024,WB_CENTRE_KOL_01,HALL_01,25,Q15,B,1.0
WBSSC_SLST_0024,WB_CENTRE_KOL_01,HALL_01,25,Q16,B,1.0
WBSSC_SLST_0024,WB_CENTRE_KOL_01,HALL_01,25,Q17,B,1.0
WBSSC_SLST_0024,WB_CENTRE_KOL_01,HALL_01,25,Q18,D,0.0
WBSSC_SLST_0024,WB_CENTRE_KOL_01,HALL_01,25,Q19,D,0.0
WBSSC_SLST_0024,WB_CENTRE_KOL_01,HALL_01,25,Q20,D,0.0
WBSSC_SLST_0024,WB_CENTRE_KOL_01,HALL_01,25,Q21,C,0.0
WBSSC_SLST_0024,WB_CENTRE_KOL_01,HALL_01,25,Q22,A,0.0
WBSSC_SLST_0024,WB_CENTRE_KOL_01,HALL_01,25,Q23,D,0.0
WBSSC_SLST_0024,WB_CENTRE_KOL_01,HALL_01,25,Q24,C,0.0
WBSSC_SLST_0024,WB_CENTRE_KOL_01,HALL_01,25,Q25,A,0.0
WBSSC_SLST_0024,WB_CENTRE_KOL_01,HALL_01,25,Q26,D,0.0
WBSSC_SLST_0024,WB_CENTRE_KOL_01,HALL_01,25,Q27,A,0.0
WBSSC_SLST_0024,WB_CENTRE_KOL_01,HALL_01,25,Q28,C,0.0
WBSSC_SLST_0024,WB_CENTRE_KOL_01,HALL_01,25,Q29,D,0.0
WBSSC_SLST_0024,WB_CENTRE_KOL_01,HALL_01,25,Q30,D,0.0
WBSSC_SLST_0024,WB_CENTRE_KOL_01,HALL_01,25,Q31,D,0.0
WBSSC_SLST_0024,WB_CENTRE_KOL_01,HALL_01,25,Q32,C,0.0
WBSSC_SLST_0024,WB_CENTRE_KOL_01,HALL_01,25,Q33,C,0.0
WBSSC_SLST_0024,WB_CENTRE_KOL_01,HALL_01,25,Q34,D,0.0
WBSSC_SLST_0024,WB_CENTRE_KOL_01,HALL_01,25,Q35,C,0.0
WBSSC_SLST_0024,WB_CENTRE_KOL_01,HALL_01,25,Q36,C,0.0
WBSSC_SLST_0024,WB_CENTRE_KOL_01,HALL_01,25,Q37,A,0.0
WBSSC_SLST_0024,WB_CENTRE_KOL_01,HALL_01,25,Q38,C,0.0
WBSSC_SLST_0024,WB_CENTRE_KOL_01,HALL_01,25,Q39,A,0.0
WBSSC_SLST_0024,WB_CENTRE_KOL_01,HALL_01,25,Q40,A,0.0
WBSSC_SLST_0024,WB_CENTRE_KOL_01,HALL_01,25,Q41,D,0.0
WBSSC_SLST_0024,WB_CENTRE_KOL_01,HALL_01,25,Q42,A,0.0
WBSSC_SLST_0024,WB_CENTRE_KOL_01,HALL_01,25,Q43,C,0.0
WBSSC_SLST_0024,WB_CENTRE_KOL_01,HALL_01,25,Q44,C,0.0
WBSSC_SLST_0024,WB_CENTRE_KOL_01,HALL_01,25,Q45,A,0.0
WBSSC_SLST_0024,WB_CENTRE_KOL_01,HALL_01,25,Q46,C,0.0
WBSSC_SLST_0024,WB_CENTRE_KOL_01,HALL_01,25,Q47,D,0.0
WBSSC_SLST_0024,WB_CENTRE_KOL_01,HALL_01,25,Q48,D,0.0
WBSSC_SLST_0024,WB_CENTRE_KOL_01,HALL_01,25,Q49,C,0.0
WBSSC_SLST_0024,WB_CENTRE_KOL_01,HALL_01,25,Q50,C,0.0
WBSSC_SLST_0024,WB_CENTRE_KOL_01,HALL_01,25,Q51,D,0.0
WBSSC_SLST_0024,WB_CENTRE_KOL_01,HALL_01,25,Q52,A,0.0
WBSSC_SLST_0024,WB_CENTRE_KOL_01,HALL_01,25,Q53,D,0.0
WBSSC_SLST_0024,WB_CENTRE_KOL_01,HALL_01,25,Q54,D,0.0
WBSSC_SLST_0024,WB_CENTRE_KOL_01,HALL_01,25,Q55,D,0.0
WBSSC_SLST_0024,WB_CENTRE_KOL_01,HALL_01,25,Q56,C,0.0
WBSSC_SLST_0024,WB_CENTRE_KOL_01,HALL_01,25,Q57,A,0.0
WBSSC_SLST_0024,WB_CENTRE_KOL_01,HALL_01,25,Q58,D,0.0
WBSSC_SLST_0024,WB_CENTRE_KOL_01,HALL_01,25,Q59,D,0.0
WBSSC_SLST_0024,WB_CENTRE_KOL_01,HALL_01,25,Q60,D,0.0
WBSSC_SLST_0025,WB_CENTRE_KOL_01,HALL_02,1,Q01,B,1.0
WBSSC_SLST_0025,WB_CENTRE_KOL_01,HALL_02,1,Q02,B,1.0
WBSSC_SLST_0025,WB_CENTRE_KOL_01,HALL_02,1,Q03,B,1.0
WBSSC_SLST_0025,WB_CENTRE_KOL_01,HALL_02,1,Q04,B,1.0
WBSSC_SLST_0025,WB_CENTRE_KOL_01,HALL_02,1,Q05,B,1.0
WBSSC_SLST_0025,WB_CENTRE_KOL_01,HALL_02,1,Q06,B,1.0
WBSSC_SLST_0025,WB_CENTRE_KOL_01,HALL_02,1,Q07,B,1.0
WBSSC_SLST_0025,WB_CENTRE_KOL_01,HALL_02,1,Q08,B,1.0
WBSSC_SLST_0025,WB_CENTRE_KOL_01,HALL_02,1,Q09,B,1.0
WBSSC_SLST_0025,WB_CENTRE_KOL_01,HALL_02,1,Q10,B,1.0
WBSSC_SLST_0025,WB_CENTRE_KOL_01,HALL_02,1,Q11,B,1.0
WBSSC_SLST_0025,WB_CENTRE_KOL_01,HALL_02,1,Q12,B,1.0
WBSSC_SLST_0025,WB_CENTRE_KOL_01,HALL_02,1,Q13,B,1.0
WBSSC_SLST_0025,WB_CENTRE_KOL_01,HALL_02,1,Q14,B,1.0
WBSSC_SLST_0025,WB_CENTRE_KOL_01,HALL_02,1,Q15,B,1.0
WBSSC_SLST_0025,WB_CENTRE_KOL_01,HALL_02,1,Q16,B,1.0
WBSSC_SLST_0025,WB_CENTRE_KOL_01,HALL_02,1,Q17,B,1.0
WBSSC_SLST_0025,WB_CENTRE_KOL_01,HALL_02,1,Q18,B,1.0
WBSSC_SLST_0025,WB_CENTRE_KOL_01,HALL_02,1,Q19,B,1.0
WBSSC_SLST_0025,WB_CENTRE_KOL_01,HALL_02,1,Q20,B,1.0
WBSSC_SLST_0025,WB_CENTRE_KOL_01,HALL_02,1,Q21,B,1.0
WBSSC_SLST_0025,WB_CENTRE_KOL_01,HALL_02,1,Q22,B,1.0
WBSSC_SLST_0025,WB_CENTRE_KOL_01,HALL_02,1,Q23,B,1.0
WBSSC_SLST_0025,WB_CENTRE_KOL_01,HALL_02,1,Q24,B,1.0
WBSSC_SLST_0025,WB_CENTRE_KOL_01,HALL_02,1,Q25,B,1.0
WBSSC_SLST_0025,WB_CENTRE_KOL_01,HALL_02,1,Q26,B,1.0
WBSSC_SLST_0025,WB_CENTRE_KOL_01,HALL_02,1,Q27,B,1.0
WBSSC_SLST_0025,WB_CENTRE_KOL_01,HALL_02,1,Q28,B,1.0
WBSSC_SLST_0025,WB_CENTRE_KOL_01,HALL_02,1,Q29,B,1.0
WBSSC_SLST_0025,WB_CENTRE_KOL_01,HALL_02,1,Q30,C,0.0
WBSSC_SLST_0025,WB_CENTRE_KOL_01,HALL_02,1,Q31,C,0.0
WBSSC_SLST_0025,WB_CENTRE_KOL_01,HALL_02,1,Q32,C,0.0
WBSSC_SLST_0025,WB_CENTRE_KOL_01,HALL_02,1,Q33,D,0.0
WBSSC_SLST_0025,WB_CENTRE_KOL_01,HALL_02,1,Q34,A,0.0
WBSSC_SLST_0025,WB_CENTRE_KOL_01,HALL_02,1,Q35,C,0.0
WBSSC_SLST_0025,WB_CENTRE_KOL_01,HALL_02,1,Q36,C,0.0
WBSSC_SLST_0025,WB_CENTRE_KOL_01,HALL_02,1,Q37,D,0.0
WBSSC_SLST_0025,WB_CENTRE_KOL_01,HALL_02,1,Q38,A,0.0
WBSSC_SLST_0025,WB_CENTRE_KOL_01,HALL_02,1,Q39,C,0.0
WBSSC_SLST_0025,WB_CENTRE_KOL_01,HALL_02,1,Q40,D,0.0
WBSSC_SLST_0025,WB_CENTRE_KOL_01,HALL_02,1,Q41,D,0.0
WBSSC_SLST_0025,WB_CENTRE_KOL_01,HALL_02,1,Q42,C,0.0
WBSSC_SLST_0025,WB_CENTRE_KOL_01,HALL_02,1,Q43,D,0.0
WBSSC_SLST_0025,WB_CENTRE_KOL_01,HALL_02,1,Q44,A,0.0
WBSSC_SLST_0025,WB_CENTRE_KOL_01,HALL_02,1,Q45,C,0.0
WBSSC_SLST_0025,WB_CENTRE_KOL_01,HALL_02,1,Q46,C,0.0
WBSSC_SLST_0025,WB_CENTRE_KOL_01,HALL_02,1,Q47,D,0.0
WBSSC_SLST_0025,WB_CENTRE_KOL_01,HALL_02,1,Q48,A,0.0
WBSSC_SLST_0025,WB_CENTRE_KOL_01,HALL_02,1,Q49,A,0.0
WBSSC_SLST_0025,WB_CENTRE_KOL_01,HALL_02,1,Q50,C,0.0
WBSSC_SLST_0025,WB_CENTRE_KOL_01,HALL_02,1,Q51,D,0.0
WBSSC_SLST_0025,WB_CENTRE_KOL_01,HALL_02,1,Q52,C,0.0
WBSSC_SLST_0025,WB_CENTRE_KOL_01,HALL_02,1,Q53,A,0.0
WBSSC_SLST_0025,WB_CENTRE_KOL_01,HALL_02,1,Q54,D,0.0
WBSSC_SLST_0025,WB_CENTRE_KOL_01,HALL_02,1,Q55,D,0.0
WBSSC_SLST_0025,WB_CENTRE_KOL_01,HALL_02,1,Q56,D,0.0
WBSSC_SLST_0025,WB_CENTRE_KOL_01,HALL_02,1,Q57,C,0.0
WBSSC_SLST_0025,WB_CENTRE_KOL_01,HALL_02,1,Q58,C,0.0
WBSSC_SLST_0025,WB_CENTRE_KOL_01,HALL_02,1,Q59,A,0.0
WBSSC_SLST_0025,WB_CENTRE_KOL_01,HALL_02,1,Q60,A,0.0
WBSSC_SLST_0026,WB_CENTRE_KOL_01,HALL_03,2,Q01,B,1.0
WBSSC_SLST_0026,WB_CENTRE_KOL_01,HALL_03,2,Q02,B,1.0
WBSSC_SLST_0026,WB_CENTRE_KOL_01,HALL_03,2,Q03,B,1.0
WBSSC_SLST_0026,WB_CENTRE_KOL_01,HALL_03,2,Q04,B,1.0
WBSSC_SLST_0026,WB_CENTRE_KOL_01,HALL_03,2,Q05,B,1.0
WBSSC_SLST_0026,WB_CENTRE_KOL_01,HALL_03,2,Q06,B,1.0
WBSSC_SLST_0026,WB_CENTRE_KOL_01,HALL_03,2,Q07,B,1.0
WBSSC_SLST_0026,WB_CENTRE_KOL_01,HALL_03,2,Q08,B,1.0
WBSSC_SLST_0026,WB_CENTRE_KOL_01,HALL_03,2,Q09,B,1.0
WBSSC_SLST_0026,WB_CENTRE_KOL_01,HALL_03,2,Q10,B,1.0
WBSSC_SLST_0026,WB_CENTRE_KOL_01,HALL_03,2,Q11,B,1.0
WBSSC_SLST_0026,WB_CENTRE_KOL_01,HALL_03,2,Q12,B,1.0
WBSSC_SLST_0026,WB_CENTRE_KOL_01,HALL_03,2,Q13,B,1.0
WBSSC_SLST_0026,WB_CENTRE_KOL_01,HALL_03,2,Q14,B,1.0
WBSSC_SLST_0026,WB_CENTRE_KOL_01,HALL_03,2,Q15,B,1.0
WBSSC_SLST_0026,WB_CENTRE_KOL_01,HALL_03,2,Q16,B,1.0
WBSSC_SLST_0026,WB_CENTRE_KOL_01,HALL_03,2,Q17,B,1.0
WBSSC_SLST_0026,WB_CENTRE_KOL_01,HALL_03,2,Q18,B,1.0
WBSSC_SLST_0026,WB_CENTRE_KOL_01,HALL_03,2,Q19,B,1.0
WBSSC_SLST_0026,WB_CENTRE_KOL_01,HALL_03,2,Q20,B,1.0
WBSSC_SLST_0026,WB_CENTRE_KOL_01,HALL_03,2,Q21,B,1.0
WBSSC_SLST_0026,WB_CENTRE_KOL_01,HALL_03,2,Q22,B,1.0
WBSSC_SLST_0026,WB_CENTRE_KOL_01,HALL_03,2,Q23,B,1.0
WBSSC_SLST_0026,WB_CENTRE_KOL_01,HALL_03,2,Q24,B,1.0
WBSSC_SLST_0026,WB_CENTRE_KOL_01,HALL_03,2,Q25,B,1.0
WBSSC_SLST_0026,WB_CENTRE_KOL_01,HALL_03,2,Q26,B,1.0
WBSSC_SLST_0026,WB_CENTRE_KOL_01,HALL_03,2,Q27,B,1.0
WBSSC_SLST_0026,WB_CENTRE_KOL_01,HALL_03,2,Q28,B,1.0
WBSSC_SLST_0026,WB_CENTRE_KOL_01,HALL_03,2,Q29,B,1.0
WBSSC_SLST_0026,WB_CENTRE_KOL_01,HALL_03,2,Q30,B,1.0
WBSSC_SLST_0026,WB_CENTRE_KOL_01,HALL_03,2,Q31,B,1.0
WBSSC_SLST_0026,WB_CENTRE_KOL_01,HALL_03,2,Q32,B,1.0
WBSSC_SLST_0026,WB_CENTRE_KOL_01,HALL_03,2,Q33,B,1.0
WBSSC_SLST_0026,WB_CENTRE_KOL_01,HALL_03,2,Q34,B,1.0
WBSSC_SLST_0026,WB_CENTRE_KOL_01,HALL_03,2,Q35,A,0.0
WBSSC_SLST_0026,WB_CENTRE_KOL_01,HALL_03,2,Q36,D,0.0
WBSSC_SLST_0026,WB_CENTRE_KOL_01,HALL_03,2,Q37,A,0.0
WBSSC_SLST_0026,WB_CENTRE_KOL_01,HALL_03,2,Q38,A,0.0
WBSSC_SLST_0026,WB_CENTRE_KOL_01,HALL_03,2,Q39,C,0.0
WBSSC_SLST_0026,WB_CENTRE_KOL_01,HALL_03,2,Q40,A,0.0
WBSSC_SLST_0026,WB_CENTRE_KOL_01,HALL_03,2,Q41,D,0.0
WBSSC_SLST_0026,WB_CENTRE_KOL_01,HALL_03,2,Q42,A,0.0
WBSSC_SLST_0026,WB_CENTRE_KOL_01,HALL_03,2,Q43,D,0.0
WBSSC_SLST_0026,WB_CENTRE_KOL_01,HALL_03,2,Q44,A,0.0
WBSSC_SLST_0026,WB_CENTRE_KOL_01,HALL_03,2,Q45,D,0.0
WBSSC_SLST_0026,WB_CENTRE_KOL_01,HALL_03,2,Q46,D,0.0
WBSSC_SLST_0026,WB_CENTRE_KOL_01,HALL_03,2,Q47,D,0.0
WBSSC_SLST_0026,WB_CENTRE_KOL_01,HALL_03,2,Q48,A,0.0
WBSSC_SLST_0026,WB_CENTRE_KOL_01,HALL_03,2,Q49,A,0.0
WBSSC_SLST_0026,WB_CENTRE_KOL_01,HALL_03,2,Q50,A,0.0
WBSSC_SLST_0026,WB_CENTRE_KOL_01,HALL_03,2,Q51,A,0.0
WBSSC_SLST_0026,WB_CENTRE_KOL_01,HALL_03,2,Q52,A,0.0
WBSSC_SLST_0026,WB_CENTRE_KOL_01,HALL_03,2,Q53,D,0.0
WBSSC_SLST_0026,WB_CENTRE_KOL_01,HALL_03,2,Q54,C,0.0
WBSSC_SLST_0026,WB_CENTRE_KOL_01,HALL_03,2,Q55,A,0.0
WBSSC_SLST_0026,WB_CENTRE_KOL_01,HALL_03,2,Q56,D,0.0
WBSSC_SLST_0026,WB_CENTRE_KOL_01,HALL_03,2,Q57,A,0.0
WBSSC_SLST_0026,WB_CENTRE_KOL_01,HALL_03,2,Q58,C,0.0
WBSSC_SLST_0026,WB_CENTRE_KOL_01,HALL_03,2,Q59,A,0.0
WBSSC_SLST_0026,WB_CENTRE_KOL_01,HALL_03,2,Q60,D,0.0
WBSSC_SLST_0027,WB_CENTRE_KOL_01,HALL_04,3,Q01,B,1.0
WBSSC_SLST_0027,WB_CENTRE_KOL_01,HALL_04,3,Q02,B,1.0
WBSSC_SLST_0027,WB_CENTRE_KOL_01,HALL_04,3,Q03,B,1.0
WBSSC_SLST_0027,WB_CENTRE_KOL_01,HALL_04,3,Q04,B,1.0
WBSSC_SLST_0027,WB_CENTRE_KOL_01,HALL_04,3,Q05,B,1.0
WBSSC_SLST_0027,WB_CENTRE_KOL_01,HALL_04,3,Q06,B,1.0
WBSSC_SLST_0027,WB_CENTRE_KOL_01,HALL_04,3,Q07,B,1.0
WBSSC_SLST_0027,WB_CENTRE_KOL_01,HALL_04,3,Q08,B,1.0
WBSSC_SLST_0027,WB_CENTRE_KOL_01,HALL_04,3,Q09,B,1.0
WBSSC_SLST_0027,WB_CENTRE_KOL_01,HALL_04,3,Q10,B,1.0
WBSSC_SLST_0027,WB_CENTRE_KOL_01,HALL_04,3,Q11,B,1.0
WBSSC_SLST_0027,WB_CENTRE_KOL_01,HALL_04,3,Q12,B,1.0
WBSSC_SLST_0027,WB_CENTRE_KOL_01,HALL_04,3,Q13,B,1.0
WBSSC_SLST_0027,WB_CENTRE_KOL_01,HALL_04,3,Q14,B,1.0
WBSSC_SLST_0027,WB_CENTRE_KOL_01,HALL_04,3,Q15,B,1.0
WBSSC_SLST_0027,WB_CENTRE_KOL_01,HALL_04,3,Q16,B,1.0
WBSSC_SLST_0027,WB_CENTRE_KOL_01,HALL_04,3,Q17,B,1.0
WBSSC_SLST_0027,WB_CENTRE_KOL_01,HALL_04,3,Q18,B,1.0
WBSSC_SLST_0027,WB_CENTRE_KOL_01,HALL_04,3,Q19,B,1.0
WBSSC_SLST_0027,WB_CENTRE_KOL_01,HALL_04,3,Q20,B,1.0
WBSSC_SLST_0027,WB_CENTRE_KOL_01,HALL_04,3,Q21,B,1.0
WBSSC_SLST_0027,WB_CENTRE_KOL_01,HALL_04,3,Q22,B,1.0
WBSSC_SLST_0027,WB_CENTRE_KOL_01,HALL_04,3,Q23,B,1.0
WBSSC_SLST_0027,WB_CENTRE_KOL_01,HALL_04,3,Q24,B,1.0
WBSSC_SLST_0027,WB_CENTRE_KOL_01,HALL_04,3,Q25,B,1.0
WBSSC_SLST_0027,WB_CENTRE_KOL_01,HALL_04,3,Q26,B,1.0
WBSSC_SLST_0027,WB_CENTRE_KOL_01,HALL_04,3,Q27,B,1.0
WBSSC_SLST_0027,WB_CENTRE_KOL_01,HALL_04,3,Q28,B,1.0
WBSSC_SLST_0027,WB_CENTRE_KOL_01,HALL_04,3,Q29,B,1.0
WBSSC_SLST_0027,WB_CENTRE_KOL_01,HALL_04,3,Q30,B,1.0
WBSSC_SLST_0027,WB_CENTRE_KOL_01,HALL_04,3,Q31,B,1.0
WBSSC_SLST_0027,WB_CENTRE_KOL_01,HALL_04,3,Q32,B,1.0
WBSSC_SLST_0027,WB_CENTRE_KOL_01,HALL_04,3,Q33,B,1.0
WBSSC_SLST_0027,WB_CENTRE_KOL_01,HALL_04,3,Q34,B,1.0
WBSSC_SLST_0027,WB_CENTRE_KOL_01,HALL_04,3,Q35,B,1.0
WBSSC_SLST_0027,WB_CENTRE_KOL_01,HALL_04,3,Q36,B,1.0
WBSSC_SLST_0027,WB_CENTRE_KOL_01,HALL_04,3,Q37,B,1.0
WBSSC_SLST_0027,WB_CENTRE_KOL_01,HALL_04,3,Q38,B,1.0
WBSSC_SLST_0027,WB_CENTRE_KOL_01,HALL_04,3,Q39,B,1.0
WBSSC_SLST_0027,WB_CENTRE_KOL_01,HALL_04,3,Q40,D,0.0
WBSSC_SLST_0027,WB_CENTRE_KOL_01,HALL_04,3,Q41,C,0.0
WBSSC_SLST_0027,WB_CENTRE_KOL_01,HALL_04,3,Q42,A,0.0
WBSSC_SLST_0027,WB_CENTRE_KOL_01,HALL_04,3,Q43,D,0.0
WBSSC_SLST_0027,WB_CENTRE_KOL_01,HALL_04,3,Q44,D,0.0
WBSSC_SLST_0027,WB_CENTRE_KOL_01,HALL_04,3,Q45,C,0.0
WBSSC_SLST_0027,WB_CENTRE_KOL_01,HALL_04,3,Q46,D,0.0
WBSSC_SLST_0027,WB_CENTRE_KOL_01,HALL_04,3,Q47,D,0.0
WBSSC_SLST_0027,WB_CENTRE_KOL_01,HALL_04,3,Q48,A,0.0
WBSSC_SLST_0027,WB_CENTRE_KOL_01,HALL_04,3,Q49,C,0.0
WBSSC_SLST_0027,WB_CENTRE_KOL_01,HALL_04,3,Q50,D,0.0
WBSSC_SLST_0027,WB_CENTRE_KOL_01,HALL_04,3,Q51,C,0.0
WBSSC_SLST_0027,WB_CENTRE_KOL_01,HALL_04,3,Q52,D,0.0
WBSSC_SLST_0027,WB_CENTRE_KOL_01,HALL_04,3,Q53,A,0.0
WBSSC_SLST_0027,WB_CENTRE_KOL_01,HALL_04,3,Q54,D,0.0
WBSSC_SLST_0027,WB_CENTRE_KOL_01,HALL_04,3,Q55,D,0.0
WBSSC_SLST_0027,WB_CENTRE_KOL_01,HALL_04,3,Q56,A,0.0
WBSSC_SLST_0027,WB_CENTRE_KOL_01,HALL_04,3,Q57,A,0.0
WBSSC_SLST_0027,WB_CENTRE_KOL_01,HALL_04,3,Q58,D,0.0
WBSSC_SLST_0027,WB_CENTRE_KOL_01,HALL_04,3,Q59,A,0.0
WBSSC_SLST_0027,WB_CENTRE_KOL_01,HALL_04,3,Q60,A,0.0
WBSSC_SLST_0028,WB_CENTRE_KOL_01,HALL_01,4,Q01,B,1.0
WBSSC_SLST_0028,WB_CENTRE_KOL_01,HALL_01,4,Q02,B,1.0
WBSSC_SLST_0028,WB_CENTRE_KOL_01,HALL_01,4,Q03,B,1.0
WBSSC_SLST_0028,WB_CENTRE_KOL_01,HALL_01,4,Q04,B,1.0
WBSSC_SLST_0028,WB_CENTRE_KOL_01,HALL_01,4,Q05,B,1.0
WBSSC_SLST_0028,WB_CENTRE_KOL_01,HALL_01,4,Q06,B,1.0
WBSSC_SLST_0028,WB_CENTRE_KOL_01,HALL_01,4,Q07,B,1.0
WBSSC_SLST_0028,WB_CENTRE_KOL_01,HALL_01,4,Q08,B,1.0
WBSSC_SLST_0028,WB_CENTRE_KOL_01,HALL_01,4,Q09,B,1.0
WBSSC_SLST_0028,WB_CENTRE_KOL_01,HALL_01,4,Q10,B,1.0
WBSSC_SLST_0028,WB_CENTRE_KOL_01,HALL_01,4,Q11,B,1.0
WBSSC_SLST_0028,WB_CENTRE_KOL_01,HALL_01,4,Q12,B,1.0
WBSSC_SLST_0028,WB_CENTRE_KOL_01,HALL_01,4,Q13,B,1.0
WBSSC_SLST_0028,WB_CENTRE_KOL_01,HALL_01,4,Q14,B,1.0
WBSSC_SLST_0028,WB_CENTRE_KOL_01,HALL_01,4,Q15,B,1.0
WBSSC_SLST_0028,WB_CENTRE_KOL_01,HALL_01,4,Q16,B,1.0
WBSSC_SLST_0028,WB_CENTRE_KOL_01,HALL_01,4,Q17,B,1.0
WBSSC_SLST_0028,WB_CENTRE_KOL_01,HALL_01,4,Q18,B,1.0
WBSSC_SLST_0028,WB_CENTRE_KOL_01,HALL_01,4,Q19,B,1.0
WBSSC_SLST_0028,WB_CENTRE_KOL_01,HALL_01,4,Q20,B,1.0
WBSSC_SLST_0028,WB_CENTRE_KOL_01,HALL_01,4,Q21,A,0.0
WBSSC_SLST_0028,WB_CENTRE_KOL_01,HALL_01,4,Q22,A,0.0
WBSSC_SLST_0028,WB_CENTRE_KOL_01,HALL_01,4,Q23,D,0.0
WBSSC_SLST_0028,WB_CENTRE_KOL_01,HALL_01,4,Q24,A,0.0
WBSSC_SLST_0028,WB_CENTRE_KOL_01,HALL_01,4,Q25,C,0.0
WBSSC_SLST_0028,WB_CENTRE_KOL_01,HALL_01,4,Q26,A,0.0
WBSSC_SLST_0028,WB_CENTRE_KOL_01,HALL_01,4,Q27,C,0.0
WBSSC_SLST_0028,WB_CENTRE_KOL_01,HALL_01,4,Q28,A,0.0
WBSSC_SLST_0028,WB_CENTRE_KOL_01,HALL_01,4,Q29,C,0.0
WBSSC_SLST_0028,WB_CENTRE_KOL_01,HALL_01,4,Q30,D,0.0
WBSSC_SLST_0028,WB_CENTRE_KOL_01,HALL_01,4,Q31,A,0.0
WBSSC_SLST_0028,WB_CENTRE_KOL_01,HALL_01,4,Q32,D,0.0
WBSSC_SLST_0028,WB_CENTRE_KOL_01,HALL_01,4,Q33,C,0.0
WBSSC_SLST_0028,WB_CENTRE_KOL_01,HALL_01,4,Q34,C,0.0
WBSSC_SLST_0028,WB_CENTRE_KOL_01,HALL_01,4,Q35,D,0.0
WBSSC_SLST_0028,WB_CENTRE_KOL_01,HALL_01,4,Q36,A,0.0
WBSSC_SLST_0028,WB_CENTRE_KOL_01,HALL_01,4,Q37,D,0.0
WBSSC_SLST_0028,WB_CENTRE_KOL_01,HALL_01,4,Q38,C,0.0
WBSSC_SLST_0028,WB_CENTRE_KOL_01,HALL_01,4,Q39,C,0.0
WBSSC_SLST_0028,WB_CENTRE_KOL_01,HALL_01,4,Q40,C,0.0
WBSSC_SLST_0028,WB_CENTRE_KOL_01,HALL_01,4,Q41,D,0.0
WBSSC_SLST_0028,WB_CENTRE_KOL_01,HALL_01,4,Q42,D,0.0
WBSSC_SLST_0028,WB_CENTRE_KOL_01,HALL_01,4,Q43,D,0.0
WBSSC_SLST_0028,WB_CENTRE_KOL_01,HALL_01,4,Q44,D,0.0
WBSSC_SLST_0028,WB_CENTRE_KOL_01,HALL_01,4,Q45,C,0.0
WBSSC_SLST_0028,WB_CENTRE_KOL_01,HALL_01,4,Q46,C,0.0
WBSSC_SLST_0028,WB_CENTRE_KOL_01,HALL_01,4,Q47,A,0.0
WBSSC_SLST_0028,WB_CENTRE_KOL_01,HALL_01,4,Q48,C,0.0
WBSSC_SLST_0028,WB_CENTRE_KOL_01,HALL_01,4,Q49,A,0.0
WBSSC_SLST_0028,WB_CENTRE_KOL_01,HALL_01,4,Q50,A,0.0
WBSSC_SLST_0028,WB_CENTRE_KOL_01,HALL_01,4,Q51,D,0.0
WBSSC_SLST_0028,WB_CENTRE_KOL_01,HALL_01,4,Q52,A,0.0
WBSSC_SLST_0028,WB_CENTRE_KOL_01,HALL_01,4,Q53,D,0.0
WBSSC_SLST_0028,WB_CENTRE_KOL_01,HALL_01,4,Q54,C,0.0
WBSSC_SLST_0028,WB_CENTRE_KOL_01,HALL_01,4,Q55,C,0.0
WBSSC_SLST_0028,WB_CENTRE_KOL_01,HALL_01,4,Q56,D,0.0
WBSSC_SLST_0028,WB_CENTRE_KOL_01,HALL_01,4,Q57,C,0.0
WBSSC_SLST_0028,WB_CENTRE_KOL_01,HALL_01,4,Q58,A,0.0
WBSSC_SLST_0028,WB_CENTRE_KOL_01,HALL_01,4,Q59,C,0.0
WBSSC_SLST_0028,WB_CENTRE_KOL_01,HALL_01,4,Q60,A,0.0
WBSSC_SLST_0029,WB_CENTRE_KOL_01,HALL_02,5,Q01,B,1.0
WBSSC_SLST_0029,WB_CENTRE_KOL_01,HALL_02,5,Q02,B,1.0
WBSSC_SLST_0029,WB_CENTRE_KOL_01,HALL_02,5,Q03,B,1.0
WBSSC_SLST_0029,WB_CENTRE_KOL_01,HALL_02,5,Q04,B,1.0
WBSSC_SLST_0029,WB_CENTRE_KOL_01,HALL_02,5,Q05,B,1.0
WBSSC_SLST_0029,WB_CENTRE_KOL_01,HALL_02,5,Q06,B,1.0
WBSSC_SLST_0029,WB_CENTRE_KOL_01,HALL_02,5,Q07,B,1.0
WBSSC_SLST_0029,WB_CENTRE_KOL_01,HALL_02,5,Q08,B,1.0
WBSSC_SLST_0029,WB_CENTRE_KOL_01,HALL_02,5,Q09,B,1.0
WBSSC_SLST_0029,WB_CENTRE_KOL_01,HALL_02,5,Q10,B,1.0
WBSSC_SLST_0029,WB_CENTRE_KOL_01,HALL_02,5,Q11,B,1.0
WBSSC_SLST_0029,WB_CENTRE_KOL_01,HALL_02,5,Q12,B,1.0
WBSSC_SLST_0029,WB_CENTRE_KOL_01,HALL_02,5,Q13,B,1.0
WBSSC_SLST_0029,WB_CENTRE_KOL_01,HALL_02,5,Q14,B,1.0
WBSSC_SLST_0029,WB_CENTRE_KOL_01,HALL_02,5,Q15,B,1.0
WBSSC_SLST_0029,WB_CENTRE_KOL_01,HALL_02,5,Q16,B,1.0
WBSSC_SLST_0029,WB_CENTRE_KOL_01,HALL_02,5,Q17,B,1.0
WBSSC_SLST_0029,WB_CENTRE_KOL_01,HALL_02,5,Q18,B,1.0
WBSSC_SLST_0029,WB_CENTRE_KOL_01,HALL_02,5,Q19,B,1.0
WBSSC_SLST_0029,WB_CENTRE_KOL_01,HALL_02,5,Q20,B,1.0
WBSSC_SLST_0029,WB_CENTRE_KOL_01,HALL_02,5,Q21,B,1.0
WBSSC_SLST_0029,WB_CENTRE_KOL_01,HALL_02,5,Q22,B,1.0
WBSSC_SLST_0029,WB_CENTRE_KOL_01,HALL_02,5,Q23,B,1.0
WBSSC_SLST_0029,WB_CENTRE_KOL_01,HALL_02,5,Q24,B,1.0
WBSSC_SLST_0029,WB_CENTRE_KOL_01,HALL_02,5,Q25,B,1.0
WBSSC_SLST_0029,WB_CENTRE_KOL_01,HALL_02,5,Q26,B,1.0
WBSSC_SLST_0029,WB_CENTRE_KOL_01,HALL_02,5,Q27,B,1.0
WBSSC_SLST_0029,WB_CENTRE_KOL_01,HALL_02,5,Q28,B,1.0
WBSSC_SLST_0029,WB_CENTRE_KOL_01,HALL_02,5,Q29,B,1.0
WBSSC_SLST_0029,WB_CENTRE_KOL_01,HALL_02,5,Q30,B,1.0
WBSSC_SLST_0029,WB_CENTRE_KOL_01,HALL_02,5,Q31,B,1.0
WBSSC_SLST_0029,WB_CENTRE_KOL_01,HALL_02,5,Q32,B,1.0
WBSSC_SLST_0029,WB_CENTRE_KOL_01,HALL_02,5,Q33,C,0.0
WBSSC_SLST_0029,WB_CENTRE_KOL_01,HALL_02,5,Q34,A,0.0
WBSSC_SLST_0029,WB_CENTRE_KOL_01,HALL_02,5,Q35,A,0.0
WBSSC_SLST_0029,WB_CENTRE_KOL_01,HALL_02,5,Q36,D,0.0
WBSSC_SLST_0029,WB_CENTRE_KOL_01,HALL_02,5,Q37,C,0.0
WBSSC_SLST_0029,WB_CENTRE_KOL_01,HALL_02,5,Q38,D,0.0
WBSSC_SLST_0029,WB_CENTRE_KOL_01,HALL_02,5,Q39,C,0.0
WBSSC_SLST_0029,WB_CENTRE_KOL_01,HALL_02,5,Q40,C,0.0
WBSSC_SLST_0029,WB_CENTRE_KOL_01,HALL_02,5,Q41,A,0.0
WBSSC_SLST_0029,WB_CENTRE_KOL_01,HALL_02,5,Q42,D,0.0
WBSSC_SLST_0029,WB_CENTRE_KOL_01,HALL_02,5,Q43,D,0.0
WBSSC_SLST_0029,WB_CENTRE_KOL_01,HALL_02,5,Q44,D,0.0
WBSSC_SLST_0029,WB_CENTRE_KOL_01,HALL_02,5,Q45,C,0.0
WBSSC_SLST_0029,WB_CENTRE_KOL_01,HALL_02,5,Q46,A,0.0
WBSSC_SLST_0029,WB_CENTRE_KOL_01,HALL_02,5,Q47,C,0.0
WBSSC_SLST_0029,WB_CENTRE_KOL_01,HALL_02,5,Q48,D,0.0
WBSSC_SLST_0029,WB_CENTRE_KOL_01,HALL_02,5,Q49,D,0.0
WBSSC_SLST_0029,WB_CENTRE_KOL_01,HALL_02,5,Q50,D,0.0
WBSSC_SLST_0029,WB_CENTRE_KOL_01,HALL_02,5,Q51,A,0.0
WBSSC_SLST_0029,WB_CENTRE_KOL_01,HALL_02,5,Q52,D,0.0
WBSSC_SLST_0029,WB_CENTRE_KOL_01,HALL_02,5,Q53,D,0.0
WBSSC_SLST_0029,WB_CENTRE_KOL_01,HALL_02,5,Q54,C,0.0
WBSSC_SLST_0029,WB_CENTRE_KOL_01,HALL_02,5,Q55,C,0.0
WBSSC_SLST_0029,WB_CENTRE_KOL_01,HALL_02,5,Q56,A,0.0
WBSSC_SLST_0029,WB_CENTRE_KOL_01,HALL_02,5,Q57,D,0.0
WBSSC_SLST_0029,WB_CENTRE_KOL_01,HALL_02,5,Q58,D,0.0
WBSSC_SLST_0029,WB_CENTRE_KOL_01,HALL_02,5,Q59,A,0.0
WBSSC_SLST_0029,WB_CENTRE_KOL_01,HALL_02,5,Q60,C,0.0
WBSSC_SLST_0030,WB_CENTRE_KOL_01,HALL_03,6,Q01,B,1.0
WBSSC_SLST_0030,WB_CENTRE_KOL_01,HALL_03,6,Q02,B,1.0
WBSSC_SLST_0030,WB_CENTRE_KOL_01,HALL_03,6,Q03,B,1.0
WBSSC_SLST_0030,WB_CENTRE_KOL_01,HALL_03,6,Q04,B,1.0
WBSSC_SLST_0030,WB_CENTRE_KOL_01,HALL_03,6,Q05,B,1.0
WBSSC_SLST_0030,WB_CENTRE_KOL_01,HALL_03,6,Q06,B,1.0
WBSSC_SLST_0030,WB_CENTRE_KOL_01,HALL_03,6,Q07,B,1.0
WBSSC_SLST_0030,WB_CENTRE_KOL_01,HALL_03,6,Q08,B,1.0
WBSSC_SLST_0030,WB_CENTRE_KOL_01,HALL_03,6,Q09,B,1.0
WBSSC_SLST_0030,WB_CENTRE_KOL_01,HALL_03,6,Q10,B,1.0
WBSSC_SLST_0030,WB_CENTRE_KOL_01,HALL_03,6,Q11,B,1.0
WBSSC_SLST_0030,WB_CENTRE_KOL_01,HALL_03,6,Q12,B,1.0
WBSSC_SLST_0030,WB_CENTRE_KOL_01,HALL_03,6,Q13,B,1.0
WBSSC_SLST_0030,WB_CENTRE_KOL_01,HALL_03,6,Q14,B,1.0
WBSSC_SLST_0030,WB_CENTRE_KOL_01,HALL_03,6,Q15,B,1.0
WBSSC_SLST_0030,WB_CENTRE_KOL_01,HALL_03,6,Q16,B,1.0
WBSSC_SLST_0030,WB_CENTRE_KOL_01,HALL_03,6,Q17,B,1.0
WBSSC_SLST_0030,WB_CENTRE_KOL_01,HALL_03,6,Q18,B,1.0
WBSSC_SLST_0030,WB_CENTRE_KOL_01,HALL_03,6,Q19,B,1.0
WBSSC_SLST_0030,WB_CENTRE_KOL_01,HALL_03,6,Q20,B,1.0
WBSSC_SLST_0030,WB_CENTRE_KOL_01,HALL_03,6,Q21,B,1.0
WBSSC_SLST_0030,WB_CENTRE_KOL_01,HALL_03,6,Q22,B,1.0
WBSSC_SLST_0030,WB_CENTRE_KOL_01,HALL_03,6,Q23,B,1.0
WBSSC_SLST_0030,WB_CENTRE_KOL_01,HALL_03,6,Q24,B,1.0
WBSSC_SLST_0030,WB_CENTRE_KOL_01,HALL_03,6,Q25,B,1.0
WBSSC_SLST_0030,WB_CENTRE_KOL_01,HALL_03,6,Q26,B,1.0
WBSSC_SLST_0030,WB_CENTRE_KOL_01,HALL_03,6,Q27,B,1.0
WBSSC_SLST_0030,WB_CENTRE_KOL_01,HALL_03,6,Q28,B,1.0
WBSSC_SLST_0030,WB_CENTRE_KOL_01,HALL_03,6,Q29,B,1.0
WBSSC_SLST_0030,WB_CENTRE_KOL_01,HALL_03,6,Q30,B,1.0
WBSSC_SLST_0030,WB_CENTRE_KOL_01,HALL_03,6,Q31,B,1.0
WBSSC_SLST_0030,WB_CENTRE_KOL_01,HALL_03,6,Q32,B,1.0
WBSSC_SLST_0030,WB_CENTRE_KOL_01,HALL_03,6,Q33,B,1.0
WBSSC_SLST_0030,WB_CENTRE_KOL_01,HALL_03,6,Q34,B,1.0
WBSSC_SLST_0030,WB_CENTRE_KOL_01,HALL_03,6,Q35,B,1.0
WBSSC_SLST_0030,WB_CENTRE_KOL_01,HALL_03,6,Q36,B,1.0
WBSSC_SLST_0030,WB_CENTRE_KOL_01,HALL_03,6,Q37,B,1.0
WBSSC_SLST_0030,WB_CENTRE_KOL_01,HALL_03,6,Q38,A,0.0
WBSSC_SLST_0030,WB_CENTRE_KOL_01,HALL_03,6,Q39,D,0.0
WBSSC_SLST_0030,WB_CENTRE_KOL_01,HALL_03,6,Q40,D,0.0
WBSSC_SLST_0030,WB_CENTRE_KOL_01,HALL_03,6,Q41,C,0.0
WBSSC_SLST_0030,WB_CENTRE_KOL_01,HALL_03,6,Q42,C,0.0
WBSSC_SLST_0030,WB_CENTRE_KOL_01,HALL_03,6,Q43,D,0.0
WBSSC_SLST_0030,WB_CENTRE_KOL_01,HALL_03,6,Q44,A,0.0
WBSSC_SLST_0030,WB_CENTRE_KOL_01,HALL_03,6,Q45,C,0.0
WBSSC_SLST_0030,WB_CENTRE_KOL_01,HALL_03,6,Q46,D,0.0
WBSSC_SLST_0030,WB_CENTRE_KOL_01,HALL_03,6,Q47,A,0.0
WBSSC_SLST_0030,WB_CENTRE_KOL_01,HALL_03,6,Q48,C,0.0
WBSSC_SLST_0030,WB_CENTRE_KOL_01,HALL_03,6,Q49,A,0.0
WBSSC_SLST_0030,WB_CENTRE_KOL_01,HALL_03,6,Q50,D,0.0
WBSSC_SLST_0030,WB_CENTRE_KOL_01,HALL_03,6,Q51,D,0.0
WBSSC_SLST_0030,WB_CENTRE_KOL_01,HALL_03,6,Q52,A,0.0
WBSSC_SLST_0030,WB_CENTRE_KOL_01,HALL_03,6,Q53,D,0.0
WBSSC_SLST_0030,WB_CENTRE_KOL_01,HALL_03,6,Q54,A,0.0
WBSSC_SLST_0030,WB_CENTRE_KOL_01,HALL_03,6,Q55,D,0.0
WBSSC_SLST_0030,WB_CENTRE_KOL_01,HALL_03,6,Q56,C,0.0
WBSSC_SLST_0030,WB_CENTRE_KOL_01,HALL_03,6,Q57,A,0.0
WBSSC_SLST_0030,WB_CENTRE_KOL_01,HALL_03,6,Q58,A,0.0
WBSSC_SLST_0030,WB_CENTRE_KOL_01,HALL_03,6,Q59,A,0.0
WBSSC_SLST_0030,WB_CENTRE_KOL_01,HALL_03,6,Q60,A,0.0
WBSSC_SLST_0031,WB_CENTRE_KOL_01,HALL_04,7,Q01,B,1.0
WBSSC_SLST_0031,WB_CENTRE_KOL_01,HALL_04,7,Q02,B,1.0
WBSSC_SLST_0031,WB_CENTRE_KOL_01,HALL_04,7,Q03,B,1.0
WBSSC_SLST_0031,WB_CENTRE_KOL_01,HALL_04,7,Q04,B,1.0
WBSSC_SLST_0031,WB_CENTRE_KOL_01,HALL_04,7,Q05,B,1.0
WBSSC_SLST_0031,WB_CENTRE_KOL_01,HALL_04,7,Q06,B,1.0
WBSSC_SLST_0031,WB_CENTRE_KOL_01,HALL_04,7,Q07,B,1.0
WBSSC_SLST_0031,WB_CENTRE_KOL_01,HALL_04,7,Q08,B,1.0
WBSSC_SLST_0031,WB_CENTRE_KOL_01,HALL_04,7,Q09,B,1.0
WBSSC_SLST_0031,WB_CENTRE_KOL_01,HALL_04,7,Q10,B,1.0
WBSSC_SLST_0031,WB_CENTRE_KOL_01,HALL_04,7,Q11,B,1.0
WBSSC_SLST_0031,WB_CENTRE_KOL_01,HALL_04,7,Q12,B,1.0
WBSSC_SLST_0031,WB_CENTRE_KOL_01,HALL_04,7,Q13,B,1.0
WBSSC_SLST_0031,WB_CENTRE_KOL_01,HALL_04,7,Q14,B,1.0
WBSSC_SLST_0031,WB_CENTRE_KOL_01,HALL_04,7,Q15,B,1.0
WBSSC_SLST_0031,WB_CENTRE_KOL_01,HALL_04,7,Q16,B,1.0
WBSSC_SLST_0031,WB_CENTRE_KOL_01,HALL_04,7,Q17,B,1.0
WBSSC_SLST_0031,WB_CENTRE_KOL_01,HALL_04,7,Q18,B,1.0
WBSSC_SLST_0031,WB_CENTRE_KOL_01,HALL_04,7,Q19,A,0.0
WBSSC_SLST_0031,WB_CENTRE_KOL_01,HALL_04,7,Q20,D,0.0
WBSSC_SLST_0031,WB_CENTRE_KOL_01,HALL_04,7,Q21,C,0.0
WBSSC_SLST_0031,WB_CENTRE_KOL_01,HALL_04,7,Q22,A,0.0
WBSSC_SLST_0031,WB_CENTRE_KOL_01,HALL_04,7,Q23,A,0.0
WBSSC_SLST_0031,WB_CENTRE_KOL_01,HALL_04,7,Q24,A,0.0
WBSSC_SLST_0031,WB_CENTRE_KOL_01,HALL_04,7,Q25,D,0.0
WBSSC_SLST_0031,WB_CENTRE_KOL_01,HALL_04,7,Q26,C,0.0
WBSSC_SLST_0031,WB_CENTRE_KOL_01,HALL_04,7,Q27,A,0.0
WBSSC_SLST_0031,WB_CENTRE_KOL_01,HALL_04,7,Q28,D,0.0
WBSSC_SLST_0031,WB_CENTRE_KOL_01,HALL_04,7,Q29,D,0.0
WBSSC_SLST_0031,WB_CENTRE_KOL_01,HALL_04,7,Q30,C,0.0
WBSSC_SLST_0031,WB_CENTRE_KOL_01,HALL_04,7,Q31,A,0.0
WBSSC_SLST_0031,WB_CENTRE_KOL_01,HALL_04,7,Q32,C,0.0
WBSSC_SLST_0031,WB_CENTRE_KOL_01,HALL_04,7,Q33,A,0.0
WBSSC_SLST_0031,WB_CENTRE_KOL_01,HALL_04,7,Q34,C,0.0
WBSSC_SLST_0031,WB_CENTRE_KOL_01,HALL_04,7,Q35,D,0.0
WBSSC_SLST_0031,WB_CENTRE_KOL_01,HALL_04,7,Q36,C,0.0
WBSSC_SLST_0031,WB_CENTRE_KOL_01,HALL_04,7,Q37,C,0.0
WBSSC_SLST_0031,WB_CENTRE_KOL_01,HALL_04,7,Q38,D,0.0
WBSSC_SLST_0031,WB_CENTRE_KOL_01,HALL_04,7,Q39,D,0.0
WBSSC_SLST_0031,WB_CENTRE_KOL_01,HALL_04,7,Q40,D,0.0
WBSSC_SLST_0031,WB_CENTRE_KOL_01,HALL_04,7,Q41,C,0.0
WBSSC_SLST_0031,WB_CENTRE_KOL_01,HALL_04,7,Q42,A,0.0
WBSSC_SLST_0031,WB_CENTRE_KOL_01,HALL_04,7,Q43,C,0.0
WBSSC_SLST_0031,WB_CENTRE_KOL_01,HALL_04,7,Q44,C,0.0
WBSSC_SLST_0031,WB_CENTRE_KOL_01,HALL_04,7,Q45,A,0.0
WBSSC_SLST_0031,WB_CENTRE_KOL_01,HALL_04,7,Q46,C,0.0
WBSSC_SLST_0031,WB_CENTRE_KOL_01,HALL_04,7,Q47,A,0.0
WBSSC_SLST_0031,WB_CENTRE_KOL_01,HALL_04,7,Q48,D,0.0
WBSSC_SLST_0031,WB_CENTRE_KOL_01,HALL_04,7,Q49,A,0.0
WBSSC_SLST_0031,WB_CENTRE_KOL_01,HALL_04,7,Q50,A,0.0
WBSSC_SLST_0031,WB_CENTRE_KOL_01,HALL_04,7,Q51,A,0.0
WBSSC_SLST_0031,WB_CENTRE_KOL_01,HALL_04,7,Q52,A,0.0
WBSSC_SLST_0031,WB_CENTRE_KOL_01,HALL_04,7,Q53,D,0.0
WBSSC_SLST_0031,WB_CENTRE_KOL_01,HALL_04,7,Q54,D,0.0
WBSSC_SLST_0031,WB_CENTRE_KOL_01,HALL_04,7,Q55,A,0.0
WBSSC_SLST_0031,WB_CENTRE_KOL_01,HALL_04,7,Q56,C,0.0
WBSSC_SLST_0031,WB_CENTRE_KOL_01,HALL_04,7,Q57,A,0.0
WBSSC_SLST_0031,WB_CENTRE_KOL_01,HALL_04,7,Q58,C,0.0
WBSSC_SLST_0031,WB_CENTRE_KOL_01,HALL_04,7,Q59,D,0.0
WBSSC_SLST_0031,WB_CENTRE_KOL_01,HALL_04,7,Q60,A,0.0
WBSSC_SLST_0032,WB_CENTRE_KOL_01,HALL_01,8,Q01,B,1.0
WBSSC_SLST_0032,WB_CENTRE_KOL_01,HALL_01,8,Q02,B,1.0
WBSSC_SLST_0032,WB_CENTRE_KOL_01,HALL_01,8,Q03,B,1.0
WBSSC_SLST_0032,WB_CENTRE_KOL_01,HALL_01,8,Q04,B,1.0
WBSSC_SLST_0032,WB_CENTRE_KOL_01,HALL_01,8,Q05,B,1.0
WBSSC_SLST_0032,WB_CENTRE_KOL_01,HALL_01,8,Q06,B,1.0
WBSSC_SLST_0032,WB_CENTRE_KOL_01,HALL_01,8,Q07,B,1.0
WBSSC_SLST_0032,WB_CENTRE_KOL_01,HALL_01,8,Q08,B,1.0
WBSSC_SLST_0032,WB_CENTRE_KOL_01,HALL_01,8,Q09,B,1.0
WBSSC_SLST_0032,WB_CENTRE_KOL_01,HALL_01,8,Q10,B,1.0
WBSSC_SLST_0032,WB_CENTRE_KOL_01,HALL_01,8,Q11,B,1.0
WBSSC_SLST_0032,WB_CENTRE_KOL_01,HALL_01,8,Q12,B,1.0
WBSSC_SLST_0032,WB_CENTRE_KOL_01,HALL_01,8,Q13,B,1.0
WBSSC_SLST_0032,WB_CENTRE_KOL_01,HALL_01,8,Q14,B,1.0
WBSSC_SLST_0032,WB_CENTRE_KOL_01,HALL_01,8,Q15,B,1.0
WBSSC_SLST_0032,WB_CENTRE_KOL_01,HALL_01,8,Q16,B,1.0
WBSSC_SLST_0032,WB_CENTRE_KOL_01,HALL_01,8,Q17,B,1.0
WBSSC_SLST_0032,WB_CENTRE_KOL_01,HALL_01,8,Q18,B,1.0
WBSSC_SLST_0032,WB_CENTRE_KOL_01,HALL_01,8,Q19,B,1.0
WBSSC_SLST_0032,WB_CENTRE_KOL_01,HALL_01,8,Q20,B,1.0
WBSSC_SLST_0032,WB_CENTRE_KOL_01,HALL_01,8,Q21,B,1.0
WBSSC_SLST_0032,WB_CENTRE_KOL_01,HALL_01,8,Q22,B,1.0
WBSSC_SLST_0032,WB_CENTRE_KOL_01,HALL_01,8,Q23,B,1.0
WBSSC_SLST_0032,WB_CENTRE_KOL_01,HALL_01,8,Q24,B,1.0
WBSSC_SLST_0032,WB_CENTRE_KOL_01,HALL_01,8,Q25,B,1.0
WBSSC_SLST_0032,WB_CENTRE_KOL_01,HALL_01,8,Q26,B,1.0
WBSSC_SLST_0032,WB_CENTRE_KOL_01,HALL_01,8,Q27,B,1.0
WBSSC_SLST_0032,WB_CENTRE_KOL_01,HALL_01,8,Q28,B,1.0
WBSSC_SLST_0032,WB_CENTRE_KOL_01,HALL_01,8,Q29,B,1.0
WBSSC_SLST_0032,WB_CENTRE_KOL_01,HALL_01,8,Q30,B,1.0
WBSSC_SLST_0032,WB_CENTRE_KOL_01,HALL_01,8,Q31,C,0.0
WBSSC_SLST_0032,WB_CENTRE_KOL_01,HALL_01,8,Q32,D,0.0
WBSSC_SLST_0032,WB_CENTRE_KOL_01,HALL_01,8,Q33,A,0.0
WBSSC_SLST_0032,WB_CENTRE_KOL_01,HALL_01,8,Q34,C,0.0
WBSSC_SLST_0032,WB_CENTRE_KOL_01,HALL_01,8,Q35,C,0.0
WBSSC_SLST_0032,WB_CENTRE_KOL_01,HALL_01,8,Q36,D,0.0
WBSSC_SLST_0032,WB_CENTRE_KOL_01,HALL_01,8,Q37,D,0.0
WBSSC_SLST_0032,WB_CENTRE_KOL_01,HALL_01,8,Q38,D,0.0
WBSSC_SLST_0032,WB_CENTRE_KOL_01,HALL_01,8,Q39,C,0.0
WBSSC_SLST_0032,WB_CENTRE_KOL_01,HALL_01,8,Q40,C,0.0
WBSSC_SLST_0032,WB_CENTRE_KOL_01,HALL_01,8,Q41,C,0.0
WBSSC_SLST_0032,WB_CENTRE_KOL_01,HALL_01,8,Q42,D,0.0
WBSSC_SLST_0032,WB_CENTRE_KOL_01,HALL_01,8,Q43,C,0.0
WBSSC_SLST_0032,WB_CENTRE_KOL_01,HALL_01,8,Q44,C,0.0
WBSSC_SLST_0032,WB_CENTRE_KOL_01,HALL_01,8,Q45,C,0.0
WBSSC_SLST_0032,WB_CENTRE_KOL_01,HALL_01,8,Q46,C,0.0
WBSSC_SLST_0032,WB_CENTRE_KOL_01,HALL_01,8,Q47,A,0.0
WBSSC_SLST_0032,WB_CENTRE_KOL_01,HALL_01,8,Q48,C,0.0
WBSSC_SLST_0032,WB_CENTRE_KOL_01,HALL_01,8,Q49,C,0.0
WBSSC_SLST_0032,WB_CENTRE_KOL_01,HALL_01,8,Q50,A,0.0
WBSSC_SLST_0032,WB_CENTRE_KOL_01,HALL_01,8,Q51,C,0.0
WBSSC_SLST_0032,WB_CENTRE_KOL_01,HALL_01,8,Q52,A,0.0
WBSSC_SLST_0032,WB_CENTRE_KOL_01,HALL_01,8,Q53,D,0.0
WBSSC_SLST_0032,WB_CENTRE_KOL_01,HALL_01,8,Q54,A,0.0
WBSSC_SLST_0032,WB_CENTRE_KOL_01,HALL_01,8,Q55,A,0.0
WBSSC_SLST_0032,WB_CENTRE_KOL_01,HALL_01,8,Q56,D,0.0
WBSSC_SLST_0032,WB_CENTRE_KOL_01,HALL_01,8,Q57,C,0.0
WBSSC_SLST_0032,WB_CENTRE_KOL_01,HALL_01,8,Q58,C,0.0
WBSSC_SLST_0032,WB_CENTRE_KOL_01,HALL_01,8,Q59,A,0.0
WBSSC_SLST_0032,WB_CENTRE_KOL_01,HALL_01,8,Q60,D,0.0
WBSSC_SLST_0033,WB_CENTRE_KOL_01,HALL_02,9,Q01,B,1.0
WBSSC_SLST_0033,WB_CENTRE_KOL_01,HALL_02,9,Q02,B,1.0
WBSSC_SLST_0033,WB_CENTRE_KOL_01,HALL_02,9,Q03,B,1.0
WBSSC_SLST_0033,WB_CENTRE_KOL_01,HALL_02,9,Q04,B,1.0
WBSSC_SLST_0033,WB_CENTRE_KOL_01,HALL_02,9,Q05,B,1.0
WBSSC_SLST_0033,WB_CENTRE_KOL_01,HALL_02,9,Q06,B,1.0
WBSSC_SLST_0033,WB_CENTRE_KOL_01,HALL_02,9,Q07,B,1.0
WBSSC_SLST_0033,WB_CENTRE_KOL_01,HALL_02,9,Q08,B,1.0
WBSSC_SLST_0033,WB_CENTRE_KOL_01,HALL_02,9,Q09,B,1.0
WBSSC_SLST_0033,WB_CENTRE_KOL_01,HALL_02,9,Q10,B,1.0
WBSSC_SLST_0033,WB_CENTRE_KOL_01,HALL_02,9,Q11,B,1.0
WBSSC_SLST_0033,WB_CENTRE_KOL_01,HALL_02,9,Q12,B,1.0
WBSSC_SLST_0033,WB_CENTRE_KOL_01,HALL_02,9,Q13,B,1.0
WBSSC_SLST_0033,WB_CENTRE_KOL_01,HALL_02,9,Q14,B,1.0
WBSSC_SLST_0033,WB_CENTRE_KOL_01,HALL_02,9,Q15,B,1.0
WBSSC_SLST_0033,WB_CENTRE_KOL_01,HALL_02,9,Q16,B,1.0
WBSSC_SLST_0033,WB_CENTRE_KOL_01,HALL_02,9,Q17,B,1.0
WBSSC_SLST_0033,WB_CENTRE_KOL_01,HALL_02,9,Q18,B,1.0
WBSSC_SLST_0033,WB_CENTRE_KOL_01,HALL_02,9,Q19,B,1.0
WBSSC_SLST_0033,WB_CENTRE_KOL_01,HALL_02,9,Q20,B,1.0
WBSSC_SLST_0033,WB_CENTRE_KOL_01,HALL_02,9,Q21,B,1.0
WBSSC_SLST_0033,WB_CENTRE_KOL_01,HALL_02,9,Q22,B,1.0
WBSSC_SLST_0033,WB_CENTRE_KOL_01,HALL_02,9,Q23,B,1.0
WBSSC_SLST_0033,WB_CENTRE_KOL_01,HALL_02,9,Q24,B,1.0
WBSSC_SLST_0033,WB_CENTRE_KOL_01,HALL_02,9,Q25,B,1.0
WBSSC_SLST_0033,WB_CENTRE_KOL_01,HALL_02,9,Q26,B,1.0
WBSSC_SLST_0033,WB_CENTRE_KOL_01,HALL_02,9,Q27,B,1.0
WBSSC_SLST_0033,WB_CENTRE_KOL_01,HALL_02,9,Q28,B,1.0
WBSSC_SLST_0033,WB_CENTRE_KOL_01,HALL_02,9,Q29,B,1.0
WBSSC_SLST_0033,WB_CENTRE_KOL_01,HALL_02,9,Q30,B,1.0
WBSSC_SLST_0033,WB_CENTRE_KOL_01,HALL_02,9,Q31,B,1.0
WBSSC_SLST_0033,WB_CENTRE_KOL_01,HALL_02,9,Q32,B,1.0
WBSSC_SLST_0033,WB_CENTRE_KOL_01,HALL_02,9,Q33,B,1.0
WBSSC_SLST_0033,WB_CENTRE_KOL_01,HALL_02,9,Q34,B,1.0
WBSSC_SLST_0033,WB_CENTRE_KOL_01,HALL_02,9,Q35,B,1.0
WBSSC_SLST_0033,WB_CENTRE_KOL_01,HALL_02,9,Q36,A,0.0
WBSSC_SLST_0033,WB_CENTRE_KOL_01,HALL_02,9,Q37,A,0.0
WBSSC_SLST_0033,WB_CENTRE_KOL_01,HALL_02,9,Q38,C,0.0
WBSSC_SLST_0033,WB_CENTRE_KOL_01,HALL_02,9,Q39,C,0.0
WBSSC_SLST_0033,WB_CENTRE_KOL_01,HALL_02,9,Q40,D,0.0
WBSSC_SLST_0033,WB_CENTRE_KOL_01,HALL_02,9,Q41,A,0.0
WBSSC_SLST_0033,WB_CENTRE_KOL_01,HALL_02,9,Q42,A,0.0
WBSSC_SLST_0033,WB_CENTRE_KOL_01,HALL_02,9,Q43,C,0.0
WBSSC_SLST_0033,WB_CENTRE_KOL_01,HALL_02,9,Q44,D,0.0
WBSSC_SLST_0033,WB_CENTRE_KOL_01,HALL_02,9,Q45,C,0.0
WBSSC_SLST_0033,WB_CENTRE_KOL_01,HALL_02,9,Q46,C,0.0
WBSSC_SLST_0033,WB_CENTRE_KOL_01,HALL_02,9,Q47,A,0.0
WBSSC_SLST_0033,WB_CENTRE_KOL_01,HALL_02,9,Q48,C,0.0
WBSSC_SLST_0033,WB_CENTRE_KOL_01,HALL_02,9,Q49,A,0.0
WBSSC_SLST_0033,WB_CENTRE_KOL_01,HALL_02,9,Q50,A,0.0
WBSSC_SLST_0033,WB_CENTRE_KOL_01,HALL_02,9,Q51,C,0.0
WBSSC_SLST_0033,WB_CENTRE_KOL_01,HALL_02,9,Q52,A,0.0
WBSSC_SLST_0033,WB_CENTRE_KOL_01,HALL_02,9,Q53,D,0.0
WBSSC_SLST_0033,WB_CENTRE_KOL_01,HALL_02,9,Q54,D,0.0
WBSSC_SLST_0033,WB_CENTRE_KOL_01,HALL_02,9,Q55,C,0.0
WBSSC_SLST_0033,WB_CENTRE_KOL_01,HALL_02,9,Q56,D,0.0
WBSSC_SLST_0033,WB_CENTRE_KOL_01,HALL_02,9,Q57,D,0.0
WBSSC_SLST_0033,WB_CENTRE_KOL_01,HALL_02,9,Q58,A,0.0
WBSSC_SLST_0033,WB_CENTRE_KOL_01,HALL_02,9,Q59,A,0.0
WBSSC_SLST_0033,WB_CENTRE_KOL_01,HALL_02,9,Q60,A,0.0
WBSSC_SLST_0034,WB_CENTRE_KOL_01,HALL_03,10,Q01,B,1.0
WBSSC_SLST_0034,WB_CENTRE_KOL_01,HALL_03,10,Q02,B,1.0
WBSSC_SLST_0034,WB_CENTRE_KOL_01,HALL_03,10,Q03,B,1.0
WBSSC_SLST_0034,WB_CENTRE_KOL_01,HALL_03,10,Q04,B,1.0
WBSSC_SLST_0034,WB_CENTRE_KOL_01,HALL_03,10,Q05,B,1.0
WBSSC_SLST_0034,WB_CENTRE_KOL_01,HALL_03,10,Q06,B,1.0
WBSSC_SLST_0034,WB_CENTRE_KOL_01,HALL_03,10,Q07,B,1.0
WBSSC_SLST_0034,WB_CENTRE_KOL_01,HALL_03,10,Q08,B,1.0
WBSSC_SLST_0034,WB_CENTRE_KOL_01,HALL_03,10,Q09,B,1.0
WBSSC_SLST_0034,WB_CENTRE_KOL_01,HALL_03,10,Q10,B,1.0
WBSSC_SLST_0034,WB_CENTRE_KOL_01,HALL_03,10,Q11,B,1.0
WBSSC_SLST_0034,WB_CENTRE_KOL_01,HALL_03,10,Q12,B,1.0
WBSSC_SLST_0034,WB_CENTRE_KOL_01,HALL_03,10,Q13,B,1.0
WBSSC_SLST_0034,WB_CENTRE_KOL_01,HALL_03,10,Q14,B,1.0
WBSSC_SLST_0034,WB_CENTRE_KOL_01,HALL_03,10,Q15,B,1.0
WBSSC_SLST_0034,WB_CENTRE_KOL_01,HALL_03,10,Q16,B,1.0
WBSSC_SLST_0034,WB_CENTRE_KOL_01,HALL_03,10,Q17,B,1.0
WBSSC_SLST_0034,WB_CENTRE_KOL_01,HALL_03,10,Q18,B,1.0
WBSSC_SLST_0034,WB_CENTRE_KOL_01,HALL_03,10,Q19,B,1.0
WBSSC_SLST_0034,WB_CENTRE_KOL_01,HALL_03,10,Q20,B,1.0
WBSSC_SLST_0034,WB_CENTRE_KOL_01,HALL_03,10,Q21,B,1.0
WBSSC_SLST_0034,WB_CENTRE_KOL_01,HALL_03,10,Q22,B,1.0
WBSSC_SLST_0034,WB_CENTRE_KOL_01,HALL_03,10,Q23,B,1.0
WBSSC_SLST_0034,WB_CENTRE_KOL_01,HALL_03,10,Q24,B,1.0
WBSSC_SLST_0034,WB_CENTRE_KOL_01,HALL_03,10,Q25,B,1.0
WBSSC_SLST_0034,WB_CENTRE_KOL_01,HALL_03,10,Q26,B,1.0
WBSSC_SLST_0034,WB_CENTRE_KOL_01,HALL_03,10,Q27,B,1.0
WBSSC_SLST_0034,WB_CENTRE_KOL_01,HALL_03,10,Q28,B,1.0
WBSSC_SLST_0034,WB_CENTRE_KOL_01,HALL_03,10,Q29,B,1.0
WBSSC_SLST_0034,WB_CENTRE_KOL_01,HALL_03,10,Q30,B,1.0
WBSSC_SLST_0034,WB_CENTRE_KOL_01,HALL_03,10,Q31,B,1.0
WBSSC_SLST_0034,WB_CENTRE_KOL_01,HALL_03,10,Q32,B,1.0
WBSSC_SLST_0034,WB_CENTRE_KOL_01,HALL_03,10,Q33,B,1.0
WBSSC_SLST_0034,WB_CENTRE_KOL_01,HALL_03,10,Q34,B,1.0
WBSSC_SLST_0034,WB_CENTRE_KOL_01,HALL_03,10,Q35,B,1.0
WBSSC_SLST_0034,WB_CENTRE_KOL_01,HALL_03,10,Q36,B,1.0
WBSSC_SLST_0034,WB_CENTRE_KOL_01,HALL_03,10,Q37,B,1.0
WBSSC_SLST_0034,WB_CENTRE_KOL_01,HALL_03,10,Q38,B,1.0
WBSSC_SLST_0034,WB_CENTRE_KOL_01,HALL_03,10,Q39,B,1.0
WBSSC_SLST_0034,WB_CENTRE_KOL_01,HALL_03,10,Q40,B,1.0
WBSSC_SLST_0034,WB_CENTRE_KOL_01,HALL_03,10,Q41,C,0.0
WBSSC_SLST_0034,WB_CENTRE_KOL_01,HALL_03,10,Q42,C,0.0
WBSSC_SLST_0034,WB_CENTRE_KOL_01,HALL_03,10,Q43,C,0.0
WBSSC_SLST_0034,WB_CENTRE_KOL_01,HALL_03,10,Q44,C,0.0
WBSSC_SLST_0034,WB_CENTRE_KOL_01,HALL_03,10,Q45,A,0.0
WBSSC_SLST_0034,WB_CENTRE_KOL_01,HALL_03,10,Q46,D,0.0
WBSSC_SLST_0034,WB_CENTRE_KOL_01,HALL_03,10,Q47,A,0.0
WBSSC_SLST_0034,WB_CENTRE_KOL_01,HALL_03,10,Q48,D,0.0
WBSSC_SLST_0034,WB_CENTRE_KOL_01,HALL_03,10,Q49,C,0.0
WBSSC_SLST_0034,WB_CENTRE_KOL_01,HALL_03,10,Q50,A,0.0
WBSSC_SLST_0034,WB_CENTRE_KOL_01,HALL_03,10,Q51,A,0.0
WBSSC_SLST_0034,WB_CENTRE_KOL_01,HALL_03,10,Q52,A,0.0
WBSSC_SLST_0034,WB_CENTRE_KOL_01,HALL_03,10,Q53,A,0.0
WBSSC_SLST_0034,WB_CENTRE_KOL_01,HALL_03,10,Q54,C,0.0
WBSSC_SLST_0034,WB_CENTRE_KOL_01,HALL_03,10,Q55,A,0.0
WBSSC_SLST_0034,WB_CENTRE_KOL_01,HALL_03,10,Q56,C,0.0
WBSSC_SLST_0034,WB_CENTRE_KOL_01,HALL_03,10,Q57,C,0.0
WBSSC_SLST_0034,WB_CENTRE_KOL_01,HALL_03,10,Q58,D,0.0
WBSSC_SLST_0034,WB_CENTRE_KOL_01,HALL_03,10,Q59,C,0.0
WBSSC_SLST_0034,WB_CENTRE_KOL_01,HALL_03,10,Q60,D,0.0
WBSSC_SLST_0035,WB_CENTRE_KOL_01,HALL_04,11,Q01,B,1.0
WBSSC_SLST_0035,WB_CENTRE_KOL_01,HALL_04,11,Q02,B,1.0
WBSSC_SLST_0035,WB_CENTRE_KOL_01,HALL_04,11,Q03,B,1.0
WBSSC_SLST_0035,WB_CENTRE_KOL_01,HALL_04,11,Q04,B,1.0
WBSSC_SLST_0035,WB_CENTRE_KOL_01,HALL_04,11,Q05,B,1.0
WBSSC_SLST_0035,WB_CENTRE_KOL_01,HALL_04,11,Q06,B,1.0
WBSSC_SLST_0035,WB_CENTRE_KOL_01,HALL_04,11,Q07,B,1.0
WBSSC_SLST_0035,WB_CENTRE_KOL_01,HALL_04,11,Q08,B,1.0
WBSSC_SLST_0035,WB_CENTRE_KOL_01,HALL_04,11,Q09,B,1.0
WBSSC_SLST_0035,WB_CENTRE_KOL_01,HALL_04,11,Q10,B,1.0
WBSSC_SLST_0035,WB_CENTRE_KOL_01,HALL_04,11,Q11,B,1.0
WBSSC_SLST_0035,WB_CENTRE_KOL_01,HALL_04,11,Q12,B,1.0
WBSSC_SLST_0035,WB_CENTRE_KOL_01,HALL_04,11,Q13,B,1.0
WBSSC_SLST_0035,WB_CENTRE_KOL_01,HALL_04,11,Q14,B,1.0
WBSSC_SLST_0035,WB_CENTRE_KOL_01,HALL_04,11,Q15,B,1.0
WBSSC_SLST_0035,WB_CENTRE_KOL_01,HALL_04,11,Q16,B,1.0
WBSSC_SLST_0035,WB_CENTRE_KOL_01,HALL_04,11,Q17,B,1.0
WBSSC_SLST_0035,WB_CENTRE_KOL_01,HALL_04,11,Q18,B,1.0
WBSSC_SLST_0035,WB_CENTRE_KOL_01,HALL_04,11,Q19,B,1.0
WBSSC_SLST_0035,WB_CENTRE_KOL_01,HALL_04,11,Q20,B,1.0
WBSSC_SLST_0035,WB_CENTRE_KOL_01,HALL_04,11,Q21,B,1.0
WBSSC_SLST_0035,WB_CENTRE_KOL_01,HALL_04,11,Q22,D,0.0
WBSSC_SLST_0035,WB_CENTRE_KOL_01,HALL_04,11,Q23,D,0.0
WBSSC_SLST_0035,WB_CENTRE_KOL_01,HALL_04,11,Q24,D,0.0
WBSSC_SLST_0035,WB_CENTRE_KOL_01,HALL_04,11,Q25,C,0.0
WBSSC_SLST_0035,WB_CENTRE_KOL_01,HALL_04,11,Q26,C,0.0
WBSSC_SLST_0035,WB_CENTRE_KOL_01,HALL_04,11,Q27,C,0.0
WBSSC_SLST_0035,WB_CENTRE_KOL_01,HALL_04,11,Q28,C,0.0
WBSSC_SLST_0035,WB_CENTRE_KOL_01,HALL_04,11,Q29,A,0.0
WBSSC_SLST_0035,WB_CENTRE_KOL_01,HALL_04,11,Q30,D,0.0
WBSSC_SLST_0035,WB_CENTRE_KOL_01,HALL_04,11,Q31,C,0.0
WBSSC_SLST_0035,WB_CENTRE_KOL_01,HALL_04,11,Q32,C,0.0
WBSSC_SLST_0035,WB_CENTRE_KOL_01,HALL_04,11,Q33,A,0.0
WBSSC_SLST_0035,WB_CENTRE_KOL_01,HALL_04,11,Q34,A,0.0
WBSSC_SLST_0035,WB_CENTRE_KOL_01,HALL_04,11,Q35,C,0.0
WBSSC_SLST_0035,WB_CENTRE_KOL_01,HALL_04,11,Q36,A,0.0
WBSSC_SLST_0035,WB_CENTRE_KOL_01,HALL_04,11,Q37,C,0.0
WBSSC_SLST_0035,WB_CENTRE_KOL_01,HALL_04,11,Q38,C,0.0
WBSSC_SLST_0035,WB_CENTRE_KOL_01,HALL_04,11,Q39,D,0.0
WBSSC_SLST_0035,WB_CENTRE_KOL_01,HALL_04,11,Q40,A,0.0
WBSSC_SLST_0035,WB_CENTRE_KOL_01,HALL_04,11,Q41,D,0.0
WBSSC_SLST_0035,WB_CENTRE_KOL_01,HALL_04,11,Q42,C,0.0
WBSSC_SLST_0035,WB_CENTRE_KOL_01,HALL_04,11,Q43,D,0.0
WBSSC_SLST_0035,WB_CENTRE_KOL_01,HALL_04,11,Q44,D,0.0
WBSSC_SLST_0035,WB_CENTRE_KOL_01,HALL_04,11,Q45,C,0.0
WBSSC_SLST_0035,WB_CENTRE_KOL_01,HALL_04,11,Q46,C,0.0
WBSSC_SLST_0035,WB_CENTRE_KOL_01,HALL_04,11,Q47,C,0.0
WBSSC_SLST_0035,WB_CENTRE_KOL_01,HALL_04,11,Q48,C,0.0
WBSSC_SLST_0035,WB_CENTRE_KOL_01,HALL_04,11,Q49,D,0.0
WBSSC_SLST_0035,WB_CENTRE_KOL_01,HALL_04,11,Q50,C,0.0
WBSSC_SLST_0035,WB_CENTRE_KOL_01,HALL_04,11,Q51,A,0.0
WBSSC_SLST_0035,WB_CENTRE_KOL_01,HALL_04,11,Q52,D,0.0
WBSSC_SLST_0035,WB_CENTRE_KOL_01,HALL_04,11,Q53,A,0.0
WBSSC_SLST_0035,WB_CENTRE_KOL_01,HALL_04,11,Q54,A,0.0
WBSSC_SLST_0035,WB_CENTRE_KOL_01,HALL_04,11,Q55,A,0.0
WBSSC_SLST_0035,WB_CENTRE_KOL_01,HALL_04,11,Q56,A,0.0
WBSSC_SLST_0035,WB_CENTRE_KOL_01,HALL_04,11,Q57,C,0.0
WBSSC_SLST_0035,WB_CENTRE_KOL_01,HALL_04,11,Q58,C,0.0
WBSSC_SLST_0035,WB_CENTRE_KOL_01,HALL_04,11,Q59,A,0.0
WBSSC_SLST_0035,WB_CENTRE_KOL_01,HALL_04,11,Q60,A,0.0
WBSSC_SLST_0036,WB_CENTRE_KOL_01,HALL_01,12,Q01,B,1.0
WBSSC_SLST_0036,WB_CENTRE_KOL_01,HALL_01,12,Q02,B,1.0
WBSSC_SLST_0036,WB_CENTRE_KOL_01,HALL_01,12,Q03,B,1.0
WBSSC_SLST_0036,WB_CENTRE_KOL_01,HALL_01,12,Q04,B,1.0
WBSSC_SLST_0036,WB_CENTRE_KOL_01,HALL_01,12,Q05,B,1.0
WBSSC_SLST_0036,WB_CENTRE_KOL_01,HALL_01,12,Q06,B,1.0
WBSSC_SLST_0036,WB_CENTRE_KOL_01,HALL_01,12,Q07,B,1.0
WBSSC_SLST_0036,WB_CENTRE_KOL_01,HALL_01,12,Q08,B,1.0
WBSSC_SLST_0036,WB_CENTRE_KOL_01,HALL_01,12,Q09,B,1.0
WBSSC_SLST_0036,WB_CENTRE_KOL_01,HALL_01,12,Q10,B,1.0
WBSSC_SLST_0036,WB_CENTRE_KOL_01,HALL_01,12,Q11,B,1.0
WBSSC_SLST_0036,WB_CENTRE_KOL_01,HALL_01,12,Q12,B,1.0
WBSSC_SLST_0036,WB_CENTRE_KOL_01,HALL_01,12,Q13,B,1.0
WBSSC_SLST_0036,WB_CENTRE_KOL_01,HALL_01,12,Q14,B,1.0
WBSSC_SLST_0036,WB_CENTRE_KOL_01,HALL_01,12,Q15,B,1.0
WBSSC_SLST_0036,WB_CENTRE_KOL_01,HALL_01,12,Q16,B,1.0
WBSSC_SLST_0036,WB_CENTRE_KOL_01,HALL_01,12,Q17,B,1.0
WBSSC_SLST_0036,WB_CENTRE_KOL_01,HALL_01,12,Q18,B,1.0
WBSSC_SLST_0036,WB_CENTRE_KOL_01,HALL_01,12,Q19,B,1.0
WBSSC_SLST_0036,WB_CENTRE_KOL_01,HALL_01,12,Q20,B,1.0
WBSSC_SLST_0036,WB_CENTRE_KOL_01,HALL_01,12,Q21,B,1.0
WBSSC_SLST_0036,WB_CENTRE_KOL_01,HALL_01,12,Q22,B,1.0
WBSSC_SLST_0036,WB_CENTRE_KOL_01,HALL_01,12,Q23,B,1.0
WBSSC_SLST_0036,WB_CENTRE_KOL_01,HALL_01,12,Q24,B,1.0
WBSSC_SLST_0036,WB_CENTRE_KOL_01,HALL_01,12,Q25,B,1.0
WBSSC_SLST_0036,WB_CENTRE_KOL_01,HALL_01,12,Q26,B,1.0
WBSSC_SLST_0036,WB_CENTRE_KOL_01,HALL_01,12,Q27,B,1.0
WBSSC_SLST_0036,WB_CENTRE_KOL_01,HALL_01,12,Q28,B,1.0
WBSSC_SLST_0036,WB_CENTRE_KOL_01,HALL_01,12,Q29,B,1.0
WBSSC_SLST_0036,WB_CENTRE_KOL_01,HALL_01,12,Q30,B,1.0
WBSSC_SLST_0036,WB_CENTRE_KOL_01,HALL_01,12,Q31,B,1.0
WBSSC_SLST_0036,WB_CENTRE_KOL_01,HALL_01,12,Q32,B,1.0
WBSSC_SLST_0036,WB_CENTRE_KOL_01,HALL_01,12,Q33,B,1.0
WBSSC_SLST_0036,WB_CENTRE_KOL_01,HALL_01,12,Q34,A,0.0
WBSSC_SLST_0036,WB_CENTRE_KOL_01,HALL_01,12,Q35,C,0.0
WBSSC_SLST_0036,WB_CENTRE_KOL_01,HALL_01,12,Q36,D,0.0
WBSSC_SLST_0036,WB_CENTRE_KOL_01,HALL_01,12,Q37,D,0.0
WBSSC_SLST_0036,WB_CENTRE_KOL_01,HALL_01,12,Q38,C,0.0
WBSSC_SLST_0036,WB_CENTRE_KOL_01,HALL_01,12,Q39,D,0.0
WBSSC_SLST_0036,WB_CENTRE_KOL_01,HALL_01,12,Q40,A,0.0
WBSSC_SLST_0036,WB_CENTRE_KOL_01,HALL_01,12,Q41,D,0.0
WBSSC_SLST_0036,WB_CENTRE_KOL_01,HALL_01,12,Q42,D,0.0
WBSSC_SLST_0036,WB_CENTRE_KOL_01,HALL_01,12,Q43,C,0.0
WBSSC_SLST_0036,WB_CENTRE_KOL_01,HALL_01,12,Q44,A,0.0
WBSSC_SLST_0036,WB_CENTRE_KOL_01,HALL_01,12,Q45,C,0.0
WBSSC_SLST_0036,WB_CENTRE_KOL_01,HALL_01,12,Q46,A,0.0
WBSSC_SLST_0036,WB_CENTRE_KOL_01,HALL_01,12,Q47,C,0.0
WBSSC_SLST_0036,WB_CENTRE_KOL_01,HALL_01,12,Q48,D,0.0
WBSSC_SLST_0036,WB_CENTRE_KOL_01,HALL_01,12,Q49,C,0.0
WBSSC_SLST_0036,WB_CENTRE_KOL_01,HALL_01,12,Q50,A,0.0
WBSSC_SLST_0036,WB_CENTRE_KOL_01,HALL_01,12,Q51,D,0.0
WBSSC_SLST_0036,WB_CENTRE_KOL_01,HALL_01,12,Q52,C,0.0
WBSSC_SLST_0036,WB_CENTRE_KOL_01,HALL_01,12,Q53,A,0.0
WBSSC_SLST_0036,WB_CENTRE_KOL_01,HALL_01,12,Q54,C,0.0
WBSSC_SLST_0036,WB_CENTRE_KOL_01,HALL_01,12,Q55,C,0.0
WBSSC_SLST_0036,WB_CENTRE_KOL_01,HALL_01,12,Q56,C,0.0
WBSSC_SLST_0036,WB_CENTRE_KOL_01,HALL_01,12,Q57,D,0.0
WBSSC_SLST_0036,WB_CENTRE_KOL_01,HALL_01,12,Q58,C,0.0
WBSSC_SLST_0036,WB_CENTRE_KOL_01,HALL_01,12,Q59,C,0.0
WBSSC_SLST_0036,WB_CENTRE_KOL_01,HALL_01,12,Q60,D,0.0
WBSSC_SLST_0037,WB_CENTRE_KOL_01,HALL_02,13,Q01,B,1.0
WBSSC_SLST_0037,WB_CENTRE_KOL_01,HALL_02,13,Q02,B,1.0
WBSSC_SLST_0037,WB_CENTRE_KOL_01,HALL_02,13,Q03,B,1.0
WBSSC_SLST_0037,WB_CENTRE_KOL_01,HALL_02,13,Q04,B,1.0
WBSSC_SLST_0037,WB_CENTRE_KOL_01,HALL_02,13,Q05,B,1.0
WBSSC_SLST_0037,WB_CENTRE_KOL_01,HALL_02,13,Q06,B,1.0
WBSSC_SLST_0037,WB_CENTRE_KOL_01,HALL_02,13,Q07,B,1.0
WBSSC_SLST_0037,WB_CENTRE_KOL_01,HALL_02,13,Q08,B,1.0
WBSSC_SLST_0037,WB_CENTRE_KOL_01,HALL_02,13,Q09,B,1.0
WBSSC_SLST_0037,WB_CENTRE_KOL_01,HALL_02,13,Q10,B,1.0
WBSSC_SLST_0037,WB_CENTRE_KOL_01,HALL_02,13,Q11,B,1.0
WBSSC_SLST_0037,WB_CENTRE_KOL_01,HALL_02,13,Q12,B,1.0
WBSSC_SLST_0037,WB_CENTRE_KOL_01,HALL_02,13,Q13,B,1.0
WBSSC_SLST_0037,WB_CENTRE_KOL_01,HALL_02,13,Q14,B,1.0
WBSSC_SLST_0037,WB_CENTRE_KOL_01,HALL_02,13,Q15,B,1.0
WBSSC_SLST_0037,WB_CENTRE_KOL_01,HALL_02,13,Q16,B,1.0
WBSSC_SLST_0037,WB_CENTRE_KOL_01,HALL_02,13,Q17,B,1.0
WBSSC_SLST_0037,WB_CENTRE_KOL_01,HALL_02,13,Q18,B,1.0
WBSSC_SLST_0037,WB_CENTRE_KOL_01,HALL_02,13,Q19,B,1.0
WBSSC_SLST_0037,WB_CENTRE_KOL_01,HALL_02,13,Q20,B,1.0
WBSSC_SLST_0037,WB_CENTRE_KOL_01,HALL_02,13,Q21,B,1.0
WBSSC_SLST_0037,WB_CENTRE_KOL_01,HALL_02,13,Q22,B,1.0
WBSSC_SLST_0037,WB_CENTRE_KOL_01,HALL_02,13,Q23,B,1.0
WBSSC_SLST_0037,WB_CENTRE_KOL_01,HALL_02,13,Q24,B,1.0
WBSSC_SLST_0037,WB_CENTRE_KOL_01,HALL_02,13,Q25,B,1.0
WBSSC_SLST_0037,WB_CENTRE_KOL_01,HALL_02,13,Q26,B,1.0
WBSSC_SLST_0037,WB_CENTRE_KOL_01,HALL_02,13,Q27,B,1.0
WBSSC_SLST_0037,WB_CENTRE_KOL_01,HALL_02,13,Q28,B,1.0
WBSSC_SLST_0037,WB_CENTRE_KOL_01,HALL_02,13,Q29,B,1.0
WBSSC_SLST_0037,WB_CENTRE_KOL_01,HALL_02,13,Q30,B,1.0
WBSSC_SLST_0037,WB_CENTRE_KOL_01,HALL_02,13,Q31,B,1.0
WBSSC_SLST_0037,WB_CENTRE_KOL_01,HALL_02,13,Q32,B,1.0
WBSSC_SLST_0037,WB_CENTRE_KOL_01,HALL_02,13,Q33,B,1.0
WBSSC_SLST_0037,WB_CENTRE_KOL_01,HALL_02,13,Q34,B,1.0
WBSSC_SLST_0037,WB_CENTRE_KOL_01,HALL_02,13,Q35,B,1.0
WBSSC_SLST_0037,WB_CENTRE_KOL_01,HALL_02,13,Q36,B,1.0
WBSSC_SLST_0037,WB_CENTRE_KOL_01,HALL_02,13,Q37,B,1.0
WBSSC_SLST_0037,WB_CENTRE_KOL_01,HALL_02,13,Q38,B,1.0
WBSSC_SLST_0037,WB_CENTRE_KOL_01,HALL_02,13,Q39,C,0.0
WBSSC_SLST_0037,WB_CENTRE_KOL_01,HALL_02,13,Q40,D,0.0
WBSSC_SLST_0037,WB_CENTRE_KOL_01,HALL_02,13,Q41,A,0.0
WBSSC_SLST_0037,WB_CENTRE_KOL_01,HALL_02,13,Q42,C,0.0
WBSSC_SLST_0037,WB_CENTRE_KOL_01,HALL_02,13,Q43,D,0.0
WBSSC_SLST_0037,WB_CENTRE_KOL_01,HALL_02,13,Q44,C,0.0
WBSSC_SLST_0037,WB_CENTRE_KOL_01,HALL_02,13,Q45,C,0.0
WBSSC_SLST_0037,WB_CENTRE_KOL_01,HALL_02,13,Q46,C,0.0
WBSSC_SLST_0037,WB_CENTRE_KOL_01,HALL_02,13,Q47,A,0.0
WBSSC_SLST_0037,WB_CENTRE_KOL_01,HALL_02,13,Q48,A,0.0
WBSSC_SLST_0037,WB_CENTRE_KOL_01,HALL_02,13,Q49,C,0.0
WBSSC_SLST_0037,WB_CENTRE_KOL_01,HALL_02,13,Q50,C,0.0
WBSSC_SLST_0037,WB_CENTRE_KOL_01,HALL_02,13,Q51,D,0.0
WBSSC_SLST_0037,WB_CENTRE_KOL_01,HALL_02,13,Q52,D,0.0
WBSSC_SLST_0037,WB_CENTRE_KOL_01,HALL_02,13,Q53,A,0.0
WBSSC_SLST_0037,WB_CENTRE_KOL_01,HALL_02,13,Q54,D,0.0
WBSSC_SLST_0037,WB_CENTRE_KOL_01,HALL_02,13,Q55,D,0.0
WBSSC_SLST_0037,WB_CENTRE_KOL_01,HALL_02,13,Q56,A,0.0
WBSSC_SLST_0037,WB_CENTRE_KOL_01,HALL_02,13,Q57,A,0.0
WBSSC_SLST_0037,WB_CENTRE_KOL_01,HALL_02,13,Q58,A,0.0
WBSSC_SLST_0037,WB_CENTRE_KOL_01,HALL_02,13,Q59,C,0.0
WBSSC_SLST_0037,WB_CENTRE_KOL_01,HALL_02,13,Q60,C,0.0
WBSSC_SLST_0038,WB_CENTRE_KOL_01,HALL_03,14,Q01,B,1.0
WBSSC_SLST_0038,WB_CENTRE_KOL_01,HALL_03,14,Q02,B,1.0
WBSSC_SLST_0038,WB_CENTRE_KOL_01,HALL_03,14,Q03,B,1.0
WBSSC_SLST_0038,WB_CENTRE_KOL_01,HALL_03,14,Q04,B,1.0
WBSSC_SLST_0038,WB_CENTRE_KOL_01,HALL_03,14,Q05,B,1.0
WBSSC_SLST_0038,WB_CENTRE_KOL_01,HALL_03,14,Q06,B,1.0
WBSSC_SLST_0038,WB_CENTRE_KOL_01,HALL_03,14,Q07,B,1.0
WBSSC_SLST_0038,WB_CENTRE_KOL_01,HALL_03,14,Q08,B,1.0
WBSSC_SLST_0038,WB_CENTRE_KOL_01,HALL_03,14,Q09,B,1.0
WBSSC_SLST_0038,WB_CENTRE_KOL_01,HALL_03,14,Q10,B,1.0
WBSSC_SLST_0038,WB_CENTRE_KOL_01,HALL_03,14,Q11,B,1.0
WBSSC_SLST_0038,WB_CENTRE_KOL_01,HALL_03,14,Q12,B,1.0
WBSSC_SLST_0038,WB_CENTRE_KOL_01,HALL_03,14,Q13,B,1.0
WBSSC_SLST_0038,WB_CENTRE_KOL_01,HALL_03,14,Q14,B,1.0
WBSSC_SLST_0038,WB_CENTRE_KOL_01,HALL_03,14,Q15,B,1.0
WBSSC_SLST_0038,WB_CENTRE_KOL_01,HALL_03,14,Q16,B,1.0
WBSSC_SLST_0038,WB_CENTRE_KOL_01,HALL_03,14,Q17,B,1.0
WBSSC_SLST_0038,WB_CENTRE_KOL_01,HALL_03,14,Q18,B,1.0
WBSSC_SLST_0038,WB_CENTRE_KOL_01,HALL_03,14,Q19,B,1.0
WBSSC_SLST_0038,WB_CENTRE_KOL_01,HALL_03,14,Q20,C,0.0
WBSSC_SLST_0038,WB_CENTRE_KOL_01,HALL_03,14,Q21,D,0.0
WBSSC_SLST_0038,WB_CENTRE_KOL_01,HALL_03,14,Q22,C,0.0
WBSSC_SLST_0038,WB_CENTRE_KOL_01,HALL_03,14,Q23,D,0.0
WBSSC_SLST_0038,WB_CENTRE_KOL_01,HALL_03,14,Q24,C,0.0
WBSSC_SLST_0038,WB_CENTRE_KOL_01,HALL_03,14,Q25,A,0.0
WBSSC_SLST_0038,WB_CENTRE_KOL_01,HALL_03,14,Q26,C,0.0
WBSSC_SLST_0038,WB_CENTRE_KOL_01,HALL_03,14,Q27,A,0.0
WBSSC_SLST_0038,WB_CENTRE_KOL_01,HALL_03,14,Q28,D,0.0
WBSSC_SLST_0038,WB_CENTRE_KOL_01,HALL_03,14,Q29,A,0.0
WBSSC_SLST_0038,WB_CENTRE_KOL_01,HALL_03,14,Q30,D,0.0
WBSSC_SLST_0038,WB_CENTRE_KOL_01,HALL_03,14,Q31,D,0.0
WBSSC_SLST_0038,WB_CENTRE_KOL_01,HALL_03,14,Q32,C,0.0
WBSSC_SLST_0038,WB_CENTRE_KOL_01,HALL_03,14,Q33,C,0.0
WBSSC_SLST_0038,WB_CENTRE_KOL_01,HALL_03,14,Q34,D,0.0
WBSSC_SLST_0038,WB_CENTRE_KOL_01,HALL_03,14,Q35,C,0.0
WBSSC_SLST_0038,WB_CENTRE_KOL_01,HALL_03,14,Q36,C,0.0
WBSSC_SLST_0038,WB_CENTRE_KOL_01,HALL_03,14,Q37,D,0.0
WBSSC_SLST_0038,WB_CENTRE_KOL_01,HALL_03,14,Q38,D,0.0
WBSSC_SLST_0038,WB_CENTRE_KOL_01,HALL_03,14,Q39,C,0.0
WBSSC_SLST_0038,WB_CENTRE_KOL_01,HALL_03,14,Q40,D,0.0
WBSSC_SLST_0038,WB_CENTRE_KOL_01,HALL_03,14,Q41,C,0.0
WBSSC_SLST_0038,WB_CENTRE_KOL_01,HALL_03,14,Q42,C,0.0
WBSSC_SLST_0038,WB_CENTRE_KOL_01,HALL_03,14,Q43,D,0.0
WBSSC_SLST_0038,WB_CENTRE_KOL_01,HALL_03,14,Q44,D,0.0
WBSSC_SLST_0038,WB_CENTRE_KOL_01,HALL_03,14,Q45,C,0.0
WBSSC_SLST_0038,WB_CENTRE_KOL_01,HALL_03,14,Q46,A,0.0
WBSSC_SLST_0038,WB_CENTRE_KOL_01,HALL_03,14,Q47,A,0.0
WBSSC_SLST_0038,WB_CENTRE_KOL_01,HALL_03,14,Q48,D,0.0
WBSSC_SLST_0038,WB_CENTRE_KOL_01,HALL_03,14,Q49,D,0.0
WBSSC_SLST_0038,WB_CENTRE_KOL_01,HALL_03,14,Q50,A,0.0
WBSSC_SLST_0038,WB_CENTRE_KOL_01,HALL_03,14,Q51,D,0.0
WBSSC_SLST_0038,WB_CENTRE_KOL_01,HALL_03,14,Q52,C,0.0
WBSSC_SLST_0038,WB_CENTRE_KOL_01,HALL_03,14,Q53,A,0.0
WBSSC_SLST_0038,WB_CENTRE_KOL_01,HALL_03,14,Q54,D,0.0
WBSSC_SLST_0038,WB_CENTRE_KOL_01,HALL_03,14,Q55,C,0.0
WBSSC_SLST_0038,WB_CENTRE_KOL_01,HALL_03,14,Q56,A,0.0
WBSSC_SLST_0038,WB_CENTRE_KOL_01,HALL_03,14,Q57,C,0.0
WBSSC_SLST_0038,WB_CENTRE_KOL_01,HALL_03,14,Q58,C,0.0
WBSSC_SLST_0038,WB_CENTRE_KOL_01,HALL_03,14,Q59,A,0.0
WBSSC_SLST_0038,WB_CENTRE_KOL_01,HALL_03,14,Q60,C,0.0
WBSSC_SLST_0039,WB_CENTRE_KOL_01,HALL_04,15,Q01,B,1.0
WBSSC_SLST_0039,WB_CENTRE_KOL_01,HALL_04,15,Q02,B,1.0
WBSSC_SLST_0039,WB_CENTRE_KOL_01,HALL_04,15,Q03,B,1.0
WBSSC_SLST_0039,WB_CENTRE_KOL_01,HALL_04,15,Q04,B,1.0
WBSSC_SLST_0039,WB_CENTRE_KOL_01,HALL_04,15,Q05,B,1.0
WBSSC_SLST_0039,WB_CENTRE_KOL_01,HALL_04,15,Q06,B,1.0
WBSSC_SLST_0039,WB_CENTRE_KOL_01,HALL_04,15,Q07,B,1.0
WBSSC_SLST_0039,WB_CENTRE_KOL_01,HALL_04,15,Q08,B,1.0
WBSSC_SLST_0039,WB_CENTRE_KOL_01,HALL_04,15,Q09,B,1.0
WBSSC_SLST_0039,WB_CENTRE_KOL_01,HALL_04,15,Q10,B,1.0
WBSSC_SLST_0039,WB_CENTRE_KOL_01,HALL_04,15,Q11,B,1.0
WBSSC_SLST_0039,WB_CENTRE_KOL_01,HALL_04,15,Q12,B,1.0
WBSSC_SLST_0039,WB_CENTRE_KOL_01,HALL_04,15,Q13,B,1.0
WBSSC_SLST_0039,WB_CENTRE_KOL_01,HALL_04,15,Q14,B,1.0
WBSSC_SLST_0039,WB_CENTRE_KOL_01,HALL_04,15,Q15,B,1.0
WBSSC_SLST_0039,WB_CENTRE_KOL_01,HALL_04,15,Q16,B,1.0
WBSSC_SLST_0039,WB_CENTRE_KOL_01,HALL_04,15,Q17,B,1.0
WBSSC_SLST_0039,WB_CENTRE_KOL_01,HALL_04,15,Q18,B,1.0
WBSSC_SLST_0039,WB_CENTRE_KOL_01,HALL_04,15,Q19,B,1.0
WBSSC_SLST_0039,WB_CENTRE_KOL_01,HALL_04,15,Q20,B,1.0
WBSSC_SLST_0039,WB_CENTRE_KOL_01,HALL_04,15,Q21,B,1.0
WBSSC_SLST_0039,WB_CENTRE_KOL_01,HALL_04,15,Q22,B,1.0
WBSSC_SLST_0039,WB_CENTRE_KOL_01,HALL_04,15,Q23,B,1.0
WBSSC_SLST_0039,WB_CENTRE_KOL_01,HALL_04,15,Q24,B,1.0
WBSSC_SLST_0039,WB_CENTRE_KOL_01,HALL_04,15,Q25,B,1.0
WBSSC_SLST_0039,WB_CENTRE_KOL_01,HALL_04,15,Q26,B,1.0
WBSSC_SLST_0039,WB_CENTRE_KOL_01,HALL_04,15,Q27,B,1.0
WBSSC_SLST_0039,WB_CENTRE_KOL_01,HALL_04,15,Q28,B,1.0
WBSSC_SLST_0039,WB_CENTRE_KOL_01,HALL_04,15,Q29,B,1.0
WBSSC_SLST_0039,WB_CENTRE_KOL_01,HALL_04,15,Q30,B,1.0
WBSSC_SLST_0039,WB_CENTRE_KOL_01,HALL_04,15,Q31,B,1.0
WBSSC_SLST_0039,WB_CENTRE_KOL_01,HALL_04,15,Q32,D,0.0
WBSSC_SLST_0039,WB_CENTRE_KOL_01,HALL_04,15,Q33,D,0.0
WBSSC_SLST_0039,WB_CENTRE_KOL_01,HALL_04,15,Q34,C,0.0
WBSSC_SLST_0039,WB_CENTRE_KOL_01,HALL_04,15,Q35,C,0.0
WBSSC_SLST_0039,WB_CENTRE_KOL_01,HALL_04,15,Q36,D,0.0
WBSSC_SLST_0039,WB_CENTRE_KOL_01,HALL_04,15,Q37,A,0.0
WBSSC_SLST_0039,WB_CENTRE_KOL_01,HALL_04,15,Q38,A,0.0
WBSSC_SLST_0039,WB_CENTRE_KOL_01,HALL_04,15,Q39,C,0.0
WBSSC_SLST_0039,WB_CENTRE_KOL_01,HALL_04,15,Q40,A,0.0
WBSSC_SLST_0039,WB_CENTRE_KOL_01,HALL_04,15,Q41,A,0.0
WBSSC_SLST_0039,WB_CENTRE_KOL_01,HALL_04,15,Q42,C,0.0
WBSSC_SLST_0039,WB_CENTRE_KOL_01,HALL_04,15,Q43,A,0.0
WBSSC_SLST_0039,WB_CENTRE_KOL_01,HALL_04,15,Q44,C,0.0
WBSSC_SLST_0039,WB_CENTRE_KOL_01,HALL_04,15,Q45,A,0.0
WBSSC_SLST_0039,WB_CENTRE_KOL_01,HALL_04,15,Q46,C,0.0
WBSSC_SLST_0039,WB_CENTRE_KOL_01,HALL_04,15,Q47,D,0.0
WBSSC_SLST_0039,WB_CENTRE_KOL_01,HALL_04,15,Q48,C,0.0
WBSSC_SLST_0039,WB_CENTRE_KOL_01,HALL_04,15,Q49,C,0.0
WBSSC_SLST_0039,WB_CENTRE_KOL_01,HALL_04,15,Q50,C,0.0
WBSSC_SLST_0039,WB_CENTRE_KOL_01,HALL_04,15,Q51,A,0.0
WBSSC_SLST_0039,WB_CENTRE_KOL_01,HALL_04,15,Q52,D,0.0
WBSSC_SLST_0039,WB_CENTRE_KOL_01,HALL_04,15,Q53,A,0.0
WBSSC_SLST_0039,WB_CENTRE_KOL_01,HALL_04,15,Q54,D,0.0
WBSSC_SLST_0039,WB_CENTRE_KOL_01,HALL_04,15,Q55,D,0.0
WBSSC_SLST_0039,WB_CENTRE_KOL_01,HALL_04,15,Q56,C,0.0
WBSSC_SLST_0039,WB_CENTRE_KOL_01,HALL_04,15,Q57,D,0.0
WBSSC_SLST_0039,WB_CENTRE_KOL_01,HALL_04,15,Q58,A,0.0
WBSSC_SLST_0039,WB_CENTRE_KOL_01,HALL_04,15,Q59,C,0.0
WBSSC_SLST_0039,WB_CENTRE_KOL_01,HALL_04,15,Q60,D,0.0
WBSSC_SLST_0040,WB_CENTRE_KOL_01,HALL_01,16,Q01,B,1.0
WBSSC_SLST_0040,WB_CENTRE_KOL_01,HALL_01,16,Q02,B,1.0
WBSSC_SLST_0040,WB_CENTRE_KOL_01,HALL_01,16,Q03,B,1.0
WBSSC_SLST_0040,WB_CENTRE_KOL_01,HALL_01,16,Q04,B,1.0
WBSSC_SLST_0040,WB_CENTRE_KOL_01,HALL_01,16,Q05,B,1.0
WBSSC_SLST_0040,WB_CENTRE_KOL_01,HALL_01,16,Q06,B,1.0
WBSSC_SLST_0040,WB_CENTRE_KOL_01,HALL_01,16,Q07,B,1.0
WBSSC_SLST_0040,WB_CENTRE_KOL_01,HALL_01,16,Q08,B,1.0
WBSSC_SLST_0040,WB_CENTRE_KOL_01,HALL_01,16,Q09,B,1.0
WBSSC_SLST_0040,WB_CENTRE_KOL_01,HALL_01,16,Q10,B,1.0
WBSSC_SLST_0040,WB_CENTRE_KOL_01,HALL_01,16,Q11,B,1.0
WBSSC_SLST_0040,WB_CENTRE_KOL_01,HALL_01,16,Q12,B,1.0
WBSSC_SLST_0040,WB_CENTRE_KOL_01,HALL_01,16,Q13,B,1.0
WBSSC_SLST_0040,WB_CENTRE_KOL_01,HALL_01,16,Q14,B,1.0
WBSSC_SLST_0040,WB_CENTRE_KOL_01,HALL_01,16,Q15,B,1.0
WBSSC_SLST_0040,WB_CENTRE_KOL_01,HALL_01,16,Q16,B,1.0
WBSSC_SLST_0040,WB_CENTRE_KOL_01,HALL_01,16,Q17,B,1.0
WBSSC_SLST_0040,WB_CENTRE_KOL_01,HALL_01,16,Q18,B,1.0
WBSSC_SLST_0040,WB_CENTRE_KOL_01,HALL_01,16,Q19,B,1.0
WBSSC_SLST_0040,WB_CENTRE_KOL_01,HALL_01,16,Q20,B,1.0
WBSSC_SLST_0040,WB_CENTRE_KOL_01,HALL_01,16,Q21,B,1.0
WBSSC_SLST_0040,WB_CENTRE_KOL_01,HALL_01,16,Q22,B,1.0
WBSSC_SLST_0040,WB_CENTRE_KOL_01,HALL_01,16,Q23,B,1.0
WBSSC_SLST_0040,WB_CENTRE_KOL_01,HALL_01,16,Q24,B,1.0
WBSSC_SLST_0040,WB_CENTRE_KOL_01,HALL_01,16,Q25,B,1.0
WBSSC_SLST_0040,WB_CENTRE_KOL_01,HALL_01,16,Q26,B,1.0
WBSSC_SLST_0040,WB_CENTRE_KOL_01,HALL_01,16,Q27,B,1.0
WBSSC_SLST_0040,WB_CENTRE_KOL_01,HALL_01,16,Q28,B,1.0
WBSSC_SLST_0040,WB_CENTRE_KOL_01,HALL_01,16,Q29,B,1.0
WBSSC_SLST_0040,WB_CENTRE_KOL_01,HALL_01,16,Q30,B,1.0
WBSSC_SLST_0040,WB_CENTRE_KOL_01,HALL_01,16,Q31,B,1.0
WBSSC_SLST_0040,WB_CENTRE_KOL_01,HALL_01,16,Q32,B,1.0
WBSSC_SLST_0040,WB_CENTRE_KOL_01,HALL_01,16,Q33,B,1.0
WBSSC_SLST_0040,WB_CENTRE_KOL_01,HALL_01,16,Q34,B,1.0
WBSSC_SLST_0040,WB_CENTRE_KOL_01,HALL_01,16,Q35,B,1.0
WBSSC_SLST_0040,WB_CENTRE_KOL_01,HALL_01,16,Q36,B,1.0
WBSSC_SLST_0040,WB_CENTRE_KOL_01,HALL_01,16,Q37,A,0.0
WBSSC_SLST_0040,WB_CENTRE_KOL_01,HALL_01,16,Q38,A,0.0
WBSSC_SLST_0040,WB_CENTRE_KOL_01,HALL_01,16,Q39,A,0.0
WBSSC_SLST_0040,WB_CENTRE_KOL_01,HALL_01,16,Q40,A,0.0
WBSSC_SLST_0040,WB_CENTRE_KOL_01,HALL_01,16,Q41,C,0.0
WBSSC_SLST_0040,WB_CENTRE_KOL_01,HALL_01,16,Q42,D,0.0
WBSSC_SLST_0040,WB_CENTRE_KOL_01,HALL_01,16,Q43,D,0.0
WBSSC_SLST_0040,WB_CENTRE_KOL_01,HALL_01,16,Q44,D,0.0
WBSSC_SLST_0040,WB_CENTRE_KOL_01,HALL_01,16,Q45,D,0.0
WBSSC_SLST_0040,WB_CENTRE_KOL_01,HALL_01,16,Q46,D,0.0
WBSSC_SLST_0040,WB_CENTRE_KOL_01,HALL_01,16,Q47,D,0.0
WBSSC_SLST_0040,WB_CENTRE_KOL_01,HALL_01,16,Q48,D,0.0
WBSSC_SLST_0040,WB_CENTRE_KOL_01,HALL_01,16,Q49,A,0.0
WBSSC_SLST_0040,WB_CENTRE_KOL_01,HALL_01,16,Q50,A,0.0
WBSSC_SLST_0040,WB_CENTRE_KOL_01,HALL_01,16,Q51,D,0.0
WBSSC_SLST_0040,WB_CENTRE_KOL_01,HALL_01,16,Q52,D,0.0
WBSSC_SLST_0040,WB_CENTRE_KOL_01,HALL_01,16,Q53,D,0.0
WBSSC_SLST_0040,WB_CENTRE_KOL_01,HALL_01,16,Q54,C,0.0
WBSSC_SLST_0040,WB_CENTRE_KOL_01,HALL_01,16,Q55,D,0.0
WBSSC_SLST_0040,WB_CENTRE_KOL_01,HALL_01,16,Q56,C,0.0
WBSSC_SLST_0040,WB_CENTRE_KOL_01,HALL_01,16,Q57,A,0.0
WBSSC_SLST_0040,WB_CENTRE_KOL_01,HALL_01,16,Q58,A,0.0
WBSSC_SLST_0040,WB_CENTRE_KOL_01,HALL_01,16,Q59,C,0.0
WBSSC_SLST_0040,WB_CENTRE_KOL_01,HALL_01,16,Q60,A,0.0
WBSSC_SLST_0041,WB_CENTRE_KOL_01,HALL_02,17,Q01,B,1.0
WBSSC_SLST_0041,WB_CENTRE_KOL_01,HALL_02,17,Q02,B,1.0
WBSSC_SLST_0041,WB_CENTRE_KOL_01,HALL_02,17,Q03,B,1.0
WBSSC_SLST_0041,WB_CENTRE_KOL_01,HALL_02,17,Q04,B,1.0
WBSSC_SLST_0041,WB_CENTRE_KOL_01,HALL_02,17,Q05,B,1.0
WBSSC_SLST_0041,WB_CENTRE_KOL_01,HALL_02,17,Q06,B,1.0
WBSSC_SLST_0041,WB_CENTRE_KOL_01,HALL_02,17,Q07,B,1.0
WBSSC_SLST_0041,WB_CENTRE_KOL_01,HALL_02,17,Q08,B,1.0
WBSSC_SLST_0041,WB_CENTRE_KOL_01,HALL_02,17,Q09,B,1.0
WBSSC_SLST_0041,WB_CENTRE_KOL_01,HALL_02,17,Q10,B,1.0
WBSSC_SLST_0041,WB_CENTRE_KOL_01,HALL_02,17,Q11,B,1.0
WBSSC_SLST_0041,WB_CENTRE_KOL_01,HALL_02,17,Q12,B,1.0
WBSSC_SLST_0041,WB_CENTRE_KOL_01,HALL_02,17,Q13,B,1.0
WBSSC_SLST_0041,WB_CENTRE_KOL_01,HALL_02,17,Q14,B,1.0
WBSSC_SLST_0041,WB_CENTRE_KOL_01,HALL_02,17,Q15,B,1.0
WBSSC_SLST_0041,WB_CENTRE_KOL_01,HALL_02,17,Q16,B,1.0
WBSSC_SLST_0041,WB_CENTRE_KOL_01,HALL_02,17,Q17,B,1.0
WBSSC_SLST_0041,WB_CENTRE_KOL_01,HALL_02,17,Q18,B,1.0
WBSSC_SLST_0041,WB_CENTRE_KOL_01,HALL_02,17,Q19,B,1.0
WBSSC_SLST_0041,WB_CENTRE_KOL_01,HALL_02,17,Q20,B,1.0
WBSSC_SLST_0041,WB_CENTRE_KOL_01,HALL_02,17,Q21,B,1.0
WBSSC_SLST_0041,WB_CENTRE_KOL_01,HALL_02,17,Q22,B,1.0
WBSSC_SLST_0041,WB_CENTRE_KOL_01,HALL_02,17,Q23,B,1.0
WBSSC_SLST_0041,WB_CENTRE_KOL_01,HALL_02,17,Q24,B,1.0
WBSSC_SLST_0041,WB_CENTRE_KOL_01,HALL_02,17,Q25,B,1.0
WBSSC_SLST_0041,WB_CENTRE_KOL_01,HALL_02,17,Q26,B,1.0
WBSSC_SLST_0041,WB_CENTRE_KOL_01,HALL_02,17,Q27,B,1.0
WBSSC_SLST_0041,WB_CENTRE_KOL_01,HALL_02,17,Q28,B,1.0
WBSSC_SLST_0041,WB_CENTRE_KOL_01,HALL_02,17,Q29,B,1.0
WBSSC_SLST_0041,WB_CENTRE_KOL_01,HALL_02,17,Q30,B,1.0
WBSSC_SLST_0041,WB_CENTRE_KOL_01,HALL_02,17,Q31,B,1.0
WBSSC_SLST_0041,WB_CENTRE_KOL_01,HALL_02,17,Q32,B,1.0
WBSSC_SLST_0041,WB_CENTRE_KOL_01,HALL_02,17,Q33,B,1.0
WBSSC_SLST_0041,WB_CENTRE_KOL_01,HALL_02,17,Q34,B,1.0
WBSSC_SLST_0041,WB_CENTRE_KOL_01,HALL_02,17,Q35,B,1.0
WBSSC_SLST_0041,WB_CENTRE_KOL_01,HALL_02,17,Q36,B,1.0
WBSSC_SLST_0041,WB_CENTRE_KOL_01,HALL_02,17,Q37,B,1.0
WBSSC_SLST_0041,WB_CENTRE_KOL_01,HALL_02,17,Q38,B,1.0
WBSSC_SLST_0041,WB_CENTRE_KOL_01,HALL_02,17,Q39,B,1.0
WBSSC_SLST_0041,WB_CENTRE_KOL_01,HALL_02,17,Q40,B,1.0
WBSSC_SLST_0041,WB_CENTRE_KOL_01,HALL_02,17,Q41,B,1.0
WBSSC_SLST_0041,WB_CENTRE_KOL_01,HALL_02,17,Q42,C,0.0
WBSSC_SLST_0041,WB_CENTRE_KOL_01,HALL_02,17,Q43,A,0.0
WBSSC_SLST_0041,WB_CENTRE_KOL_01,HALL_02,17,Q44,C,0.0
WBSSC_SLST_0041,WB_CENTRE_KOL_01,HALL_02,17,Q45,A,0.0
WBSSC_SLST_0041,WB_CENTRE_KOL_01,HALL_02,17,Q46,A,0.0
WBSSC_SLST_0041,WB_CENTRE_KOL_01,HALL_02,17,Q47,A,0.0
WBSSC_SLST_0041,WB_CENTRE_KOL_01,HALL_02,17,Q48,C,0.0
WBSSC_SLST_0041,WB_CENTRE_KOL_01,HALL_02,17,Q49,C,0.0
WBSSC_SLST_0041,WB_CENTRE_KOL_01,HALL_02,17,Q50,D,0.0
WBSSC_SLST_0041,WB_CENTRE_KOL_01,HALL_02,17,Q51,D,0.0
WBSSC_SLST_0041,WB_CENTRE_KOL_01,HALL_02,17,Q52,A,0.0
WBSSC_SLST_0041,WB_CENTRE_KOL_01,HALL_02,17,Q53,D,0.0
WBSSC_SLST_0041,WB_CENTRE_KOL_01,HALL_02,17,Q54,D,0.0
WBSSC_SLST_0041,WB_CENTRE_KOL_01,HALL_02,17,Q55,A,0.0
WBSSC_SLST_0041,WB_CENTRE_KOL_01,HALL_02,17,Q56,C,0.0
WBSSC_SLST_0041,WB_CENTRE_KOL_01,HALL_02,17,Q57,C,0.0
WBSSC_SLST_0041,WB_CENTRE_KOL_01,HALL_02,17,Q58,D,0.0
WBSSC_SLST_0041,WB_CENTRE_KOL_01,HALL_02,17,Q59,A,0.0
WBSSC_SLST_0041,WB_CENTRE_KOL_01,HALL_02,17,Q60,C,0.0
WBSSC_SLST_0042,WB_CENTRE_KOL_01,HALL_03,18,Q01,B,1.0
WBSSC_SLST_0042,WB_CENTRE_KOL_01,HALL_03,18,Q02,B,1.0
WBSSC_SLST_0042,WB_CENTRE_KOL_01,HALL_03,18,Q03,B,1.0
WBSSC_SLST_0042,WB_CENTRE_KOL_01,HALL_03,18,Q04,B,1.0
WBSSC_SLST_0042,WB_CENTRE_KOL_01,HALL_03,18,Q05,B,1.0
WBSSC_SLST_0042,WB_CENTRE_KOL_01,HALL_03,18,Q06,B,1.0
WBSSC_SLST_0042,WB_CENTRE_KOL_01,HALL_03,18,Q07,B,1.0
WBSSC_SLST_0042,WB_CENTRE_KOL_01,HALL_03,18,Q08,B,1.0
WBSSC_SLST_0042,WB_CENTRE_KOL_01,HALL_03,18,Q09,B,1.0
WBSSC_SLST_0042,WB_CENTRE_KOL_01,HALL_03,18,Q10,B,1.0
WBSSC_SLST_0042,WB_CENTRE_KOL_01,HALL_03,18,Q11,B,1.0
WBSSC_SLST_0042,WB_CENTRE_KOL_01,HALL_03,18,Q12,B,1.0
WBSSC_SLST_0042,WB_CENTRE_KOL_01,HALL_03,18,Q13,B,1.0
WBSSC_SLST_0042,WB_CENTRE_KOL_01,HALL_03,18,Q14,B,1.0
WBSSC_SLST_0042,WB_CENTRE_KOL_01,HALL_03,18,Q15,B,1.0
WBSSC_SLST_0042,WB_CENTRE_KOL_01,HALL_03,18,Q16,B,1.0
WBSSC_SLST_0042,WB_CENTRE_KOL_01,HALL_03,18,Q17,B,1.0
WBSSC_SLST_0042,WB_CENTRE_KOL_01,HALL_03,18,Q18,B,1.0
WBSSC_SLST_0042,WB_CENTRE_KOL_01,HALL_03,18,Q19,B,1.0
WBSSC_SLST_0042,WB_CENTRE_KOL_01,HALL_03,18,Q20,B,1.0
WBSSC_SLST_0042,WB_CENTRE_KOL_01,HALL_03,18,Q21,B,1.0
WBSSC_SLST_0042,WB_CENTRE_KOL_01,HALL_03,18,Q22,B,1.0
WBSSC_SLST_0042,WB_CENTRE_KOL_01,HALL_03,18,Q23,D,0.0
WBSSC_SLST_0042,WB_CENTRE_KOL_01,HALL_03,18,Q24,D,0.0
WBSSC_SLST_0042,WB_CENTRE_KOL_01,HALL_03,18,Q25,D,0.0
WBSSC_SLST_0042,WB_CENTRE_KOL_01,HALL_03,18,Q26,D,0.0
WBSSC_SLST_0042,WB_CENTRE_KOL_01,HALL_03,18,Q27,C,0.0
WBSSC_SLST_0042,WB_CENTRE_KOL_01,HALL_03,18,Q28,C,0.0
WBSSC_SLST_0042,WB_CENTRE_KOL_01,HALL_03,18,Q29,D,0.0
WBSSC_SLST_0042,WB_CENTRE_KOL_01,HALL_03,18,Q30,A,0.0
WBSSC_SLST_0042,WB_CENTRE_KOL_01,HALL_03,18,Q31,C,0.0
WBSSC_SLST_0042,WB_CENTRE_KOL_01,HALL_03,18,Q32,D,0.0
WBSSC_SLST_0042,WB_CENTRE_KOL_01,HALL_03,18,Q33,D,0.0
WBSSC_SLST_0042,WB_CENTRE_KOL_01,HALL_03,18,Q34,C,0.0
WBSSC_SLST_0042,WB_CENTRE_KOL_01,HALL_03,18,Q35,A,0.0
WBSSC_SLST_0042,WB_CENTRE_KOL_01,HALL_03,18,Q36,A,0.0
WBSSC_SLST_0042,WB_CENTRE_KOL_01,HALL_03,18,Q37,C,0.0
WBSSC_SLST_0042,WB_CENTRE_KOL_01,HALL_03,18,Q38,C,0.0
WBSSC_SLST_0042,WB_CENTRE_KOL_01,HALL_03,18,Q39,C,0.0
WBSSC_SLST_0042,WB_CENTRE_KOL_01,HALL_03,18,Q40,C,0.0
WBSSC_SLST_0042,WB_CENTRE_KOL_01,HALL_03,18,Q41,A,0.0
WBSSC_SLST_0042,WB_CENTRE_KOL_01,HALL_03,18,Q42,A,0.0
WBSSC_SLST_0042,WB_CENTRE_KOL_01,HALL_03,18,Q43,D,0.0
WBSSC_SLST_0042,WB_CENTRE_KOL_01,HALL_03,18,Q44,D,0.0
WBSSC_SLST_0042,WB_CENTRE_KOL_01,HALL_03,18,Q45,C,0.0
WBSSC_SLST_0042,WB_CENTRE_KOL_01,HALL_03,18,Q46,C,0.0
WBSSC_SLST_0042,WB_CENTRE_KOL_01,HALL_03,18,Q47,D,0.0
WBSSC_SLST_0042,WB_CENTRE_KOL_01,HALL_03,18,Q48,A,0.0
WBSSC_SLST_0042,WB_CENTRE_KOL_01,HALL_03,18,Q49,D,0.0
WBSSC_SLST_0042,WB_CENTRE_KOL_01,HALL_03,18,Q50,A,0.0
WBSSC_SLST_0042,WB_CENTRE_KOL_01,HALL_03,18,Q51,A,0.0
WBSSC_SLST_0042,WB_CENTRE_KOL_01,HALL_03,18,Q52,C,0.0
WBSSC_SLST_0042,WB_CENTRE_KOL_01,HALL_03,18,Q53,C,0.0
WBSSC_SLST_0042,WB_CENTRE_KOL_01,HALL_03,18,Q54,A,0.0
WBSSC_SLST_0042,WB_CENTRE_KOL_01,HALL_03,18,Q55,A,0.0
WBSSC_SLST_0042,WB_CENTRE_KOL_01,HALL_03,18,Q56,A,0.0
WBSSC_SLST_0042,WB_CENTRE_KOL_01,HALL_03,18,Q57,C,0.0
WBSSC_SLST_0042,WB_CENTRE_KOL_01,HALL_03,18,Q58,D,0.0
WBSSC_SLST_0042,WB_CENTRE_KOL_01,HALL_03,18,Q59,C,0.0
WBSSC_SLST_0042,WB_CENTRE_KOL_01,HALL_03,18,Q60,D,0.0
WBSSC_SLST_0043,WB_CENTRE_KOL_01,HALL_04,19,Q01,B,1.0
WBSSC_SLST_0043,WB_CENTRE_KOL_01,HALL_04,19,Q02,B,1.0
WBSSC_SLST_0043,WB_CENTRE_KOL_01,HALL_04,19,Q03,B,1.0
WBSSC_SLST_0043,WB_CENTRE_KOL_01,HALL_04,19,Q04,B,1.0
WBSSC_SLST_0043,WB_CENTRE_KOL_01,HALL_04,19,Q05,B,1.0
WBSSC_SLST_0043,WB_CENTRE_KOL_01,HALL_04,19,Q06,B,1.0
WBSSC_SLST_0043,WB_CENTRE_KOL_01,HALL_04,19,Q07,B,1.0
WBSSC_SLST_0043,WB_CENTRE_KOL_01,HALL_04,19,Q08,B,1.0
WBSSC_SLST_0043,WB_CENTRE_KOL_01,HALL_04,19,Q09,B,1.0
WBSSC_SLST_0043,WB_CENTRE_KOL_01,HALL_04,19,Q10,B,1.0
WBSSC_SLST_0043,WB_CENTRE_KOL_01,HALL_04,19,Q11,B,1.0
WBSSC_SLST_0043,WB_CENTRE_KOL_01,HALL_04,19,Q12,B,1.0
WBSSC_SLST_0043,WB_CENTRE_KOL_01,HALL_04,19,Q13,B,1.0
WBSSC_SLST_0043,WB_CENTRE_KOL_01,HALL_04,19,Q14,B,1.0
WBSSC_SLST_0043,WB_CENTRE_KOL_01,HALL_04,19,Q15,B,1.0
WBSSC_SLST_0043,WB_CENTRE_KOL_01,HALL_04,19,Q16,B,1.0
WBSSC_SLST_0043,WB_CENTRE_KOL_01,HALL_04,19,Q17,B,1.0
WBSSC_SLST_0043,WB_CENTRE_KOL_01,HALL_04,19,Q18,B,1.0
WBSSC_SLST_0043,WB_CENTRE_KOL_01,HALL_04,19,Q19,B,1.0
WBSSC_SLST_0043,WB_CENTRE_KOL_01,HALL_04,19,Q20,B,1.0
WBSSC_SLST_0043,WB_CENTRE_KOL_01,HALL_04,19,Q21,B,1.0
WBSSC_SLST_0043,WB_CENTRE_KOL_01,HALL_04,19,Q22,B,1.0
WBSSC_SLST_0043,WB_CENTRE_KOL_01,HALL_04,19,Q23,B,1.0
WBSSC_SLST_0043,WB_CENTRE_KOL_01,HALL_04,19,Q24,B,1.0
WBSSC_SLST_0043,WB_CENTRE_KOL_01,HALL_04,19,Q25,B,1.0
WBSSC_SLST_0043,WB_CENTRE_KOL_01,HALL_04,19,Q26,B,1.0
WBSSC_SLST_0043,WB_CENTRE_KOL_01,HALL_04,19,Q27,B,1.0
WBSSC_SLST_0043,WB_CENTRE_KOL_01,HALL_04,19,Q28,B,1.0
WBSSC_SLST_0043,WB_CENTRE_KOL_01,HALL_04,19,Q29,B,1.0
WBSSC_SLST_0043,WB_CENTRE_KOL_01,HALL_04,19,Q30,B,1.0
WBSSC_SLST_0043,WB_CENTRE_KOL_01,HALL_04,19,Q31,B,1.0
WBSSC_SLST_0043,WB_CENTRE_KOL_01,HALL_04,19,Q32,B,1.0
WBSSC_SLST_0043,WB_CENTRE_KOL_01,HALL_04,19,Q33,B,1.0
WBSSC_SLST_0043,WB_CENTRE_KOL_01,HALL_04,19,Q34,B,1.0
WBSSC_SLST_0043,WB_CENTRE_KOL_01,HALL_04,19,Q35,D,0.0
WBSSC_SLST_0043,WB_CENTRE_KOL_01,HALL_04,19,Q36,A,0.0
WBSSC_SLST_0043,WB_CENTRE_KOL_01,HALL_04,19,Q37,A,0.0
WBSSC_SLST_0043,WB_CENTRE_KOL_01,HALL_04,19,Q38,A,0.0
WBSSC_SLST_0043,WB_CENTRE_KOL_01,HALL_04,19,Q39,A,0.0
WBSSC_SLST_0043,WB_CENTRE_KOL_01,HALL_04,19,Q40,D,0.0
WBSSC_SLST_0043,WB_CENTRE_KOL_01,HALL_04,19,Q41,C,0.0
WBSSC_SLST_0043,WB_CENTRE_KOL_01,HALL_04,19,Q42,D,0.0
WBSSC_SLST_0043,WB_CENTRE_KOL_01,HALL_04,19,Q43,A,0.0
WBSSC_SLST_0043,WB_CENTRE_KOL_01,HALL_04,19,Q44,C,0.0
WBSSC_SLST_0043,WB_CENTRE_KOL_01,HALL_04,19,Q45,D,0.0
WBSSC_SLST_0043,WB_CENTRE_KOL_01,HALL_04,19,Q46,A,0.0
WBSSC_SLST_0043,WB_CENTRE_KOL_01,HALL_04,19,Q47,D,0.0
WBSSC_SLST_0043,WB_CENTRE_KOL_01,HALL_04,19,Q48,C,0.0
WBSSC_SLST_0043,WB_CENTRE_KOL_01,HALL_04,19,Q49,A,0.0
WBSSC_SLST_0043,WB_CENTRE_KOL_01,HALL_04,19,Q50,C,0.0
WBSSC_SLST_0043,WB_CENTRE_KOL_01,HALL_04,19,Q51,C,0.0
WBSSC_SLST_0043,WB_CENTRE_KOL_01,HALL_04,19,Q52,A,0.0
WBSSC_SLST_0043,WB_CENTRE_KOL_01,HALL_04,19,Q53,C,0.0
WBSSC_SLST_0043,WB_CENTRE_KOL_01,HALL_04,19,Q54,A,0.0
WBSSC_SLST_0043,WB_CENTRE_KOL_01,HALL_04,19,Q55,A,0.0
WBSSC_SLST_0043,WB_CENTRE_KOL_01,HALL_04,19,Q56,D,0.0
WBSSC_SLST_0043,WB_CENTRE_KOL_01,HALL_04,19,Q57,C,0.0
WBSSC_SLST_0043,WB_CENTRE_KOL_01,HALL_04,19,Q58,D,0.0
WBSSC_SLST_0043,WB_CENTRE_KOL_01,HALL_04,19,Q59,A,0.0
WBSSC_SLST_0043,WB_CENTRE_KOL_01,HALL_04,19,Q60,C,0.0
WBSSC_SLST_0044,WB_CENTRE_KOL_01,HALL_01,20,Q01,B,1.0
WBSSC_SLST_0044,WB_CENTRE_KOL_01,HALL_01,20,Q02,B,1.0
WBSSC_SLST_0044,WB_CENTRE_KOL_01,HALL_01,20,Q03,B,1.0
WBSSC_SLST_0044,WB_CENTRE_KOL_01,HALL_01,20,Q04,B,1.0
WBSSC_SLST_0044,WB_CENTRE_KOL_01,HALL_01,20,Q05,B,1.0
WBSSC_SLST_0044,WB_CENTRE_KOL_01,HALL_01,20,Q06,B,1.0
WBSSC_SLST_0044,WB_CENTRE_KOL_01,HALL_01,20,Q07,B,1.0
WBSSC_SLST_0044,WB_CENTRE_KOL_01,HALL_01,20,Q08,B,1.0
WBSSC_SLST_0044,WB_CENTRE_KOL_01,HALL_01,20,Q09,B,1.0
WBSSC_SLST_0044,WB_CENTRE_KOL_01,HALL_01,20,Q10,B,1.0
WBSSC_SLST_0044,WB_CENTRE_KOL_01,HALL_01,20,Q11,B,1.0
WBSSC_SLST_0044,WB_CENTRE_KOL_01,HALL_01,20,Q12,B,1.0
WBSSC_SLST_0044,WB_CENTRE_KOL_01,HALL_01,20,Q13,B,1.0
WBSSC_SLST_0044,WB_CENTRE_KOL_01,HALL_01,20,Q14,B,1.0
WBSSC_SLST_0044,WB_CENTRE_KOL_01,HALL_01,20,Q15,B,1.0
WBSSC_SLST_0044,WB_CENTRE_KOL_01,HALL_01,20,Q16,B,1.0
WBSSC_SLST_0044,WB_CENTRE_KOL_01,HALL_01,20,Q17,B,1.0
WBSSC_SLST_0044,WB_CENTRE_KOL_01,HALL_01,20,Q18,B,1.0
WBSSC_SLST_0044,WB_CENTRE_KOL_01,HALL_01,20,Q19,B,1.0
WBSSC_SLST_0044,WB_CENTRE_KOL_01,HALL_01,20,Q20,B,1.0
WBSSC_SLST_0044,WB_CENTRE_KOL_01,HALL_01,20,Q21,B,1.0
WBSSC_SLST_0044,WB_CENTRE_KOL_01,HALL_01,20,Q22,B,1.0
WBSSC_SLST_0044,WB_CENTRE_KOL_01,HALL_01,20,Q23,B,1.0
WBSSC_SLST_0044,WB_CENTRE_KOL_01,HALL_01,20,Q24,B,1.0
WBSSC_SLST_0044,WB_CENTRE_KOL_01,HALL_01,20,Q25,B,1.0
WBSSC_SLST_0044,WB_CENTRE_KOL_01,HALL_01,20,Q26,B,1.0
WBSSC_SLST_0044,WB_CENTRE_KOL_01,HALL_01,20,Q27,B,1.0
WBSSC_SLST_0044,WB_CENTRE_KOL_01,HALL_01,20,Q28,B,1.0
WBSSC_SLST_0044,WB_CENTRE_KOL_01,HALL_01,20,Q29,B,1.0
WBSSC_SLST_0044,WB_CENTRE_KOL_01,HALL_01,20,Q30,B,1.0
WBSSC_SLST_0044,WB_CENTRE_KOL_01,HALL_01,20,Q31,B,1.0
WBSSC_SLST_0044,WB_CENTRE_KOL_01,HALL_01,20,Q32,B,1.0
WBSSC_SLST_0044,WB_CENTRE_KOL_01,HALL_01,20,Q33,B,1.0
WBSSC_SLST_0044,WB_CENTRE_KOL_01,HALL_01,20,Q34,B,1.0
WBSSC_SLST_0044,WB_CENTRE_KOL_01,HALL_01,20,Q35,B,1.0
WBSSC_SLST_0044,WB_CENTRE_KOL_01,HALL_01,20,Q36,B,1.0
WBSSC_SLST_0044,WB_CENTRE_KOL_01,HALL_01,20,Q37,B,1.0
WBSSC_SLST_0044,WB_CENTRE_KOL_01,HALL_01,20,Q38,B,1.0
WBSSC_SLST_0044,WB_CENTRE_KOL_01,HALL_01,20,Q39,B,1.0
WBSSC_SLST_0044,WB_CENTRE_KOL_01,HALL_01,20,Q40,D,0.0
WBSSC_SLST_0044,WB_CENTRE_KOL_01,HALL_01,20,Q41,A,0.0
WBSSC_SLST_0044,WB_CENTRE_KOL_01,HALL_01,20,Q42,A,0.0
WBSSC_SLST_0044,WB_CENTRE_KOL_01,HALL_01,20,Q43,A,0.0
WBSSC_SLST_0044,WB_CENTRE_KOL_01,HALL_01,20,Q44,C,0.0
WBSSC_SLST_0044,WB_CENTRE_KOL_01,HALL_01,20,Q45,C,0.0
WBSSC_SLST_0044,WB_CENTRE_KOL_01,HALL_01,20,Q46,C,0.0
WBSSC_SLST_0044,WB_CENTRE_KOL_01,HALL_01,20,Q47,D,0.0
WBSSC_SLST_0044,WB_CENTRE_KOL_01,HALL_01,20,Q48,A,0.0
WBSSC_SLST_0044,WB_CENTRE_KOL_01,HALL_01,20,Q49,A,0.0
WBSSC_SLST_0044,WB_CENTRE_KOL_01,HALL_01,20,Q50,A,0.0
WBSSC_SLST_0044,WB_CENTRE_KOL_01,HALL_01,20,Q51,D,0.0
WBSSC_SLST_0044,WB_CENTRE_KOL_01,HALL_01,20,Q52,C,0.0
WBSSC_SLST_0044,WB_CENTRE_KOL_01,HALL_01,20,Q53,C,0.0
WBSSC_SLST_0044,WB_CENTRE_KOL_01,HALL_01,20,Q54,D,0.0
WBSSC_SLST_0044,WB_CENTRE_KOL_01,HALL_01,20,Q55,D,0.0
WBSSC_SLST_0044,WB_CENTRE_KOL_01,HALL_01,20,Q56,D,0.0
WBSSC_SLST_0044,WB_CENTRE_KOL_01,HALL_01,20,Q57,D,0.0
WBSSC_SLST_0044,WB_CENTRE_KOL_01,HALL_01,20,Q58,D,0.0
WBSSC_SLST_0044,WB_CENTRE_KOL_01,HALL_01,20,Q59,C,0.0
WBSSC_SLST_0044,WB_CENTRE_KOL_01,HALL_01,20,Q60,D,0.0
WBSSC_SLST_0045,WB_CENTRE_KOL_01,HALL_02,21,Q01,B,1.0
WBSSC_SLST_0045,WB_CENTRE_KOL_01,HALL_02,21,Q02,B,1.0
WBSSC_SLST_0045,WB_CENTRE_KOL_01,HALL_02,21,Q03,B,1.0
WBSSC_SLST_0045,WB_CENTRE_KOL_01,HALL_02,21,Q04,B,1.0
WBSSC_SLST_0045,WB_CENTRE_KOL_01,HALL_02,21,Q05,B,1.0
WBSSC_SLST_0045,WB_CENTRE_KOL_01,HALL_02,21,Q06,B,1.0
WBSSC_SLST_0045,WB_CENTRE_KOL_01,HALL_02,21,Q07,B,1.0
WBSSC_SLST_0045,WB_CENTRE_KOL_01,HALL_02,21,Q08,B,1.0
WBSSC_SLST_0045,WB_CENTRE_KOL_01,HALL_02,21,Q09,B,1.0
WBSSC_SLST_0045,WB_CENTRE_KOL_01,HALL_02,21,Q10,B,1.0
WBSSC_SLST_0045,WB_CENTRE_KOL_01,HALL_02,21,Q11,B,1.0
WBSSC_SLST_0045,WB_CENTRE_KOL_01,HALL_02,21,Q12,B,1.0
WBSSC_SLST_0045,WB_CENTRE_KOL_01,HALL_02,21,Q13,B,1.0
WBSSC_SLST_0045,WB_CENTRE_KOL_01,HALL_02,21,Q14,B,1.0
WBSSC_SLST_0045,WB_CENTRE_KOL_01,HALL_02,21,Q15,B,1.0
WBSSC_SLST_0045,WB_CENTRE_KOL_01,HALL_02,21,Q16,B,1.0
WBSSC_SLST_0045,WB_CENTRE_KOL_01,HALL_02,21,Q17,B,1.0
WBSSC_SLST_0045,WB_CENTRE_KOL_01,HALL_02,21,Q18,B,1.0
WBSSC_SLST_0045,WB_CENTRE_KOL_01,HALL_02,21,Q19,B,1.0
WBSSC_SLST_0045,WB_CENTRE_KOL_01,HALL_02,21,Q20,B,1.0
WBSSC_SLST_0045,WB_CENTRE_KOL_01,HALL_02,21,Q21,D,0.0
WBSSC_SLST_0045,WB_CENTRE_KOL_01,HALL_02,21,Q22,A,0.0
WBSSC_SLST_0045,WB_CENTRE_KOL_01,HALL_02,21,Q23,D,0.0
WBSSC_SLST_0045,WB_CENTRE_KOL_01,HALL_02,21,Q24,C,0.0
WBSSC_SLST_0045,WB_CENTRE_KOL_01,HALL_02,21,Q25,D,0.0
WBSSC_SLST_0045,WB_CENTRE_KOL_01,HALL_02,21,Q26,D,0.0
WBSSC_SLST_0045,WB_CENTRE_KOL_01,HALL_02,21,Q27,A,0.0
WBSSC_SLST_0045,WB_CENTRE_KOL_01,HALL_02,21,Q28,D,0.0
WBSSC_SLST_0045,WB_CENTRE_KOL_01,HALL_02,21,Q29,C,0.0
WBSSC_SLST_0045,WB_CENTRE_KOL_01,HALL_02,21,Q30,C,0.0
WBSSC_SLST_0045,WB_CENTRE_KOL_01,HALL_02,21,Q31,C,0.0
WBSSC_SLST_0045,WB_CENTRE_KOL_01,HALL_02,21,Q32,D,0.0
WBSSC_SLST_0045,WB_CENTRE_KOL_01,HALL_02,21,Q33,A,0.0
WBSSC_SLST_0045,WB_CENTRE_KOL_01,HALL_02,21,Q34,C,0.0
WBSSC_SLST_0045,WB_CENTRE_KOL_01,HALL_02,21,Q35,C,0.0
WBSSC_SLST_0045,WB_CENTRE_KOL_01,HALL_02,21,Q36,D,0.0
WBSSC_SLST_0045,WB_CENTRE_KOL_01,HALL_02,21,Q37,A,0.0
WBSSC_SLST_0045,WB_CENTRE_KOL_01,HALL_02,21,Q38,D,0.0
WBSSC_SLST_0045,WB_CENTRE_KOL_01,HALL_02,21,Q39,A,0.0
WBSSC_SLST_0045,WB_CENTRE_KOL_01,HALL_02,21,Q40,A,0.0
WBSSC_SLST_0045,WB_CENTRE_KOL_01,HALL_02,21,Q41,C,0.0
WBSSC_SLST_0045,WB_CENTRE_KOL_01,HALL_02,21,Q42,D,0.0
WBSSC_SLST_0045,WB_CENTRE_KOL_01,HALL_02,21,Q43,A,0.0
WBSSC_SLST_0045,WB_CENTRE_KOL_01,HALL_02,21,Q44,A,0.0
WBSSC_SLST_0045,WB_CENTRE_KOL_01,HALL_02,21,Q45,C,0.0
WBSSC_SLST_0045,WB_CENTRE_KOL_01,HALL_02,21,Q46,C,0.0
WBSSC_SLST_0045,WB_CENTRE_KOL_01,HALL_02,21,Q47,C,0.0
WBSSC_SLST_0045,WB_CENTRE_KOL_01,HALL_02,21,Q48,A,0.0
WBSSC_SLST_0045,WB_CENTRE_KOL_01,HALL_02,21,Q49,A,0.0
WBSSC_SLST_0045,WB_CENTRE_KOL_01,HALL_02,21,Q50,A,0.0
WBSSC_SLST_0045,WB_CENTRE_KOL_01,HALL_02,21,Q51,D,0.0
WBSSC_SLST_0045,WB_CENTRE_KOL_01,HALL_02,21,Q52,A,0.0
WBSSC_SLST_0045,WB_CENTRE_KOL_01,HALL_02,21,Q53,C,0.0
WBSSC_SLST_0045,WB_CENTRE_KOL_01,HALL_02,21,Q54,D,0.0
WBSSC_SLST_0045,WB_CENTRE_KOL_01,HALL_02,21,Q55,C,0.0
WBSSC_SLST_0045,WB_CENTRE_KOL_01,HALL_02,21,Q56,C,0.0
WBSSC_SLST_0045,WB_CENTRE_KOL_01,HALL_02,21,Q57,C,0.0
WBSSC_SLST_0045,WB_CENTRE_KOL_01,HALL_02,21,Q58,C,0.0
WBSSC_SLST_0045,WB_CENTRE_KOL_01,HALL_02,21,Q59,D,0.0
WBSSC_SLST_0045,WB_CENTRE_KOL_01,HALL_02,21,Q60,D,0.0
WBSSC_SLST_0046,WB_CENTRE_KOL_01,HALL_03,22,Q01,B,1.0
WBSSC_SLST_0046,WB_CENTRE_KOL_01,HALL_03,22,Q02,B,1.0
WBSSC_SLST_0046,WB_CENTRE_KOL_01,HALL_03,22,Q03,B,1.0
WBSSC_SLST_0046,WB_CENTRE_KOL_01,HALL_03,22,Q04,B,1.0
WBSSC_SLST_0046,WB_CENTRE_KOL_01,HALL_03,22,Q05,B,1.0
WBSSC_SLST_0046,WB_CENTRE_KOL_01,HALL_03,22,Q06,B,1.0
WBSSC_SLST_0046,WB_CENTRE_KOL_01,HALL_03,22,Q07,B,1.0
WBSSC_SLST_0046,WB_CENTRE_KOL_01,HALL_03,22,Q08,B,1.0
WBSSC_SLST_0046,WB_CENTRE_KOL_01,HALL_03,22,Q09,B,1.0
WBSSC_SLST_0046,WB_CENTRE_KOL_01,HALL_03,22,Q10,B,1.0
WBSSC_SLST_0046,WB_CENTRE_KOL_01,HALL_03,22,Q11,B,1.0
WBSSC_SLST_0046,WB_CENTRE_KOL_01,HALL_03,22,Q12,B,1.0
WBSSC_SLST_0046,WB_CENTRE_KOL_01,HALL_03,22,Q13,B,1.0
WBSSC_SLST_0046,WB_CENTRE_KOL_01,HALL_03,22,Q14,B,1.0
WBSSC_SLST_0046,WB_CENTRE_KOL_01,HALL_03,22,Q15,B,1.0
WBSSC_SLST_0046,WB_CENTRE_KOL_01,HALL_03,22,Q16,B,1.0
WBSSC_SLST_0046,WB_CENTRE_KOL_01,HALL_03,22,Q17,B,1.0
WBSSC_SLST_0046,WB_CENTRE_KOL_01,HALL_03,22,Q18,B,1.0
WBSSC_SLST_0046,WB_CENTRE_KOL_01,HALL_03,22,Q19,B,1.0
WBSSC_SLST_0046,WB_CENTRE_KOL_01,HALL_03,22,Q20,B,1.0
WBSSC_SLST_0046,WB_CENTRE_KOL_01,HALL_03,22,Q21,B,1.0
WBSSC_SLST_0046,WB_CENTRE_KOL_01,HALL_03,22,Q22,B,1.0
WBSSC_SLST_0046,WB_CENTRE_KOL_01,HALL_03,22,Q23,B,1.0
WBSSC_SLST_0046,WB_CENTRE_KOL_01,HALL_03,22,Q24,B,1.0
WBSSC_SLST_0046,WB_CENTRE_KOL_01,HALL_03,22,Q25,B,1.0
WBSSC_SLST_0046,WB_CENTRE_KOL_01,HALL_03,22,Q26,B,1.0
WBSSC_SLST_0046,WB_CENTRE_KOL_01,HALL_03,22,Q27,B,1.0
WBSSC_SLST_0046,WB_CENTRE_KOL_01,HALL_03,22,Q28,B,1.0
WBSSC_SLST_0046,WB_CENTRE_KOL_01,HALL_03,22,Q29,B,1.0
WBSSC_SLST_0046,WB_CENTRE_KOL_01,HALL_03,22,Q30,B,1.0
WBSSC_SLST_0046,WB_CENTRE_KOL_01,HALL_03,22,Q31,B,1.0
WBSSC_SLST_0046,WB_CENTRE_KOL_01,HALL_03,22,Q32,B,1.0
WBSSC_SLST_0046,WB_CENTRE_KOL_01,HALL_03,22,Q33,A,0.0
WBSSC_SLST_0046,WB_CENTRE_KOL_01,HALL_03,22,Q34,C,0.0
WBSSC_SLST_0046,WB_CENTRE_KOL_01,HALL_03,22,Q35,C,0.0
WBSSC_SLST_0046,WB_CENTRE_KOL_01,HALL_03,22,Q36,A,0.0
WBSSC_SLST_0046,WB_CENTRE_KOL_01,HALL_03,22,Q37,D,0.0
WBSSC_SLST_0046,WB_CENTRE_KOL_01,HALL_03,22,Q38,A,0.0
WBSSC_SLST_0046,WB_CENTRE_KOL_01,HALL_03,22,Q39,C,0.0
WBSSC_SLST_0046,WB_CENTRE_KOL_01,HALL_03,22,Q40,A,0.0
WBSSC_SLST_0046,WB_CENTRE_KOL_01,HALL_03,22,Q41,D,0.0
WBSSC_SLST_0046,WB_CENTRE_KOL_01,HALL_03,22,Q42,C,0.0
WBSSC_SLST_0046,WB_CENTRE_KOL_01,HALL_03,22,Q43,A,0.0
WBSSC_SLST_0046,WB_CENTRE_KOL_01,HALL_03,22,Q44,A,0.0
WBSSC_SLST_0046,WB_CENTRE_KOL_01,HALL_03,22,Q45,D,0.0
WBSSC_SLST_0046,WB_CENTRE_KOL_01,HALL_03,22,Q46,C,0.0
WBSSC_SLST_0046,WB_CENTRE_KOL_01,HALL_03,22,Q47,A,0.0
WBSSC_SLST_0046,WB_CENTRE_KOL_01,HALL_03,22,Q48,C,0.0
WBSSC_SLST_0046,WB_CENTRE_KOL_01,HALL_03,22,Q49,A,0.0
WBSSC_SLST_0046,WB_CENTRE_KOL_01,HALL_03,22,Q50,D,0.0
WBSSC_SLST_0046,WB_CENTRE_KOL_01,HALL_03,22,Q51,D,0.0
WBSSC_SLST_0046,WB_CENTRE_KOL_01,HALL_03,22,Q52,C,0.0
WBSSC_SLST_0046,WB_CENTRE_KOL_01,HALL_03,22,Q53,A,0.0
WBSSC_SLST_0046,WB_CENTRE_KOL_01,HALL_03,22,Q54,D,0.0
WBSSC_SLST_0046,WB_CENTRE_KOL_01,HALL_03,22,Q55,C,0.0
WBSSC_SLST_0046,WB_CENTRE_KOL_01,HALL_03,22,Q56,D,0.0
WBSSC_SLST_0046,WB_CENTRE_KOL_01,HALL_03,22,Q57,A,0.0
WBSSC_SLST_0046,WB_CENTRE_KOL_01,HALL_03,22,Q58,D,0.0
WBSSC_SLST_0046,WB_CENTRE_KOL_01,HALL_03,22,Q59,C,0.0
WBSSC_SLST_0046,WB_CENTRE_KOL_01,HALL_03,22,Q60,C,0.0
WBSSC_SLST_0047,WB_CENTRE_KOL_01,HALL_04,23,Q01,B,1.0
WBSSC_SLST_0047,WB_CENTRE_KOL_01,HALL_04,23,Q02,B,1.0
WBSSC_SLST_0047,WB_CENTRE_KOL_01,HALL_04,23,Q03,B,1.0
WBSSC_SLST_0047,WB_CENTRE_KOL_01,HALL_04,23,Q04,B,1.0
WBSSC_SLST_0047,WB_CENTRE_KOL_01,HALL_04,23,Q05,B,1.0
WBSSC_SLST_0047,WB_CENTRE_KOL_01,HALL_04,23,Q06,B,1.0
WBSSC_SLST_0047,WB_CENTRE_KOL_01,HALL_04,23,Q07,B,1.0
WBSSC_SLST_0047,WB_CENTRE_KOL_01,HALL_04,23,Q08,B,1.0
WBSSC_SLST_0047,WB_CENTRE_KOL_01,HALL_04,23,Q09,B,1.0
WBSSC_SLST_0047,WB_CENTRE_KOL_01,HALL_04,23,Q10,B,1.0
WBSSC_SLST_0047,WB_CENTRE_KOL_01,HALL_04,23,Q11,B,1.0
WBSSC_SLST_0047,WB_CENTRE_KOL_01,HALL_04,23,Q12,B,1.0
WBSSC_SLST_0047,WB_CENTRE_KOL_01,HALL_04,23,Q13,B,1.0
WBSSC_SLST_0047,WB_CENTRE_KOL_01,HALL_04,23,Q14,B,1.0
WBSSC_SLST_0047,WB_CENTRE_KOL_01,HALL_04,23,Q15,B,1.0
WBSSC_SLST_0047,WB_CENTRE_KOL_01,HALL_04,23,Q16,B,1.0
WBSSC_SLST_0047,WB_CENTRE_KOL_01,HALL_04,23,Q17,B,1.0
WBSSC_SLST_0047,WB_CENTRE_KOL_01,HALL_04,23,Q18,B,1.0
WBSSC_SLST_0047,WB_CENTRE_KOL_01,HALL_04,23,Q19,B,1.0
WBSSC_SLST_0047,WB_CENTRE_KOL_01,HALL_04,23,Q20,B,1.0
WBSSC_SLST_0047,WB_CENTRE_KOL_01,HALL_04,23,Q21,B,1.0
WBSSC_SLST_0047,WB_CENTRE_KOL_01,HALL_04,23,Q22,B,1.0
WBSSC_SLST_0047,WB_CENTRE_KOL_01,HALL_04,23,Q23,B,1.0
WBSSC_SLST_0047,WB_CENTRE_KOL_01,HALL_04,23,Q24,B,1.0
WBSSC_SLST_0047,WB_CENTRE_KOL_01,HALL_04,23,Q25,B,1.0
WBSSC_SLST_0047,WB_CENTRE_KOL_01,HALL_04,23,Q26,B,1.0
WBSSC_SLST_0047,WB_CENTRE_KOL_01,HALL_04,23,Q27,B,1.0
WBSSC_SLST_0047,WB_CENTRE_KOL_01,HALL_04,23,Q28,B,1.0
WBSSC_SLST_0047,WB_CENTRE_KOL_01,HALL_04,23,Q29,B,1.0
WBSSC_SLST_0047,WB_CENTRE_KOL_01,HALL_04,23,Q30,B,1.0
WBSSC_SLST_0047,WB_CENTRE_KOL_01,HALL_04,23,Q31,B,1.0
WBSSC_SLST_0047,WB_CENTRE_KOL_01,HALL_04,23,Q32,B,1.0
WBSSC_SLST_0047,WB_CENTRE_KOL_01,HALL_04,23,Q33,B,1.0
WBSSC_SLST_0047,WB_CENTRE_KOL_01,HALL_04,23,Q34,B,1.0
WBSSC_SLST_0047,WB_CENTRE_KOL_01,HALL_04,23,Q35,B,1.0
WBSSC_SLST_0047,WB_CENTRE_KOL_01,HALL_04,23,Q36,B,1.0
WBSSC_SLST_0047,WB_CENTRE_KOL_01,HALL_04,23,Q37,B,1.0
WBSSC_SLST_0047,WB_CENTRE_KOL_01,HALL_04,23,Q38,C,0.0
WBSSC_SLST_0047,WB_CENTRE_KOL_01,HALL_04,23,Q39,A,0.0
WBSSC_SLST_0047,WB_CENTRE_KOL_01,HALL_04,23,Q40,C,0.0
WBSSC_SLST_0047,WB_CENTRE_KOL_01,HALL_04,23,Q41,A,0.0
WBSSC_SLST_0047,WB_CENTRE_KOL_01,HALL_04,23,Q42,A,0.0
WBSSC_SLST_0047,WB_CENTRE_KOL_01,HALL_04,23,Q43,D,0.0
WBSSC_SLST_0047,WB_CENTRE_KOL_01,HALL_04,23,Q44,C,0.0
WBSSC_SLST_0047,WB_CENTRE_KOL_01,HALL_04,23,Q45,D,0.0
WBSSC_SLST_0047,WB_CENTRE_KOL_01,HALL_04,23,Q46,C,0.0
WBSSC_SLST_0047,WB_CENTRE_KOL_01,HALL_04,23,Q47,C,0.0
WBSSC_SLST_0047,WB_CENTRE_KOL_01,HALL_04,23,Q48,D,0.0
WBSSC_SLST_0047,WB_CENTRE_KOL_01,HALL_04,23,Q49,C,0.0
WBSSC_SLST_0047,WB_CENTRE_KOL_01,HALL_04,23,Q50,D,0.0
WBSSC_SLST_0047,WB_CENTRE_KOL_01,HALL_04,23,Q51,D,0.0
WBSSC_SLST_0047,WB_CENTRE_KOL_01,HALL_04,23,Q52,C,0.0
WBSSC_SLST_0047,WB_CENTRE_KOL_01,HALL_04,23,Q53,D,0.0
WBSSC_SLST_0047,WB_CENTRE_KOL_01,HALL_04,23,Q54,C,0.0
WBSSC_SLST_0047,WB_CENTRE_KOL_01,HALL_04,23,Q55,D,0.0
WBSSC_SLST_0047,WB_CENTRE_KOL_01,HALL_04,23,Q56,D,0.0
WBSSC_SLST_0047,WB_CENTRE_KOL_01,HALL_04,23,Q57,C,0.0
WBSSC_SLST_0047,WB_CENTRE_KOL_01,HALL_04,23,Q58,D,0.0
WBSSC_SLST_0047,WB_CENTRE_KOL_01,HALL_04,23,Q59,D,0.0
WBSSC_SLST_0047,WB_CENTRE_KOL_01,HALL_04,23,Q60,A,0.0
WBSSC_SLST_0048,WB_CENTRE_KOL_01,HALL_01,24,Q01,B,1.0
WBSSC_SLST_0048,WB_CENTRE_KOL_01,HALL_01,24,Q02,B,1.0
WBSSC_SLST_0048,WB_CENTRE_KOL_01,HALL_01,24,Q03,B,1.0
WBSSC_SLST_0048,WB_CENTRE_KOL_01,HALL_01,24,Q04,B,1.0
WBSSC_SLST_0048,WB_CENTRE_KOL_01,HALL_01,24,Q05,B,1.0
WBSSC_SLST_0048,WB_CENTRE_KOL_01,HALL_01,24,Q06,B,1.0
WBSSC_SLST_0048,WB_CENTRE_KOL_01,HALL_01,24,Q07,B,1.0
WBSSC_SLST_0048,WB_CENTRE_KOL_01,HALL_01,24,Q08,B,1.0
WBSSC_SLST_0048,WB_CENTRE_KOL_01,HALL_01,24,Q09,B,1.0
WBSSC_SLST_0048,WB_CENTRE_KOL_01,HALL_01,24,Q10,B,1.0
WBSSC_SLST_0048,WB_CENTRE_KOL_01,HALL_01,24,Q11,B,1.0
WBSSC_SLST_0048,WB_CENTRE_KOL_01,HALL_01,24,Q12,B,1.0
WBSSC_SLST_0048,WB_CENTRE_KOL_01,HALL_01,24,Q13,B,1.0
WBSSC_SLST_0048,WB_CENTRE_KOL_01,HALL_01,24,Q14,B,1.0
WBSSC_SLST_0048,WB_CENTRE_KOL_01,HALL_01,24,Q15,B,1.0
WBSSC_SLST_0048,WB_CENTRE_KOL_01,HALL_01,24,Q16,B,1.0
WBSSC_SLST_0048,WB_CENTRE_KOL_01,HALL_01,24,Q17,B,1.0
WBSSC_SLST_0048,WB_CENTRE_KOL_01,HALL_01,24,Q18,B,1.0
WBSSC_SLST_0048,WB_CENTRE_KOL_01,HALL_01,24,Q19,A,0.0
WBSSC_SLST_0048,WB_CENTRE_KOL_01,HALL_01,24,Q20,D,0.0
WBSSC_SLST_0048,WB_CENTRE_KOL_01,HALL_01,24,Q21,D,0.0
WBSSC_SLST_0048,WB_CENTRE_KOL_01,HALL_01,24,Q22,C,0.0
WBSSC_SLST_0048,WB_CENTRE_KOL_01,HALL_01,24,Q23,A,0.0
WBSSC_SLST_0048,WB_CENTRE_KOL_01,HALL_01,24,Q24,D,0.0
WBSSC_SLST_0048,WB_CENTRE_KOL_01,HALL_01,24,Q25,D,0.0
WBSSC_SLST_0048,WB_CENTRE_KOL_01,HALL_01,24,Q26,C,0.0
WBSSC_SLST_0048,WB_CENTRE_KOL_01,HALL_01,24,Q27,C,0.0
WBSSC_SLST_0048,WB_CENTRE_KOL_01,HALL_01,24,Q28,C,0.0
WBSSC_SLST_0048,WB_CENTRE_KOL_01,HALL_01,24,Q29,D,0.0
WBSSC_SLST_0048,WB_CENTRE_KOL_01,HALL_01,24,Q30,A,0.0
WBSSC_SLST_0048,WB_CENTRE_KOL_01,HALL_01,24,Q31,D,0.0
WBSSC_SLST_0048,WB_CENTRE_KOL_01,HALL_01,24,Q32,C,0.0
WBSSC_SLST_0048,WB_CENTRE_KOL_01,HALL_01,24,Q33,C,0.0
WBSSC_SLST_0048,WB_CENTRE_KOL_01,HALL_01,24,Q34,D,0.0
WBSSC_SLST_0048,WB_CENTRE_KOL_01,HALL_01,24,Q35,A,0.0
WBSSC_SLST_0048,WB_CENTRE_KOL_01,HALL_01,24,Q36,D,0.0
WBSSC_SLST_0048,WB_CENTRE_KOL_01,HALL_01,24,Q37,C,0.0
WBSSC_SLST_0048,WB_CENTRE_KOL_01,HALL_01,24,Q38,D,0.0
WBSSC_SLST_0048,WB_CENTRE_KOL_01,HALL_01,24,Q39,A,0.0
WBSSC_SLST_0048,WB_CENTRE_KOL_01,HALL_01,24,Q40,A,0.0
WBSSC_SLST_0048,WB_CENTRE_KOL_01,HALL_01,24,Q41,A,0.0
WBSSC_SLST_0048,WB_CENTRE_KOL_01,HALL_01,24,Q42,D,0.0
WBSSC_SLST_0048,WB_CENTRE_KOL_01,HALL_01,24,Q43,A,0.0
WBSSC_SLST_0048,WB_CENTRE_KOL_01,HALL_01,24,Q44,D,0.0
WBSSC_SLST_0048,WB_CENTRE_KOL_01,HALL_01,24,Q45,D,0.0
WBSSC_SLST_0048,WB_CENTRE_KOL_01,HALL_01,24,Q46,A,0.0
WBSSC_SLST_0048,WB_CENTRE_KOL_01,HALL_01,24,Q47,A,0.0
WBSSC_SLST_0048,WB_CENTRE_KOL_01,HALL_01,24,Q48,A,0.0
WBSSC_SLST_0048,WB_CENTRE_KOL_01,HALL_01,24,Q49,C,0.0
WBSSC_SLST_0048,WB_CENTRE_KOL_01,HALL_01,24,Q50,A,0.0
WBSSC_SLST_0048,WB_CENTRE_KOL_01,HALL_01,24,Q51,D,0.0
WBSSC_SLST_0048,WB_CENTRE_KOL_01,HALL_01,24,Q52,A,0.0
WBSSC_SLST_0048,WB_CENTRE_KOL_01,HALL_01,24,Q53,C,0.0
WBSSC_SLST_0048,WB_CENTRE_KOL_01,HALL_01,24,Q54,D,0.0
WBSSC_SLST_0048,WB_CENTRE_KOL_01,HALL_01,24,Q55,D,0.0
WBSSC_SLST_0048,WB_CENTRE_KOL_01,HALL_01,24,Q56,D,0.0
WBSSC_SLST_0048,WB_CENTRE_KOL_01,HALL_01,24,Q57,A,0.0
WBSSC_SLST_0048,WB_CENTRE_KOL_01,HALL_01,24,Q58,C,0.0
WBSSC_SLST_0048,WB_CENTRE_KOL_01,HALL_01,24,Q59,C,0.0
WBSSC_SLST_0048,WB_CENTRE_KOL_01,HALL_01,24,Q60,D,0.0
WBSSC_SLST_0049,WB_CENTRE_KOL_01,HALL_02,25,Q01,B,1.0
WBSSC_SLST_0049,WB_CENTRE_KOL_01,HALL_02,25,Q02,B,1.0
WBSSC_SLST_0049,WB_CENTRE_KOL_01,HALL_02,25,Q03,B,1.0
WBSSC_SLST_0049,WB_CENTRE_KOL_01,HALL_02,25,Q04,B,1.0
WBSSC_SLST_0049,WB_CENTRE_KOL_01,HALL_02,25,Q05,B,1.0
WBSSC_SLST_0049,WB_CENTRE_KOL_01,HALL_02,25,Q06,B,1.0
WBSSC_SLST_0049,WB_CENTRE_KOL_01,HALL_02,25,Q07,B,1.0
WBSSC_SLST_0049,WB_CENTRE_KOL_01,HALL_02,25,Q08,B,1.0
WBSSC_SLST_0049,WB_CENTRE_KOL_01,HALL_02,25,Q09,B,1.0
WBSSC_SLST_0049,WB_CENTRE_KOL_01,HALL_02,25,Q10,B,1.0
WBSSC_SLST_0049,WB_CENTRE_KOL_01,HALL_02,25,Q11,B,1.0
WBSSC_SLST_0049,WB_CENTRE_KOL_01,HALL_02,25,Q12,B,1.0
WBSSC_SLST_0049,WB_CENTRE_KOL_01,HALL_02,25,Q13,B,1.0
WBSSC_SLST_0049,WB_CENTRE_KOL_01,HALL_02,25,Q14,B,1.0
WBSSC_SLST_0049,WB_CENTRE_KOL_01,HALL_02,25,Q15,B,1.0
WBSSC_SLST_0049,WB_CENTRE_KOL_01,HALL_02,25,Q16,B,1.0
WBSSC_SLST_0049,WB_CENTRE_KOL_01,HALL_02,25,Q17,B,1.0
WBSSC_SLST_0049,WB_CENTRE_KOL_01,HALL_02,25,Q18,B,1.0
WBSSC_SLST_0049,WB_CENTRE_KOL_01,HALL_02,25,Q19,B,1.0
WBSSC_SLST_0049,WB_CENTRE_KOL_01,HALL_02,25,Q20,B,1.0
WBSSC_SLST_0049,WB_CENTRE_KOL_01,HALL_02,25,Q21,B,1.0
WBSSC_SLST_0049,WB_CENTRE_KOL_01,HALL_02,25,Q22,B,1.0
WBSSC_SLST_0049,WB_CENTRE_KOL_01,HALL_02,25,Q23,B,1.0
WBSSC_SLST_0049,WB_CENTRE_KOL_01,HALL_02,25,Q24,A,0.0
WBSSC_SLST_0049,WB_CENTRE_KOL_01,HALL_02,25,Q25,C,0.0
WBSSC_SLST_0049,WB_CENTRE_KOL_01,HALL_02,25,Q26,A,0.0
WBSSC_SLST_0049,WB_CENTRE_KOL_01,HALL_02,25,Q27,A,0.0
WBSSC_SLST_0049,WB_CENTRE_KOL_01,HALL_02,25,Q28,A,0.0
WBSSC_SLST_0049,WB_CENTRE_KOL_01,HALL_02,25,Q29,C,0.0
WBSSC_SLST_0049,WB_CENTRE_KOL_01,HALL_02,25,Q30,D,0.0
WBSSC_SLST_0049,WB_CENTRE_KOL_01,HALL_02,25,Q31,C,0.0
WBSSC_SLST_0049,WB_CENTRE_KOL_01,HALL_02,25,Q32,C,0.0
WBSSC_SLST_0049,WB_CENTRE_KOL_01,HALL_02,25,Q33,D,0.0
WBSSC_SLST_0049,WB_CENTRE_KOL_01,HALL_02,25,Q34,A,0.0
WBSSC_SLST_0049,WB_CENTRE_KOL_01,HALL_02,25,Q35,A,0.0
WBSSC_SLST_0049,WB_CENTRE_KOL_01,HALL_02,25,Q36,C,0.0
WBSSC_SLST_0049,WB_CENTRE_KOL_01,HALL_02,25,Q37,D,0.0
WBSSC_SLST_0049,WB_CENTRE_KOL_01,HALL_02,25,Q38,C,0.0
WBSSC_SLST_0049,WB_CENTRE_KOL_01,HALL_02,25,Q39,A,0.0
WBSSC_SLST_0049,WB_CENTRE_KOL_01,HALL_02,25,Q40,C,0.0
WBSSC_SLST_0049,WB_CENTRE_KOL_01,HALL_02,25,Q41,A,0.0
WBSSC_SLST_0049,WB_CENTRE_KOL_01,HALL_02,25,Q42,C,0.0
WBSSC_SLST_0049,WB_CENTRE_KOL_01,HALL_02,25,Q43,A,0.0
WBSSC_SLST_0049,WB_CENTRE_KOL_01,HALL_02,25,Q44,A,0.0
WBSSC_SLST_0049,WB_CENTRE_KOL_01,HALL_02,25,Q45,D,0.0
WBSSC_SLST_0049,WB_CENTRE_KOL_01,HALL_02,25,Q46,A,0.0
WBSSC_SLST_0049,WB_CENTRE_KOL_01,HALL_02,25,Q47,C,0.0
WBSSC_SLST_0049,WB_CENTRE_KOL_01,HALL_02,25,Q48,D,0.0
WBSSC_SLST_0049,WB_CENTRE_KOL_01,HALL_02,25,Q49,D,0.0
WBSSC_SLST_0049,WB_CENTRE_KOL_01,HALL_02,25,Q50,C,0.0
WBSSC_SLST_0049,WB_CENTRE_KOL_01,HALL_02,25,Q51,D,0.0
WBSSC_SLST_0049,WB_CENTRE_KOL_01,HALL_02,25,Q52,D,0.0
WBSSC_SLST_0049,WB_CENTRE_KOL_01,HALL_02,25,Q53,C,0.0
WBSSC_SLST_0049,WB_CENTRE_KOL_01,HALL_02,25,Q54,C,0.0
WBSSC_SLST_0049,WB_CENTRE_KOL_01,HALL_02,25,Q55,D,0.0
WBSSC_SLST_0049,WB_CENTRE_KOL_01,HALL_02,25,Q56,D,0.0
WBSSC_SLST_0049,WB_CENTRE_KOL_01,HALL_02,25,Q57,C,0.0
WBSSC_SLST_0049,WB_CENTRE_KOL_01,HALL_02,25,Q58,C,0.0
WBSSC_SLST_0049,WB_CENTRE_KOL_01,HALL_02,25,Q59,A,0.0
WBSSC_SLST_0049,WB_CENTRE_KOL_01,HALL_02,25,Q60,D,0.0
WBSSC_SLST_0050,WB_CENTRE_KOL_01,HALL_03,1,Q01,B,1.0
WBSSC_SLST_0050,WB_CENTRE_KOL_01,HALL_03,1,Q02,B,1.0
WBSSC_SLST_0050,WB_CENTRE_KOL_01,HALL_03,1,Q03,B,1.0
WBSSC_SLST_0050,WB_CENTRE_KOL_01,HALL_03,1,Q04,B,1.0
WBSSC_SLST_0050,WB_CENTRE_KOL_01,HALL_03,1,Q05,B,1.0
WBSSC_SLST_0050,WB_CENTRE_KOL_01,HALL_03,1,Q06,B,1.0
WBSSC_SLST_0050,WB_CENTRE_KOL_01,HALL_03,1,Q07,B,1.0
WBSSC_SLST_0050,WB_CENTRE_KOL_01,HALL_03,1,Q08,B,1.0
WBSSC_SLST_0050,WB_CENTRE_KOL_01,HALL_03,1,Q09,B,1.0
WBSSC_SLST_0050,WB_CENTRE_KOL_01,HALL_03,1,Q10,B,1.0
WBSSC_SLST_0050,WB_CENTRE_KOL_01,HALL_03,1,Q11,B,1.0
WBSSC_SLST_0050,WB_CENTRE_KOL_01,HALL_03,1,Q12,B,1.0
WBSSC_SLST_0050,WB_CENTRE_KOL_01,HALL_03,1,Q13,B,1.0
WBSSC_SLST_0050,WB_CENTRE_KOL_01,HALL_03,1,Q14,B,1.0
WBSSC_SLST_0050,WB_CENTRE_KOL_01,HALL_03,1,Q15,B,1.0
WBSSC_SLST_0050,WB_CENTRE_KOL_01,HALL_03,1,Q16,B,1.0
WBSSC_SLST_0050,WB_CENTRE_KOL_01,HALL_03,1,Q17,B,1.0
WBSSC_SLST_0050,WB_CENTRE_KOL_01,HALL_03,1,Q18,B,1.0
WBSSC_SLST_0050,WB_CENTRE_KOL_01,HALL_03,1,Q19,B,1.0
WBSSC_SLST_0050,WB_CENTRE_KOL_01,HALL_03,1,Q20,B,1.0
WBSSC_SLST_0050,WB_CENTRE_KOL_01,HALL_03,1,Q21,B,1.0
WBSSC_SLST_0050,WB_CENTRE_KOL_01,HALL_03,1,Q22,B,1.0
WBSSC_SLST_0050,WB_CENTRE_KOL_01,HALL_03,1,Q23,B,1.0
WBSSC_SLST_0050,WB_CENTRE_KOL_01,HALL_03,1,Q24,B,1.0
WBSSC_SLST_0050,WB_CENTRE_KOL_01,HALL_03,1,Q25,B,1.0
WBSSC_SLST_0050,WB_CENTRE_KOL_01,HALL_03,1,Q26,B,1.0
WBSSC_SLST_0050,WB_CENTRE_KOL_01,HALL_03,1,Q27,B,1.0
WBSSC_SLST_0050,WB_CENTRE_KOL_01,HALL_03,1,Q28,B,1.0
WBSSC_SLST_0050,WB_CENTRE_KOL_01,HALL_03,1,Q29,B,1.0
WBSSC_SLST_0050,WB_CENTRE_KOL_01,HALL_03,1,Q30,B,1.0
WBSSC_SLST_0050,WB_CENTRE_KOL_01,HALL_03,1,Q31,B,1.0
WBSSC_SLST_0050,WB_CENTRE_KOL_01,HALL_03,1,Q32,B,1.0
WBSSC_SLST_0050,WB_CENTRE_KOL_01,HALL_03,1,Q33,B,1.0
WBSSC_SLST_0050,WB_CENTRE_KOL_01,HALL_03,1,Q34,B,1.0
WBSSC_SLST_0050,WB_CENTRE_KOL_01,HALL_03,1,Q35,B,1.0
WBSSC_SLST_0050,WB_CENTRE_KOL_01,HALL_03,1,Q36,D,0.0
WBSSC_SLST_0050,WB_CENTRE_KOL_01,HALL_03,1,Q37,A,0.0
WBSSC_SLST_0050,WB_CENTRE_KOL_01,HALL_03,1,Q38,C,0.0
WBSSC_SLST_0050,WB_CENTRE_KOL_01,HALL_03,1,Q39,C,0.0
WBSSC_SLST_0050,WB_CENTRE_KOL_01,HALL_03,1,Q40,A,0.0
WBSSC_SLST_0050,WB_CENTRE_KOL_01,HALL_03,1,Q41,C,0.0
WBSSC_SLST_0050,WB_CENTRE_KOL_01,HALL_03,1,Q42,D,0.0
WBSSC_SLST_0050,WB_CENTRE_KOL_01,HALL_03,1,Q43,C,0.0
WBSSC_SLST_0050,WB_CENTRE_KOL_01,HALL_03,1,Q44,D,0.0
WBSSC_SLST_0050,WB_CENTRE_KOL_01,HALL_03,1,Q45,C,0.0
WBSSC_SLST_0050,WB_CENTRE_KOL_01,HALL_03,1,Q46,C,0.0
WBSSC_SLST_0050,WB_CENTRE_KOL_01,HALL_03,1,Q47,C,0.0
WBSSC_SLST_0050,WB_CENTRE_KOL_01,HALL_03,1,Q48,D,0.0
WBSSC_SLST_0050,WB_CENTRE_KOL_01,HALL_03,1,Q49,C,0.0
WBSSC_SLST_0050,WB_CENTRE_KOL_01,HALL_03,1,Q50,D,0.0
WBSSC_SLST_0050,WB_CENTRE_KOL_01,HALL_03,1,Q51,A,0.0
WBSSC_SLST_0050,WB_CENTRE_KOL_01,HALL_03,1,Q52,A,0.0
WBSSC_SLST_0050,WB_CENTRE_KOL_01,HALL_03,1,Q53,C,0.0
WBSSC_SLST_0050,WB_CENTRE_KOL_01,HALL_03,1,Q54,C,0.0
WBSSC_SLST_0050,WB_CENTRE_KOL_01,HALL_03,1,Q55,A,0.0
WBSSC_SLST_0050,WB_CENTRE_KOL_01,HALL_03,1,Q56,D,0.0
WBSSC_SLST_0050,WB_CENTRE_KOL_01,HALL_03,1,Q57,A,0.0
WBSSC_SLST_0050,WB_CENTRE_KOL_01,HALL_03,1,Q58,C,0.0
WBSSC_SLST_0050,WB_CENTRE_KOL_01,HALL_03,1,Q59,C,0.0
WBSSC_SLST_0050,WB_CENTRE_KOL_01,HALL_03,1,Q60,D,0.0
WBSSC_SLST_0051,WB_CENTRE_KOL_01,HALL_04,2,Q01,B,1.0
WBSSC_SLST_0051,WB_CENTRE_KOL_01,HALL_04,2,Q02,B,1.0
WBSSC_SLST_0051,WB_CENTRE_KOL_01,HALL_04,2,Q03,B,1.0
WBSSC_SLST_0051,WB_CENTRE_KOL_01,HALL_04,2,Q04,B,1.0
WBSSC_SLST_0051,WB_CENTRE_KOL_01,HALL_04,2,Q05,B,1.0
WBSSC_SLST_0051,WB_CENTRE_KOL_01,HALL_04,2,Q06,B,1.0
WBSSC_SLST_0051,WB_CENTRE_KOL_01,HALL_04,2,Q07,B,1.0
WBSSC_SLST_0051,WB_CENTRE_KOL_01,HALL_04,2,Q08,B,1.0
WBSSC_SLST_0051,WB_CENTRE_KOL_01,HALL_04,2,Q09,B,1.0
WBSSC_SLST_0051,WB_CENTRE_KOL_01,HALL_04,2,Q10,B,1.0
WBSSC_SLST_0051,WB_CENTRE_KOL_01,HALL_04,2,Q11,B,1.0
WBSSC_SLST_0051,WB_CENTRE_KOL_01,HALL_04,2,Q12,B,1.0
WBSSC_SLST_0051,WB_CENTRE_KOL_01,HALL_04,2,Q13,B,1.0
WBSSC_SLST_0051,WB_CENTRE_KOL_01,HALL_04,2,Q14,B,1.0
WBSSC_SLST_0051,WB_CENTRE_KOL_01,HALL_04,2,Q15,B,1.0
WBSSC_SLST_0051,WB_CENTRE_KOL_01,HALL_04,2,Q16,B,1.0
WBSSC_SLST_0051,WB_CENTRE_KOL_01,HALL_04,2,Q17,B,1.0
WBSSC_SLST_0051,WB_CENTRE_KOL_01,HALL_04,2,Q18,B,1.0
WBSSC_SLST_0051,WB_CENTRE_KOL_01,HALL_04,2,Q19,B,1.0
WBSSC_SLST_0051,WB_CENTRE_KOL_01,HALL_04,2,Q20,B,1.0
WBSSC_SLST_0051,WB_CENTRE_KOL_01,HALL_04,2,Q21,B,1.0
WBSSC_SLST_0051,WB_CENTRE_KOL_01,HALL_04,2,Q22,B,1.0
WBSSC_SLST_0051,WB_CENTRE_KOL_01,HALL_04,2,Q23,B,1.0
WBSSC_SLST_0051,WB_CENTRE_KOL_01,HALL_04,2,Q24,B,1.0
WBSSC_SLST_0051,WB_CENTRE_KOL_01,HALL_04,2,Q25,B,1.0
WBSSC_SLST_0051,WB_CENTRE_KOL_01,HALL_04,2,Q26,B,1.0
WBSSC_SLST_0051,WB_CENTRE_KOL_01,HALL_04,2,Q27,B,1.0
WBSSC_SLST_0051,WB_CENTRE_KOL_01,HALL_04,2,Q28,B,1.0
WBSSC_SLST_0051,WB_CENTRE_KOL_01,HALL_04,2,Q29,B,1.0
WBSSC_SLST_0051,WB_CENTRE_KOL_01,HALL_04,2,Q30,B,1.0
WBSSC_SLST_0051,WB_CENTRE_KOL_01,HALL_04,2,Q31,B,1.0
WBSSC_SLST_0051,WB_CENTRE_KOL_01,HALL_04,2,Q32,B,1.0
WBSSC_SLST_0051,WB_CENTRE_KOL_01,HALL_04,2,Q33,B,1.0
WBSSC_SLST_0051,WB_CENTRE_KOL_01,HALL_04,2,Q34,B,1.0
WBSSC_SLST_0051,WB_CENTRE_KOL_01,HALL_04,2,Q35,B,1.0
WBSSC_SLST_0051,WB_CENTRE_KOL_01,HALL_04,2,Q36,B,1.0
WBSSC_SLST_0051,WB_CENTRE_KOL_01,HALL_04,2,Q37,B,1.0
WBSSC_SLST_0051,WB_CENTRE_KOL_01,HALL_04,2,Q38,B,1.0
WBSSC_SLST_0051,WB_CENTRE_KOL_01,HALL_04,2,Q39,B,1.0
WBSSC_SLST_0051,WB_CENTRE_KOL_01,HALL_04,2,Q40,B,1.0
WBSSC_SLST_0051,WB_CENTRE_KOL_01,HALL_04,2,Q41,C,0.0
WBSSC_SLST_0051,WB_CENTRE_KOL_01,HALL_04,2,Q42,A,0.0
WBSSC_SLST_0051,WB_CENTRE_KOL_01,HALL_04,2,Q43,D,0.0
WBSSC_SLST_0051,WB_CENTRE_KOL_01,HALL_04,2,Q44,C,0.0
WBSSC_SLST_0051,WB_CENTRE_KOL_01,HALL_04,2,Q45,A,0.0
WBSSC_SLST_0051,WB_CENTRE_KOL_01,HALL_04,2,Q46,D,0.0
WBSSC_SLST_0051,WB_CENTRE_KOL_01,HALL_04,2,Q47,A,0.0
WBSSC_SLST_0051,WB_CENTRE_KOL_01,HALL_04,2,Q48,C,0.0
WBSSC_SLST_0051,WB_CENTRE_KOL_01,HALL_04,2,Q49,A,0.0
WBSSC_SLST_0051,WB_CENTRE_KOL_01,HALL_04,2,Q50,C,0.0
WBSSC_SLST_0051,WB_CENTRE_KOL_01,HALL_04,2,Q51,C,0.0
WBSSC_SLST_0051,WB_CENTRE_KOL_01,HALL_04,2,Q52,D,0.0
WBSSC_SLST_0051,WB_CENTRE_KOL_01,HALL_04,2,Q53,D,0.0
WBSSC_SLST_0051,WB_CENTRE_KOL_01,HALL_04,2,Q54,A,0.0
WBSSC_SLST_0051,WB_CENTRE_KOL_01,HALL_04,2,Q55,A,0.0
WBSSC_SLST_0051,WB_CENTRE_KOL_01,HALL_04,2,Q56,D,0.0
WBSSC_SLST_0051,WB_CENTRE_KOL_01,HALL_04,2,Q57,D,0.0
WBSSC_SLST_0051,WB_CENTRE_KOL_01,HALL_04,2,Q58,C,0.0
WBSSC_SLST_0051,WB_CENTRE_KOL_01,HALL_04,2,Q59,A,0.0
WBSSC_SLST_0051,WB_CENTRE_KOL_01,HALL_04,2,Q60,C,0.0
WBSSC_SLST_0052,WB_CENTRE_KOL_01,HALL_01,3,Q01,B,1.0
WBSSC_SLST_0052,WB_CENTRE_KOL_01,HALL_01,3,Q02,B,1.0
WBSSC_SLST_0052,WB_CENTRE_KOL_01,HALL_01,3,Q03,B,1.0
WBSSC_SLST_0052,WB_CENTRE_KOL_01,HALL_01,3,Q04,B,1.0
WBSSC_SLST_0052,WB_CENTRE_KOL_01,HALL_01,3,Q05,B,1.0
WBSSC_SLST_0052,WB_CENTRE_KOL_01,HALL_01,3,Q06,B,1.0
WBSSC_SLST_0052,WB_CENTRE_KOL_01,HALL_01,3,Q07,B,1.0
WBSSC_SLST_0052,WB_CENTRE_KOL_01,HALL_01,3,Q08,B,1.0
WBSSC_SLST_0052,WB_CENTRE_KOL_01,HALL_01,3,Q09,B,1.0
WBSSC_SLST_0052,WB_CENTRE_KOL_01,HALL_01,3,Q10,B,1.0
WBSSC_SLST_0052,WB_CENTRE_KOL_01,HALL_01,3,Q11,B,1.0
WBSSC_SLST_0052,WB_CENTRE_KOL_01,HALL_01,3,Q12,B,1.0
WBSSC_SLST_0052,WB_CENTRE_KOL_01,HALL_01,3,Q13,B,1.0
WBSSC_SLST_0052,WB_CENTRE_KOL_01,HALL_01,3,Q14,B,1.0
WBSSC_SLST_0052,WB_CENTRE_KOL_01,HALL_01,3,Q15,B,1.0
WBSSC_SLST_0052,WB_CENTRE_KOL_01,HALL_01,3,Q16,B,1.0
WBSSC_SLST_0052,WB_CENTRE_KOL_01,HALL_01,3,Q17,B,1.0
WBSSC_SLST_0052,WB_CENTRE_KOL_01,HALL_01,3,Q18,B,1.0
WBSSC_SLST_0052,WB_CENTRE_KOL_01,HALL_01,3,Q19,B,1.0
WBSSC_SLST_0052,WB_CENTRE_KOL_01,HALL_01,3,Q20,B,1.0
WBSSC_SLST_0052,WB_CENTRE_KOL_01,HALL_01,3,Q21,B,1.0
WBSSC_SLST_0052,WB_CENTRE_KOL_01,HALL_01,3,Q22,C,0.0
WBSSC_SLST_0052,WB_CENTRE_KOL_01,HALL_01,3,Q23,A,0.0
WBSSC_SLST_0052,WB_CENTRE_KOL_01,HALL_01,3,Q24,A,0.0
WBSSC_SLST_0052,WB_CENTRE_KOL_01,HALL_01,3,Q25,A,0.0
WBSSC_SLST_0052,WB_CENTRE_KOL_01,HALL_01,3,Q26,C,0.0
WBSSC_SLST_0052,WB_CENTRE_KOL_01,HALL_01,3,Q27,A,0.0
WBSSC_SLST_0052,WB_CENTRE_KOL_01,HALL_01,3,Q28,D,0.0
WBSSC_SLST_0052,WB_CENTRE_KOL_01,HALL_01,3,Q29,D,0.0
WBSSC_SLST_0052,WB_CENTRE_KOL_01,HALL_01,3,Q30,C,0.0
WBSSC_SLST_0052,WB_CENTRE_KOL_01,HALL_01,3,Q31,C,0.0
WBSSC_SLST_0052,WB_CENTRE_KOL_01,HALL_01,3,Q32,C,0.0
WBSSC_SLST_0052,WB_CENTRE_KOL_01,HALL_01,3,Q33,A,0.0
WBSSC_SLST_0052,WB_CENTRE_KOL_01,HALL_01,3,Q34,C,0.0
WBSSC_SLST_0052,WB_CENTRE_KOL_01,HALL_01,3,Q35,A,0.0
WBSSC_SLST_0052,WB_CENTRE_KOL_01,HALL_01,3,Q36,A,0.0
WBSSC_SLST_0052,WB_CENTRE_KOL_01,HALL_01,3,Q37,C,0.0
WBSSC_SLST_0052,WB_CENTRE_KOL_01,HALL_01,3,Q38,C,0.0
WBSSC_SLST_0052,WB_CENTRE_KOL_01,HALL_01,3,Q39,C,0.0
WBSSC_SLST_0052,WB_CENTRE_KOL_01,HALL_01,3,Q40,A,0.0
WBSSC_SLST_0052,WB_CENTRE_KOL_01,HALL_01,3,Q41,D,0.0
WBSSC_SLST_0052,WB_CENTRE_KOL_01,HALL_01,3,Q42,A,0.0
WBSSC_SLST_0052,WB_CENTRE_KOL_01,HALL_01,3,Q43,A,0.0
WBSSC_SLST_0052,WB_CENTRE_KOL_01,HALL_01,3,Q44,A,0.0
WBSSC_SLST_0052,WB_CENTRE_KOL_01,HALL_01,3,Q45,A,0.0
WBSSC_SLST_0052,WB_CENTRE_KOL_01,HALL_01,3,Q46,D,0.0
WBSSC_SLST_0052,WB_CENTRE_KOL_01,HALL_01,3,Q47,C,0.0
WBSSC_SLST_0052,WB_CENTRE_KOL_01,HALL_01,3,Q48,C,0.0
WBSSC_SLST_0052,WB_CENTRE_KOL_01,HALL_01,3,Q49,D,0.0
WBSSC_SLST_0052,WB_CENTRE_KOL_01,HALL_01,3,Q50,D,0.0
WBSSC_SLST_0052,WB_CENTRE_KOL_01,HALL_01,3,Q51,D,0.0
WBSSC_SLST_0052,WB_CENTRE_KOL_01,HALL_01,3,Q52,D,0.0
WBSSC_SLST_0052,WB_CENTRE_KOL_01,HALL_01,3,Q53,D,0.0
WBSSC_SLST_0052,WB_CENTRE_KOL_01,HALL_01,3,Q54,D,0.0
WBSSC_SLST_0052,WB_CENTRE_KOL_01,HALL_01,3,Q55,A,0.0
WBSSC_SLST_0052,WB_CENTRE_KOL_01,HALL_01,3,Q56,A,0.0
WBSSC_SLST_0052,WB_CENTRE_KOL_01,HALL_01,3,Q57,A,0.0
WBSSC_SLST_0052,WB_CENTRE_KOL_01,HALL_01,3,Q58,D,0.0
WBSSC_SLST_0052,WB_CENTRE_KOL_01,HALL_01,3,Q59,C,0.0
WBSSC_SLST_0052,WB_CENTRE_KOL_01,HALL_01,3,Q60,D,0.0
WBSSC_SLST_0053,WB_CENTRE_KOL_01,HALL_02,4,Q01,B,1.0
WBSSC_SLST_0053,WB_CENTRE_KOL_01,HALL_02,4,Q02,B,1.0
WBSSC_SLST_0053,WB_CENTRE_KOL_01,HALL_02,4,Q03,B,1.0
WBSSC_SLST_0053,WB_CENTRE_KOL_01,HALL_02,4,Q04,B,1.0
WBSSC_SLST_0053,WB_CENTRE_KOL_01,HALL_02,4,Q05,B,1.0
WBSSC_SLST_0053,WB_CENTRE_KOL_01,HALL_02,4,Q06,B,1.0
WBSSC_SLST_0053,WB_CENTRE_KOL_01,HALL_02,4,Q07,B,1.0
WBSSC_SLST_0053,WB_CENTRE_KOL_01,HALL_02,4,Q08,B,1.0
WBSSC_SLST_0053,WB_CENTRE_KOL_01,HALL_02,4,Q09,B,1.0
WBSSC_SLST_0053,WB_CENTRE_KOL_01,HALL_02,4,Q10,B,1.0
WBSSC_SLST_0053,WB_CENTRE_KOL_01,HALL_02,4,Q11,B,1.0
WBSSC_SLST_0053,WB_CENTRE_KOL_01,HALL_02,4,Q12,B,1.0
WBSSC_SLST_0053,WB_CENTRE_KOL_01,HALL_02,4,Q13,B,1.0
WBSSC_SLST_0053,WB_CENTRE_KOL_01,HALL_02,4,Q14,B,1.0
WBSSC_SLST_0053,WB_CENTRE_KOL_01,HALL_02,4,Q15,B,1.0
WBSSC_SLST_0053,WB_CENTRE_KOL_01,HALL_02,4,Q16,B,1.0
WBSSC_SLST_0053,WB_CENTRE_KOL_01,HALL_02,4,Q17,B,1.0
WBSSC_SLST_0053,WB_CENTRE_KOL_01,HALL_02,4,Q18,B,1.0
WBSSC_SLST_0053,WB_CENTRE_KOL_01,HALL_02,4,Q19,B,1.0
WBSSC_SLST_0053,WB_CENTRE_KOL_01,HALL_02,4,Q20,B,1.0
WBSSC_SLST_0053,WB_CENTRE_KOL_01,HALL_02,4,Q21,B,1.0
WBSSC_SLST_0053,WB_CENTRE_KOL_01,HALL_02,4,Q22,B,1.0
WBSSC_SLST_0053,WB_CENTRE_KOL_01,HALL_02,4,Q23,B,1.0
WBSSC_SLST_0053,WB_CENTRE_KOL_01,HALL_02,4,Q24,B,1.0
WBSSC_SLST_0053,WB_CENTRE_KOL_01,HALL_02,4,Q25,B,1.0
WBSSC_SLST_0053,WB_CENTRE_KOL_01,HALL_02,4,Q26,B,1.0
WBSSC_SLST_0053,WB_CENTRE_KOL_01,HALL_02,4,Q27,B,1.0
WBSSC_SLST_0053,WB_CENTRE_KOL_01,HALL_02,4,Q28,B,1.0
WBSSC_SLST_0053,WB_CENTRE_KOL_01,HALL_02,4,Q29,B,1.0
WBSSC_SLST_0053,WB_CENTRE_KOL_01,HALL_02,4,Q30,B,1.0
WBSSC_SLST_0053,WB_CENTRE_KOL_01,HALL_02,4,Q31,B,1.0
WBSSC_SLST_0053,WB_CENTRE_KOL_01,HALL_02,4,Q32,B,1.0
WBSSC_SLST_0053,WB_CENTRE_KOL_01,HALL_02,4,Q33,B,1.0
WBSSC_SLST_0053,WB_CENTRE_KOL_01,HALL_02,4,Q34,D,0.0
WBSSC_SLST_0053,WB_CENTRE_KOL_01,HALL_02,4,Q35,C,0.0
WBSSC_SLST_0053,WB_CENTRE_KOL_01,HALL_02,4,Q36,A,0.0
WBSSC_SLST_0053,WB_CENTRE_KOL_01,HALL_02,4,Q37,A,0.0
WBSSC_SLST_0053,WB_CENTRE_KOL_01,HALL_02,4,Q38,D,0.0
WBSSC_SLST_0053,WB_CENTRE_KOL_01,HALL_02,4,Q39,C,0.0
WBSSC_SLST_0053,WB_CENTRE_KOL_01,HALL_02,4,Q40,D,0.0
WBSSC_SLST_0053,WB_CENTRE_KOL_01,HALL_02,4,Q41,D,0.0
WBSSC_SLST_0053,WB_CENTRE_KOL_01,HALL_02,4,Q42,C,0.0
WBSSC_SLST_0053,WB_CENTRE_KOL_01,HALL_02,4,Q43,D,0.0
WBSSC_SLST_0053,WB_CENTRE_KOL_01,HALL_02,4,Q44,C,0.0
WBSSC_SLST_0053,WB_CENTRE_KOL_01,HALL_02,4,Q45,A,0.0
WBSSC_SLST_0053,WB_CENTRE_KOL_01,HALL_02,4,Q46,C,0.0
WBSSC_SLST_0053,WB_CENTRE_KOL_01,HALL_02,4,Q47,C,0.0
WBSSC_SLST_0053,WB_CENTRE_KOL_01,HALL_02,4,Q48,D,0.0
WBSSC_SLST_0053,WB_CENTRE_KOL_01,HALL_02,4,Q49,A,0.0
WBSSC_SLST_0053,WB_CENTRE_KOL_01,HALL_02,4,Q50,D,0.0
WBSSC_SLST_0053,WB_CENTRE_KOL_01,HALL_02,4,Q51,C,0.0
WBSSC_SLST_0053,WB_CENTRE_KOL_01,HALL_02,4,Q52,A,0.0
WBSSC_SLST_0053,WB_CENTRE_KOL_01,HALL_02,4,Q53,D,0.0
WBSSC_SLST_0053,WB_CENTRE_KOL_01,HALL_02,4,Q54,D,0.0
WBSSC_SLST_0053,WB_CENTRE_KOL_01,HALL_02,4,Q55,A,0.0
WBSSC_SLST_0053,WB_CENTRE_KOL_01,HALL_02,4,Q56,C,0.0
WBSSC_SLST_0053,WB_CENTRE_KOL_01,HALL_02,4,Q57,D,0.0
WBSSC_SLST_0053,WB_CENTRE_KOL_01,HALL_02,4,Q58,A,0.0
WBSSC_SLST_0053,WB_CENTRE_KOL_01,HALL_02,4,Q59,D,0.0
WBSSC_SLST_0053,WB_CENTRE_KOL_01,HALL_02,4,Q60,A,0.0
WBSSC_SLST_0054,WB_CENTRE_KOL_01,HALL_03,5,Q01,B,1.0
WBSSC_SLST_0054,WB_CENTRE_KOL_01,HALL_03,5,Q02,B,1.0
WBSSC_SLST_0054,WB_CENTRE_KOL_01,HALL_03,5,Q03,B,1.0
WBSSC_SLST_0054,WB_CENTRE_KOL_01,HALL_03,5,Q04,B,1.0
WBSSC_SLST_0054,WB_CENTRE_KOL_01,HALL_03,5,Q05,B,1.0
WBSSC_SLST_0054,WB_CENTRE_KOL_01,HALL_03,5,Q06,B,1.0
WBSSC_SLST_0054,WB_CENTRE_KOL_01,HALL_03,5,Q07,B,1.0
WBSSC_SLST_0054,WB_CENTRE_KOL_01,HALL_03,5,Q08,B,1.0
WBSSC_SLST_0054,WB_CENTRE_KOL_01,HALL_03,5,Q09,B,1.0
WBSSC_SLST_0054,WB_CENTRE_KOL_01,HALL_03,5,Q10,B,1.0
WBSSC_SLST_0054,WB_CENTRE_KOL_01,HALL_03,5,Q11,B,1.0
WBSSC_SLST_0054,WB_CENTRE_KOL_01,HALL_03,5,Q12,B,1.0
WBSSC_SLST_0054,WB_CENTRE_KOL_01,HALL_03,5,Q13,B,1.0
WBSSC_SLST_0054,WB_CENTRE_KOL_01,HALL_03,5,Q14,B,1.0
WBSSC_SLST_0054,WB_CENTRE_KOL_01,HALL_03,5,Q15,B,1.0
WBSSC_SLST_0054,WB_CENTRE_KOL_01,HALL_03,5,Q16,B,1.0
WBSSC_SLST_0054,WB_CENTRE_KOL_01,HALL_03,5,Q17,B,1.0
WBSSC_SLST_0054,WB_CENTRE_KOL_01,HALL_03,5,Q18,B,1.0
WBSSC_SLST_0054,WB_CENTRE_KOL_01,HALL_03,5,Q19,B,1.0
WBSSC_SLST_0054,WB_CENTRE_KOL_01,HALL_03,5,Q20,B,1.0
WBSSC_SLST_0054,WB_CENTRE_KOL_01,HALL_03,5,Q21,B,1.0
WBSSC_SLST_0054,WB_CENTRE_KOL_01,HALL_03,5,Q22,B,1.0
WBSSC_SLST_0054,WB_CENTRE_KOL_01,HALL_03,5,Q23,B,1.0
WBSSC_SLST_0054,WB_CENTRE_KOL_01,HALL_03,5,Q24,B,1.0
WBSSC_SLST_0054,WB_CENTRE_KOL_01,HALL_03,5,Q25,B,1.0
WBSSC_SLST_0054,WB_CENTRE_KOL_01,HALL_03,5,Q26,B,1.0
WBSSC_SLST_0054,WB_CENTRE_KOL_01,HALL_03,5,Q27,B,1.0
WBSSC_SLST_0054,WB_CENTRE_KOL_01,HALL_03,5,Q28,B,1.0
WBSSC_SLST_0054,WB_CENTRE_KOL_01,HALL_03,5,Q29,B,1.0
WBSSC_SLST_0054,WB_CENTRE_KOL_01,HALL_03,5,Q30,B,1.0
WBSSC_SLST_0054,WB_CENTRE_KOL_01,HALL_03,5,Q31,B,1.0
WBSSC_SLST_0054,WB_CENTRE_KOL_01,HALL_03,5,Q32,B,1.0
WBSSC_SLST_0054,WB_CENTRE_KOL_01,HALL_03,5,Q33,B,1.0
WBSSC_SLST_0054,WB_CENTRE_KOL_01,HALL_03,5,Q34,B,1.0
WBSSC_SLST_0054,WB_CENTRE_KOL_01,HALL_03,5,Q35,B,1.0
WBSSC_SLST_0054,WB_CENTRE_KOL_01,HALL_03,5,Q36,B,1.0
WBSSC_SLST_0054,WB_CENTRE_KOL_01,HALL_03,5,Q37,B,1.0
WBSSC_SLST_0054,WB_CENTRE_KOL_01,HALL_03,5,Q38,B,1.0
WBSSC_SLST_0054,WB_CENTRE_KOL_01,HALL_03,5,Q39,D,0.0
WBSSC_SLST_0054,WB_CENTRE_KOL_01,HALL_03,5,Q40,D,0.0
WBSSC_SLST_0054,WB_CENTRE_KOL_01,HALL_03,5,Q41,A,0.0
WBSSC_SLST_0054,WB_CENTRE_KOL_01,HALL_03,5,Q42,A,0.0
WBSSC_SLST_0054,WB_CENTRE_KOL_01,HALL_03,5,Q43,C,0.0
WBSSC_SLST_0054,WB_CENTRE_KOL_01,HALL_03,5,Q44,D,0.0
WBSSC_SLST_0054,WB_CENTRE_KOL_01,HALL_03,5,Q45,D,0.0
WBSSC_SLST_0054,WB_CENTRE_KOL_01,HALL_03,5,Q46,D,0.0
WBSSC_SLST_0054,WB_CENTRE_KOL_01,HALL_03,5,Q47,A,0.0
WBSSC_SLST_0054,WB_CENTRE_KOL_01,HALL_03,5,Q48,D,0.0
WBSSC_SLST_0054,WB_CENTRE_KOL_01,HALL_03,5,Q49,A,0.0
WBSSC_SLST_0054,WB_CENTRE_KOL_01,HALL_03,5,Q50,A,0.0
WBSSC_SLST_0054,WB_CENTRE_KOL_01,HALL_03,5,Q51,A,0.0
WBSSC_SLST_0054,WB_CENTRE_KOL_01,HALL_03,5,Q52,D,0.0
WBSSC_SLST_0054,WB_CENTRE_KOL_01,HALL_03,5,Q53,C,0.0
WBSSC_SLST_0054,WB_CENTRE_KOL_01,HALL_03,5,Q54,C,0.0
WBSSC_SLST_0054,WB_CENTRE_KOL_01,HALL_03,5,Q55,D,0.0
WBSSC_SLST_0054,WB_CENTRE_KOL_01,HALL_03,5,Q56,C,0.0
WBSSC_SLST_0054,WB_CENTRE_KOL_01,HALL_03,5,Q57,A,0.0
WBSSC_SLST_0054,WB_CENTRE_KOL_01,HALL_03,5,Q58,D,0.0
WBSSC_SLST_0054,WB_CENTRE_KOL_01,HALL_03,5,Q59,C,0.0
WBSSC_SLST_0054,WB_CENTRE_KOL_01,HALL_03,5,Q60,D,0.0
WBSSC_SLST_0055,WB_CENTRE_KOL_01,HALL_04,6,Q01,B,1.0
WBSSC_SLST_0055,WB_CENTRE_KOL_01,HALL_04,6,Q02,B,1.0
WBSSC_SLST_0055,WB_CENTRE_KOL_01,HALL_04,6,Q03,B,1.0
WBSSC_SLST_0055,WB_CENTRE_KOL_01,HALL_04,6,Q04,B,1.0
WBSSC_SLST_0055,WB_CENTRE_KOL_01,HALL_04,6,Q05,B,1.0
WBSSC_SLST_0055,WB_CENTRE_KOL_01,HALL_04,6,Q06,B,1.0
WBSSC_SLST_0055,WB_CENTRE_KOL_01,HALL_04,6,Q07,B,1.0
WBSSC_SLST_0055,WB_CENTRE_KOL_01,HALL_04,6,Q08,B,1.0
WBSSC_SLST_0055,WB_CENTRE_KOL_01,HALL_04,6,Q09,B,1.0
WBSSC_SLST_0055,WB_CENTRE_KOL_01,HALL_04,6,Q10,B,1.0
WBSSC_SLST_0055,WB_CENTRE_KOL_01,HALL_04,6,Q11,B,1.0
WBSSC_SLST_0055,WB_CENTRE_KOL_01,HALL_04,6,Q12,B,1.0
WBSSC_SLST_0055,WB_CENTRE_KOL_01,HALL_04,6,Q13,B,1.0
WBSSC_SLST_0055,WB_CENTRE_KOL_01,HALL_04,6,Q14,B,1.0
WBSSC_SLST_0055,WB_CENTRE_KOL_01,HALL_04,6,Q15,B,1.0
WBSSC_SLST_0055,WB_CENTRE_KOL_01,HALL_04,6,Q16,B,1.0
WBSSC_SLST_0055,WB_CENTRE_KOL_01,HALL_04,6,Q17,B,1.0
WBSSC_SLST_0055,WB_CENTRE_KOL_01,HALL_04,6,Q18,B,1.0
WBSSC_SLST_0055,WB_CENTRE_KOL_01,HALL_04,6,Q19,B,1.0
WBSSC_SLST_0055,WB_CENTRE_KOL_01,HALL_04,6,Q20,A,0.0
WBSSC_SLST_0055,WB_CENTRE_KOL_01,HALL_04,6,Q21,D,0.0
WBSSC_SLST_0055,WB_CENTRE_KOL_01,HALL_04,6,Q22,D,0.0
WBSSC_SLST_0055,WB_CENTRE_KOL_01,HALL_04,6,Q23,C,0.0
WBSSC_SLST_0055,WB_CENTRE_KOL_01,HALL_04,6,Q24,A,0.0
WBSSC_SLST_0055,WB_CENTRE_KOL_01,HALL_04,6,Q25,C,0.0
WBSSC_SLST_0055,WB_CENTRE_KOL_01,HALL_04,6,Q26,A,0.0
WBSSC_SLST_0055,WB_CENTRE_KOL_01,HALL_04,6,Q27,A,0.0
WBSSC_SLST_0055,WB_CENTRE_KOL_01,HALL_04,6,Q28,D,0.0
WBSSC_SLST_0055,WB_CENTRE_KOL_01,HALL_04,6,Q29,A,0.0
WBSSC_SLST_0055,WB_CENTRE_KOL_01,HALL_04,6,Q30,C,0.0
WBSSC_SLST_0055,WB_CENTRE_KOL_01,HALL_04,6,Q31,C,0.0
WBSSC_SLST_0055,WB_CENTRE_KOL_01,HALL_04,6,Q32,D,0.0
WBSSC_SLST_0055,WB_CENTRE_KOL_01,HALL_04,6,Q33,D,0.0
WBSSC_SLST_0055,WB_CENTRE_KOL_01,HALL_04,6,Q34,A,0.0
WBSSC_SLST_0055,WB_CENTRE_KOL_01,HALL_04,6,Q35,D,0.0
WBSSC_SLST_0055,WB_CENTRE_KOL_01,HALL_04,6,Q36,D,0.0
WBSSC_SLST_0055,WB_CENTRE_KOL_01,HALL_04,6,Q37,A,0.0
WBSSC_SLST_0055,WB_CENTRE_KOL_01,HALL_04,6,Q38,C,0.0
WBSSC_SLST_0055,WB_CENTRE_KOL_01,HALL_04,6,Q39,D,0.0
WBSSC_SLST_0055,WB_CENTRE_KOL_01,HALL_04,6,Q40,D,0.0
WBSSC_SLST_0055,WB_CENTRE_KOL_01,HALL_04,6,Q41,C,0.0
WBSSC_SLST_0055,WB_CENTRE_KOL_01,HALL_04,6,Q42,D,0.0
WBSSC_SLST_0055,WB_CENTRE_KOL_01,HALL_04,6,Q43,D,0.0
WBSSC_SLST_0055,WB_CENTRE_KOL_01,HALL_04,6,Q44,D,0.0
WBSSC_SLST_0055,WB_CENTRE_KOL_01,HALL_04,6,Q45,C,0.0
WBSSC_SLST_0055,WB_CENTRE_KOL_01,HALL_04,6,Q46,A,0.0
WBSSC_SLST_0055,WB_CENTRE_KOL_01,HALL_04,6,Q47,D,0.0
WBSSC_SLST_0055,WB_CENTRE_KOL_01,HALL_04,6,Q48,D,0.0
WBSSC_SLST_0055,WB_CENTRE_KOL_01,HALL_04,6,Q49,C,0.0
WBSSC_SLST_0055,WB_CENTRE_KOL_01,HALL_04,6,Q50,C,0.0
WBSSC_SLST_0055,WB_CENTRE_KOL_01,HALL_04,6,Q51,A,0.0
WBSSC_SLST_0055,WB_CENTRE_KOL_01,HALL_04,6,Q52,C,0.0
WBSSC_SLST_0055,WB_CENTRE_KOL_01,HALL_04,6,Q53,C,0.0
WBSSC_SLST_0055,WB_CENTRE_KOL_01,HALL_04,6,Q54,D,0.0
WBSSC_SLST_0055,WB_CENTRE_KOL_01,HALL_04,6,Q55,A,0.0
WBSSC_SLST_0055,WB_CENTRE_KOL_01,HALL_04,6,Q56,A,0.0
WBSSC_SLST_0055,WB_CENTRE_KOL_01,HALL_04,6,Q57,C,0.0
WBSSC_SLST_0055,WB_CENTRE_KOL_01,HALL_04,6,Q58,A,0.0
WBSSC_SLST_0055,WB_CENTRE_KOL_01,HALL_04,6,Q59,A,0.0
WBSSC_SLST_0055,WB_CENTRE_KOL_01,HALL_04,6,Q60,A,0.0
WBSSC_SLST_0056,WB_CENTRE_KOL_01,HALL_01,7,Q01,B,1.0
WBSSC_SLST_0056,WB_CENTRE_KOL_01,HALL_01,7,Q02,B,1.0
WBSSC_SLST_0056,WB_CENTRE_KOL_01,HALL_01,7,Q03,B,1.0
WBSSC_SLST_0056,WB_CENTRE_KOL_01,HALL_01,7,Q04,B,1.0
WBSSC_SLST_0056,WB_CENTRE_KOL_01,HALL_01,7,Q05,B,1.0
WBSSC_SLST_0056,WB_CENTRE_KOL_01,HALL_01,7,Q06,B,1.0
WBSSC_SLST_0056,WB_CENTRE_KOL_01,HALL_01,7,Q07,B,1.0
WBSSC_SLST_0056,WB_CENTRE_KOL_01,HALL_01,7,Q08,B,1.0
WBSSC_SLST_0056,WB_CENTRE_KOL_01,HALL_01,7,Q09,B,1.0
WBSSC_SLST_0056,WB_CENTRE_KOL_01,HALL_01,7,Q10,B,1.0
WBSSC_SLST_0056,WB_CENTRE_KOL_01,HALL_01,7,Q11,B,1.0
WBSSC_SLST_0056,WB_CENTRE_KOL_01,HALL_01,7,Q12,B,1.0
WBSSC_SLST_0056,WB_CENTRE_KOL_01,HALL_01,7,Q13,B,1.0
WBSSC_SLST_0056,WB_CENTRE_KOL_01,HALL_01,7,Q14,B,1.0
WBSSC_SLST_0056,WB_CENTRE_KOL_01,HALL_01,7,Q15,B,1.0
WBSSC_SLST_0056,WB_CENTRE_KOL_01,HALL_01,7,Q16,B,1.0
WBSSC_SLST_0056,WB_CENTRE_KOL_01,HALL_01,7,Q17,B,1.0
WBSSC_SLST_0056,WB_CENTRE_KOL_01,HALL_01,7,Q18,B,1.0
WBSSC_SLST_0056,WB_CENTRE_KOL_01,HALL_01,7,Q19,B,1.0
WBSSC_SLST_0056,WB_CENTRE_KOL_01,HALL_01,7,Q20,B,1.0
WBSSC_SLST_0056,WB_CENTRE_KOL_01,HALL_01,7,Q21,B,1.0
WBSSC_SLST_0056,WB_CENTRE_KOL_01,HALL_01,7,Q22,B,1.0
WBSSC_SLST_0056,WB_CENTRE_KOL_01,HALL_01,7,Q23,B,1.0
WBSSC_SLST_0056,WB_CENTRE_KOL_01,HALL_01,7,Q24,B,1.0
WBSSC_SLST_0056,WB_CENTRE_KOL_01,HALL_01,7,Q25,D,0.0
WBSSC_SLST_0056,WB_CENTRE_KOL_01,HALL_01,7,Q26,C,0.0
WBSSC_SLST_0056,WB_CENTRE_KOL_01,HALL_01,7,Q27,A,0.0
WBSSC_SLST_0056,WB_CENTRE_KOL_01,HALL_01,7,Q28,C,0.0
WBSSC_SLST_0056,WB_CENTRE_KOL_01,HALL_01,7,Q29,D,0.0
WBSSC_SLST_0056,WB_CENTRE_KOL_01,HALL_01,7,Q30,C,0.0
WBSSC_SLST_0056,WB_CENTRE_KOL_01,HALL_01,7,Q31,D,0.0
WBSSC_SLST_0056,WB_CENTRE_KOL_01,HALL_01,7,Q32,D,0.0
WBSSC_SLST_0056,WB_CENTRE_KOL_01,HALL_01,7,Q33,A,0.0
WBSSC_SLST_0056,WB_CENTRE_KOL_01,HALL_01,7,Q34,C,0.0
WBSSC_SLST_0056,WB_CENTRE_KOL_01,HALL_01,7,Q35,C,0.0
WBSSC_SLST_0056,WB_CENTRE_KOL_01,HALL_01,7,Q36,D,0.0
WBSSC_SLST_0056,WB_CENTRE_KOL_01,HALL_01,7,Q37,D,0.0
WBSSC_SLST_0056,WB_CENTRE_KOL_01,HALL_01,7,Q38,D,0.0
WBSSC_SLST_0056,WB_CENTRE_KOL_01,HALL_01,7,Q39,D,0.0
WBSSC_SLST_0056,WB_CENTRE_KOL_01,HALL_01,7,Q40,C,0.0
WBSSC_SLST_0056,WB_CENTRE_KOL_01,HALL_01,7,Q41,D,0.0
WBSSC_SLST_0056,WB_CENTRE_KOL_01,HALL_01,7,Q42,A,0.0
WBSSC_SLST_0056,WB_CENTRE_KOL_01,HALL_01,7,Q43,D,0.0
WBSSC_SLST_0056,WB_CENTRE_KOL_01,HALL_01,7,Q44,D,0.0
WBSSC_SLST_0056,WB_CENTRE_KOL_01,HALL_01,7,Q45,C,0.0
WBSSC_SLST_0056,WB_CENTRE_KOL_01,HALL_01,7,Q46,D,0.0
WBSSC_SLST_0056,WB_CENTRE_KOL_01,HALL_01,7,Q47,D,0.0
WBSSC_SLST_0056,WB_CENTRE_KOL_01,HALL_01,7,Q48,A,0.0
WBSSC_SLST_0056,WB_CENTRE_KOL_01,HALL_01,7,Q49,A,0.0
WBSSC_SLST_0056,WB_CENTRE_KOL_01,HALL_01,7,Q50,C,0.0
WBSSC_SLST_0056,WB_CENTRE_KOL_01,HALL_01,7,Q51,D,0.0
WBSSC_SLST_0056,WB_CENTRE_KOL_01,HALL_01,7,Q52,D,0.0
WBSSC_SLST_0056,WB_CENTRE_KOL_01,HALL_01,7,Q53,D,0.0
WBSSC_SLST_0056,WB_CENTRE_KOL_01,HALL_01,7,Q54,C,0.0
WBSSC_SLST_0056,WB_CENTRE_KOL_01,HALL_01,7,Q55,C,0.0
WBSSC_SLST_0056,WB_CENTRE_KOL_01,HALL_01,7,Q56,A,0.0
WBSSC_SLST_0056,WB_CENTRE_KOL_01,HALL_01,7,Q57,C,0.0
WBSSC_SLST_0056,WB_CENTRE_KOL_01,HALL_01,7,Q58,A,0.0
WBSSC_SLST_0056,WB_CENTRE_KOL_01,HALL_01,7,Q59,C,0.0
WBSSC_SLST_0056,WB_CENTRE_KOL_01,HALL_01,7,Q60,D,0.0
WBSSC_SLST_0057,WB_CENTRE_KOL_01,HALL_02,8,Q01,B,1.0
WBSSC_SLST_0057,WB_CENTRE_KOL_01,HALL_02,8,Q02,B,1.0
WBSSC_SLST_0057,WB_CENTRE_KOL_01,HALL_02,8,Q03,B,1.0
WBSSC_SLST_0057,WB_CENTRE_KOL_01,HALL_02,8,Q04,B,1.0
WBSSC_SLST_0057,WB_CENTRE_KOL_01,HALL_02,8,Q05,B,1.0
WBSSC_SLST_0057,WB_CENTRE_KOL_01,HALL_02,8,Q06,B,1.0
WBSSC_SLST_0057,WB_CENTRE_KOL_01,HALL_02,8,Q07,B,1.0
WBSSC_SLST_0057,WB_CENTRE_KOL_01,HALL_02,8,Q08,B,1.0
WBSSC_SLST_0057,WB_CENTRE_KOL_01,HALL_02,8,Q09,B,1.0
WBSSC_SLST_0057,WB_CENTRE_KOL_01,HALL_02,8,Q10,B,1.0
WBSSC_SLST_0057,WB_CENTRE_KOL_01,HALL_02,8,Q11,B,1.0
WBSSC_SLST_0057,WB_CENTRE_KOL_01,HALL_02,8,Q12,B,1.0
WBSSC_SLST_0057,WB_CENTRE_KOL_01,HALL_02,8,Q13,B,1.0
WBSSC_SLST_0057,WB_CENTRE_KOL_01,HALL_02,8,Q14,B,1.0
WBSSC_SLST_0057,WB_CENTRE_KOL_01,HALL_02,8,Q15,B,1.0
WBSSC_SLST_0057,WB_CENTRE_KOL_01,HALL_02,8,Q16,B,1.0
WBSSC_SLST_0057,WB_CENTRE_KOL_01,HALL_02,8,Q17,B,1.0
WBSSC_SLST_0057,WB_CENTRE_KOL_01,HALL_02,8,Q18,B,1.0
WBSSC_SLST_0057,WB_CENTRE_KOL_01,HALL_02,8,Q19,B,1.0
WBSSC_SLST_0057,WB_CENTRE_KOL_01,HALL_02,8,Q20,B,1.0
WBSSC_SLST_0057,WB_CENTRE_KOL_01,HALL_02,8,Q21,B,1.0
WBSSC_SLST_0057,WB_CENTRE_KOL_01,HALL_02,8,Q22,B,1.0
WBSSC_SLST_0057,WB_CENTRE_KOL_01,HALL_02,8,Q23,B,1.0
WBSSC_SLST_0057,WB_CENTRE_KOL_01,HALL_02,8,Q24,B,1.0
WBSSC_SLST_0057,WB_CENTRE_KOL_01,HALL_02,8,Q25,B,1.0
WBSSC_SLST_0057,WB_CENTRE_KOL_01,HALL_02,8,Q26,B,1.0
WBSSC_SLST_0057,WB_CENTRE_KOL_01,HALL_02,8,Q27,B,1.0
WBSSC_SLST_0057,WB_CENTRE_KOL_01,HALL_02,8,Q28,B,1.0
WBSSC_SLST_0057,WB_CENTRE_KOL_01,HALL_02,8,Q29,B,1.0
WBSSC_SLST_0057,WB_CENTRE_KOL_01,HALL_02,8,Q30,B,1.0
WBSSC_SLST_0057,WB_CENTRE_KOL_01,HALL_02,8,Q31,B,1.0
WBSSC_SLST_0057,WB_CENTRE_KOL_01,HALL_02,8,Q32,B,1.0
WBSSC_SLST_0057,WB_CENTRE_KOL_01,HALL_02,8,Q33,B,1.0
WBSSC_SLST_0057,WB_CENTRE_KOL_01,HALL_02,8,Q34,B,1.0
WBSSC_SLST_0057,WB_CENTRE_KOL_01,HALL_02,8,Q35,B,1.0
WBSSC_SLST_0057,WB_CENTRE_KOL_01,HALL_02,8,Q36,B,1.0
WBSSC_SLST_0057,WB_CENTRE_KOL_01,HALL_02,8,Q37,D,0.0
WBSSC_SLST_0057,WB_CENTRE_KOL_01,HALL_02,8,Q38,C,0.0
WBSSC_SLST_0057,WB_CENTRE_KOL_01,HALL_02,8,Q39,D,0.0
WBSSC_SLST_0057,WB_CENTRE_KOL_01,HALL_02,8,Q40,A,0.0
WBSSC_SLST_0057,WB_CENTRE_KOL_01,HALL_02,8,Q41,D,0.0
WBSSC_SLST_0057,WB_CENTRE_KOL_01,HALL_02,8,Q42,A,0.0
WBSSC_SLST_0057,WB_CENTRE_KOL_01,HALL_02,8,Q43,D,0.0
WBSSC_SLST_0057,WB_CENTRE_KOL_01,HALL_02,8,Q44,D,0.0
WBSSC_SLST_0057,WB_CENTRE_KOL_01,HALL_02,8,Q45,A,0.0
WBSSC_SLST_0057,WB_CENTRE_KOL_01,HALL_02,8,Q46,C,0.0
WBSSC_SLST_0057,WB_CENTRE_KOL_01,HALL_02,8,Q47,A,0.0
WBSSC_SLST_0057,WB_CENTRE_KOL_01,HALL_02,8,Q48,C,0.0
WBSSC_SLST_0057,WB_CENTRE_KOL_01,HALL_02,8,Q49,A,0.0
WBSSC_SLST_0057,WB_CENTRE_KOL_01,HALL_02,8,Q50,D,0.0
WBSSC_SLST_0057,WB_CENTRE_KOL_01,HALL_02,8,Q51,C,0.0
WBSSC_SLST_0057,WB_CENTRE_KOL_01,HALL_02,8,Q52,D,0.0
WBSSC_SLST_0057,WB_CENTRE_KOL_01,HALL_02,8,Q53,A,0.0
WBSSC_SLST_0057,WB_CENTRE_KOL_01,HALL_02,8,Q54,A,0.0
WBSSC_SLST_0057,WB_CENTRE_KOL_01,HALL_02,8,Q55,D,0.0
WBSSC_SLST_0057,WB_CENTRE_KOL_01,HALL_02,8,Q56,C,0.0
WBSSC_SLST_0057,WB_CENTRE_KOL_01,HALL_02,8,Q57,A,0.0
WBSSC_SLST_0057,WB_CENTRE_KOL_01,HALL_02,8,Q58,D,0.0
WBSSC_SLST_0057,WB_CENTRE_KOL_01,HALL_02,8,Q59,A,0.0
WBSSC_SLST_0057,WB_CENTRE_KOL_01,HALL_02,8,Q60,C,0.0
WBSSC_SLST_0058,WB_CENTRE_KOL_01,HALL_03,9,Q01,B,1.0
WBSSC_SLST_0058,WB_CENTRE_KOL_01,HALL_03,9,Q02,B,1.0
WBSSC_SLST_0058,WB_CENTRE_KOL_01,HALL_03,9,Q03,B,1.0
WBSSC_SLST_0058,WB_CENTRE_KOL_01,HALL_03,9,Q04,B,1.0
WBSSC_SLST_0058,WB_CENTRE_KOL_01,HALL_03,9,Q05,B,1.0
WBSSC_SLST_0058,WB_CENTRE_KOL_01,HALL_03,9,Q06,B,1.0
WBSSC_SLST_0058,WB_CENTRE_KOL_01,HALL_03,9,Q07,B,1.0
WBSSC_SLST_0058,WB_CENTRE_KOL_01,HALL_03,9,Q08,B,1.0
WBSSC_SLST_0058,WB_CENTRE_KOL_01,HALL_03,9,Q09,B,1.0
WBSSC_SLST_0058,WB_CENTRE_KOL_01,HALL_03,9,Q10,B,1.0
WBSSC_SLST_0058,WB_CENTRE_KOL_01,HALL_03,9,Q11,B,1.0
WBSSC_SLST_0058,WB_CENTRE_KOL_01,HALL_03,9,Q12,B,1.0
WBSSC_SLST_0058,WB_CENTRE_KOL_01,HALL_03,9,Q13,B,1.0
WBSSC_SLST_0058,WB_CENTRE_KOL_01,HALL_03,9,Q14,B,1.0
WBSSC_SLST_0058,WB_CENTRE_KOL_01,HALL_03,9,Q15,B,1.0
WBSSC_SLST_0058,WB_CENTRE_KOL_01,HALL_03,9,Q16,B,1.0
WBSSC_SLST_0058,WB_CENTRE_KOL_01,HALL_03,9,Q17,B,1.0
WBSSC_SLST_0058,WB_CENTRE_KOL_01,HALL_03,9,Q18,B,1.0
WBSSC_SLST_0058,WB_CENTRE_KOL_01,HALL_03,9,Q19,B,1.0
WBSSC_SLST_0058,WB_CENTRE_KOL_01,HALL_03,9,Q20,B,1.0
WBSSC_SLST_0058,WB_CENTRE_KOL_01,HALL_03,9,Q21,B,1.0
WBSSC_SLST_0058,WB_CENTRE_KOL_01,HALL_03,9,Q22,B,1.0
WBSSC_SLST_0058,WB_CENTRE_KOL_01,HALL_03,9,Q23,B,1.0
WBSSC_SLST_0058,WB_CENTRE_KOL_01,HALL_03,9,Q24,B,1.0
WBSSC_SLST_0058,WB_CENTRE_KOL_01,HALL_03,9,Q25,B,1.0
WBSSC_SLST_0058,WB_CENTRE_KOL_01,HALL_03,9,Q26,B,1.0
WBSSC_SLST_0058,WB_CENTRE_KOL_01,HALL_03,9,Q27,B,1.0
WBSSC_SLST_0058,WB_CENTRE_KOL_01,HALL_03,9,Q28,B,1.0
WBSSC_SLST_0058,WB_CENTRE_KOL_01,HALL_03,9,Q29,B,1.0
WBSSC_SLST_0058,WB_CENTRE_KOL_01,HALL_03,9,Q30,B,1.0
WBSSC_SLST_0058,WB_CENTRE_KOL_01,HALL_03,9,Q31,B,1.0
WBSSC_SLST_0058,WB_CENTRE_KOL_01,HALL_03,9,Q32,B,1.0
WBSSC_SLST_0058,WB_CENTRE_KOL_01,HALL_03,9,Q33,B,1.0
WBSSC_SLST_0058,WB_CENTRE_KOL_01,HALL_03,9,Q34,B,1.0
WBSSC_SLST_0058,WB_CENTRE_KOL_01,HALL_03,9,Q35,B,1.0
WBSSC_SLST_0058,WB_CENTRE_KOL_01,HALL_03,9,Q36,B,1.0
WBSSC_SLST_0058,WB_CENTRE_KOL_01,HALL_03,9,Q37,B,1.0
WBSSC_SLST_0058,WB_CENTRE_KOL_01,HALL_03,9,Q38,B,1.0
WBSSC_SLST_0058,WB_CENTRE_KOL_01,HALL_03,9,Q39,B,1.0
WBSSC_SLST_0058,WB_CENTRE_KOL_01,HALL_03,9,Q40,B,1.0
WBSSC_SLST_0058,WB_CENTRE_KOL_01,HALL_03,9,Q41,B,1.0
WBSSC_SLST_0058,WB_CENTRE_KOL_01,HALL_03,9,Q42,A,0.0
WBSSC_SLST_0058,WB_CENTRE_KOL_01,HALL_03,9,Q43,D,0.0
WBSSC_SLST_0058,WB_CENTRE_KOL_01,HALL_03,9,Q44,C,0.0
WBSSC_SLST_0058,WB_CENTRE_KOL_01,HALL_03,9,Q45,A,0.0
WBSSC_SLST_0058,WB_CENTRE_KOL_01,HALL_03,9,Q46,D,0.0
WBSSC_SLST_0058,WB_CENTRE_KOL_01,HALL_03,9,Q47,A,0.0
WBSSC_SLST_0058,WB_CENTRE_KOL_01,HALL_03,9,Q48,A,0.0
WBSSC_SLST_0058,WB_CENTRE_KOL_01,HALL_03,9,Q49,C,0.0
WBSSC_SLST_0058,WB_CENTRE_KOL_01,HALL_03,9,Q50,D,0.0
WBSSC_SLST_0058,WB_CENTRE_KOL_01,HALL_03,9,Q51,A,0.0
WBSSC_SLST_0058,WB_CENTRE_KOL_01,HALL_03,9,Q52,D,0.0
WBSSC_SLST_0058,WB_CENTRE_KOL_01,HALL_03,9,Q53,C,0.0
WBSSC_SLST_0058,WB_CENTRE_KOL_01,HALL_03,9,Q54,A,0.0
WBSSC_SLST_0058,WB_CENTRE_KOL_01,HALL_03,9,Q55,D,0.0
WBSSC_SLST_0058,WB_CENTRE_KOL_01,HALL_03,9,Q56,A,0.0
WBSSC_SLST_0058,WB_CENTRE_KOL_01,HALL_03,9,Q57,A,0.0
WBSSC_SLST_0058,WB_CENTRE_KOL_01,HALL_03,9,Q58,C,0.0
WBSSC_SLST_0058,WB_CENTRE_KOL_01,HALL_03,9,Q59,C,0.0
WBSSC_SLST_0058,WB_CENTRE_KOL_01,HALL_03,9,Q60,A,0.0
WBSSC_SLST_0059,WB_CENTRE_KOL_01,HALL_04,10,Q01,B,1.0
WBSSC_SLST_0059,WB_CENTRE_KOL_01,HALL_04,10,Q02,B,1.0
WBSSC_SLST_0059,WB_CENTRE_KOL_01,HALL_04,10,Q03,B,1.0
WBSSC_SLST_0059,WB_CENTRE_KOL_01,HALL_04,10,Q04,B,1.0
WBSSC_SLST_0059,WB_CENTRE_KOL_01,HALL_04,10,Q05,B,1.0
WBSSC_SLST_0059,WB_CENTRE_KOL_01,HALL_04,10,Q06,B,1.0
WBSSC_SLST_0059,WB_CENTRE_KOL_01,HALL_04,10,Q07,B,1.0
WBSSC_SLST_0059,WB_CENTRE_KOL_01,HALL_04,10,Q08,B,1.0
WBSSC_SLST_0059,WB_CENTRE_KOL_01,HALL_04,10,Q09,B,1.0
WBSSC_SLST_0059,WB_CENTRE_KOL_01,HALL_04,10,Q10,B,1.0
WBSSC_SLST_0059,WB_CENTRE_KOL_01,HALL_04,10,Q11,B,1.0
WBSSC_SLST_0059,WB_CENTRE_KOL_01,HALL_04,10,Q12,B,1.0
WBSSC_SLST_0059,WB_CENTRE_KOL_01,HALL_04,10,Q13,B,1.0
WBSSC_SLST_0059,WB_CENTRE_KOL_01,HALL_04,10,Q14,B,1.0
WBSSC_SLST_0059,WB_CENTRE_KOL_01,HALL_04,10,Q15,B,1.0
WBSSC_SLST_0059,WB_CENTRE_KOL_01,HALL_04,10,Q16,B,1.0
WBSSC_SLST_0059,WB_CENTRE_KOL_01,HALL_04,10,Q17,B,1.0
WBSSC_SLST_0059,WB_CENTRE_KOL_01,HALL_04,10,Q18,B,1.0
WBSSC_SLST_0059,WB_CENTRE_KOL_01,HALL_04,10,Q19,B,1.0
WBSSC_SLST_0059,WB_CENTRE_KOL_01,HALL_04,10,Q20,B,1.0
WBSSC_SLST_0059,WB_CENTRE_KOL_01,HALL_04,10,Q21,B,1.0
WBSSC_SLST_0059,WB_CENTRE_KOL_01,HALL_04,10,Q22,B,1.0
WBSSC_SLST_0059,WB_CENTRE_KOL_01,HALL_04,10,Q23,A,0.0
WBSSC_SLST_0059,WB_CENTRE_KOL_01,HALL_04,10,Q24,C,0.0
WBSSC_SLST_0059,WB_CENTRE_KOL_01,HALL_04,10,Q25,C,0.0
WBSSC_SLST_0059,WB_CENTRE_KOL_01,HALL_04,10,Q26,C,0.0
WBSSC_SLST_0059,WB_CENTRE_KOL_01,HALL_04,10,Q27,C,0.0
WBSSC_SLST_0059,WB_CENTRE_KOL_01,HALL_04,10,Q28,A,0.0
WBSSC_SLST_0059,WB_CENTRE_KOL_01,HALL_04,10,Q29,D,0.0
WBSSC_SLST_0059,WB_CENTRE_KOL_01,HALL_04,10,Q30,D,0.0
WBSSC_SLST_0059,WB_CENTRE_KOL_01,HALL_04,10,Q31,C,0.0
WBSSC_SLST_0059,WB_CENTRE_KOL_01,HALL_04,10,Q32,A,0.0
WBSSC_SLST_0059,WB_CENTRE_KOL_01,HALL_04,10,Q33,C,0.0
WBSSC_SLST_0059,WB_CENTRE_KOL_01,HALL_04,10,Q34,A,0.0
WBSSC_SLST_0059,WB_CENTRE_KOL_01,HALL_04,10,Q35,C,0.0
WBSSC_SLST_0059,WB_CENTRE_KOL_01,HALL_04,10,Q36,D,0.0
WBSSC_SLST_0059,WB_CENTRE_KOL_01,HALL_04,10,Q37,D,0.0
WBSSC_SLST_0059,WB_CENTRE_KOL_01,HALL_04,10,Q38,D,0.0
WBSSC_SLST_0059,WB_CENTRE_KOL_01,HALL_04,10,Q39,A,0.0
WBSSC_SLST_0059,WB_CENTRE_KOL_01,HALL_04,10,Q40,D,0.0
WBSSC_SLST_0059,WB_CENTRE_KOL_01,HALL_04,10,Q41,C,0.0
WBSSC_SLST_0059,WB_CENTRE_KOL_01,HALL_04,10,Q42,A,0.0
WBSSC_SLST_0059,WB_CENTRE_KOL_01,HALL_04,10,Q43,D,0.0
WBSSC_SLST_0059,WB_CENTRE_KOL_01,HALL_04,10,Q44,A,0.0
WBSSC_SLST_0059,WB_CENTRE_KOL_01,HALL_04,10,Q45,D,0.0
WBSSC_SLST_0059,WB_CENTRE_KOL_01,HALL_04,10,Q46,A,0.0
WBSSC_SLST_0059,WB_CENTRE_KOL_01,HALL_04,10,Q47,A,0.0
WBSSC_SLST_0059,WB_CENTRE_KOL_01,HALL_04,10,Q48,A,0.0
WBSSC_SLST_0059,WB_CENTRE_KOL_01,HALL_04,10,Q49,C,0.0
WBSSC_SLST_0059,WB_CENTRE_KOL_01,HALL_04,10,Q50,D,0.0
WBSSC_SLST_0059,WB_CENTRE_KOL_01,HALL_04,10,Q51,D,0.0
WBSSC_SLST_0059,WB_CENTRE_KOL_01,HALL_04,10,Q52,A,0.0
WBSSC_SLST_0059,WB_CENTRE_KOL_01,HALL_04,10,Q53,D,0.0
WBSSC_SLST_0059,WB_CENTRE_KOL_01,HALL_04,10,Q54,A,0.0
WBSSC_SLST_0059,WB_CENTRE_KOL_01,HALL_04,10,Q55,C,0.0
WBSSC_SLST_0059,WB_CENTRE_KOL_01,HALL_04,10,Q56,C,0.0
WBSSC_SLST_0059,WB_CENTRE_KOL_01,HALL_04,10,Q57,D,0.0
WBSSC_SLST_0059,WB_CENTRE_KOL_01,HALL_04,10,Q58,A,0.0
WBSSC_SLST_0059,WB_CENTRE_KOL_01,HALL_04,10,Q59,D,0.0
WBSSC_SLST_0059,WB_CENTRE_KOL_01,HALL_04,10,Q60,D,0.0
WBSSC_SLST_0060,WB_CENTRE_KOL_01,HALL_01,11,Q01,B,1.0
WBSSC_SLST_0060,WB_CENTRE_KOL_01,HALL_01,11,Q02,B,1.0
WBSSC_SLST_0060,WB_CENTRE_KOL_01,HALL_01,11,Q03,B,1.0
WBSSC_SLST_0060,WB_CENTRE_KOL_01,HALL_01,11,Q04,B,1.0
WBSSC_SLST_0060,WB_CENTRE_KOL_01,HALL_01,11,Q05,B,1.0
WBSSC_SLST_0060,WB_CENTRE_KOL_01,HALL_01,11,Q06,B,1.0
WBSSC_SLST_0060,WB_CENTRE_KOL_01,HALL_01,11,Q07,B,1.0
WBSSC_SLST_0060,WB_CENTRE_KOL_01,HALL_01,11,Q08,B,1.0
WBSSC_SLST_0060,WB_CENTRE_KOL_01,HALL_01,11,Q09,B,1.0
WBSSC_SLST_0060,WB_CENTRE_KOL_01,HALL_01,11,Q10,B,1.0
WBSSC_SLST_0060,WB_CENTRE_KOL_01,HALL_01,11,Q11,B,1.0
WBSSC_SLST_0060,WB_CENTRE_KOL_01,HALL_01,11,Q12,B,1.0
WBSSC_SLST_0060,WB_CENTRE_KOL_01,HALL_01,11,Q13,B,1.0
WBSSC_SLST_0060,WB_CENTRE_KOL_01,HALL_01,11,Q14,B,1.0
WBSSC_SLST_0060,WB_CENTRE_KOL_01,HALL_01,11,Q15,B,1.0
WBSSC_SLST_0060,WB_CENTRE_KOL_01,HALL_01,11,Q16,B,1.0
WBSSC_SLST_0060,WB_CENTRE_KOL_01,HALL_01,11,Q17,B,1.0
WBSSC_SLST_0060,WB_CENTRE_KOL_01,HALL_01,11,Q18,B,1.0
WBSSC_SLST_0060,WB_CENTRE_KOL_01,HALL_01,11,Q19,B,1.0
WBSSC_SLST_0060,WB_CENTRE_KOL_01,HALL_01,11,Q20,B,1.0
WBSSC_SLST_0060,WB_CENTRE_KOL_01,HALL_01,11,Q21,B,1.0
WBSSC_SLST_0060,WB_CENTRE_KOL_01,HALL_01,11,Q22,B,1.0
WBSSC_SLST_0060,WB_CENTRE_KOL_01,HALL_01,11,Q23,B,1.0
WBSSC_SLST_0060,WB_CENTRE_KOL_01,HALL_01,11,Q24,B,1.0
WBSSC_SLST_0060,WB_CENTRE_KOL_01,HALL_01,11,Q25,B,1.0
WBSSC_SLST_0060,WB_CENTRE_KOL_01,HALL_01,11,Q26,B,1.0
WBSSC_SLST_0060,WB_CENTRE_KOL_01,HALL_01,11,Q27,B,1.0
WBSSC_SLST_0060,WB_CENTRE_KOL_01,HALL_01,11,Q28,B,1.0
WBSSC_SLST_0060,WB_CENTRE_KOL_01,HALL_01,11,Q29,B,1.0
WBSSC_SLST_0060,WB_CENTRE_KOL_01,HALL_01,11,Q30,B,1.0
WBSSC_SLST_0060,WB_CENTRE_KOL_01,HALL_01,11,Q31,B,1.0
WBSSC_SLST_0060,WB_CENTRE_KOL_01,HALL_01,11,Q32,B,1.0
WBSSC_SLST_0060,WB_CENTRE_KOL_01,HALL_01,11,Q33,B,1.0
WBSSC_SLST_0060,WB_CENTRE_KOL_01,HALL_01,11,Q34,B,1.0
WBSSC_SLST_0060,WB_CENTRE_KOL_01,HALL_01,11,Q35,D,0.0
WBSSC_SLST_0060,WB_CENTRE_KOL_01,HALL_01,11,Q36,A,0.0
WBSSC_SLST_0060,WB_CENTRE_KOL_01,HALL_01,11,Q37,C,0.0
WBSSC_SLST_0060,WB_CENTRE_KOL_01,HALL_01,11,Q38,C,0.0
WBSSC_SLST_0060,WB_CENTRE_KOL_01,HALL_01,11,Q39,D,0.0
WBSSC_SLST_0060,WB_CENTRE_KOL_01,HALL_01,11,Q40,C,0.0
WBSSC_SLST_0060,WB_CENTRE_KOL_01,HALL_01,11,Q41,C,0.0
WBSSC_SLST_0060,WB_CENTRE_KOL_01,HALL_01,11,Q42,C,0.0
WBSSC_SLST_0060,WB_CENTRE_KOL_01,HALL_01,11,Q43,D,0.0
WBSSC_SLST_0060,WB_CENTRE_KOL_01,HALL_01,11,Q44,C,0.0
WBSSC_SLST_0060,WB_CENTRE_KOL_01,HALL_01,11,Q45,D,0.0
WBSSC_SLST_0060,WB_CENTRE_KOL_01,HALL_01,11,Q46,A,0.0
WBSSC_SLST_0060,WB_CENTRE_KOL_01,HALL_01,11,Q47,D,0.0
WBSSC_SLST_0060,WB_CENTRE_KOL_01,HALL_01,11,Q48,D,0.0
WBSSC_SLST_0060,WB_CENTRE_KOL_01,HALL_01,11,Q49,C,0.0
WBSSC_SLST_0060,WB_CENTRE_KOL_01,HALL_01,11,Q50,A,0.0
WBSSC_SLST_0060,WB_CENTRE_KOL_01,HALL_01,11,Q51,C,0.0
WBSSC_SLST_0060,WB_CENTRE_KOL_01,HALL_01,11,Q52,A,0.0
WBSSC_SLST_0060,WB_CENTRE_KOL_01,HALL_01,11,Q53,A,0.0
WBSSC_SLST_0060,WB_CENTRE_KOL_01,HALL_01,11,Q54,A,0.0
WBSSC_SLST_0060,WB_CENTRE_KOL_01,HALL_01,11,Q55,A,0.0
WBSSC_SLST_0060,WB_CENTRE_KOL_01,HALL_01,11,Q56,D,0.0
WBSSC_SLST_0060,WB_CENTRE_KOL_01,HALL_01,11,Q57,A,0.0
WBSSC_SLST_0060,WB_CENTRE_KOL_01,HALL_01,11,Q58,A,0.0
WBSSC_SLST_0060,WB_CENTRE_KOL_01,HALL_01,11,Q59,A,0.0
WBSSC_SLST_0060,WB_CENTRE_KOL_01,HALL_01,11,Q60,A,0.0
WBSSC_SLST_0061,WB_CENTRE_KOL_01,HALL_02,12,Q01,B,1.0
WBSSC_SLST_0061,WB_CENTRE_KOL_01,HALL_02,12,Q02,B,1.0
WBSSC_SLST_0061,WB_CENTRE_KOL_01,HALL_02,12,Q03,B,1.0
WBSSC_SLST_0061,WB_CENTRE_KOL_01,HALL_02,12,Q04,B,1.0
WBSSC_SLST_0061,WB_CENTRE_KOL_01,HALL_02,12,Q05,B,1.0
WBSSC_SLST_0061,WB_CENTRE_KOL_01,HALL_02,12,Q06,B,1.0
WBSSC_SLST_0061,WB_CENTRE_KOL_01,HALL_02,12,Q07,B,1.0
WBSSC_SLST_0061,WB_CENTRE_KOL_01,HALL_02,12,Q08,B,1.0
WBSSC_SLST_0061,WB_CENTRE_KOL_01,HALL_02,12,Q09,B,1.0
WBSSC_SLST_0061,WB_CENTRE_KOL_01,HALL_02,12,Q10,B,1.0
WBSSC_SLST_0061,WB_CENTRE_KOL_01,HALL_02,12,Q11,B,1.0
WBSSC_SLST_0061,WB_CENTRE_KOL_01,HALL_02,12,Q12,B,1.0
WBSSC_SLST_0061,WB_CENTRE_KOL_01,HALL_02,12,Q13,B,1.0
WBSSC_SLST_0061,WB_CENTRE_KOL_01,HALL_02,12,Q14,B,1.0
WBSSC_SLST_0061,WB_CENTRE_KOL_01,HALL_02,12,Q15,B,1.0
WBSSC_SLST_0061,WB_CENTRE_KOL_01,HALL_02,12,Q16,B,1.0
WBSSC_SLST_0061,WB_CENTRE_KOL_01,HALL_02,12,Q17,B,1.0
WBSSC_SLST_0061,WB_CENTRE_KOL_01,HALL_02,12,Q18,B,1.0
WBSSC_SLST_0061,WB_CENTRE_KOL_01,HALL_02,12,Q19,B,1.0
WBSSC_SLST_0061,WB_CENTRE_KOL_01,HALL_02,12,Q20,B,1.0
WBSSC_SLST_0061,WB_CENTRE_KOL_01,HALL_02,12,Q21,B,1.0
WBSSC_SLST_0061,WB_CENTRE_KOL_01,HALL_02,12,Q22,B,1.0
WBSSC_SLST_0061,WB_CENTRE_KOL_01,HALL_02,12,Q23,B,1.0
WBSSC_SLST_0061,WB_CENTRE_KOL_01,HALL_02,12,Q24,B,1.0
WBSSC_SLST_0061,WB_CENTRE_KOL_01,HALL_02,12,Q25,B,1.0
WBSSC_SLST_0061,WB_CENTRE_KOL_01,HALL_02,12,Q26,B,1.0
WBSSC_SLST_0061,WB_CENTRE_KOL_01,HALL_02,12,Q27,B,1.0
WBSSC_SLST_0061,WB_CENTRE_KOL_01,HALL_02,12,Q28,B,1.0
WBSSC_SLST_0061,WB_CENTRE_KOL_01,HALL_02,12,Q29,B,1.0
WBSSC_SLST_0061,WB_CENTRE_KOL_01,HALL_02,12,Q30,B,1.0
WBSSC_SLST_0061,WB_CENTRE_KOL_01,HALL_02,12,Q31,B,1.0
WBSSC_SLST_0061,WB_CENTRE_KOL_01,HALL_02,12,Q32,B,1.0
WBSSC_SLST_0061,WB_CENTRE_KOL_01,HALL_02,12,Q33,B,1.0
WBSSC_SLST_0061,WB_CENTRE_KOL_01,HALL_02,12,Q34,B,1.0
WBSSC_SLST_0061,WB_CENTRE_KOL_01,HALL_02,12,Q35,B,1.0
WBSSC_SLST_0061,WB_CENTRE_KOL_01,HALL_02,12,Q36,B,1.0
WBSSC_SLST_0061,WB_CENTRE_KOL_01,HALL_02,12,Q37,B,1.0
WBSSC_SLST_0061,WB_CENTRE_KOL_01,HALL_02,12,Q38,B,1.0
WBSSC_SLST_0061,WB_CENTRE_KOL_01,HALL_02,12,Q39,B,1.0
WBSSC_SLST_0061,WB_CENTRE_KOL_01,HALL_02,12,Q40,D,0.0
WBSSC_SLST_0061,WB_CENTRE_KOL_01,HALL_02,12,Q41,C,0.0
WBSSC_SLST_0061,WB_CENTRE_KOL_01,HALL_02,12,Q42,C,0.0
WBSSC_SLST_0061,WB_CENTRE_KOL_01,HALL_02,12,Q43,A,0.0
WBSSC_SLST_0061,WB_CENTRE_KOL_01,HALL_02,12,Q44,C,0.0
WBSSC_SLST_0061,WB_CENTRE_KOL_01,HALL_02,12,Q45,D,0.0
WBSSC_SLST_0061,WB_CENTRE_KOL_01,HALL_02,12,Q46,C,0.0
WBSSC_SLST_0061,WB_CENTRE_KOL_01,HALL_02,12,Q47,D,0.0
WBSSC_SLST_0061,WB_CENTRE_KOL_01,HALL_02,12,Q48,C,0.0
WBSSC_SLST_0061,WB_CENTRE_KOL_01,HALL_02,12,Q49,D,0.0
WBSSC_SLST_0061,WB_CENTRE_KOL_01,HALL_02,12,Q50,D,0.0
WBSSC_SLST_0061,WB_CENTRE_KOL_01,HALL_02,12,Q51,C,0.0
WBSSC_SLST_0061,WB_CENTRE_KOL_01,HALL_02,12,Q52,C,0.0
WBSSC_SLST_0061,WB_CENTRE_KOL_01,HALL_02,12,Q53,C,0.0
WBSSC_SLST_0061,WB_CENTRE_KOL_01,HALL_02,12,Q54,D,0.0
WBSSC_SLST_0061,WB_CENTRE_KOL_01,HALL_02,12,Q55,C,0.0
WBSSC_SLST_0061,WB_CENTRE_KOL_01,HALL_02,12,Q56,C,0.0
WBSSC_SLST_0061,WB_CENTRE_KOL_01,HALL_02,12,Q57,C,0.0
WBSSC_SLST_0061,WB_CENTRE_KOL_01,HALL_02,12,Q58,D,0.0
WBSSC_SLST_0061,WB_CENTRE_KOL_01,HALL_02,12,Q59,A,0.0
WBSSC_SLST_0061,WB_CENTRE_KOL_01,HALL_02,12,Q60,D,0.0
WBSSC_SLST_0062,WB_CENTRE_KOL_01,HALL_03,13,Q01,B,1.0
WBSSC_SLST_0062,WB_CENTRE_KOL_01,HALL_03,13,Q02,B,1.0
WBSSC_SLST_0062,WB_CENTRE_KOL_01,HALL_03,13,Q03,B,1.0
WBSSC_SLST_0062,WB_CENTRE_KOL_01,HALL_03,13,Q04,B,1.0
WBSSC_SLST_0062,WB_CENTRE_KOL_01,HALL_03,13,Q05,B,1.0
WBSSC_SLST_0062,WB_CENTRE_KOL_01,HALL_03,13,Q06,B,1.0
WBSSC_SLST_0062,WB_CENTRE_KOL_01,HALL_03,13,Q07,B,1.0
WBSSC_SLST_0062,WB_CENTRE_KOL_01,HALL_03,13,Q08,B,1.0
WBSSC_SLST_0062,WB_CENTRE_KOL_01,HALL_03,13,Q09,B,1.0
WBSSC_SLST_0062,WB_CENTRE_KOL_01,HALL_03,13,Q10,B,1.0
WBSSC_SLST_0062,WB_CENTRE_KOL_01,HALL_03,13,Q11,B,1.0
WBSSC_SLST_0062,WB_CENTRE_KOL_01,HALL_03,13,Q12,B,1.0
WBSSC_SLST_0062,WB_CENTRE_KOL_01,HALL_03,13,Q13,B,1.0
WBSSC_SLST_0062,WB_CENTRE_KOL_01,HALL_03,13,Q14,B,1.0
WBSSC_SLST_0062,WB_CENTRE_KOL_01,HALL_03,13,Q15,B,1.0
WBSSC_SLST_0062,WB_CENTRE_KOL_01,HALL_03,13,Q16,B,1.0
WBSSC_SLST_0062,WB_CENTRE_KOL_01,HALL_03,13,Q17,B,1.0
WBSSC_SLST_0062,WB_CENTRE_KOL_01,HALL_03,13,Q18,B,1.0
WBSSC_SLST_0062,WB_CENTRE_KOL_01,HALL_03,13,Q19,B,1.0
WBSSC_SLST_0062,WB_CENTRE_KOL_01,HALL_03,13,Q20,B,1.0
WBSSC_SLST_0062,WB_CENTRE_KOL_01,HALL_03,13,Q21,C,0.0
WBSSC_SLST_0062,WB_CENTRE_KOL_01,HALL_03,13,Q22,A,0.0
WBSSC_SLST_0062,WB_CENTRE_KOL_01,HALL_03,13,Q23,A,0.0
WBSSC_SLST_0062,WB_CENTRE_KOL_01,HALL_03,13,Q24,D,0.0
WBSSC_SLST_0062,WB_CENTRE_KOL_01,HALL_03,13,Q25,A,0.0
WBSSC_SLST_0062,WB_CENTRE_KOL_01,HALL_03,13,Q26,C,0.0
WBSSC_SLST_0062,WB_CENTRE_KOL_01,HALL_03,13,Q27,D,0.0
WBSSC_SLST_0062,WB_CENTRE_KOL_01,HALL_03,13,Q28,D,0.0
WBSSC_SLST_0062,WB_CENTRE_KOL_01,HALL_03,13,Q29,D,0.0
WBSSC_SLST_0062,WB_CENTRE_KOL_01,HALL_03,13,Q30,D,0.0
WBSSC_SLST_0062,WB_CENTRE_KOL_01,HALL_03,13,Q31,C,0.0
WBSSC_SLST_0062,WB_CENTRE_KOL_01,HALL_03,13,Q32,A,0.0
WBSSC_SLST_0062,WB_CENTRE_KOL_01,HALL_03,13,Q33,C,0.0
WBSSC_SLST_0062,WB_CENTRE_KOL_01,HALL_03,13,Q34,D,0.0
WBSSC_SLST_0062,WB_CENTRE_KOL_01,HALL_03,13,Q35,A,0.0
WBSSC_SLST_0062,WB_CENTRE_KOL_01,HALL_03,13,Q36,C,0.0
WBSSC_SLST_0062,WB_CENTRE_KOL_01,HALL_03,13,Q37,C,0.0
WBSSC_SLST_0062,WB_CENTRE_KOL_01,HALL_03,13,Q38,D,0.0
WBSSC_SLST_0062,WB_CENTRE_KOL_01,HALL_03,13,Q39,D,0.0
WBSSC_SLST_0062,WB_CENTRE_KOL_01,HALL_03,13,Q40,C,0.0
WBSSC_SLST_0062,WB_CENTRE_KOL_01,HALL_03,13,Q41,D,0.0
WBSSC_SLST_0062,WB_CENTRE_KOL_01,HALL_03,13,Q42,D,0.0
WBSSC_SLST_0062,WB_CENTRE_KOL_01,HALL_03,13,Q43,A,0.0
WBSSC_SLST_0062,WB_CENTRE_KOL_01,HALL_03,13,Q44,C,0.0
WBSSC_SLST_0062,WB_CENTRE_KOL_01,HALL_03,13,Q45,D,0.0
WBSSC_SLST_0062,WB_CENTRE_KOL_01,HALL_03,13,Q46,D,0.0
WBSSC_SLST_0062,WB_CENTRE_KOL_01,HALL_03,13,Q47,C,0.0
WBSSC_SLST_0062,WB_CENTRE_KOL_01,HALL_03,13,Q48,D,0.0
WBSSC_SLST_0062,WB_CENTRE_KOL_01,HALL_03,13,Q49,C,0.0
WBSSC_SLST_0062,WB_CENTRE_KOL_01,HALL_03,13,Q50,D,0.0
WBSSC_SLST_0062,WB_CENTRE_KOL_01,HALL_03,13,Q51,D,0.0
WBSSC_SLST_0062,WB_CENTRE_KOL_01,HALL_03,13,Q52,C,0.0
WBSSC_SLST_0062,WB_CENTRE_KOL_01,HALL_03,13,Q53,C,0.0
WBSSC_SLST_0062,WB_CENTRE_KOL_01,HALL_03,13,Q54,C,0.0
WBSSC_SLST_0062,WB_CENTRE_KOL_01,HALL_03,13,Q55,A,0.0
WBSSC_SLST_0062,WB_CENTRE_KOL_01,HALL_03,13,Q56,D,0.0
WBSSC_SLST_0062,WB_CENTRE_KOL_01,HALL_03,13,Q57,C,0.0
WBSSC_SLST_0062,WB_CENTRE_KOL_01,HALL_03,13,Q58,C,0.0
WBSSC_SLST_0062,WB_CENTRE_KOL_01,HALL_03,13,Q59,C,0.0
WBSSC_SLST_0062,WB_CENTRE_KOL_01,HALL_03,13,Q60,A,0.0
WBSSC_SLST_0063,WB_CENTRE_KOL_01,HALL_04,14,Q01,B,1.0
WBSSC_SLST_0063,WB_CENTRE_KOL_01,HALL_04,14,Q02,B,1.0
WBSSC_SLST_0063,WB_CENTRE_KOL_01,HALL_04,14,Q03,B,1.0
WBSSC_SLST_0063,WB_CENTRE_KOL_01,HALL_04,14,Q04,B,1.0
WBSSC_SLST_0063,WB_CENTRE_KOL_01,HALL_04,14,Q05,B,1.0
WBSSC_SLST_0063,WB_CENTRE_KOL_01,HALL_04,14,Q06,B,1.0
WBSSC_SLST_0063,WB_CENTRE_KOL_01,HALL_04,14,Q07,B,1.0
WBSSC_SLST_0063,WB_CENTRE_KOL_01,HALL_04,14,Q08,B,1.0
WBSSC_SLST_0063,WB_CENTRE_KOL_01,HALL_04,14,Q09,B,1.0
WBSSC_SLST_0063,WB_CENTRE_KOL_01,HALL_04,14,Q10,B,1.0
WBSSC_SLST_0063,WB_CENTRE_KOL_01,HALL_04,14,Q11,B,1.0
WBSSC_SLST_0063,WB_CENTRE_KOL_01,HALL_04,14,Q12,B,1.0
WBSSC_SLST_0063,WB_CENTRE_KOL_01,HALL_04,14,Q13,B,1.0
WBSSC_SLST_0063,WB_CENTRE_KOL_01,HALL_04,14,Q14,B,1.0
WBSSC_SLST_0063,WB_CENTRE_KOL_01,HALL_04,14,Q15,B,1.0
WBSSC_SLST_0063,WB_CENTRE_KOL_01,HALL_04,14,Q16,B,1.0
WBSSC_SLST_0063,WB_CENTRE_KOL_01,HALL_04,14,Q17,B,1.0
WBSSC_SLST_0063,WB_CENTRE_KOL_01,HALL_04,14,Q18,B,1.0
WBSSC_SLST_0063,WB_CENTRE_KOL_01,HALL_04,14,Q19,B,1.0
WBSSC_SLST_0063,WB_CENTRE_KOL_01,HALL_04,14,Q20,B,1.0
WBSSC_SLST_0063,WB_CENTRE_KOL_01,HALL_04,14,Q21,B,1.0
WBSSC_SLST_0063,WB_CENTRE_KOL_01,HALL_04,14,Q22,B,1.0
WBSSC_SLST_0063,WB_CENTRE_KOL_01,HALL_04,14,Q23,B,1.0
WBSSC_SLST_0063,WB_CENTRE_KOL_01,HALL_04,14,Q24,B,1.0
WBSSC_SLST_0063,WB_CENTRE_KOL_01,HALL_04,14,Q25,B,1.0
WBSSC_SLST_0063,WB_CENTRE_KOL_01,HALL_04,14,Q26,A,0.0
WBSSC_SLST_0063,WB_CENTRE_KOL_01,HALL_04,14,Q27,D,0.0
WBSSC_SLST_0063,WB_CENTRE_KOL_01,HALL_04,14,Q28,C,0.0
WBSSC_SLST_0063,WB_CENTRE_KOL_01,HALL_04,14,Q29,C,0.0
WBSSC_SLST_0063,WB_CENTRE_KOL_01,HALL_04,14,Q30,C,0.0
WBSSC_SLST_0063,WB_CENTRE_KOL_01,HALL_04,14,Q31,A,0.0
WBSSC_SLST_0063,WB_CENTRE_KOL_01,HALL_04,14,Q32,C,0.0
WBSSC_SLST_0063,WB_CENTRE_KOL_01,HALL_04,14,Q33,A,0.0
WBSSC_SLST_0063,WB_CENTRE_KOL_01,HALL_04,14,Q34,C,0.0
WBSSC_SLST_0063,WB_CENTRE_KOL_01,HALL_04,14,Q35,C,0.0
WBSSC_SLST_0063,WB_CENTRE_KOL_01,HALL_04,14,Q36,C,0.0
WBSSC_SLST_0063,WB_CENTRE_KOL_01,HALL_04,14,Q37,A,0.0
WBSSC_SLST_0063,WB_CENTRE_KOL_01,HALL_04,14,Q38,D,0.0
WBSSC_SLST_0063,WB_CENTRE_KOL_01,HALL_04,14,Q39,C,0.0
WBSSC_SLST_0063,WB_CENTRE_KOL_01,HALL_04,14,Q40,D,0.0
WBSSC_SLST_0063,WB_CENTRE_KOL_01,HALL_04,14,Q41,D,0.0
WBSSC_SLST_0063,WB_CENTRE_KOL_01,HALL_04,14,Q42,A,0.0
WBSSC_SLST_0063,WB_CENTRE_KOL_01,HALL_04,14,Q43,C,0.0
WBSSC_SLST_0063,WB_CENTRE_KOL_01,HALL_04,14,Q44,A,0.0
WBSSC_SLST_0063,WB_CENTRE_KOL_01,HALL_04,14,Q45,A,0.0
WBSSC_SLST_0063,WB_CENTRE_KOL_01,HALL_04,14,Q46,D,0.0
WBSSC_SLST_0063,WB_CENTRE_KOL_01,HALL_04,14,Q47,C,0.0
WBSSC_SLST_0063,WB_CENTRE_KOL_01,HALL_04,14,Q48,C,0.0
WBSSC_SLST_0063,WB_CENTRE_KOL_01,HALL_04,14,Q49,A,0.0
WBSSC_SLST_0063,WB_CENTRE_KOL_01,HALL_04,14,Q50,A,0.0
WBSSC_SLST_0063,WB_CENTRE_KOL_01,HALL_04,14,Q51,D,0.0
WBSSC_SLST_0063,WB_CENTRE_KOL_01,HALL_04,14,Q52,C,0.0
WBSSC_SLST_0063,WB_CENTRE_KOL_01,HALL_04,14,Q53,C,0.0
WBSSC_SLST_0063,WB_CENTRE_KOL_01,HALL_04,14,Q54,A,0.0
WBSSC_SLST_0063,WB_CENTRE_KOL_01,HALL_04,14,Q55,D,0.0
WBSSC_SLST_0063,WB_CENTRE_KOL_01,HALL_04,14,Q56,C,0.0
WBSSC_SLST_0063,WB_CENTRE_KOL_01,HALL_04,14,Q57,C,0.0
WBSSC_SLST_0063,WB_CENTRE_KOL_01,HALL_04,14,Q58,A,0.0
WBSSC_SLST_0063,WB_CENTRE_KOL_01,HALL_04,14,Q59,C,0.0
WBSSC_SLST_0063,WB_CENTRE_KOL_01,HALL_04,14,Q60,C,0.0
WBSSC_SLST_0064,WB_CENTRE_KOL_01,HALL_01,15,Q01,B,1.0
WBSSC_SLST_0064,WB_CENTRE_KOL_01,HALL_01,15,Q02,B,1.0
WBSSC_SLST_0064,WB_CENTRE_KOL_01,HALL_01,15,Q03,B,1.0
WBSSC_SLST_0064,WB_CENTRE_KOL_01,HALL_01,15,Q04,B,1.0
WBSSC_SLST_0064,WB_CENTRE_KOL_01,HALL_01,15,Q05,B,1.0
WBSSC_SLST_0064,WB_CENTRE_KOL_01,HALL_01,15,Q06,B,1.0
WBSSC_SLST_0064,WB_CENTRE_KOL_01,HALL_01,15,Q07,B,1.0
WBSSC_SLST_0064,WB_CENTRE_KOL_01,HALL_01,15,Q08,B,1.0
WBSSC_SLST_0064,WB_CENTRE_KOL_01,HALL_01,15,Q09,B,1.0
WBSSC_SLST_0064,WB_CENTRE_KOL_01,HALL_01,15,Q10,B,1.0
WBSSC_SLST_0064,WB_CENTRE_KOL_01,HALL_01,15,Q11,B,1.0
WBSSC_SLST_0064,WB_CENTRE_KOL_01,HALL_01,15,Q12,B,1.0
WBSSC_SLST_0064,WB_CENTRE_KOL_01,HALL_01,15,Q13,B,1.0
WBSSC_SLST_0064,WB_CENTRE_KOL_01,HALL_01,15,Q14,B,1.0
WBSSC_SLST_0064,WB_CENTRE_KOL_01,HALL_01,15,Q15,B,1.0
WBSSC_SLST_0064,WB_CENTRE_KOL_01,HALL_01,15,Q16,B,1.0
WBSSC_SLST_0064,WB_CENTRE_KOL_01,HALL_01,15,Q17,B,1.0
WBSSC_SLST_0064,WB_CENTRE_KOL_01,HALL_01,15,Q18,B,1.0
WBSSC_SLST_0064,WB_CENTRE_KOL_01,HALL_01,15,Q19,B,1.0
WBSSC_SLST_0064,WB_CENTRE_KOL_01,HALL_01,15,Q20,B,1.0
WBSSC_SLST_0064,WB_CENTRE_KOL_01,HALL_01,15,Q21,B,1.0
WBSSC_SLST_0064,WB_CENTRE_KOL_01,HALL_01,15,Q22,B,1.0
WBSSC_SLST_0064,WB_CENTRE_KOL_01,HALL_01,15,Q23,B,1.0
WBSSC_SLST_0064,WB_CENTRE_KOL_01,HALL_01,15,Q24,B,1.0
WBSSC_SLST_0064,WB_CENTRE_KOL_01,HALL_01,15,Q25,B,1.0
WBSSC_SLST_0064,WB_CENTRE_KOL_01,HALL_01,15,Q26,B,1.0
WBSSC_SLST_0064,WB_CENTRE_KOL_01,HALL_01,15,Q27,B,1.0
WBSSC_SLST_0064,WB_CENTRE_KOL_01,HALL_01,15,Q28,B,1.0
WBSSC_SLST_0064,WB_CENTRE_KOL_01,HALL_01,15,Q29,B,1.0
WBSSC_SLST_0064,WB_CENTRE_KOL_01,HALL_01,15,Q30,B,1.0
WBSSC_SLST_0064,WB_CENTRE_KOL_01,HALL_01,15,Q31,B,1.0
WBSSC_SLST_0064,WB_CENTRE_KOL_01,HALL_01,15,Q32,B,1.0
WBSSC_SLST_0064,WB_CENTRE_KOL_01,HALL_01,15,Q33,B,1.0
WBSSC_SLST_0064,WB_CENTRE_KOL_01,HALL_01,15,Q34,B,1.0
WBSSC_SLST_0064,WB_CENTRE_KOL_01,HALL_01,15,Q35,B,1.0
WBSSC_SLST_0064,WB_CENTRE_KOL_01,HALL_01,15,Q36,B,1.0
WBSSC_SLST_0064,WB_CENTRE_KOL_01,HALL_01,15,Q37,B,1.0
WBSSC_SLST_0064,WB_CENTRE_KOL_01,HALL_01,15,Q38,D,0.0
WBSSC_SLST_0064,WB_CENTRE_KOL_01,HALL_01,15,Q39,D,0.0
WBSSC_SLST_0064,WB_CENTRE_KOL_01,HALL_01,15,Q40,D,0.0
WBSSC_SLST_0064,WB_CENTRE_KOL_01,HALL_01,15,Q41,A,0.0
WBSSC_SLST_0064,WB_CENTRE_KOL_01,HALL_01,15,Q42,C,0.0
WBSSC_SLST_0064,WB_CENTRE_KOL_01,HALL_01,15,Q43,D,0.0
WBSSC_SLST_0064,WB_CENTRE_KOL_01,HALL_01,15,Q44,D,0.0
WBSSC_SLST_0064,WB_CENTRE_KOL_01,HALL_01,15,Q45,A,0.0
WBSSC_SLST_0064,WB_CENTRE_KOL_01,HALL_01,15,Q46,C,0.0
WBSSC_SLST_0064,WB_CENTRE_KOL_01,HALL_01,15,Q47,C,0.0
WBSSC_SLST_0064,WB_CENTRE_KOL_01,HALL_01,15,Q48,D,0.0
WBSSC_SLST_0064,WB_CENTRE_KOL_01,HALL_01,15,Q49,A,0.0
WBSSC_SLST_0064,WB_CENTRE_KOL_01,HALL_01,15,Q50,D,0.0
WBSSC_SLST_0064,WB_CENTRE_KOL_01,HALL_01,15,Q51,A,0.0
WBSSC_SLST_0064,WB_CENTRE_KOL_01,HALL_01,15,Q52,D,0.0
WBSSC_SLST_0064,WB_CENTRE_KOL_01,HALL_01,15,Q53,A,0.0
WBSSC_SLST_0064,WB_CENTRE_KOL_01,HALL_01,15,Q54,C,0.0
WBSSC_SLST_0064,WB_CENTRE_KOL_01,HALL_01,15,Q55,A,0.0
WBSSC_SLST_0064,WB_CENTRE_KOL_01,HALL_01,15,Q56,C,0.0
WBSSC_SLST_0064,WB_CENTRE_KOL_01,HALL_01,15,Q57,D,0.0
WBSSC_SLST_0064,WB_CENTRE_KOL_01,HALL_01,15,Q58,C,0.0
WBSSC_SLST_0064,WB_CENTRE_KOL_01,HALL_01,15,Q59,D,0.0
WBSSC_SLST_0064,WB_CENTRE_KOL_01,HALL_01,15,Q60,D,0.0
WBSSC_SLST_0065,WB_CENTRE_KOL_01,HALL_02,16,Q01,B,1.0
WBSSC_SLST_0065,WB_CENTRE_KOL_01,HALL_02,16,Q02,B,1.0
WBSSC_SLST_0065,WB_CENTRE_KOL_01,HALL_02,16,Q03,B,1.0
WBSSC_SLST_0065,WB_CENTRE_KOL_01,HALL_02,16,Q04,B,1.0
WBSSC_SLST_0065,WB_CENTRE_KOL_01,HALL_02,16,Q05,B,1.0
WBSSC_SLST_0065,WB_CENTRE_KOL_01,HALL_02,16,Q06,B,1.0
WBSSC_SLST_0065,WB_CENTRE_KOL_01,HALL_02,16,Q07,B,1.0
WBSSC_SLST_0065,WB_CENTRE_KOL_01,HALL_02,16,Q08,B,1.0
WBSSC_SLST_0065,WB_CENTRE_KOL_01,HALL_02,16,Q09,B,1.0
WBSSC_SLST_0065,WB_CENTRE_KOL_01,HALL_02,16,Q10,B,1.0
WBSSC_SLST_0065,WB_CENTRE_KOL_01,HALL_02,16,Q11,B,1.0
WBSSC_SLST_0065,WB_CENTRE_KOL_01,HALL_02,16,Q12,B,1.0
WBSSC_SLST_0065,WB_CENTRE_KOL_01,HALL_02,16,Q13,B,1.0
WBSSC_SLST_0065,WB_CENTRE_KOL_01,HALL_02,16,Q14,B,1.0
WBSSC_SLST_0065,WB_CENTRE_KOL_01,HALL_02,16,Q15,B,1.0
WBSSC_SLST_0065,WB_CENTRE_KOL_01,HALL_02,16,Q16,B,1.0
WBSSC_SLST_0065,WB_CENTRE_KOL_01,HALL_02,16,Q17,B,1.0
WBSSC_SLST_0065,WB_CENTRE_KOL_01,HALL_02,16,Q18,B,1.0
WBSSC_SLST_0065,WB_CENTRE_KOL_01,HALL_02,16,Q19,B,1.0
WBSSC_SLST_0065,WB_CENTRE_KOL_01,HALL_02,16,Q20,B,1.0
WBSSC_SLST_0065,WB_CENTRE_KOL_01,HALL_02,16,Q21,B,1.0
WBSSC_SLST_0065,WB_CENTRE_KOL_01,HALL_02,16,Q22,B,1.0
WBSSC_SLST_0065,WB_CENTRE_KOL_01,HALL_02,16,Q23,B,1.0
WBSSC_SLST_0065,WB_CENTRE_KOL_01,HALL_02,16,Q24,B,1.0
WBSSC_SLST_0065,WB_CENTRE_KOL_01,HALL_02,16,Q25,B,1.0
WBSSC_SLST_0065,WB_CENTRE_KOL_01,HALL_02,16,Q26,B,1.0
WBSSC_SLST_0065,WB_CENTRE_KOL_01,HALL_02,16,Q27,B,1.0
WBSSC_SLST_0065,WB_CENTRE_KOL_01,HALL_02,16,Q28,B,1.0
WBSSC_SLST_0065,WB_CENTRE_KOL_01,HALL_02,16,Q29,B,1.0
WBSSC_SLST_0065,WB_CENTRE_KOL_01,HALL_02,16,Q30,B,1.0
WBSSC_SLST_0065,WB_CENTRE_KOL_01,HALL_02,16,Q31,B,1.0
WBSSC_SLST_0065,WB_CENTRE_KOL_01,HALL_02,16,Q32,B,1.0
WBSSC_SLST_0065,WB_CENTRE_KOL_01,HALL_02,16,Q33,B,1.0
WBSSC_SLST_0065,WB_CENTRE_KOL_01,HALL_02,16,Q34,B,1.0
WBSSC_SLST_0065,WB_CENTRE_KOL_01,HALL_02,16,Q35,B,1.0
WBSSC_SLST_0065,WB_CENTRE_KOL_01,HALL_02,16,Q36,B,1.0
WBSSC_SLST_0065,WB_CENTRE_KOL_01,HALL_02,16,Q37,B,1.0
WBSSC_SLST_0065,WB_CENTRE_KOL_01,HALL_02,16,Q38,B,1.0
WBSSC_SLST_0065,WB_CENTRE_KOL_01,HALL_02,16,Q39,B,1.0
WBSSC_SLST_0065,WB_CENTRE_KOL_01,HALL_02,16,Q40,B,1.0
WBSSC_SLST_0065,WB_CENTRE_KOL_01,HALL_02,16,Q41,B,1.0
WBSSC_SLST_0065,WB_CENTRE_KOL_01,HALL_02,16,Q42,B,1.0
WBSSC_SLST_0065,WB_CENTRE_KOL_01,HALL_02,16,Q43,D,0.0
WBSSC_SLST_0065,WB_CENTRE_KOL_01,HALL_02,16,Q44,D,0.0
WBSSC_SLST_0065,WB_CENTRE_KOL_01,HALL_02,16,Q45,A,0.0
WBSSC_SLST_0065,WB_CENTRE_KOL_01,HALL_02,16,Q46,C,0.0
WBSSC_SLST_0065,WB_CENTRE_KOL_01,HALL_02,16,Q47,D,0.0
WBSSC_SLST_0065,WB_CENTRE_KOL_01,HALL_02,16,Q48,D,0.0
WBSSC_SLST_0065,WB_CENTRE_KOL_01,HALL_02,16,Q49,D,0.0
WBSSC_SLST_0065,WB_CENTRE_KOL_01,HALL_02,16,Q50,C,0.0
WBSSC_SLST_0065,WB_CENTRE_KOL_01,HALL_02,16,Q51,D,0.0
WBSSC_SLST_0065,WB_CENTRE_KOL_01,HALL_02,16,Q52,D,0.0
WBSSC_SLST_0065,WB_CENTRE_KOL_01,HALL_02,16,Q53,D,0.0
WBSSC_SLST_0065,WB_CENTRE_KOL_01,HALL_02,16,Q54,C,0.0
WBSSC_SLST_0065,WB_CENTRE_KOL_01,HALL_02,16,Q55,D,0.0
WBSSC_SLST_0065,WB_CENTRE_KOL_01,HALL_02,16,Q56,A,0.0
WBSSC_SLST_0065,WB_CENTRE_KOL_01,HALL_02,16,Q57,C,0.0
WBSSC_SLST_0065,WB_CENTRE_KOL_01,HALL_02,16,Q58,D,0.0
WBSSC_SLST_0065,WB_CENTRE_KOL_01,HALL_02,16,Q59,C,0.0
WBSSC_SLST_0065,WB_CENTRE_KOL_01,HALL_02,16,Q60,C,0.0
WBSSC_SLST_0066,WB_CENTRE_KOL_01,HALL_03,17,Q01,B,1.0
WBSSC_SLST_0066,WB_CENTRE_KOL_01,HALL_03,17,Q02,B,1.0
WBSSC_SLST_0066,WB_CENTRE_KOL_01,HALL_03,17,Q03,B,1.0
WBSSC_SLST_0066,WB_CENTRE_KOL_01,HALL_03,17,Q04,B,1.0
WBSSC_SLST_0066,WB_CENTRE_KOL_01,HALL_03,17,Q05,B,1.0
WBSSC_SLST_0066,WB_CENTRE_KOL_01,HALL_03,17,Q06,B,1.0
WBSSC_SLST_0066,WB_CENTRE_KOL_01,HALL_03,17,Q07,B,1.0
WBSSC_SLST_0066,WB_CENTRE_KOL_01,HALL_03,17,Q08,B,1.0
WBSSC_SLST_0066,WB_CENTRE_KOL_01,HALL_03,17,Q09,B,1.0
WBSSC_SLST_0066,WB_CENTRE_KOL_01,HALL_03,17,Q10,B,1.0
WBSSC_SLST_0066,WB_CENTRE_KOL_01,HALL_03,17,Q11,B,1.0
WBSSC_SLST_0066,WB_CENTRE_KOL_01,HALL_03,17,Q12,B,1.0
WBSSC_SLST_0066,WB_CENTRE_KOL_01,HALL_03,17,Q13,B,1.0
WBSSC_SLST_0066,WB_CENTRE_KOL_01,HALL_03,17,Q14,B,1.0
WBSSC_SLST_0066,WB_CENTRE_KOL_01,HALL_03,17,Q15,B,1.0
WBSSC_SLST_0066,WB_CENTRE_KOL_01,HALL_03,17,Q16,B,1.0
WBSSC_SLST_0066,WB_CENTRE_KOL_01,HALL_03,17,Q17,B,1.0
WBSSC_SLST_0066,WB_CENTRE_KOL_01,HALL_03,17,Q18,B,1.0
WBSSC_SLST_0066,WB_CENTRE_KOL_01,HALL_03,17,Q19,B,1.0
WBSSC_SLST_0066,WB_CENTRE_KOL_01,HALL_03,17,Q20,B,1.0
WBSSC_SLST_0066,WB_CENTRE_KOL_01,HALL_03,17,Q21,B,1.0
WBSSC_SLST_0066,WB_CENTRE_KOL_01,HALL_03,17,Q22,B,1.0
WBSSC_SLST_0066,WB_CENTRE_KOL_01,HALL_03,17,Q23,B,1.0
WBSSC_SLST_0066,WB_CENTRE_KOL_01,HALL_03,17,Q24,A,0.0
WBSSC_SLST_0066,WB_CENTRE_KOL_01,HALL_03,17,Q25,C,0.0
WBSSC_SLST_0066,WB_CENTRE_KOL_01,HALL_03,17,Q26,C,0.0
WBSSC_SLST_0066,WB_CENTRE_KOL_01,HALL_03,17,Q27,D,0.0
WBSSC_SLST_0066,WB_CENTRE_KOL_01,HALL_03,17,Q28,D,0.0
WBSSC_SLST_0066,WB_CENTRE_KOL_01,HALL_03,17,Q29,D,0.0
WBSSC_SLST_0066,WB_CENTRE_KOL_01,HALL_03,17,Q30,A,0.0
WBSSC_SLST_0066,WB_CENTRE_KOL_01,HALL_03,17,Q31,A,0.0
WBSSC_SLST_0066,WB_CENTRE_KOL_01,HALL_03,17,Q32,D,0.0
WBSSC_SLST_0066,WB_CENTRE_KOL_01,HALL_03,17,Q33,A,0.0
WBSSC_SLST_0066,WB_CENTRE_KOL_01,HALL_03,17,Q34,A,0.0
WBSSC_SLST_0066,WB_CENTRE_KOL_01,HALL_03,17,Q35,D,0.0
WBSSC_SLST_0066,WB_CENTRE_KOL_01,HALL_03,17,Q36,D,0.0
WBSSC_SLST_0066,WB_CENTRE_KOL_01,HALL_03,17,Q37,A,0.0
WBSSC_SLST_0066,WB_CENTRE_KOL_01,HALL_03,17,Q38,C,0.0
WBSSC_SLST_0066,WB_CENTRE_KOL_01,HALL_03,17,Q39,D,0.0
WBSSC_SLST_0066,WB_CENTRE_KOL_01,HALL_03,17,Q40,D,0.0
WBSSC_SLST_0066,WB_CENTRE_KOL_01,HALL_03,17,Q41,D,0.0
WBSSC_SLST_0066,WB_CENTRE_KOL_01,HALL_03,17,Q42,A,0.0
WBSSC_SLST_0066,WB_CENTRE_KOL_01,HALL_03,17,Q43,C,0.0
WBSSC_SLST_0066,WB_CENTRE_KOL_01,HALL_03,17,Q44,D,0.0
WBSSC_SLST_0066,WB_CENTRE_KOL_01,HALL_03,17,Q45,A,0.0
WBSSC_SLST_0066,WB_CENTRE_KOL_01,HALL_03,17,Q46,A,0.0
WBSSC_SLST_0066,WB_CENTRE_KOL_01,HALL_03,17,Q47,C,0.0
WBSSC_SLST_0066,WB_CENTRE_KOL_01,HALL_03,17,Q48,C,0.0
WBSSC_SLST_0066,WB_CENTRE_KOL_01,HALL_03,17,Q49,D,0.0
WBSSC_SLST_0066,WB_CENTRE_KOL_01,HALL_03,17,Q50,D,0.0
WBSSC_SLST_0066,WB_CENTRE_KOL_01,HALL_03,17,Q51,D,0.0
WBSSC_SLST_0066,WB_CENTRE_KOL_01,HALL_03,17,Q52,D,0.0
WBSSC_SLST_0066,WB_CENTRE_KOL_01,HALL_03,17,Q53,D,0.0
WBSSC_SLST_0066,WB_CENTRE_KOL_01,HALL_03,17,Q54,C,0.0
WBSSC_SLST_0066,WB_CENTRE_KOL_01,HALL_03,17,Q55,A,0.0
WBSSC_SLST_0066,WB_CENTRE_KOL_01,HALL_03,17,Q56,A,0.0
WBSSC_SLST_0066,WB_CENTRE_KOL_01,HALL_03,17,Q57,D,0.0
WBSSC_SLST_0066,WB_CENTRE_KOL_01,HALL_03,17,Q58,D,0.0
WBSSC_SLST_0066,WB_CENTRE_KOL_01,HALL_03,17,Q59,C,0.0
WBSSC_SLST_0066,WB_CENTRE_KOL_01,HALL_03,17,Q60,C,0.0
WBSSC_SLST_0067,WB_CENTRE_KOL_01,HALL_04,18,Q01,B,1.0
WBSSC_SLST_0067,WB_CENTRE_KOL_01,HALL_04,18,Q02,B,1.0
WBSSC_SLST_0067,WB_CENTRE_KOL_01,HALL_04,18,Q03,B,1.0
WBSSC_SLST_0067,WB_CENTRE_KOL_01,HALL_04,18,Q04,B,1.0
WBSSC_SLST_0067,WB_CENTRE_KOL_01,HALL_04,18,Q05,B,1.0
WBSSC_SLST_0067,WB_CENTRE_KOL_01,HALL_04,18,Q06,B,1.0
WBSSC_SLST_0067,WB_CENTRE_KOL_01,HALL_04,18,Q07,B,1.0
WBSSC_SLST_0067,WB_CENTRE_KOL_01,HALL_04,18,Q08,B,1.0
WBSSC_SLST_0067,WB_CENTRE_KOL_01,HALL_04,18,Q09,B,1.0
WBSSC_SLST_0067,WB_CENTRE_KOL_01,HALL_04,18,Q10,B,1.0
WBSSC_SLST_0067,WB_CENTRE_KOL_01,HALL_04,18,Q11,B,1.0
WBSSC_SLST_0067,WB_CENTRE_KOL_01,HALL_04,18,Q12,B,1.0
WBSSC_SLST_0067,WB_CENTRE_KOL_01,HALL_04,18,Q13,B,1.0
WBSSC_SLST_0067,WB_CENTRE_KOL_01,HALL_04,18,Q14,B,1.0
WBSSC_SLST_0067,WB_CENTRE_KOL_01,HALL_04,18,Q15,B,1.0
WBSSC_SLST_0067,WB_CENTRE_KOL_01,HALL_04,18,Q16,B,1.0
WBSSC_SLST_0067,WB_CENTRE_KOL_01,HALL_04,18,Q17,B,1.0
WBSSC_SLST_0067,WB_CENTRE_KOL_01,HALL_04,18,Q18,B,1.0
WBSSC_SLST_0067,WB_CENTRE_KOL_01,HALL_04,18,Q19,B,1.0
WBSSC_SLST_0067,WB_CENTRE_KOL_01,HALL_04,18,Q20,B,1.0
WBSSC_SLST_0067,WB_CENTRE_KOL_01,HALL_04,18,Q21,B,1.0
WBSSC_SLST_0067,WB_CENTRE_KOL_01,HALL_04,18,Q22,B,1.0
WBSSC_SLST_0067,WB_CENTRE_KOL_01,HALL_04,18,Q23,B,1.0
WBSSC_SLST_0067,WB_CENTRE_KOL_01,HALL_04,18,Q24,B,1.0
WBSSC_SLST_0067,WB_CENTRE_KOL_01,HALL_04,18,Q25,B,1.0
WBSSC_SLST_0067,WB_CENTRE_KOL_01,HALL_04,18,Q26,B,1.0
WBSSC_SLST_0067,WB_CENTRE_KOL_01,HALL_04,18,Q27,B,1.0
WBSSC_SLST_0067,WB_CENTRE_KOL_01,HALL_04,18,Q28,B,1.0
WBSSC_SLST_0067,WB_CENTRE_KOL_01,HALL_04,18,Q29,B,1.0
WBSSC_SLST_0067,WB_CENTRE_KOL_01,HALL_04,18,Q30,B,1.0
WBSSC_SLST_0067,WB_CENTRE_KOL_01,HALL_04,18,Q31,B,1.0
WBSSC_SLST_0067,WB_CENTRE_KOL_01,HALL_04,18,Q32,B,1.0
WBSSC_SLST_0067,WB_CENTRE_KOL_01,HALL_04,18,Q33,B,1.0
WBSSC_SLST_0067,WB_CENTRE_KOL_01,HALL_04,18,Q34,B,1.0
WBSSC_SLST_0067,WB_CENTRE_KOL_01,HALL_04,18,Q35,B,1.0
WBSSC_SLST_0067,WB_CENTRE_KOL_01,HALL_04,18,Q36,C,0.0
WBSSC_SLST_0067,WB_CENTRE_KOL_01,HALL_04,18,Q37,C,0.0
WBSSC_SLST_0067,WB_CENTRE_KOL_01,HALL_04,18,Q38,A,0.0
WBSSC_SLST_0067,WB_CENTRE_KOL_01,HALL_04,18,Q39,A,0.0
WBSSC_SLST_0067,WB_CENTRE_KOL_01,HALL_04,18,Q40,D,0.0
WBSSC_SLST_0067,WB_CENTRE_KOL_01,HALL_04,18,Q41,C,0.0
WBSSC_SLST_0067,WB_CENTRE_KOL_01,HALL_04,18,Q42,A,0.0
WBSSC_SLST_0067,WB_CENTRE_KOL_01,HALL_04,18,Q43,C,0.0
WBSSC_SLST_0067,WB_CENTRE_KOL_01,HALL_04,18,Q44,D,0.0
WBSSC_SLST_0067,WB_CENTRE_KOL_01,HALL_04,18,Q45,C,0.0
WBSSC_SLST_0067,WB_CENTRE_KOL_01,HALL_04,18,Q46,A,0.0
WBSSC_SLST_0067,WB_CENTRE_KOL_01,HALL_04,18,Q47,D,0.0
WBSSC_SLST_0067,WB_CENTRE_KOL_01,HALL_04,18,Q48,D,0.0
WBSSC_SLST_0067,WB_CENTRE_KOL_01,HALL_04,18,Q49,A,0.0
WBSSC_SLST_0067,WB_CENTRE_KOL_01,HALL_04,18,Q50,C,0.0
WBSSC_SLST_0067,WB_CENTRE_KOL_01,HALL_04,18,Q51,D,0.0
WBSSC_SLST_0067,WB_CENTRE_KOL_01,HALL_04,18,Q52,C,0.0
WBSSC_SLST_0067,WB_CENTRE_KOL_01,HALL_04,18,Q53,D,0.0
WBSSC_SLST_0067,WB_CENTRE_KOL_01,HALL_04,18,Q54,D,0.0
WBSSC_SLST_0067,WB_CENTRE_KOL_01,HALL_04,18,Q55,A,0.0
WBSSC_SLST_0067,WB_CENTRE_KOL_01,HALL_04,18,Q56,D,0.0
WBSSC_SLST_0067,WB_CENTRE_KOL_01,HALL_04,18,Q57,D,0.0
WBSSC_SLST_0067,WB_CENTRE_KOL_01,HALL_04,18,Q58,A,0.0
WBSSC_SLST_0067,WB_CENTRE_KOL_01,HALL_04,18,Q59,A,0.0
WBSSC_SLST_0067,WB_CENTRE_KOL_01,HALL_04,18,Q60,D,0.0
WBSSC_SLST_0068,WB_CENTRE_KOL_01,HALL_01,19,Q01,B,1.0
WBSSC_SLST_0068,WB_CENTRE_KOL_01,HALL_01,19,Q02,B,1.0
WBSSC_SLST_0068,WB_CENTRE_KOL_01,HALL_01,19,Q03,B,1.0
WBSSC_SLST_0068,WB_CENTRE_KOL_01,HALL_01,19,Q04,B,1.0
WBSSC_SLST_0068,WB_CENTRE_KOL_01,HALL_01,19,Q05,B,1.0
WBSSC_SLST_0068,WB_CENTRE_KOL_01,HALL_01,19,Q06,B,1.0
WBSSC_SLST_0068,WB_CENTRE_KOL_01,HALL_01,19,Q07,B,1.0
WBSSC_SLST_0068,WB_CENTRE_KOL_01,HALL_01,19,Q08,B,1.0
WBSSC_SLST_0068,WB_CENTRE_KOL_01,HALL_01,19,Q09,B,1.0
WBSSC_SLST_0068,WB_CENTRE_KOL_01,HALL_01,19,Q10,B,1.0
WBSSC_SLST_0068,WB_CENTRE_KOL_01,HALL_01,19,Q11,B,1.0
WBSSC_SLST_0068,WB_CENTRE_KOL_01,HALL_01,19,Q12,B,1.0
WBSSC_SLST_0068,WB_CENTRE_KOL_01,HALL_01,19,Q13,B,1.0
WBSSC_SLST_0068,WB_CENTRE_KOL_01,HALL_01,19,Q14,B,1.0
WBSSC_SLST_0068,WB_CENTRE_KOL_01,HALL_01,19,Q15,B,1.0
WBSSC_SLST_0068,WB_CENTRE_KOL_01,HALL_01,19,Q16,B,1.0
WBSSC_SLST_0068,WB_CENTRE_KOL_01,HALL_01,19,Q17,B,1.0
WBSSC_SLST_0068,WB_CENTRE_KOL_01,HALL_01,19,Q18,B,1.0
WBSSC_SLST_0068,WB_CENTRE_KOL_01,HALL_01,19,Q19,B,1.0
WBSSC_SLST_0068,WB_CENTRE_KOL_01,HALL_01,19,Q20,B,1.0
WBSSC_SLST_0068,WB_CENTRE_KOL_01,HALL_01,19,Q21,B,1.0
WBSSC_SLST_0068,WB_CENTRE_KOL_01,HALL_01,19,Q22,B,1.0
WBSSC_SLST_0068,WB_CENTRE_KOL_01,HALL_01,19,Q23,B,1.0
WBSSC_SLST_0068,WB_CENTRE_KOL_01,HALL_01,19,Q24,B,1.0
WBSSC_SLST_0068,WB_CENTRE_KOL_01,HALL_01,19,Q25,B,1.0
WBSSC_SLST_0068,WB_CENTRE_KOL_01,HALL_01,19,Q26,B,1.0
WBSSC_SLST_0068,WB_CENTRE_KOL_01,HALL_01,19,Q27,B,1.0
WBSSC_SLST_0068,WB_CENTRE_KOL_01,HALL_01,19,Q28,B,1.0
WBSSC_SLST_0068,WB_CENTRE_KOL_01,HALL_01,19,Q29,B,1.0
WBSSC_SLST_0068,WB_CENTRE_KOL_01,HALL_01,19,Q30,B,1.0
WBSSC_SLST_0068,WB_CENTRE_KOL_01,HALL_01,19,Q31,B,1.0
WBSSC_SLST_0068,WB_CENTRE_KOL_01,HALL_01,19,Q32,B,1.0
WBSSC_SLST_0068,WB_CENTRE_KOL_01,HALL_01,19,Q33,B,1.0
WBSSC_SLST_0068,WB_CENTRE_KOL_01,HALL_01,19,Q34,B,1.0
WBSSC_SLST_0068,WB_CENTRE_KOL_01,HALL_01,19,Q35,B,1.0
WBSSC_SLST_0068,WB_CENTRE_KOL_01,HALL_01,19,Q36,B,1.0
WBSSC_SLST_0068,WB_CENTRE_KOL_01,HALL_01,19,Q37,B,1.0
WBSSC_SLST_0068,WB_CENTRE_KOL_01,HALL_01,19,Q38,B,1.0
WBSSC_SLST_0068,WB_CENTRE_KOL_01,HALL_01,19,Q39,B,1.0
WBSSC_SLST_0068,WB_CENTRE_KOL_01,HALL_01,19,Q40,B,1.0
WBSSC_SLST_0068,WB_CENTRE_KOL_01,HALL_01,19,Q41,C,0.0
WBSSC_SLST_0068,WB_CENTRE_KOL_01,HALL_01,19,Q42,C,0.0
WBSSC_SLST_0068,WB_CENTRE_KOL_01,HALL_01,19,Q43,C,0.0
WBSSC_SLST_0068,WB_CENTRE_KOL_01,HALL_01,19,Q44,D,0.0
WBSSC_SLST_0068,WB_CENTRE_KOL_01,HALL_01,19,Q45,C,0.0
WBSSC_SLST_0068,WB_CENTRE_KOL_01,HALL_01,19,Q46,D,0.0
WBSSC_SLST_0068,WB_CENTRE_KOL_01,HALL_01,19,Q47,C,0.0
WBSSC_SLST_0068,WB_CENTRE_KOL_01,HALL_01,19,Q48,A,0.0
WBSSC_SLST_0068,WB_CENTRE_KOL_01,HALL_01,19,Q49,A,0.0
WBSSC_SLST_0068,WB_CENTRE_KOL_01,HALL_01,19,Q50,D,0.0
WBSSC_SLST_0068,WB_CENTRE_KOL_01,HALL_01,19,Q51,C,0.0
WBSSC_SLST_0068,WB_CENTRE_KOL_01,HALL_01,19,Q52,D,0.0
WBSSC_SLST_0068,WB_CENTRE_KOL_01,HALL_01,19,Q53,C,0.0
WBSSC_SLST_0068,WB_CENTRE_KOL_01,HALL_01,19,Q54,A,0.0
WBSSC_SLST_0068,WB_CENTRE_KOL_01,HALL_01,19,Q55,A,0.0
WBSSC_SLST_0068,WB_CENTRE_KOL_01,HALL_01,19,Q56,A,0.0
WBSSC_SLST_0068,WB_CENTRE_KOL_01,HALL_01,19,Q57,C,0.0
WBSSC_SLST_0068,WB_CENTRE_KOL_01,HALL_01,19,Q58,D,0.0
WBSSC_SLST_0068,WB_CENTRE_KOL_01,HALL_01,19,Q59,A,0.0
WBSSC_SLST_0068,WB_CENTRE_KOL_01,HALL_01,19,Q60,C,0.0
WBSSC_SLST_0069,WB_CENTRE_KOL_01,HALL_02,20,Q01,B,1.0
WBSSC_SLST_0069,WB_CENTRE_KOL_01,HALL_02,20,Q02,B,1.0
WBSSC_SLST_0069,WB_CENTRE_KOL_01,HALL_02,20,Q03,B,1.0
WBSSC_SLST_0069,WB_CENTRE_KOL_01,HALL_02,20,Q04,B,1.0
WBSSC_SLST_0069,WB_CENTRE_KOL_01,HALL_02,20,Q05,B,1.0
WBSSC_SLST_0069,WB_CENTRE_KOL_01,HALL_02,20,Q06,B,1.0
WBSSC_SLST_0069,WB_CENTRE_KOL_01,HALL_02,20,Q07,B,1.0
WBSSC_SLST_0069,WB_CENTRE_KOL_01,HALL_02,20,Q08,B,1.0
WBSSC_SLST_0069,WB_CENTRE_KOL_01,HALL_02,20,Q09,B,1.0
WBSSC_SLST_0069,WB_CENTRE_KOL_01,HALL_02,20,Q10,B,1.0
WBSSC_SLST_0069,WB_CENTRE_KOL_01,HALL_02,20,Q11,B,1.0
WBSSC_SLST_0069,WB_CENTRE_KOL_01,HALL_02,20,Q12,B,1.0
WBSSC_SLST_0069,WB_CENTRE_KOL_01,HALL_02,20,Q13,B,1.0
WBSSC_SLST_0069,WB_CENTRE_KOL_01,HALL_02,20,Q14,B,1.0
WBSSC_SLST_0069,WB_CENTRE_KOL_01,HALL_02,20,Q15,B,1.0
WBSSC_SLST_0069,WB_CENTRE_KOL_01,HALL_02,20,Q16,B,1.0
WBSSC_SLST_0069,WB_CENTRE_KOL_01,HALL_02,20,Q17,B,1.0
WBSSC_SLST_0069,WB_CENTRE_KOL_01,HALL_02,20,Q18,B,1.0
WBSSC_SLST_0069,WB_CENTRE_KOL_01,HALL_02,20,Q19,B,1.0
WBSSC_SLST_0069,WB_CENTRE_KOL_01,HALL_02,20,Q20,B,1.0
WBSSC_SLST_0069,WB_CENTRE_KOL_01,HALL_02,20,Q21,B,1.0
WBSSC_SLST_0069,WB_CENTRE_KOL_01,HALL_02,20,Q22,D,0.0
WBSSC_SLST_0069,WB_CENTRE_KOL_01,HALL_02,20,Q23,A,0.0
WBSSC_SLST_0069,WB_CENTRE_KOL_01,HALL_02,20,Q24,A,0.0
WBSSC_SLST_0069,WB_CENTRE_KOL_01,HALL_02,20,Q25,C,0.0
WBSSC_SLST_0069,WB_CENTRE_KOL_01,HALL_02,20,Q26,A,0.0
WBSSC_SLST_0069,WB_CENTRE_KOL_01,HALL_02,20,Q27,A,0.0
WBSSC_SLST_0069,WB_CENTRE_KOL_01,HALL_02,20,Q28,D,0.0
WBSSC_SLST_0069,WB_CENTRE_KOL_01,HALL_02,20,Q29,C,0.0
WBSSC_SLST_0069,WB_CENTRE_KOL_01,HALL_02,20,Q30,C,0.0
WBSSC_SLST_0069,WB_CENTRE_KOL_01,HALL_02,20,Q31,A,0.0
WBSSC_SLST_0069,WB_CENTRE_KOL_01,HALL_02,20,Q32,C,0.0
WBSSC_SLST_0069,WB_CENTRE_KOL_01,HALL_02,20,Q33,D,0.0
WBSSC_SLST_0069,WB_CENTRE_KOL_01,HALL_02,20,Q34,C,0.0
WBSSC_SLST_0069,WB_CENTRE_KOL_01,HALL_02,20,Q35,A,0.0
WBSSC_SLST_0069,WB_CENTRE_KOL_01,HALL_02,20,Q36,D,0.0
WBSSC_SLST_0069,WB_CENTRE_KOL_01,HALL_02,20,Q37,A,0.0
WBSSC_SLST_0069,WB_CENTRE_KOL_01,HALL_02,20,Q38,C,0.0
WBSSC_SLST_0069,WB_CENTRE_KOL_01,HALL_02,20,Q39,D,0.0
WBSSC_SLST_0069,WB_CENTRE_KOL_01,HALL_02,20,Q40,C,0.0
WBSSC_SLST_0069,WB_CENTRE_KOL_01,HALL_02,20,Q41,C,0.0
WBSSC_SLST_0069,WB_CENTRE_KOL_01,HALL_02,20,Q42,C,0.0
WBSSC_SLST_0069,WB_CENTRE_KOL_01,HALL_02,20,Q43,A,0.0
WBSSC_SLST_0069,WB_CENTRE_KOL_01,HALL_02,20,Q44,D,0.0
WBSSC_SLST_0069,WB_CENTRE_KOL_01,HALL_02,20,Q45,C,0.0
WBSSC_SLST_0069,WB_CENTRE_KOL_01,HALL_02,20,Q46,C,0.0
WBSSC_SLST_0069,WB_CENTRE_KOL_01,HALL_02,20,Q47,A,0.0
WBSSC_SLST_0069,WB_CENTRE_KOL_01,HALL_02,20,Q48,A,0.0
WBSSC_SLST_0069,WB_CENTRE_KOL_01,HALL_02,20,Q49,D,0.0
WBSSC_SLST_0069,WB_CENTRE_KOL_01,HALL_02,20,Q50,A,0.0
WBSSC_SLST_0069,WB_CENTRE_KOL_01,HALL_02,20,Q51,A,0.0
WBSSC_SLST_0069,WB_CENTRE_KOL_01,HALL_02,20,Q52,C,0.0
WBSSC_SLST_0069,WB_CENTRE_KOL_01,HALL_02,20,Q53,C,0.0
WBSSC_SLST_0069,WB_CENTRE_KOL_01,HALL_02,20,Q54,C,0.0
WBSSC_SLST_0069,WB_CENTRE_KOL_01,HALL_02,20,Q55,D,0.0
WBSSC_SLST_0069,WB_CENTRE_KOL_01,HALL_02,20,Q56,C,0.0
WBSSC_SLST_0069,WB_CENTRE_KOL_01,HALL_02,20,Q57,C,0.0
WBSSC_SLST_0069,WB_CENTRE_KOL_01,HALL_02,20,Q58,D,0.0
WBSSC_SLST_0069,WB_CENTRE_KOL_01,HALL_02,20,Q59,D,0.0
WBSSC_SLST_0069,WB_CENTRE_KOL_01,HALL_02,20,Q60,A,0.0
WBSSC_SLST_0070,WB_CENTRE_KOL_01,HALL_03,21,Q01,B,1.0
WBSSC_SLST_0070,WB_CENTRE_KOL_01,HALL_03,21,Q02,B,1.0
WBSSC_SLST_0070,WB_CENTRE_KOL_01,HALL_03,21,Q03,B,1.0
WBSSC_SLST_0070,WB_CENTRE_KOL_01,HALL_03,21,Q04,B,1.0
WBSSC_SLST_0070,WB_CENTRE_KOL_01,HALL_03,21,Q05,B,1.0
WBSSC_SLST_0070,WB_CENTRE_KOL_01,HALL_03,21,Q06,B,1.0
WBSSC_SLST_0070,WB_CENTRE_KOL_01,HALL_03,21,Q07,B,1.0
WBSSC_SLST_0070,WB_CENTRE_KOL_01,HALL_03,21,Q08,B,1.0
WBSSC_SLST_0070,WB_CENTRE_KOL_01,HALL_03,21,Q09,B,1.0
WBSSC_SLST_0070,WB_CENTRE_KOL_01,HALL_03,21,Q10,B,1.0
WBSSC_SLST_0070,WB_CENTRE_KOL_01,HALL_03,21,Q11,B,1.0
WBSSC_SLST_0070,WB_CENTRE_KOL_01,HALL_03,21,Q12,B,1.0
WBSSC_SLST_0070,WB_CENTRE_KOL_01,HALL_03,21,Q13,B,1.0
WBSSC_SLST_0070,WB_CENTRE_KOL_01,HALL_03,21,Q14,B,1.0
WBSSC_SLST_0070,WB_CENTRE_KOL_01,HALL_03,21,Q15,B,1.0
WBSSC_SLST_0070,WB_CENTRE_KOL_01,HALL_03,21,Q16,B,1.0
WBSSC_SLST_0070,WB_CENTRE_KOL_01,HALL_03,21,Q17,B,1.0
WBSSC_SLST_0070,WB_CENTRE_KOL_01,HALL_03,21,Q18,B,1.0
WBSSC_SLST_0070,WB_CENTRE_KOL_01,HALL_03,21,Q19,B,1.0
WBSSC_SLST_0070,WB_CENTRE_KOL_01,HALL_03,21,Q20,B,1.0
WBSSC_SLST_0070,WB_CENTRE_KOL_01,HALL_03,21,Q21,B,1.0
WBSSC_SLST_0070,WB_CENTRE_KOL_01,HALL_03,21,Q22,B,1.0
WBSSC_SLST_0070,WB_CENTRE_KOL_01,HALL_03,21,Q23,B,1.0
WBSSC_SLST_0070,WB_CENTRE_KOL_01,HALL_03,21,Q24,B,1.0
WBSSC_SLST_0070,WB_CENTRE_KOL_01,HALL_03,21,Q25,B,1.0
WBSSC_SLST_0070,WB_CENTRE_KOL_01,HALL_03,21,Q26,B,1.0
WBSSC_SLST_0070,WB_CENTRE_KOL_01,HALL_03,21,Q27,C,0.0
WBSSC_SLST_0070,WB_CENTRE_KOL_01,HALL_03,21,Q28,A,0.0
WBSSC_SLST_0070,WB_CENTRE_KOL_01,HALL_03,21,Q29,A,0.0
WBSSC_SLST_0070,WB_CENTRE_KOL_01,HALL_03,21,Q30,D,0.0
WBSSC_SLST_0070,WB_CENTRE_KOL_01,HALL_03,21,Q31,D,0.0
WBSSC_SLST_0070,WB_CENTRE_KOL_01,HALL_03,21,Q32,D,0.0
WBSSC_SLST_0070,WB_CENTRE_KOL_01,HALL_03,21,Q33,C,0.0
WBSSC_SLST_0070,WB_CENTRE_KOL_01,HALL_03,21,Q34,A,0.0
WBSSC_SLST_0070,WB_CENTRE_KOL_01,HALL_03,21,Q35,C,0.0
WBSSC_SLST_0070,WB_CENTRE_KOL_01,HALL_03,21,Q36,D,0.0
WBSSC_SLST_0070,WB_CENTRE_KOL_01,HALL_03,21,Q37,A,0.0
WBSSC_SLST_0070,WB_CENTRE_KOL_01,HALL_03,21,Q38,C,0.0
WBSSC_SLST_0070,WB_CENTRE_KOL_01,HALL_03,21,Q39,A,0.0
WBSSC_SLST_0070,WB_CENTRE_KOL_01,HALL_03,21,Q40,A,0.0
WBSSC_SLST_0070,WB_CENTRE_KOL_01,HALL_03,21,Q41,C,0.0
WBSSC_SLST_0070,WB_CENTRE_KOL_01,HALL_03,21,Q42,C,0.0
WBSSC_SLST_0070,WB_CENTRE_KOL_01,HALL_03,21,Q43,D,0.0
WBSSC_SLST_0070,WB_CENTRE_KOL_01,HALL_03,21,Q44,D,0.0
WBSSC_SLST_0070,WB_CENTRE_KOL_01,HALL_03,21,Q45,C,0.0
WBSSC_SLST_0070,WB_CENTRE_KOL_01,HALL_03,21,Q46,C,0.0
WBSSC_SLST_0070,WB_CENTRE_KOL_01,HALL_03,21,Q47,D,0.0
WBSSC_SLST_0070,WB_CENTRE_KOL_01,HALL_03,21,Q48,A,0.0
WBSSC_SLST_0070,WB_CENTRE_KOL_01,HALL_03,21,Q49,D,0.0
WBSSC_SLST_0070,WB_CENTRE_KOL_01,HALL_03,21,Q50,C,0.0
WBSSC_SLST_0070,WB_CENTRE_KOL_01,HALL_03,21,Q51,C,0.0
WBSSC_SLST_0070,WB_CENTRE_KOL_01,HALL_03,21,Q52,D,0.0
WBSSC_SLST_0070,WB_CENTRE_KOL_01,HALL_03,21,Q53,C,0.0
WBSSC_SLST_0070,WB_CENTRE_KOL_01,HALL_03,21,Q54,D,0.0
WBSSC_SLST_0070,WB_CENTRE_KOL_01,HALL_03,21,Q55,A,0.0
WBSSC_SLST_0070,WB_CENTRE_KOL_01,HALL_03,21,Q56,C,0.0
WBSSC_SLST_0070,WB_CENTRE_KOL_01,HALL_03,21,Q57,D,0.0
WBSSC_SLST_0070,WB_CENTRE_KOL_01,HALL_03,21,Q58,D,0.0
WBSSC_SLST_0070,WB_CENTRE_KOL_01,HALL_03,21,Q59,D,0.0
WBSSC_SLST_0070,WB_CENTRE_KOL_01,HALL_03,21,Q60,D,0.0
WBSSC_SLST_0071,WB_CENTRE_KOL_01,HALL_04,22,Q01,B,1.0
WBSSC_SLST_0071,WB_CENTRE_KOL_01,HALL_04,22,Q02,B,1.0
WBSSC_SLST_0071,WB_CENTRE_KOL_01,HALL_04,22,Q03,B,1.0
WBSSC_SLST_0071,WB_CENTRE_KOL_01,HALL_04,22,Q04,B,1.0
WBSSC_SLST_0071,WB_CENTRE_KOL_01,HALL_04,22,Q05,B,1.0
WBSSC_SLST_0071,WB_CENTRE_KOL_01,HALL_04,22,Q06,B,1.0
WBSSC_SLST_0071,WB_CENTRE_KOL_01,HALL_04,22,Q07,B,1.0
WBSSC_SLST_0071,WB_CENTRE_KOL_01,HALL_04,22,Q08,B,1.0
WBSSC_SLST_0071,WB_CENTRE_KOL_01,HALL_04,22,Q09,B,1.0
WBSSC_SLST_0071,WB_CENTRE_KOL_01,HALL_04,22,Q10,B,1.0
WBSSC_SLST_0071,WB_CENTRE_KOL_01,HALL_04,22,Q11,B,1.0
WBSSC_SLST_0071,WB_CENTRE_KOL_01,HALL_04,22,Q12,B,1.0
WBSSC_SLST_0071,WB_CENTRE_KOL_01,HALL_04,22,Q13,B,1.0
WBSSC_SLST_0071,WB_CENTRE_KOL_01,HALL_04,22,Q14,B,1.0
WBSSC_SLST_0071,WB_CENTRE_KOL_01,HALL_04,22,Q15,B,1.0
WBSSC_SLST_0071,WB_CENTRE_KOL_01,HALL_04,22,Q16,B,1.0
WBSSC_SLST_0071,WB_CENTRE_KOL_01,HALL_04,22,Q17,B,1.0
WBSSC_SLST_0071,WB_CENTRE_KOL_01,HALL_04,22,Q18,B,1.0
WBSSC_SLST_0071,WB_CENTRE_KOL_01,HALL_04,22,Q19,B,1.0
WBSSC_SLST_0071,WB_CENTRE_KOL_01,HALL_04,22,Q20,B,1.0
WBSSC_SLST_0071,WB_CENTRE_KOL_01,HALL_04,22,Q21,B,1.0
WBSSC_SLST_0071,WB_CENTRE_KOL_01,HALL_04,22,Q22,B,1.0
WBSSC_SLST_0071,WB_CENTRE_KOL_01,HALL_04,22,Q23,B,1.0
WBSSC_SLST_0071,WB_CENTRE_KOL_01,HALL_04,22,Q24,B,1.0
WBSSC_SLST_0071,WB_CENTRE_KOL_01,HALL_04,22,Q25,B,1.0
WBSSC_SLST_0071,WB_CENTRE_KOL_01,HALL_04,22,Q26,B,1.0
WBSSC_SLST_0071,WB_CENTRE_KOL_01,HALL_04,22,Q27,B,1.0
WBSSC_SLST_0071,WB_CENTRE_KOL_01,HALL_04,22,Q28,B,1.0
WBSSC_SLST_0071,WB_CENTRE_KOL_01,HALL_04,22,Q29,B,1.0
WBSSC_SLST_0071,WB_CENTRE_KOL_01,HALL_04,22,Q30,B,1.0
WBSSC_SLST_0071,WB_CENTRE_KOL_01,HALL_04,22,Q31,B,1.0
WBSSC_SLST_0071,WB_CENTRE_KOL_01,HALL_04,22,Q32,B,1.0
WBSSC_SLST_0071,WB_CENTRE_KOL_01,HALL_04,22,Q33,B,1.0
WBSSC_SLST_0071,WB_CENTRE_KOL_01,HALL_04,22,Q34,B,1.0
WBSSC_SLST_0071,WB_CENTRE_KOL_01,HALL_04,22,Q35,B,1.0
WBSSC_SLST_0071,WB_CENTRE_KOL_01,HALL_04,22,Q36,B,1.0
WBSSC_SLST_0071,WB_CENTRE_KOL_01,HALL_04,22,Q37,B,1.0
WBSSC_SLST_0071,WB_CENTRE_KOL_01,HALL_04,22,Q38,B,1.0
WBSSC_SLST_0071,WB_CENTRE_KOL_01,HALL_04,22,Q39,A,0.0
WBSSC_SLST_0071,WB_CENTRE_KOL_01,HALL_04,22,Q40,C,0.0
WBSSC_SLST_0071,WB_CENTRE_KOL_01,HALL_04,22,Q41,D,0.0
WBSSC_SLST_0071,WB_CENTRE_KOL_01,HALL_04,22,Q42,C,0.0
WBSSC_SLST_0071,WB_CENTRE_KOL_01,HALL_04,22,Q43,D,0.0
WBSSC_SLST_0071,WB_CENTRE_KOL_01,HALL_04,22,Q44,D,0.0
WBSSC_SLST_0071,WB_CENTRE_KOL_01,HALL_04,22,Q45,A,0.0
WBSSC_SLST_0071,WB_CENTRE_KOL_01,HALL_04,22,Q46,C,0.0
WBSSC_SLST_0071,WB_CENTRE_KOL_01,HALL_04,22,Q47,D,0.0
WBSSC_SLST_0071,WB_CENTRE_KOL_01,HALL_04,22,Q48,D,0.0
WBSSC_SLST_0071,WB_CENTRE_KOL_01,HALL_04,22,Q49,A,0.0
WBSSC_SLST_0071,WB_CENTRE_KOL_01,HALL_04,22,Q50,C,0.0
WBSSC_SLST_0071,WB_CENTRE_KOL_01,HALL_04,22,Q51,C,0.0
WBSSC_SLST_0071,WB_CENTRE_KOL_01,HALL_04,22,Q52,D,0.0
WBSSC_SLST_0071,WB_CENTRE_KOL_01,HALL_04,22,Q53,C,0.0
WBSSC_SLST_0071,WB_CENTRE_KOL_01,HALL_04,22,Q54,D,0.0
WBSSC_SLST_0071,WB_CENTRE_KOL_01,HALL_04,22,Q55,D,0.0
WBSSC_SLST_0071,WB_CENTRE_KOL_01,HALL_04,22,Q56,A,0.0
WBSSC_SLST_0071,WB_CENTRE_KOL_01,HALL_04,22,Q57,D,0.0
WBSSC_SLST_0071,WB_CENTRE_KOL_01,HALL_04,22,Q58,C,0.0
WBSSC_SLST_0071,WB_CENTRE_KOL_01,HALL_04,22,Q59,C,0.0
WBSSC_SLST_0071,WB_CENTRE_KOL_01,HALL_04,22,Q60,A,0.0
WBSSC_SLST_0072,WB_CENTRE_KOL_01,HALL_01,23,Q01,B,1.0
WBSSC_SLST_0072,WB_CENTRE_KOL_01,HALL_01,23,Q02,B,1.0
WBSSC_SLST_0072,WB_CENTRE_KOL_01,HALL_01,23,Q03,B,1.0
WBSSC_SLST_0072,WB_CENTRE_KOL_01,HALL_01,23,Q04,B,1.0
WBSSC_SLST_0072,WB_CENTRE_KOL_01,HALL_01,23,Q05,B,1.0
WBSSC_SLST_0072,WB_CENTRE_KOL_01,HALL_01,23,Q06,B,1.0
WBSSC_SLST_0072,WB_CENTRE_KOL_01,HALL_01,23,Q07,B,1.0
WBSSC_SLST_0072,WB_CENTRE_KOL_01,HALL_01,23,Q08,B,1.0
WBSSC_SLST_0072,WB_CENTRE_KOL_01,HALL_01,23,Q09,B,1.0
WBSSC_SLST_0072,WB_CENTRE_KOL_01,HALL_01,23,Q10,B,1.0
WBSSC_SLST_0072,WB_CENTRE_KOL_01,HALL_01,23,Q11,B,1.0
WBSSC_SLST_0072,WB_CENTRE_KOL_01,HALL_01,23,Q12,B,1.0
WBSSC_SLST_0072,WB_CENTRE_KOL_01,HALL_01,23,Q13,B,1.0
WBSSC_SLST_0072,WB_CENTRE_KOL_01,HALL_01,23,Q14,B,1.0
WBSSC_SLST_0072,WB_CENTRE_KOL_01,HALL_01,23,Q15,B,1.0
WBSSC_SLST_0072,WB_CENTRE_KOL_01,HALL_01,23,Q16,B,1.0
WBSSC_SLST_0072,WB_CENTRE_KOL_01,HALL_01,23,Q17,B,1.0
WBSSC_SLST_0072,WB_CENTRE_KOL_01,HALL_01,23,Q18,B,1.0
WBSSC_SLST_0072,WB_CENTRE_KOL_01,HALL_01,23,Q19,B,1.0
WBSSC_SLST_0072,WB_CENTRE_KOL_01,HALL_01,23,Q20,A,0.0
WBSSC_SLST_0072,WB_CENTRE_KOL_01,HALL_01,23,Q21,D,0.0
WBSSC_SLST_0072,WB_CENTRE_KOL_01,HALL_01,23,Q22,C,0.0
WBSSC_SLST_0072,WB_CENTRE_KOL_01,HALL_01,23,Q23,A,0.0
WBSSC_SLST_0072,WB_CENTRE_KOL_01,HALL_01,23,Q24,D,0.0
WBSSC_SLST_0072,WB_CENTRE_KOL_01,HALL_01,23,Q25,C,0.0
WBSSC_SLST_0072,WB_CENTRE_KOL_01,HALL_01,23,Q26,C,0.0
WBSSC_SLST_0072,WB_CENTRE_KOL_01,HALL_01,23,Q27,A,0.0
WBSSC_SLST_0072,WB_CENTRE_KOL_01,HALL_01,23,Q28,A,0.0
WBSSC_SLST_0072,WB_CENTRE_KOL_01,HALL_01,23,Q29,A,0.0
WBSSC_SLST_0072,WB_CENTRE_KOL_01,HALL_01,23,Q30,A,0.0
WBSSC_SLST_0072,WB_CENTRE_KOL_01,HALL_01,23,Q31,C,0.0
WBSSC_SLST_0072,WB_CENTRE_KOL_01,HALL_01,23,Q32,C,0.0
WBSSC_SLST_0072,WB_CENTRE_KOL_01,HALL_01,23,Q33,C,0.0
WBSSC_SLST_0072,WB_CENTRE_KOL_01,HALL_01,23,Q34,C,0.0
WBSSC_SLST_0072,WB_CENTRE_KOL_01,HALL_01,23,Q35,C,0.0
WBSSC_SLST_0072,WB_CENTRE_KOL_01,HALL_01,23,Q36,C,0.0
WBSSC_SLST_0072,WB_CENTRE_KOL_01,HALL_01,23,Q37,A,0.0
WBSSC_SLST_0072,WB_CENTRE_KOL_01,HALL_01,23,Q38,A,0.0
WBSSC_SLST_0072,WB_CENTRE_KOL_01,HALL_01,23,Q39,D,0.0
WBSSC_SLST_0072,WB_CENTRE_KOL_01,HALL_01,23,Q40,A,0.0
WBSSC_SLST_0072,WB_CENTRE_KOL_01,HALL_01,23,Q41,A,0.0
WBSSC_SLST_0072,WB_CENTRE_KOL_01,HALL_01,23,Q42,D,0.0
WBSSC_SLST_0072,WB_CENTRE_KOL_01,HALL_01,23,Q43,D,0.0
WBSSC_SLST_0072,WB_CENTRE_KOL_01,HALL_01,23,Q44,A,0.0
WBSSC_SLST_0072,WB_CENTRE_KOL_01,HALL_01,23,Q45,D,0.0
WBSSC_SLST_0072,WB_CENTRE_KOL_01,HALL_01,23,Q46,C,0.0
WBSSC_SLST_0072,WB_CENTRE_KOL_01,HALL_01,23,Q47,D,0.0
WBSSC_SLST_0072,WB_CENTRE_KOL_01,HALL_01,23,Q48,C,0.0
WBSSC_SLST_0072,WB_CENTRE_KOL_01,HALL_01,23,Q49,A,0.0
WBSSC_SLST_0072,WB_CENTRE_KOL_01,HALL_01,23,Q50,A,0.0
WBSSC_SLST_0072,WB_CENTRE_KOL_01,HALL_01,23,Q51,C,0.0
WBSSC_SLST_0072,WB_CENTRE_KOL_01,HALL_01,23,Q52,A,0.0
WBSSC_SLST_0072,WB_CENTRE_KOL_01,HALL_01,23,Q53,A,0.0
WBSSC_SLST_0072,WB_CENTRE_KOL_01,HALL_01,23,Q54,C,0.0
WBSSC_SLST_0072,WB_CENTRE_KOL_01,HALL_01,23,Q55,D,0.0
WBSSC_SLST_0072,WB_CENTRE_KOL_01,HALL_01,23,Q56,A,0.0
WBSSC_SLST_0072,WB_CENTRE_KOL_01,HALL_01,23,Q57,D,0.0
WBSSC_SLST_0072,WB_CENTRE_KOL_01,HALL_01,23,Q58,D,0.0
WBSSC_SLST_0072,WB_CENTRE_KOL_01,HALL_01,23,Q59,A,0.0
WBSSC_SLST_0072,WB_CENTRE_KOL_01,HALL_01,23,Q60,D,0.0
WBSSC_SLST_0073,WB_CENTRE_KOL_01,HALL_02,24,Q01,B,1.0
WBSSC_SLST_0073,WB_CENTRE_KOL_01,HALL_02,24,Q02,B,1.0
WBSSC_SLST_0073,WB_CENTRE_KOL_01,HALL_02,24,Q03,B,1.0
WBSSC_SLST_0073,WB_CENTRE_KOL_01,HALL_02,24,Q04,B,1.0
WBSSC_SLST_0073,WB_CENTRE_KOL_01,HALL_02,24,Q05,B,1.0
WBSSC_SLST_0073,WB_CENTRE_KOL_01,HALL_02,24,Q06,B,1.0
WBSSC_SLST_0073,WB_CENTRE_KOL_01,HALL_02,24,Q07,B,1.0
WBSSC_SLST_0073,WB_CENTRE_KOL_01,HALL_02,24,Q08,B,1.0
WBSSC_SLST_0073,WB_CENTRE_KOL_01,HALL_02,24,Q09,B,1.0
WBSSC_SLST_0073,WB_CENTRE_KOL_01,HALL_02,24,Q10,B,1.0
WBSSC_SLST_0073,WB_CENTRE_KOL_01,HALL_02,24,Q11,B,1.0
WBSSC_SLST_0073,WB_CENTRE_KOL_01,HALL_02,24,Q12,B,1.0
WBSSC_SLST_0073,WB_CENTRE_KOL_01,HALL_02,24,Q13,B,1.0
WBSSC_SLST_0073,WB_CENTRE_KOL_01,HALL_02,24,Q14,B,1.0
WBSSC_SLST_0073,WB_CENTRE_KOL_01,HALL_02,24,Q15,B,1.0
WBSSC_SLST_0073,WB_CENTRE_KOL_01,HALL_02,24,Q16,B,1.0
WBSSC_SLST_0073,WB_CENTRE_KOL_01,HALL_02,24,Q17,B,1.0
WBSSC_SLST_0073,WB_CENTRE_KOL_01,HALL_02,24,Q18,B,1.0
WBSSC_SLST_0073,WB_CENTRE_KOL_01,HALL_02,24,Q19,B,1.0
WBSSC_SLST_0073,WB_CENTRE_KOL_01,HALL_02,24,Q20,B,1.0
WBSSC_SLST_0073,WB_CENTRE_KOL_01,HALL_02,24,Q21,B,1.0
WBSSC_SLST_0073,WB_CENTRE_KOL_01,HALL_02,24,Q22,B,1.0
WBSSC_SLST_0073,WB_CENTRE_KOL_01,HALL_02,24,Q23,B,1.0
WBSSC_SLST_0073,WB_CENTRE_KOL_01,HALL_02,24,Q24,B,1.0
WBSSC_SLST_0073,WB_CENTRE_KOL_01,HALL_02,24,Q25,A,0.0
WBSSC_SLST_0073,WB_CENTRE_KOL_01,HALL_02,24,Q26,D,0.0
WBSSC_SLST_0073,WB_CENTRE_KOL_01,HALL_02,24,Q27,D,0.0
WBSSC_SLST_0073,WB_CENTRE_KOL_01,HALL_02,24,Q28,C,0.0
WBSSC_SLST_0073,WB_CENTRE_KOL_01,HALL_02,24,Q29,A,0.0
WBSSC_SLST_0073,WB_CENTRE_KOL_01,HALL_02,24,Q30,C,0.0
WBSSC_SLST_0073,WB_CENTRE_KOL_01,HALL_02,24,Q31,D,0.0
WBSSC_SLST_0073,WB_CENTRE_KOL_01,HALL_02,24,Q32,C,0.0
WBSSC_SLST_0073,WB_CENTRE_KOL_01,HALL_02,24,Q33,D,0.0
WBSSC_SLST_0073,WB_CENTRE_KOL_01,HALL_02,24,Q34,D,0.0
WBSSC_SLST_0073,WB_CENTRE_KOL_01,HALL_02,24,Q35,D,0.0
WBSSC_SLST_0073,WB_CENTRE_KOL_01,HALL_02,24,Q36,D,0.0
WBSSC_SLST_0073,WB_CENTRE_KOL_01,HALL_02,24,Q37,A,0.0
WBSSC_SLST_0073,WB_CENTRE_KOL_01,HALL_02,24,Q38,A,0.0
WBSSC_SLST_0073,WB_CENTRE_KOL_01,HALL_02,24,Q39,A,0.0
WBSSC_SLST_0073,WB_CENTRE_KOL_01,HALL_02,24,Q40,C,0.0
WBSSC_SLST_0073,WB_CENTRE_KOL_01,HALL_02,24,Q41,D,0.0
WBSSC_SLST_0073,WB_CENTRE_KOL_01,HALL_02,24,Q42,A,0.0
WBSSC_SLST_0073,WB_CENTRE_KOL_01,HALL_02,24,Q43,D,0.0
WBSSC_SLST_0073,WB_CENTRE_KOL_01,HALL_02,24,Q44,C,0.0
WBSSC_SLST_0073,WB_CENTRE_KOL_01,HALL_02,24,Q45,A,0.0
WBSSC_SLST_0073,WB_CENTRE_KOL_01,HALL_02,24,Q46,C,0.0
WBSSC_SLST_0073,WB_CENTRE_KOL_01,HALL_02,24,Q47,C,0.0
WBSSC_SLST_0073,WB_CENTRE_KOL_01,HALL_02,24,Q48,D,0.0
WBSSC_SLST_0073,WB_CENTRE_KOL_01,HALL_02,24,Q49,D,0.0
WBSSC_SLST_0073,WB_CENTRE_KOL_01,HALL_02,24,Q50,A,0.0
WBSSC_SLST_0073,WB_CENTRE_KOL_01,HALL_02,24,Q51,A,0.0
WBSSC_SLST_0073,WB_CENTRE_KOL_01,HALL_02,24,Q52,A,0.0
WBSSC_SLST_0073,WB_CENTRE_KOL_01,HALL_02,24,Q53,A,0.0
WBSSC_SLST_0073,WB_CENTRE_KOL_01,HALL_02,24,Q54,D,0.0
WBSSC_SLST_0073,WB_CENTRE_KOL_01,HALL_02,24,Q55,D,0.0
WBSSC_SLST_0073,WB_CENTRE_KOL_01,HALL_02,24,Q56,D,0.0
WBSSC_SLST_0073,WB_CENTRE_KOL_01,HALL_02,24,Q57,D,0.0
WBSSC_SLST_0073,WB_CENTRE_KOL_01,HALL_02,24,Q58,D,0.0
WBSSC_SLST_0073,WB_CENTRE_KOL_01,HALL_02,24,Q59,A,0.0
WBSSC_SLST_0073,WB_CENTRE_KOL_01,HALL_02,24,Q60,C,0.0
WBSSC_SLST_0074,WB_CENTRE_KOL_01,HALL_03,25,Q01,B,1.0
WBSSC_SLST_0074,WB_CENTRE_KOL_01,HALL_03,25,Q02,B,1.0
WBSSC_SLST_0074,WB_CENTRE_KOL_01,HALL_03,25,Q03,B,1.0
WBSSC_SLST_0074,WB_CENTRE_KOL_01,HALL_03,25,Q04,B,1.0
WBSSC_SLST_0074,WB_CENTRE_KOL_01,HALL_03,25,Q05,B,1.0
WBSSC_SLST_0074,WB_CENTRE_KOL_01,HALL_03,25,Q06,B,1.0
WBSSC_SLST_0074,WB_CENTRE_KOL_01,HALL_03,25,Q07,B,1.0
WBSSC_SLST_0074,WB_CENTRE_KOL_01,HALL_03,25,Q08,B,1.0
WBSSC_SLST_0074,WB_CENTRE_KOL_01,HALL_03,25,Q09,B,1.0
WBSSC_SLST_0074,WB_CENTRE_KOL_01,HALL_03,25,Q10,B,1.0
WBSSC_SLST_0074,WB_CENTRE_KOL_01,HALL_03,25,Q11,B,1.0
WBSSC_SLST_0074,WB_CENTRE_KOL_01,HALL_03,25,Q12,B,1.0
WBSSC_SLST_0074,WB_CENTRE_KOL_01,HALL_03,25,Q13,B,1.0
WBSSC_SLST_0074,WB_CENTRE_KOL_01,HALL_03,25,Q14,B,1.0
WBSSC_SLST_0074,WB_CENTRE_KOL_01,HALL_03,25,Q15,B,1.0
WBSSC_SLST_0074,WB_CENTRE_KOL_01,HALL_03,25,Q16,B,1.0
WBSSC_SLST_0074,WB_CENTRE_KOL_01,HALL_03,25,Q17,B,1.0
WBSSC_SLST_0074,WB_CENTRE_KOL_01,HALL_03,25,Q18,B,1.0
WBSSC_SLST_0074,WB_CENTRE_KOL_01,HALL_03,25,Q19,B,1.0
WBSSC_SLST_0074,WB_CENTRE_KOL_01,HALL_03,25,Q20,B,1.0
WBSSC_SLST_0074,WB_CENTRE_KOL_01,HALL_03,25,Q21,B,1.0
WBSSC_SLST_0074,WB_CENTRE_KOL_01,HALL_03,25,Q22,B,1.0
WBSSC_SLST_0074,WB_CENTRE_KOL_01,HALL_03,25,Q23,B,1.0
WBSSC_SLST_0074,WB_CENTRE_KOL_01,HALL_03,25,Q24,B,1.0
WBSSC_SLST_0074,WB_CENTRE_KOL_01,HALL_03,25,Q25,B,1.0
WBSSC_SLST_0074,WB_CENTRE_KOL_01,HALL_03,25,Q26,B,1.0
WBSSC_SLST_0074,WB_CENTRE_KOL_01,HALL_03,25,Q27,B,1.0
WBSSC_SLST_0074,WB_CENTRE_KOL_01,HALL_03,25,Q28,B,1.0
WBSSC_SLST_0074,WB_CENTRE_KOL_01,HALL_03,25,Q29,B,1.0
WBSSC_SLST_0074,WB_CENTRE_KOL_01,HALL_03,25,Q30,B,1.0
WBSSC_SLST_0074,WB_CENTRE_KOL_01,HALL_03,25,Q31,B,1.0
WBSSC_SLST_0074,WB_CENTRE_KOL_01,HALL_03,25,Q32,B,1.0
WBSSC_SLST_0074,WB_CENTRE_KOL_01,HALL_03,25,Q33,B,1.0
WBSSC_SLST_0074,WB_CENTRE_KOL_01,HALL_03,25,Q34,B,1.0
WBSSC_SLST_0074,WB_CENTRE_KOL_01,HALL_03,25,Q35,B,1.0
WBSSC_SLST_0074,WB_CENTRE_KOL_01,HALL_03,25,Q36,B,1.0
WBSSC_SLST_0074,WB_CENTRE_KOL_01,HALL_03,25,Q37,D,0.0
WBSSC_SLST_0074,WB_CENTRE_KOL_01,HALL_03,25,Q38,A,0.0
WBSSC_SLST_0074,WB_CENTRE_KOL_01,HALL_03,25,Q39,D,0.0
WBSSC_SLST_0074,WB_CENTRE_KOL_01,HALL_03,25,Q40,D,0.0
WBSSC_SLST_0074,WB_CENTRE_KOL_01,HALL_03,25,Q41,C,0.0
WBSSC_SLST_0074,WB_CENTRE_KOL_01,HALL_03,25,Q42,C,0.0
WBSSC_SLST_0074,WB_CENTRE_KOL_01,HALL_03,25,Q43,A,0.0
WBSSC_SLST_0074,WB_CENTRE_KOL_01,HALL_03,25,Q44,C,0.0
WBSSC_SLST_0074,WB_CENTRE_KOL_01,HALL_03,25,Q45,A,0.0
WBSSC_SLST_0074,WB_CENTRE_KOL_01,HALL_03,25,Q46,C,0.0
WBSSC_SLST_0074,WB_CENTRE_KOL_01,HALL_03,25,Q47,C,0.0
WBSSC_SLST_0074,WB_CENTRE_KOL_01,HALL_03,25,Q48,C,0.0
WBSSC_SLST_0074,WB_CENTRE_KOL_01,HALL_03,25,Q49,A,0.0
WBSSC_SLST_0074,WB_CENTRE_KOL_01,HALL_03,25,Q50,C,0.0
WBSSC_SLST_0074,WB_CENTRE_KOL_01,HALL_03,25,Q51,D,0.0
WBSSC_SLST_0074,WB_CENTRE_KOL_01,HALL_03,25,Q52,D,0.0
WBSSC_SLST_0074,WB_CENTRE_KOL_01,HALL_03,25,Q53,A,0.0
WBSSC_SLST_0074,WB_CENTRE_KOL_01,HALL_03,25,Q54,C,0.0
WBSSC_SLST_0074,WB_CENTRE_KOL_01,HALL_03,25,Q55,D,0.0
WBSSC_SLST_0074,WB_CENTRE_KOL_01,HALL_03,25,Q56,D,0.0
WBSSC_SLST_0074,WB_CENTRE_KOL_01,HALL_03,25,Q57,C,0.0
WBSSC_SLST_0074,WB_CENTRE_KOL_01,HALL_03,25,Q58,C,0.0
WBSSC_SLST_0074,WB_CENTRE_KOL_01,HALL_03,25,Q59,D,0.0
WBSSC_SLST_0074,WB_CENTRE_KOL_01,HALL_03,25,Q60,A,0.0
WBSSC_SLST_0075,WB_CENTRE_KOL_01,HALL_04,1,Q01,B,1.0
WBSSC_SLST_0075,WB_CENTRE_KOL_01,HALL_04,1,Q02,B,1.0
WBSSC_SLST_0075,WB_CENTRE_KOL_01,HALL_04,1,Q03,B,1.0
WBSSC_SLST_0075,WB_CENTRE_KOL_01,HALL_04,1,Q04,B,1.0
WBSSC_SLST_0075,WB_CENTRE_KOL_01,HALL_04,1,Q05,B,1.0
WBSSC_SLST_0075,WB_CENTRE_KOL_01,HALL_04,1,Q06,B,1.0
WBSSC_SLST_0075,WB_CENTRE_KOL_01,HALL_04,1,Q07,B,1.0
WBSSC_SLST_0075,WB_CENTRE_KOL_01,HALL_04,1,Q08,B,1.0
WBSSC_SLST_0075,WB_CENTRE_KOL_01,HALL_04,1,Q09,B,1.0
WBSSC_SLST_0075,WB_CENTRE_KOL_01,HALL_04,1,Q10,B,1.0
WBSSC_SLST_0075,WB_CENTRE_KOL_01,HALL_04,1,Q11,B,1.0
WBSSC_SLST_0075,WB_CENTRE_KOL_01,HALL_04,1,Q12,B,1.0
WBSSC_SLST_0075,WB_CENTRE_KOL_01,HALL_04,1,Q13,B,1.0
WBSSC_SLST_0075,WB_CENTRE_KOL_01,HALL_04,1,Q14,B,1.0
WBSSC_SLST_0075,WB_CENTRE_KOL_01,HALL_04,1,Q15,B,1.0
WBSSC_SLST_0075,WB_CENTRE_KOL_01,HALL_04,1,Q16,B,1.0
WBSSC_SLST_0075,WB_CENTRE_KOL_01,HALL_04,1,Q17,B,1.0
WBSSC_SLST_0075,WB_CENTRE_KOL_01,HALL_04,1,Q18,B,1.0
WBSSC_SLST_0075,WB_CENTRE_KOL_01,HALL_04,1,Q19,B,1.0
WBSSC_SLST_0075,WB_CENTRE_KOL_01,HALL_04,1,Q20,B,1.0
WBSSC_SLST_0075,WB_CENTRE_KOL_01,HALL_04,1,Q21,B,1.0
WBSSC_SLST_0075,WB_CENTRE_KOL_01,HALL_04,1,Q22,B,1.0
WBSSC_SLST_0075,WB_CENTRE_KOL_01,HALL_04,1,Q23,B,1.0
WBSSC_SLST_0075,WB_CENTRE_KOL_01,HALL_04,1,Q24,B,1.0
WBSSC_SLST_0075,WB_CENTRE_KOL_01,HALL_04,1,Q25,B,1.0
WBSSC_SLST_0075,WB_CENTRE_KOL_01,HALL_04,1,Q26,B,1.0
WBSSC_SLST_0075,WB_CENTRE_KOL_01,HALL_04,1,Q27,B,1.0
WBSSC_SLST_0075,WB_CENTRE_KOL_01,HALL_04,1,Q28,B,1.0
WBSSC_SLST_0075,WB_CENTRE_KOL_01,HALL_04,1,Q29,B,1.0
WBSSC_SLST_0075,WB_CENTRE_KOL_01,HALL_04,1,Q30,B,1.0
WBSSC_SLST_0075,WB_CENTRE_KOL_01,HALL_04,1,Q31,B,1.0
WBSSC_SLST_0075,WB_CENTRE_KOL_01,HALL_04,1,Q32,B,1.0
WBSSC_SLST_0075,WB_CENTRE_KOL_01,HALL_04,1,Q33,B,1.0
WBSSC_SLST_0075,WB_CENTRE_KOL_01,HALL_04,1,Q34,B,1.0
WBSSC_SLST_0075,WB_CENTRE_KOL_01,HALL_04,1,Q35,B,1.0
WBSSC_SLST_0075,WB_CENTRE_KOL_01,HALL_04,1,Q36,B,1.0
WBSSC_SLST_0075,WB_CENTRE_KOL_01,HALL_04,1,Q37,B,1.0
WBSSC_SLST_0075,WB_CENTRE_KOL_01,HALL_04,1,Q38,B,1.0
WBSSC_SLST_0075,WB_CENTRE_KOL_01,HALL_04,1,Q39,B,1.0
WBSSC_SLST_0075,WB_CENTRE_KOL_01,HALL_04,1,Q40,B,1.0
WBSSC_SLST_0075,WB_CENTRE_KOL_01,HALL_04,1,Q41,B,1.0
WBSSC_SLST_0075,WB_CENTRE_KOL_01,HALL_04,1,Q42,D,0.0
WBSSC_SLST_0075,WB_CENTRE_KOL_01,HALL_04,1,Q43,D,0.0
WBSSC_SLST_0075,WB_CENTRE_KOL_01,HALL_04,1,Q44,C,0.0
WBSSC_SLST_0075,WB_CENTRE_KOL_01,HALL_04,1,Q45,A,0.0
WBSSC_SLST_0075,WB_CENTRE_KOL_01,HALL_04,1,Q46,A,0.0
WBSSC_SLST_0075,WB_CENTRE_KOL_01,HALL_04,1,Q47,D,0.0
WBSSC_SLST_0075,WB_CENTRE_KOL_01,HALL_04,1,Q48,C,0.0
WBSSC_SLST_0075,WB_CENTRE_KOL_01,HALL_04,1,Q49,A,0.0
WBSSC_SLST_0075,WB_CENTRE_KOL_01,HALL_04,1,Q50,C,0.0
WBSSC_SLST_0075,WB_CENTRE_KOL_01,HALL_04,1,Q51,A,0.0
WBSSC_SLST_0075,WB_CENTRE_KOL_01,HALL_04,1,Q52,C,0.0
WBSSC_SLST_0075,WB_CENTRE_KOL_01,HALL_04,1,Q53,A,0.0
WBSSC_SLST_0075,WB_CENTRE_KOL_01,HALL_04,1,Q54,D,0.0
WBSSC_SLST_0075,WB_CENTRE_KOL_01,HALL_04,1,Q55,C,0.0
WBSSC_SLST_0075,WB_CENTRE_KOL_01,HALL_04,1,Q56,A,0.0
WBSSC_SLST_0075,WB_CENTRE_KOL_01,HALL_04,1,Q57,A,0.0
WBSSC_SLST_0075,WB_CENTRE_KOL_01,HALL_04,1,Q58,C,0.0
WBSSC_SLST_0075,WB_CENTRE_KOL_01,HALL_04,1,Q59,D,0.0
WBSSC_SLST_0075,WB_CENTRE_KOL_01,HALL_04,1,Q60,C,0.0
WBSSC_SLST_0076,WB_CENTRE_KOL_01,HALL_01,2,Q01,B,1.0
WBSSC_SLST_0076,WB_CENTRE_KOL_01,HALL_01,2,Q02,B,1.0
WBSSC_SLST_0076,WB_CENTRE_KOL_01,HALL_01,2,Q03,B,1.0
WBSSC_SLST_0076,WB_CENTRE_KOL_01,HALL_01,2,Q04,B,1.0
WBSSC_SLST_0076,WB_CENTRE_KOL_01,HALL_01,2,Q05,B,1.0
WBSSC_SLST_0076,WB_CENTRE_KOL_01,HALL_01,2,Q06,B,1.0
WBSSC_SLST_0076,WB_CENTRE_KOL_01,HALL_01,2,Q07,B,1.0
WBSSC_SLST_0076,WB_CENTRE_KOL_01,HALL_01,2,Q08,B,1.0
WBSSC_SLST_0076,WB_CENTRE_KOL_01,HALL_01,2,Q09,B,1.0
WBSSC_SLST_0076,WB_CENTRE_KOL_01,HALL_01,2,Q10,B,1.0
WBSSC_SLST_0076,WB_CENTRE_KOL_01,HALL_01,2,Q11,B,1.0
WBSSC_SLST_0076,WB_CENTRE_KOL_01,HALL_01,2,Q12,B,1.0
WBSSC_SLST_0076,WB_CENTRE_KOL_01,HALL_01,2,Q13,B,1.0
WBSSC_SLST_0076,WB_CENTRE_KOL_01,HALL_01,2,Q14,B,1.0
WBSSC_SLST_0076,WB_CENTRE_KOL_01,HALL_01,2,Q15,B,1.0
WBSSC_SLST_0076,WB_CENTRE_KOL_01,HALL_01,2,Q16,B,1.0
WBSSC_SLST_0076,WB_CENTRE_KOL_01,HALL_01,2,Q17,B,1.0
WBSSC_SLST_0076,WB_CENTRE_KOL_01,HALL_01,2,Q18,B,1.0
WBSSC_SLST_0076,WB_CENTRE_KOL_01,HALL_01,2,Q19,B,1.0
WBSSC_SLST_0076,WB_CENTRE_KOL_01,HALL_01,2,Q20,B,1.0
WBSSC_SLST_0076,WB_CENTRE_KOL_01,HALL_01,2,Q21,B,1.0
WBSSC_SLST_0076,WB_CENTRE_KOL_01,HALL_01,2,Q22,B,1.0
WBSSC_SLST_0076,WB_CENTRE_KOL_01,HALL_01,2,Q23,C,0.0
WBSSC_SLST_0076,WB_CENTRE_KOL_01,HALL_01,2,Q24,A,0.0
WBSSC_SLST_0076,WB_CENTRE_KOL_01,HALL_01,2,Q25,C,0.0
WBSSC_SLST_0076,WB_CENTRE_KOL_01,HALL_01,2,Q26,C,0.0
WBSSC_SLST_0076,WB_CENTRE_KOL_01,HALL_01,2,Q27,C,0.0
WBSSC_SLST_0076,WB_CENTRE_KOL_01,HALL_01,2,Q28,D,0.0
WBSSC_SLST_0076,WB_CENTRE_KOL_01,HALL_01,2,Q29,D,0.0
WBSSC_SLST_0076,WB_CENTRE_KOL_01,HALL_01,2,Q30,D,0.0
WBSSC_SLST_0076,WB_CENTRE_KOL_01,HALL_01,2,Q31,C,0.0
WBSSC_SLST_0076,WB_CENTRE_KOL_01,HALL_01,2,Q32,C,0.0
WBSSC_SLST_0076,WB_CENTRE_KOL_01,HALL_01,2,Q33,D,0.0
WBSSC_SLST_0076,WB_CENTRE_KOL_01,HALL_01,2,Q34,D,0.0
WBSSC_SLST_0076,WB_CENTRE_KOL_01,HALL_01,2,Q35,C,0.0
WBSSC_SLST_0076,WB_CENTRE_KOL_01,HALL_01,2,Q36,A,0.0
WBSSC_SLST_0076,WB_CENTRE_KOL_01,HALL_01,2,Q37,A,0.0
WBSSC_SLST_0076,WB_CENTRE_KOL_01,HALL_01,2,Q38,C,0.0
WBSSC_SLST_0076,WB_CENTRE_KOL_01,HALL_01,2,Q39,D,0.0
WBSSC_SLST_0076,WB_CENTRE_KOL_01,HALL_01,2,Q40,D,0.0
WBSSC_SLST_0076,WB_CENTRE_KOL_01,HALL_01,2,Q41,D,0.0
WBSSC_SLST_0076,WB_CENTRE_KOL_01,HALL_01,2,Q42,A,0.0
WBSSC_SLST_0076,WB_CENTRE_KOL_01,HALL_01,2,Q43,C,0.0
WBSSC_SLST_0076,WB_CENTRE_KOL_01,HALL_01,2,Q44,D,0.0
WBSSC_SLST_0076,WB_CENTRE_KOL_01,HALL_01,2,Q45,A,0.0
WBSSC_SLST_0076,WB_CENTRE_KOL_01,HALL_01,2,Q46,A,0.0
WBSSC_SLST_0076,WB_CENTRE_KOL_01,HALL_01,2,Q47,C,0.0
WBSSC_SLST_0076,WB_CENTRE_KOL_01,HALL_01,2,Q48,D,0.0
WBSSC_SLST_0076,WB_CENTRE_KOL_01,HALL_01,2,Q49,A,0.0
WBSSC_SLST_0076,WB_CENTRE_KOL_01,HALL_01,2,Q50,A,0.0
WBSSC_SLST_0076,WB_CENTRE_KOL_01,HALL_01,2,Q51,C,0.0
WBSSC_SLST_0076,WB_CENTRE_KOL_01,HALL_01,2,Q52,C,0.0
WBSSC_SLST_0076,WB_CENTRE_KOL_01,HALL_01,2,Q53,D,0.0
WBSSC_SLST_0076,WB_CENTRE_KOL_01,HALL_01,2,Q54,A,0.0
WBSSC_SLST_0076,WB_CENTRE_KOL_01,HALL_01,2,Q55,D,0.0
WBSSC_SLST_0076,WB_CENTRE_KOL_01,HALL_01,2,Q56,C,0.0
WBSSC_SLST_0076,WB_CENTRE_KOL_01,HALL_01,2,Q57,D,0.0
WBSSC_SLST_0076,WB_CENTRE_KOL_01,HALL_01,2,Q58,D,0.0
WBSSC_SLST_0076,WB_CENTRE_KOL_01,HALL_01,2,Q59,C,0.0
WBSSC_SLST_0076,WB_CENTRE_KOL_01,HALL_01,2,Q60,A,0.0
WBSSC_SLST_0077,WB_CENTRE_KOL_01,HALL_02,3,Q01,B,1.0
WBSSC_SLST_0077,WB_CENTRE_KOL_01,HALL_02,3,Q02,B,1.0
WBSSC_SLST_0077,WB_CENTRE_KOL_01,HALL_02,3,Q03,B,1.0
WBSSC_SLST_0077,WB_CENTRE_KOL_01,HALL_02,3,Q04,B,1.0
WBSSC_SLST_0077,WB_CENTRE_KOL_01,HALL_02,3,Q05,B,1.0
WBSSC_SLST_0077,WB_CENTRE_KOL_01,HALL_02,3,Q06,B,1.0
WBSSC_SLST_0077,WB_CENTRE_KOL_01,HALL_02,3,Q07,B,1.0
WBSSC_SLST_0077,WB_CENTRE_KOL_01,HALL_02,3,Q08,B,1.0
WBSSC_SLST_0077,WB_CENTRE_KOL_01,HALL_02,3,Q09,B,1.0
WBSSC_SLST_0077,WB_CENTRE_KOL_01,HALL_02,3,Q10,B,1.0
WBSSC_SLST_0077,WB_CENTRE_KOL_01,HALL_02,3,Q11,B,1.0
WBSSC_SLST_0077,WB_CENTRE_KOL_01,HALL_02,3,Q12,B,1.0
WBSSC_SLST_0077,WB_CENTRE_KOL_01,HALL_02,3,Q13,B,1.0
WBSSC_SLST_0077,WB_CENTRE_KOL_01,HALL_02,3,Q14,B,1.0
WBSSC_SLST_0077,WB_CENTRE_KOL_01,HALL_02,3,Q15,B,1.0
WBSSC_SLST_0077,WB_CENTRE_KOL_01,HALL_02,3,Q16,B,1.0
WBSSC_SLST_0077,WB_CENTRE_KOL_01,HALL_02,3,Q17,B,1.0
WBSSC_SLST_0077,WB_CENTRE_KOL_01,HALL_02,3,Q18,B,1.0
WBSSC_SLST_0077,WB_CENTRE_KOL_01,HALL_02,3,Q19,B,1.0
WBSSC_SLST_0077,WB_CENTRE_KOL_01,HALL_02,3,Q20,B,1.0
WBSSC_SLST_0077,WB_CENTRE_KOL_01,HALL_02,3,Q21,B,1.0
WBSSC_SLST_0077,WB_CENTRE_KOL_01,HALL_02,3,Q22,B,1.0
WBSSC_SLST_0077,WB_CENTRE_KOL_01,HALL_02,3,Q23,B,1.0
WBSSC_SLST_0077,WB_CENTRE_KOL_01,HALL_02,3,Q24,B,1.0
WBSSC_SLST_0077,WB_CENTRE_KOL_01,HALL_02,3,Q25,B,1.0
WBSSC_SLST_0077,WB_CENTRE_KOL_01,HALL_02,3,Q26,B,1.0
WBSSC_SLST_0077,WB_CENTRE_KOL_01,HALL_02,3,Q27,B,1.0
WBSSC_SLST_0077,WB_CENTRE_KOL_01,HALL_02,3,Q28,D,0.0
WBSSC_SLST_0077,WB_CENTRE_KOL_01,HALL_02,3,Q29,D,0.0
WBSSC_SLST_0077,WB_CENTRE_KOL_01,HALL_02,3,Q30,A,0.0
WBSSC_SLST_0077,WB_CENTRE_KOL_01,HALL_02,3,Q31,A,0.0
WBSSC_SLST_0077,WB_CENTRE_KOL_01,HALL_02,3,Q32,A,0.0
WBSSC_SLST_0077,WB_CENTRE_KOL_01,HALL_02,3,Q33,C,0.0
WBSSC_SLST_0077,WB_CENTRE_KOL_01,HALL_02,3,Q34,A,0.0
WBSSC_SLST_0077,WB_CENTRE_KOL_01,HALL_02,3,Q35,C,0.0
WBSSC_SLST_0077,WB_CENTRE_KOL_01,HALL_02,3,Q36,A,0.0
WBSSC_SLST_0077,WB_CENTRE_KOL_01,HALL_02,3,Q37,C,0.0
WBSSC_SLST_0077,WB_CENTRE_KOL_01,HALL_02,3,Q38,A,0.0
WBSSC_SLST_0077,WB_CENTRE_KOL_01,HALL_02,3,Q39,C,0.0
WBSSC_SLST_0077,WB_CENTRE_KOL_01,HALL_02,3,Q40,C,0.0
WBSSC_SLST_0077,WB_CENTRE_KOL_01,HALL_02,3,Q41,A,0.0
WBSSC_SLST_0077,WB_CENTRE_KOL_01,HALL_02,3,Q42,D,0.0
WBSSC_SLST_0077,WB_CENTRE_KOL_01,HALL_02,3,Q43,A,0.0
WBSSC_SLST_0077,WB_CENTRE_KOL_01,HALL_02,3,Q44,A,0.0
WBSSC_SLST_0077,WB_CENTRE_KOL_01,HALL_02,3,Q45,A,0.0
WBSSC_SLST_0077,WB_CENTRE_KOL_01,HALL_02,3,Q46,A,0.0
WBSSC_SLST_0077,WB_CENTRE_KOL_01,HALL_02,3,Q47,C,0.0
WBSSC_SLST_0077,WB_CENTRE_KOL_01,HALL_02,3,Q48,A,0.0
WBSSC_SLST_0077,WB_CENTRE_KOL_01,HALL_02,3,Q49,A,0.0
WBSSC_SLST_0077,WB_CENTRE_KOL_01,HALL_02,3,Q50,C,0.0
WBSSC_SLST_0077,WB_CENTRE_KOL_01,HALL_02,3,Q51,A,0.0
WBSSC_SLST_0077,WB_CENTRE_KOL_01,HALL_02,3,Q52,D,0.0
WBSSC_SLST_0077,WB_CENTRE_KOL_01,HALL_02,3,Q53,A,0.0
WBSSC_SLST_0077,WB_CENTRE_KOL_01,HALL_02,3,Q54,D,0.0
WBSSC_SLST_0077,WB_CENTRE_KOL_01,HALL_02,3,Q55,A,0.0
WBSSC_SLST_0077,WB_CENTRE_KOL_01,HALL_02,3,Q56,A,0.0
WBSSC_SLST_0077,WB_CENTRE_KOL_01,HALL_02,3,Q57,C,0.0
WBSSC_SLST_0077,WB_CENTRE_KOL_01,HALL_02,3,Q58,A,0.0
WBSSC_SLST_0077,WB_CENTRE_KOL_01,HALL_02,3,Q59,D,0.0
WBSSC_SLST_0077,WB_CENTRE_KOL_01,HALL_02,3,Q60,D,0.0
WBSSC_SLST_0078,WB_CENTRE_KOL_01,HALL_03,4,Q01,B,1.0
WBSSC_SLST_0078,WB_CENTRE_KOL_01,HALL_03,4,Q02,B,1.0
WBSSC_SLST_0078,WB_CENTRE_KOL_01,HALL_03,4,Q03,B,1.0
WBSSC_SLST_0078,WB_CENTRE_KOL_01,HALL_03,4,Q04,B,1.0
WBSSC_SLST_0078,WB_CENTRE_KOL_01,HALL_03,4,Q05,B,1.0
WBSSC_SLST_0078,WB_CENTRE_KOL_01,HALL_03,4,Q06,B,1.0
WBSSC_SLST_0078,WB_CENTRE_KOL_01,HALL_03,4,Q07,B,1.0
WBSSC_SLST_0078,WB_CENTRE_KOL_01,HALL_03,4,Q08,B,1.0
WBSSC_SLST_0078,WB_CENTRE_KOL_01,HALL_03,4,Q09,B,1.0
WBSSC_SLST_0078,WB_CENTRE_KOL_01,HALL_03,4,Q10,B,1.0
WBSSC_SLST_0078,WB_CENTRE_KOL_01,HALL_03,4,Q11,B,1.0
WBSSC_SLST_0078,WB_CENTRE_KOL_01,HALL_03,4,Q12,B,1.0
WBSSC_SLST_0078,WB_CENTRE_KOL_01,HALL_03,4,Q13,B,1.0
WBSSC_SLST_0078,WB_CENTRE_KOL_01,HALL_03,4,Q14,B,1.0
WBSSC_SLST_0078,WB_CENTRE_KOL_01,HALL_03,4,Q15,B,1.0
WBSSC_SLST_0078,WB_CENTRE_KOL_01,HALL_03,4,Q16,B,1.0
WBSSC_SLST_0078,WB_CENTRE_KOL_01,HALL_03,4,Q17,B,1.0
WBSSC_SLST_0078,WB_CENTRE_KOL_01,HALL_03,4,Q18,B,1.0
WBSSC_SLST_0078,WB_CENTRE_KOL_01,HALL_03,4,Q19,B,1.0
WBSSC_SLST_0078,WB_CENTRE_KOL_01,HALL_03,4,Q20,B,1.0
WBSSC_SLST_0078,WB_CENTRE_KOL_01,HALL_03,4,Q21,B,1.0
WBSSC_SLST_0078,WB_CENTRE_KOL_01,HALL_03,4,Q22,B,1.0
WBSSC_SLST_0078,WB_CENTRE_KOL_01,HALL_03,4,Q23,B,1.0
WBSSC_SLST_0078,WB_CENTRE_KOL_01,HALL_03,4,Q24,B,1.0
WBSSC_SLST_0078,WB_CENTRE_KOL_01,HALL_03,4,Q25,B,1.0
WBSSC_SLST_0078,WB_CENTRE_KOL_01,HALL_03,4,Q26,B,1.0
WBSSC_SLST_0078,WB_CENTRE_KOL_01,HALL_03,4,Q27,B,1.0
WBSSC_SLST_0078,WB_CENTRE_KOL_01,HALL_03,4,Q28,B,1.0
WBSSC_SLST_0078,WB_CENTRE_KOL_01,HALL_03,4,Q29,B,1.0
WBSSC_SLST_0078,WB_CENTRE_KOL_01,HALL_03,4,Q30,B,1.0
WBSSC_SLST_0078,WB_CENTRE_KOL_01,HALL_03,4,Q31,B,1.0
WBSSC_SLST_0078,WB_CENTRE_KOL_01,HALL_03,4,Q32,B,1.0
WBSSC_SLST_0078,WB_CENTRE_KOL_01,HALL_03,4,Q33,B,1.0
WBSSC_SLST_0078,WB_CENTRE_KOL_01,HALL_03,4,Q34,B,1.0
WBSSC_SLST_0078,WB_CENTRE_KOL_01,HALL_03,4,Q35,B,1.0
WBSSC_SLST_0078,WB_CENTRE_KOL_01,HALL_03,4,Q36,B,1.0
WBSSC_SLST_0078,WB_CENTRE_KOL_01,HALL_03,4,Q37,B,1.0
WBSSC_SLST_0078,WB_CENTRE_KOL_01,HALL_03,4,Q38,B,1.0
WBSSC_SLST_0078,WB_CENTRE_KOL_01,HALL_03,4,Q39,B,1.0
WBSSC_SLST_0078,WB_CENTRE_KOL_01,HALL_03,4,Q40,C,0.0
WBSSC_SLST_0078,WB_CENTRE_KOL_01,HALL_03,4,Q41,D,0.0
WBSSC_SLST_0078,WB_CENTRE_KOL_01,HALL_03,4,Q42,A,0.0
WBSSC_SLST_0078,WB_CENTRE_KOL_01,HALL_03,4,Q43,A,0.0
WBSSC_SLST_0078,WB_CENTRE_KOL_01,HALL_03,4,Q44,C,0.0
WBSSC_SLST_0078,WB_CENTRE_KOL_01,HALL_03,4,Q45,C,0.0
WBSSC_SLST_0078,WB_CENTRE_KOL_01,HALL_03,4,Q46,D,0.0
WBSSC_SLST_0078,WB_CENTRE_KOL_01,HALL_03,4,Q47,A,0.0
WBSSC_SLST_0078,WB_CENTRE_KOL_01,HALL_03,4,Q48,C,0.0
WBSSC_SLST_0078,WB_CENTRE_KOL_01,HALL_03,4,Q49,C,0.0
WBSSC_SLST_0078,WB_CENTRE_KOL_01,HALL_03,4,Q50,D,0.0
WBSSC_SLST_0078,WB_CENTRE_KOL_01,HALL_03,4,Q51,C,0.0
WBSSC_SLST_0078,WB_CENTRE_KOL_01,HALL_03,4,Q52,C,0.0
WBSSC_SLST_0078,WB_CENTRE_KOL_01,HALL_03,4,Q53,D,0.0
WBSSC_SLST_0078,WB_CENTRE_KOL_01,HALL_03,4,Q54,A,0.0
WBSSC_SLST_0078,WB_CENTRE_KOL_01,HALL_03,4,Q55,C,0.0
WBSSC_SLST_0078,WB_CENTRE_KOL_01,HALL_03,4,Q56,D,0.0
WBSSC_SLST_0078,WB_CENTRE_KOL_01,HALL_03,4,Q57,D,0.0
WBSSC_SLST_0078,WB_CENTRE_KOL_01,HALL_03,4,Q58,D,0.0
WBSSC_SLST_0078,WB_CENTRE_KOL_01,HALL_03,4,Q59,D,0.0
WBSSC_SLST_0078,WB_CENTRE_KOL_01,HALL_03,4,Q60,A,0.0
WBSSC_SLST_0079,WB_CENTRE_KOL_01,HALL_04,5,Q01,B,1.0
WBSSC_SLST_0079,WB_CENTRE_KOL_01,HALL_04,5,Q02,B,1.0
WBSSC_SLST_0079,WB_CENTRE_KOL_01,HALL_04,5,Q03,B,1.0
WBSSC_SLST_0079,WB_CENTRE_KOL_01,HALL_04,5,Q04,B,1.0
WBSSC_SLST_0079,WB_CENTRE_KOL_01,HALL_04,5,Q05,B,1.0
WBSSC_SLST_0079,WB_CENTRE_KOL_01,HALL_04,5,Q06,B,1.0
WBSSC_SLST_0079,WB_CENTRE_KOL_01,HALL_04,5,Q07,B,1.0
WBSSC_SLST_0079,WB_CENTRE_KOL_01,HALL_04,5,Q08,B,1.0
WBSSC_SLST_0079,WB_CENTRE_KOL_01,HALL_04,5,Q09,B,1.0
WBSSC_SLST_0079,WB_CENTRE_KOL_01,HALL_04,5,Q10,B,1.0
WBSSC_SLST_0079,WB_CENTRE_KOL_01,HALL_04,5,Q11,B,1.0
WBSSC_SLST_0079,WB_CENTRE_KOL_01,HALL_04,5,Q12,B,1.0
WBSSC_SLST_0079,WB_CENTRE_KOL_01,HALL_04,5,Q13,B,1.0
WBSSC_SLST_0079,WB_CENTRE_KOL_01,HALL_04,5,Q14,B,1.0
WBSSC_SLST_0079,WB_CENTRE_KOL_01,HALL_04,5,Q15,B,1.0
WBSSC_SLST_0079,WB_CENTRE_KOL_01,HALL_04,5,Q16,B,1.0
WBSSC_SLST_0079,WB_CENTRE_KOL_01,HALL_04,5,Q17,B,1.0
WBSSC_SLST_0079,WB_CENTRE_KOL_01,HALL_04,5,Q18,B,1.0
WBSSC_SLST_0079,WB_CENTRE_KOL_01,HALL_04,5,Q19,B,1.0
WBSSC_SLST_0079,WB_CENTRE_KOL_01,HALL_04,5,Q20,B,1.0
WBSSC_SLST_0079,WB_CENTRE_KOL_01,HALL_04,5,Q21,C,0.0
WBSSC_SLST_0079,WB_CENTRE_KOL_01,HALL_04,5,Q22,A,0.0
WBSSC_SLST_0079,WB_CENTRE_KOL_01,HALL_04,5,Q23,A,0.0
WBSSC_SLST_0079,WB_CENTRE_KOL_01,HALL_04,5,Q24,A,0.0
WBSSC_SLST_0079,WB_CENTRE_KOL_01,HALL_04,5,Q25,D,0.0
WBSSC_SLST_0079,WB_CENTRE_KOL_01,HALL_04,5,Q26,D,0.0
WBSSC_SLST_0079,WB_CENTRE_KOL_01,HALL_04,5,Q27,D,0.0
WBSSC_SLST_0079,WB_CENTRE_KOL_01,HALL_04,5,Q28,A,0.0
WBSSC_SLST_0079,WB_CENTRE_KOL_01,HALL_04,5,Q29,A,0.0
WBSSC_SLST_0079,WB_CENTRE_KOL_01,HALL_04,5,Q30,A,0.0
WBSSC_SLST_0079,WB_CENTRE_KOL_01,HALL_04,5,Q31,D,0.0
WBSSC_SLST_0079,WB_CENTRE_KOL_01,HALL_04,5,Q32,D,0.0
WBSSC_SLST_0079,WB_CENTRE_KOL_01,HALL_04,5,Q33,A,0.0
WBSSC_SLST_0079,WB_CENTRE_KOL_01,HALL_04,5,Q34,C,0.0
WBSSC_SLST_0079,WB_CENTRE_KOL_01,HALL_04,5,Q35,D,0.0
WBSSC_SLST_0079,WB_CENTRE_KOL_01,HALL_04,5,Q36,C,0.0
WBSSC_SLST_0079,WB_CENTRE_KOL_01,HALL_04,5,Q37,C,0.0
WBSSC_SLST_0079,WB_CENTRE_KOL_01,HALL_04,5,Q38,A,0.0
WBSSC_SLST_0079,WB_CENTRE_KOL_01,HALL_04,5,Q39,C,0.0
WBSSC_SLST_0079,WB_CENTRE_KOL_01,HALL_04,5,Q40,C,0.0
WBSSC_SLST_0079,WB_CENTRE_KOL_01,HALL_04,5,Q41,A,0.0
WBSSC_SLST_0079,WB_CENTRE_KOL_01,HALL_04,5,Q42,C,0.0
WBSSC_SLST_0079,WB_CENTRE_KOL_01,HALL_04,5,Q43,A,0.0
WBSSC_SLST_0079,WB_CENTRE_KOL_01,HALL_04,5,Q44,A,0.0
WBSSC_SLST_0079,WB_CENTRE_KOL_01,HALL_04,5,Q45,A,0.0
WBSSC_SLST_0079,WB_CENTRE_KOL_01,HALL_04,5,Q46,D,0.0
WBSSC_SLST_0079,WB_CENTRE_KOL_01,HALL_04,5,Q47,A,0.0
WBSSC_SLST_0079,WB_CENTRE_KOL_01,HALL_04,5,Q48,A,0.0
WBSSC_SLST_0079,WB_CENTRE_KOL_01,HALL_04,5,Q49,D,0.0
WBSSC_SLST_0079,WB_CENTRE_KOL_01,HALL_04,5,Q50,D,0.0
WBSSC_SLST_0079,WB_CENTRE_KOL_01,HALL_04,5,Q51,C,0.0
WBSSC_SLST_0079,WB_CENTRE_KOL_01,HALL_04,5,Q52,A,0.0
WBSSC_SLST_0079,WB_CENTRE_KOL_01,HALL_04,5,Q53,C,0.0
WBSSC_SLST_0079,WB_CENTRE_KOL_01,HALL_04,5,Q54,D,0.0
WBSSC_SLST_0079,WB_CENTRE_KOL_01,HALL_04,5,Q55,C,0.0
WBSSC_SLST_0079,WB_CENTRE_KOL_01,HALL_04,5,Q56,A,0.0
WBSSC_SLST_0079,WB_CENTRE_KOL_01,HALL_04,5,Q57,A,0.0
WBSSC_SLST_0079,WB_CENTRE_KOL_01,HALL_04,5,Q58,A,0.0
WBSSC_SLST_0079,WB_CENTRE_KOL_01,HALL_04,5,Q59,A,0.0
WBSSC_SLST_0079,WB_CENTRE_KOL_01,HALL_04,5,Q60,C,0.0
WBSSC_SLST_0080,WB_CENTRE_KOL_01,HALL_01,6,Q01,B,1.0
WBSSC_SLST_0080,WB_CENTRE_KOL_01,HALL_01,6,Q02,B,1.0
WBSSC_SLST_0080,WB_CENTRE_KOL_01,HALL_01,6,Q03,B,1.0
WBSSC_SLST_0080,WB_CENTRE_KOL_01,HALL_01,6,Q04,B,1.0
WBSSC_SLST_0080,WB_CENTRE_KOL_01,HALL_01,6,Q05,B,1.0
WBSSC_SLST_0080,WB_CENTRE_KOL_01,HALL_01,6,Q06,B,1.0
WBSSC_SLST_0080,WB_CENTRE_KOL_01,HALL_01,6,Q07,B,1.0
WBSSC_SLST_0080,WB_CENTRE_KOL_01,HALL_01,6,Q08,B,1.0
WBSSC_SLST_0080,WB_CENTRE_KOL_01,HALL_01,6,Q09,B,1.0
WBSSC_SLST_0080,WB_CENTRE_KOL_01,HALL_01,6,Q10,B,1.0
WBSSC_SLST_0080,WB_CENTRE_KOL_01,HALL_01,6,Q11,B,1.0
WBSSC_SLST_0080,WB_CENTRE_KOL_01,HALL_01,6,Q12,B,1.0
WBSSC_SLST_0080,WB_CENTRE_KOL_01,HALL_01,6,Q13,B,1.0
WBSSC_SLST_0080,WB_CENTRE_KOL_01,HALL_01,6,Q14,B,1.0
WBSSC_SLST_0080,WB_CENTRE_KOL_01,HALL_01,6,Q15,B,1.0
WBSSC_SLST_0080,WB_CENTRE_KOL_01,HALL_01,6,Q16,B,1.0
WBSSC_SLST_0080,WB_CENTRE_KOL_01,HALL_01,6,Q17,B,1.0
WBSSC_SLST_0080,WB_CENTRE_KOL_01,HALL_01,6,Q18,B,1.0
WBSSC_SLST_0080,WB_CENTRE_KOL_01,HALL_01,6,Q19,B,1.0
WBSSC_SLST_0080,WB_CENTRE_KOL_01,HALL_01,6,Q20,B,1.0
WBSSC_SLST_0080,WB_CENTRE_KOL_01,HALL_01,6,Q21,B,1.0
WBSSC_SLST_0080,WB_CENTRE_KOL_01,HALL_01,6,Q22,B,1.0
WBSSC_SLST_0080,WB_CENTRE_KOL_01,HALL_01,6,Q23,B,1.0
WBSSC_SLST_0080,WB_CENTRE_KOL_01,HALL_01,6,Q24,B,1.0
WBSSC_SLST_0080,WB_CENTRE_KOL_01,HALL_01,6,Q25,B,1.0
WBSSC_SLST_0080,WB_CENTRE_KOL_01,HALL_01,6,Q26,A,0.0
WBSSC_SLST_0080,WB_CENTRE_KOL_01,HALL_01,6,Q27,D,0.0
WBSSC_SLST_0080,WB_CENTRE_KOL_01,HALL_01,6,Q28,C,0.0
WBSSC_SLST_0080,WB_CENTRE_KOL_01,HALL_01,6,Q29,C,0.0
WBSSC_SLST_0080,WB_CENTRE_KOL_01,HALL_01,6,Q30,A,0.0
WBSSC_SLST_0080,WB_CENTRE_KOL_01,HALL_01,6,Q31,C,0.0
WBSSC_SLST_0080,WB_CENTRE_KOL_01,HALL_01,6,Q32,C,0.0
WBSSC_SLST_0080,WB_CENTRE_KOL_01,HALL_01,6,Q33,D,0.0
WBSSC_SLST_0080,WB_CENTRE_KOL_01,HALL_01,6,Q34,C,0.0
WBSSC_SLST_0080,WB_CENTRE_KOL_01,HALL_01,6,Q35,D,0.0
WBSSC_SLST_0080,WB_CENTRE_KOL_01,HALL_01,6,Q36,C,0.0
WBSSC_SLST_0080,WB_CENTRE_KOL_01,HALL_01,6,Q37,C,0.0
WBSSC_SLST_0080,WB_CENTRE_KOL_01,HALL_01,6,Q38,C,0.0
WBSSC_SLST_0080,WB_CENTRE_KOL_01,HALL_01,6,Q39,A,0.0
WBSSC_SLST_0080,WB_CENTRE_KOL_01,HALL_01,6,Q40,C,0.0
WBSSC_SLST_0080,WB_CENTRE_KOL_01,HALL_01,6,Q41,A,0.0
WBSSC_SLST_0080,WB_CENTRE_KOL_01,HALL_01,6,Q42,D,0.0
WBSSC_SLST_0080,WB_CENTRE_KOL_01,HALL_01,6,Q43,C,0.0
WBSSC_SLST_0080,WB_CENTRE_KOL_01,HALL_01,6,Q44,C,0.0
WBSSC_SLST_0080,WB_CENTRE_KOL_01,HALL_01,6,Q45,A,0.0
WBSSC_SLST_0080,WB_CENTRE_KOL_01,HALL_01,6,Q46,A,0.0
WBSSC_SLST_0080,WB_CENTRE_KOL_01,HALL_01,6,Q47,A,0.0
WBSSC_SLST_0080,WB_CENTRE_KOL_01,HALL_01,6,Q48,A,0.0
WBSSC_SLST_0080,WB_CENTRE_KOL_01,HALL_01,6,Q49,C,0.0
WBSSC_SLST_0080,WB_CENTRE_KOL_01,HALL_01,6,Q50,A,0.0
WBSSC_SLST_0080,WB_CENTRE_KOL_01,HALL_01,6,Q51,A,0.0
WBSSC_SLST_0080,WB_CENTRE_KOL_01,HALL_01,6,Q52,A,0.0
WBSSC_SLST_0080,WB_CENTRE_KOL_01,HALL_01,6,Q53,D,0.0
WBSSC_SLST_0080,WB_CENTRE_KOL_01,HALL_01,6,Q54,A,0.0
WBSSC_SLST_0080,WB_CENTRE_KOL_01,HALL_01,6,Q55,D,0.0
WBSSC_SLST_0080,WB_CENTRE_KOL_01,HALL_01,6,Q56,D,0.0
WBSSC_SLST_0080,WB_CENTRE_KOL_01,HALL_01,6,Q57,D,0.0
WBSSC_SLST_0080,WB_CENTRE_KOL_01,HALL_01,6,Q58,C,0.0
WBSSC_SLST_0080,WB_CENTRE_KOL_01,HALL_01,6,Q59,D,0.0
WBSSC_SLST_0080,WB_CENTRE_KOL_01,HALL_01,6,Q60,C,0.0
WBSSC_SLST_0081,WB_CENTRE_KOL_01,HALL_02,7,Q01,B,1.0
WBSSC_SLST_0081,WB_CENTRE_KOL_01,HALL_02,7,Q02,B,1.0
WBSSC_SLST_0081,WB_CENTRE_KOL_01,HALL_02,7,Q03,B,1.0
WBSSC_SLST_0081,WB_CENTRE_KOL_01,HALL_02,7,Q04,B,1.0
WBSSC_SLST_0081,WB_CENTRE_KOL_01,HALL_02,7,Q05,B,1.0
WBSSC_SLST_0081,WB_CENTRE_KOL_01,HALL_02,7,Q06,B,1.0
WBSSC_SLST_0081,WB_CENTRE_KOL_01,HALL_02,7,Q07,B,1.0
WBSSC_SLST_0081,WB_CENTRE_KOL_01,HALL_02,7,Q08,B,1.0
WBSSC_SLST_0081,WB_CENTRE_KOL_01,HALL_02,7,Q09,B,1.0
WBSSC_SLST_0081,WB_CENTRE_KOL_01,HALL_02,7,Q10,B,1.0
WBSSC_SLST_0081,WB_CENTRE_KOL_01,HALL_02,7,Q11,B,1.0
WBSSC_SLST_0081,WB_CENTRE_KOL_01,HALL_02,7,Q12,B,1.0
WBSSC_SLST_0081,WB_CENTRE_KOL_01,HALL_02,7,Q13,B,1.0
WBSSC_SLST_0081,WB_CENTRE_KOL_01,HALL_02,7,Q14,B,1.0
WBSSC_SLST_0081,WB_CENTRE_KOL_01,HALL_02,7,Q15,B,1.0
WBSSC_SLST_0081,WB_CENTRE_KOL_01,HALL_02,7,Q16,B,1.0
WBSSC_SLST_0081,WB_CENTRE_KOL_01,HALL_02,7,Q17,B,1.0
WBSSC_SLST_0081,WB_CENTRE_KOL_01,HALL_02,7,Q18,B,1.0
WBSSC_SLST_0081,WB_CENTRE_KOL_01,HALL_02,7,Q19,B,1.0
WBSSC_SLST_0081,WB_CENTRE_KOL_01,HALL_02,7,Q20,B,1.0
WBSSC_SLST_0081,WB_CENTRE_KOL_01,HALL_02,7,Q21,B,1.0
WBSSC_SLST_0081,WB_CENTRE_KOL_01,HALL_02,7,Q22,B,1.0
WBSSC_SLST_0081,WB_CENTRE_KOL_01,HALL_02,7,Q23,B,1.0
WBSSC_SLST_0081,WB_CENTRE_KOL_01,HALL_02,7,Q24,B,1.0
WBSSC_SLST_0081,WB_CENTRE_KOL_01,HALL_02,7,Q25,B,1.0
WBSSC_SLST_0081,WB_CENTRE_KOL_01,HALL_02,7,Q26,B,1.0
WBSSC_SLST_0081,WB_CENTRE_KOL_01,HALL_02,7,Q27,B,1.0
WBSSC_SLST_0081,WB_CENTRE_KOL_01,HALL_02,7,Q28,B,1.0
WBSSC_SLST_0081,WB_CENTRE_KOL_01,HALL_02,7,Q29,B,1.0
WBSSC_SLST_0081,WB_CENTRE_KOL_01,HALL_02,7,Q30,B,1.0
WBSSC_SLST_0081,WB_CENTRE_KOL_01,HALL_02,7,Q31,B,1.0
WBSSC_SLST_0081,WB_CENTRE_KOL_01,HALL_02,7,Q32,B,1.0
WBSSC_SLST_0081,WB_CENTRE_KOL_01,HALL_02,7,Q33,B,1.0
WBSSC_SLST_0081,WB_CENTRE_KOL_01,HALL_02,7,Q34,B,1.0
WBSSC_SLST_0081,WB_CENTRE_KOL_01,HALL_02,7,Q35,B,1.0
WBSSC_SLST_0081,WB_CENTRE_KOL_01,HALL_02,7,Q36,B,1.0
WBSSC_SLST_0081,WB_CENTRE_KOL_01,HALL_02,7,Q37,B,1.0
WBSSC_SLST_0081,WB_CENTRE_KOL_01,HALL_02,7,Q38,A,0.0
WBSSC_SLST_0081,WB_CENTRE_KOL_01,HALL_02,7,Q39,D,0.0
WBSSC_SLST_0081,WB_CENTRE_KOL_01,HALL_02,7,Q40,C,0.0
WBSSC_SLST_0081,WB_CENTRE_KOL_01,HALL_02,7,Q41,D,0.0
WBSSC_SLST_0081,WB_CENTRE_KOL_01,HALL_02,7,Q42,C,0.0
WBSSC_SLST_0081,WB_CENTRE_KOL_01,HALL_02,7,Q43,A,0.0
WBSSC_SLST_0081,WB_CENTRE_KOL_01,HALL_02,7,Q44,D,0.0
WBSSC_SLST_0081,WB_CENTRE_KOL_01,HALL_02,7,Q45,A,0.0
WBSSC_SLST_0081,WB_CENTRE_KOL_01,HALL_02,7,Q46,A,0.0
WBSSC_SLST_0081,WB_CENTRE_KOL_01,HALL_02,7,Q47,D,0.0
WBSSC_SLST_0081,WB_CENTRE_KOL_01,HALL_02,7,Q48,D,0.0
WBSSC_SLST_0081,WB_CENTRE_KOL_01,HALL_02,7,Q49,C,0.0
WBSSC_SLST_0081,WB_CENTRE_KOL_01,HALL_02,7,Q50,A,0.0
WBSSC_SLST_0081,WB_CENTRE_KOL_01,HALL_02,7,Q51,C,0.0
WBSSC_SLST_0081,WB_CENTRE_KOL_01,HALL_02,7,Q52,C,0.0
WBSSC_SLST_0081,WB_CENTRE_KOL_01,HALL_02,7,Q53,C,0.0
WBSSC_SLST_0081,WB_CENTRE_KOL_01,HALL_02,7,Q54,A,0.0
WBSSC_SLST_0081,WB_CENTRE_KOL_01,HALL_02,7,Q55,D,0.0
WBSSC_SLST_0081,WB_CENTRE_KOL_01,HALL_02,7,Q56,D,0.0
WBSSC_SLST_0081,WB_CENTRE_KOL_01,HALL_02,7,Q57,D,0.0
WBSSC_SLST_0081,WB_CENTRE_KOL_01,HALL_02,7,Q58,C,0.0
WBSSC_SLST_0081,WB_CENTRE_KOL_01,HALL_02,7,Q59,C,0.0
WBSSC_SLST_0081,WB_CENTRE_KOL_01,HALL_02,7,Q60,C,0.0
WBSSC_SLST_0082,WB_CENTRE_KOL_01,HALL_03,8,Q01,B,1.0
WBSSC_SLST_0082,WB_CENTRE_KOL_01,HALL_03,8,Q02,B,1.0
WBSSC_SLST_0082,WB_CENTRE_KOL_01,HALL_03,8,Q03,B,1.0
WBSSC_SLST_0082,WB_CENTRE_KOL_01,HALL_03,8,Q04,B,1.0
WBSSC_SLST_0082,WB_CENTRE_KOL_01,HALL_03,8,Q05,B,1.0
WBSSC_SLST_0082,WB_CENTRE_KOL_01,HALL_03,8,Q06,B,1.0
WBSSC_SLST_0082,WB_CENTRE_KOL_01,HALL_03,8,Q07,B,1.0
WBSSC_SLST_0082,WB_CENTRE_KOL_01,HALL_03,8,Q08,B,1.0
WBSSC_SLST_0082,WB_CENTRE_KOL_01,HALL_03,8,Q09,B,1.0
WBSSC_SLST_0082,WB_CENTRE_KOL_01,HALL_03,8,Q10,B,1.0
WBSSC_SLST_0082,WB_CENTRE_KOL_01,HALL_03,8,Q11,B,1.0
WBSSC_SLST_0082,WB_CENTRE_KOL_01,HALL_03,8,Q12,B,1.0
WBSSC_SLST_0082,WB_CENTRE_KOL_01,HALL_03,8,Q13,B,1.0
WBSSC_SLST_0082,WB_CENTRE_KOL_01,HALL_03,8,Q14,B,1.0
WBSSC_SLST_0082,WB_CENTRE_KOL_01,HALL_03,8,Q15,B,1.0
WBSSC_SLST_0082,WB_CENTRE_KOL_01,HALL_03,8,Q16,B,1.0
WBSSC_SLST_0082,WB_CENTRE_KOL_01,HALL_03,8,Q17,B,1.0
WBSSC_SLST_0082,WB_CENTRE_KOL_01,HALL_03,8,Q18,B,1.0
WBSSC_SLST_0082,WB_CENTRE_KOL_01,HALL_03,8,Q19,B,1.0
WBSSC_SLST_0082,WB_CENTRE_KOL_01,HALL_03,8,Q20,B,1.0
WBSSC_SLST_0082,WB_CENTRE_KOL_01,HALL_03,8,Q21,B,1.0
WBSSC_SLST_0082,WB_CENTRE_KOL_01,HALL_03,8,Q22,B,1.0
WBSSC_SLST_0082,WB_CENTRE_KOL_01,HALL_03,8,Q23,B,1.0
WBSSC_SLST_0082,WB_CENTRE_KOL_01,HALL_03,8,Q24,B,1.0
WBSSC_SLST_0082,WB_CENTRE_KOL_01,HALL_03,8,Q25,B,1.0
WBSSC_SLST_0082,WB_CENTRE_KOL_01,HALL_03,8,Q26,B,1.0
WBSSC_SLST_0082,WB_CENTRE_KOL_01,HALL_03,8,Q27,B,1.0
WBSSC_SLST_0082,WB_CENTRE_KOL_01,HALL_03,8,Q28,B,1.0
WBSSC_SLST_0082,WB_CENTRE_KOL_01,HALL_03,8,Q29,B,1.0
WBSSC_SLST_0082,WB_CENTRE_KOL_01,HALL_03,8,Q30,B,1.0
WBSSC_SLST_0082,WB_CENTRE_KOL_01,HALL_03,8,Q31,B,1.0
WBSSC_SLST_0082,WB_CENTRE_KOL_01,HALL_03,8,Q32,B,1.0
WBSSC_SLST_0082,WB_CENTRE_KOL_01,HALL_03,8,Q33,B,1.0
WBSSC_SLST_0082,WB_CENTRE_KOL_01,HALL_03,8,Q34,B,1.0
WBSSC_SLST_0082,WB_CENTRE_KOL_01,HALL_03,8,Q35,B,1.0
WBSSC_SLST_0082,WB_CENTRE_KOL_01,HALL_03,8,Q36,B,1.0
WBSSC_SLST_0082,WB_CENTRE_KOL_01,HALL_03,8,Q37,B,1.0
WBSSC_SLST_0082,WB_CENTRE_KOL_01,HALL_03,8,Q38,B,1.0
WBSSC_SLST_0082,WB_CENTRE_KOL_01,HALL_03,8,Q39,B,1.0
WBSSC_SLST_0082,WB_CENTRE_KOL_01,HALL_03,8,Q40,B,1.0
WBSSC_SLST_0082,WB_CENTRE_KOL_01,HALL_03,8,Q41,B,1.0
WBSSC_SLST_0082,WB_CENTRE_KOL_01,HALL_03,8,Q42,B,1.0
WBSSC_SLST_0082,WB_CENTRE_KOL_01,HALL_03,8,Q43,D,0.0
WBSSC_SLST_0082,WB_CENTRE_KOL_01,HALL_03,8,Q44,A,0.0
WBSSC_SLST_0082,WB_CENTRE_KOL_01,HALL_03,8,Q45,C,0.0
WBSSC_SLST_0082,WB_CENTRE_KOL_01,HALL_03,8,Q46,D,0.0
WBSSC_SLST_0082,WB_CENTRE_KOL_01,HALL_03,8,Q47,A,0.0
WBSSC_SLST_0082,WB_CENTRE_KOL_01,HALL_03,8,Q48,D,0.0
WBSSC_SLST_0082,WB_CENTRE_KOL_01,HALL_03,8,Q49,A,0.0
WBSSC_SLST_0082,WB_CENTRE_KOL_01,HALL_03,8,Q50,A,0.0
WBSSC_SLST_0082,WB_CENTRE_KOL_01,HALL_03,8,Q51,C,0.0
WBSSC_SLST_0082,WB_CENTRE_KOL_01,HALL_03,8,Q52,A,0.0
WBSSC_SLST_0082,WB_CENTRE_KOL_01,HALL_03,8,Q53,D,0.0
WBSSC_SLST_0082,WB_CENTRE_KOL_01,HALL_03,8,Q54,A,0.0
WBSSC_SLST_0082,WB_CENTRE_KOL_01,HALL_03,8,Q55,A,0.0
WBSSC_SLST_0082,WB_CENTRE_KOL_01,HALL_03,8,Q56,C,0.0
WBSSC_SLST_0082,WB_CENTRE_KOL_01,HALL_03,8,Q57,A,0.0
WBSSC_SLST_0082,WB_CENTRE_KOL_01,HALL_03,8,Q58,D,0.0
WBSSC_SLST_0082,WB_CENTRE_KOL_01,HALL_03,8,Q59,A,0.0
WBSSC_SLST_0082,WB_CENTRE_KOL_01,HALL_03,8,Q60,A,0.0
WBSSC_SLST_0083,WB_CENTRE_KOL_01,HALL_04,9,Q01,B,1.0
WBSSC_SLST_0083,WB_CENTRE_KOL_01,HALL_04,9,Q02,B,1.0
WBSSC_SLST_0083,WB_CENTRE_KOL_01,HALL_04,9,Q03,B,1.0
WBSSC_SLST_0083,WB_CENTRE_KOL_01,HALL_04,9,Q04,B,1.0
WBSSC_SLST_0083,WB_CENTRE_KOL_01,HALL_04,9,Q05,B,1.0
WBSSC_SLST_0083,WB_CENTRE_KOL_01,HALL_04,9,Q06,B,1.0
WBSSC_SLST_0083,WB_CENTRE_KOL_01,HALL_04,9,Q07,B,1.0
WBSSC_SLST_0083,WB_CENTRE_KOL_01,HALL_04,9,Q08,B,1.0
WBSSC_SLST_0083,WB_CENTRE_KOL_01,HALL_04,9,Q09,B,1.0
WBSSC_SLST_0083,WB_CENTRE_KOL_01,HALL_04,9,Q10,B,1.0
WBSSC_SLST_0083,WB_CENTRE_KOL_01,HALL_04,9,Q11,B,1.0
WBSSC_SLST_0083,WB_CENTRE_KOL_01,HALL_04,9,Q12,B,1.0
WBSSC_SLST_0083,WB_CENTRE_KOL_01,HALL_04,9,Q13,B,1.0
WBSSC_SLST_0083,WB_CENTRE_KOL_01,HALL_04,9,Q14,B,1.0
WBSSC_SLST_0083,WB_CENTRE_KOL_01,HALL_04,9,Q15,B,1.0
WBSSC_SLST_0083,WB_CENTRE_KOL_01,HALL_04,9,Q16,B,1.0
WBSSC_SLST_0083,WB_CENTRE_KOL_01,HALL_04,9,Q17,B,1.0
WBSSC_SLST_0083,WB_CENTRE_KOL_01,HALL_04,9,Q18,B,1.0
WBSSC_SLST_0083,WB_CENTRE_KOL_01,HALL_04,9,Q19,B,1.0
WBSSC_SLST_0083,WB_CENTRE_KOL_01,HALL_04,9,Q20,B,1.0
WBSSC_SLST_0083,WB_CENTRE_KOL_01,HALL_04,9,Q21,B,1.0
WBSSC_SLST_0083,WB_CENTRE_KOL_01,HALL_04,9,Q22,B,1.0
WBSSC_SLST_0083,WB_CENTRE_KOL_01,HALL_04,9,Q23,B,1.0
WBSSC_SLST_0083,WB_CENTRE_KOL_01,HALL_04,9,Q24,D,0.0
WBSSC_SLST_0083,WB_CENTRE_KOL_01,HALL_04,9,Q25,C,0.0
WBSSC_SLST_0083,WB_CENTRE_KOL_01,HALL_04,9,Q26,C,0.0
WBSSC_SLST_0083,WB_CENTRE_KOL_01,HALL_04,9,Q27,A,0.0
WBSSC_SLST_0083,WB_CENTRE_KOL_01,HALL_04,9,Q28,D,0.0
WBSSC_SLST_0083,WB_CENTRE_KOL_01,HALL_04,9,Q29,C,0.0
WBSSC_SLST_0083,WB_CENTRE_KOL_01,HALL_04,9,Q30,D,0.0
WBSSC_SLST_0083,WB_CENTRE_KOL_01,HALL_04,9,Q31,D,0.0
WBSSC_SLST_0083,WB_CENTRE_KOL_01,HALL_04,9,Q32,C,0.0
WBSSC_SLST_0083,WB_CENTRE_KOL_01,HALL_04,9,Q33,A,0.0
WBSSC_SLST_0083,WB_CENTRE_KOL_01,HALL_04,9,Q34,C,0.0
WBSSC_SLST_0083,WB_CENTRE_KOL_01,HALL_04,9,Q35,A,0.0
WBSSC_SLST_0083,WB_CENTRE_KOL_01,HALL_04,9,Q36,D,0.0
WBSSC_SLST_0083,WB_CENTRE_KOL_01,HALL_04,9,Q37,D,0.0
WBSSC_SLST_0083,WB_CENTRE_KOL_01,HALL_04,9,Q38,D,0.0
WBSSC_SLST_0083,WB_CENTRE_KOL_01,HALL_04,9,Q39,A,0.0
WBSSC_SLST_0083,WB_CENTRE_KOL_01,HALL_04,9,Q40,C,0.0
WBSSC_SLST_0083,WB_CENTRE_KOL_01,HALL_04,9,Q41,C,0.0
WBSSC_SLST_0083,WB_CENTRE_KOL_01,HALL_04,9,Q42,D,0.0
WBSSC_SLST_0083,WB_CENTRE_KOL_01,HALL_04,9,Q43,A,0.0
WBSSC_SLST_0083,WB_CENTRE_KOL_01,HALL_04,9,Q44,C,0.0
WBSSC_SLST_0083,WB_CENTRE_KOL_01,HALL_04,9,Q45,D,0.0
WBSSC_SLST_0083,WB_CENTRE_KOL_01,HALL_04,9,Q46,D,0.0
WBSSC_SLST_0083,WB_CENTRE_KOL_01,HALL_04,9,Q47,A,0.0
WBSSC_SLST_0083,WB_CENTRE_KOL_01,HALL_04,9,Q48,C,0.0
WBSSC_SLST_0083,WB_CENTRE_KOL_01,HALL_04,9,Q49,C,0.0
WBSSC_SLST_0083,WB_CENTRE_KOL_01,HALL_04,9,Q50,A,0.0
WBSSC_SLST_0083,WB_CENTRE_KOL_01,HALL_04,9,Q51,C,0.0
WBSSC_SLST_0083,WB_CENTRE_KOL_01,HALL_04,9,Q52,D,0.0
WBSSC_SLST_0083,WB_CENTRE_KOL_01,HALL_04,9,Q53,A,0.0
WBSSC_SLST_0083,WB_CENTRE_KOL_01,HALL_04,9,Q54,A,0.0
WBSSC_SLST_0083,WB_CENTRE_KOL_01,HALL_04,9,Q55,A,0.0
WBSSC_SLST_0083,WB_CENTRE_KOL_01,HALL_04,9,Q56,C,0.0
WBSSC_SLST_0083,WB_CENTRE_KOL_01,HALL_04,9,Q57,C,0.0
WBSSC_SLST_0083,WB_CENTRE_KOL_01,HALL_04,9,Q58,D,0.0
WBSSC_SLST_0083,WB_CENTRE_KOL_01,HALL_04,9,Q59,A,0.0
WBSSC_SLST_0083,WB_CENTRE_KOL_01,HALL_04,9,Q60,D,0.0
WBSSC_SLST_0084,WB_CENTRE_KOL_01,HALL_01,10,Q01,B,1.0
WBSSC_SLST_0084,WB_CENTRE_KOL_01,HALL_01,10,Q02,B,1.0
WBSSC_SLST_0084,WB_CENTRE_KOL_01,HALL_01,10,Q03,B,1.0
WBSSC_SLST_0084,WB_CENTRE_KOL_01,HALL_01,10,Q04,B,1.0
WBSSC_SLST_0084,WB_CENTRE_KOL_01,HALL_01,10,Q05,B,1.0
WBSSC_SLST_0084,WB_CENTRE_KOL_01,HALL_01,10,Q06,B,1.0
WBSSC_SLST_0084,WB_CENTRE_KOL_01,HALL_01,10,Q07,B,1.0
WBSSC_SLST_0084,WB_CENTRE_KOL_01,HALL_01,10,Q08,B,1.0
WBSSC_SLST_0084,WB_CENTRE_KOL_01,HALL_01,10,Q09,B,1.0
WBSSC_SLST_0084,WB_CENTRE_KOL_01,HALL_01,10,Q10,B,1.0
WBSSC_SLST_0084,WB_CENTRE_KOL_01,HALL_01,10,Q11,B,1.0
WBSSC_SLST_0084,WB_CENTRE_KOL_01,HALL_01,10,Q12,B,1.0
WBSSC_SLST_0084,WB_CENTRE_KOL_01,HALL_01,10,Q13,B,1.0
WBSSC_SLST_0084,WB_CENTRE_KOL_01,HALL_01,10,Q14,B,1.0
WBSSC_SLST_0084,WB_CENTRE_KOL_01,HALL_01,10,Q15,B,1.0
WBSSC_SLST_0084,WB_CENTRE_KOL_01,HALL_01,10,Q16,B,1.0
WBSSC_SLST_0084,WB_CENTRE_KOL_01,HALL_01,10,Q17,B,1.0
WBSSC_SLST_0084,WB_CENTRE_KOL_01,HALL_01,10,Q18,B,1.0
WBSSC_SLST_0084,WB_CENTRE_KOL_01,HALL_01,10,Q19,B,1.0
WBSSC_SLST_0084,WB_CENTRE_KOL_01,HALL_01,10,Q20,B,1.0
WBSSC_SLST_0084,WB_CENTRE_KOL_01,HALL_01,10,Q21,B,1.0
WBSSC_SLST_0084,WB_CENTRE_KOL_01,HALL_01,10,Q22,B,1.0
WBSSC_SLST_0084,WB_CENTRE_KOL_01,HALL_01,10,Q23,B,1.0
WBSSC_SLST_0084,WB_CENTRE_KOL_01,HALL_01,10,Q24,B,1.0
WBSSC_SLST_0084,WB_CENTRE_KOL_01,HALL_01,10,Q25,B,1.0
WBSSC_SLST_0084,WB_CENTRE_KOL_01,HALL_01,10,Q26,B,1.0
WBSSC_SLST_0084,WB_CENTRE_KOL_01,HALL_01,10,Q27,B,1.0
WBSSC_SLST_0084,WB_CENTRE_KOL_01,HALL_01,10,Q28,B,1.0
WBSSC_SLST_0084,WB_CENTRE_KOL_01,HALL_01,10,Q29,D,0.0
WBSSC_SLST_0084,WB_CENTRE_KOL_01,HALL_01,10,Q30,C,0.0
WBSSC_SLST_0084,WB_CENTRE_KOL_01,HALL_01,10,Q31,C,0.0
WBSSC_SLST_0084,WB_CENTRE_KOL_01,HALL_01,10,Q32,C,0.0
WBSSC_SLST_0084,WB_CENTRE_KOL_01,HALL_01,10,Q33,A,0.0
WBSSC_SLST_0084,WB_CENTRE_KOL_01,HALL_01,10,Q34,A,0.0
WBSSC_SLST_0084,WB_CENTRE_KOL_01,HALL_01,10,Q35,C,0.0
WBSSC_SLST_0084,WB_CENTRE_KOL_01,HALL_01,10,Q36,D,0.0
WBSSC_SLST_0084,WB_CENTRE_KOL_01,HALL_01,10,Q37,D,0.0
WBSSC_SLST_0084,WB_CENTRE_KOL_01,HALL_01,10,Q38,C,0.0
WBSSC_SLST_0084,WB_CENTRE_KOL_01,HALL_01,10,Q39,A,0.0
WBSSC_SLST_0084,WB_CENTRE_KOL_01,HALL_01,10,Q40,C,0.0
WBSSC_SLST_0084,WB_CENTRE_KOL_01,HALL_01,10,Q41,D,0.0
WBSSC_SLST_0084,WB_CENTRE_KOL_01,HALL_01,10,Q42,D,0.0
WBSSC_SLST_0084,WB_CENTRE_KOL_01,HALL_01,10,Q43,C,0.0
WBSSC_SLST_0084,WB_CENTRE_KOL_01,HALL_01,10,Q44,C,0.0
WBSSC_SLST_0084,WB_CENTRE_KOL_01,HALL_01,10,Q45,A,0.0
WBSSC_SLST_0084,WB_CENTRE_KOL_01,HALL_01,10,Q46,C,0.0
WBSSC_SLST_0084,WB_CENTRE_KOL_01,HALL_01,10,Q47,A,0.0
WBSSC_SLST_0084,WB_CENTRE_KOL_01,HALL_01,10,Q48,C,0.0
WBSSC_SLST_0084,WB_CENTRE_KOL_01,HALL_01,10,Q49,A,0.0
WBSSC_SLST_0084,WB_CENTRE_KOL_01,HALL_01,10,Q50,A,0.0
WBSSC_SLST_0084,WB_CENTRE_KOL_01,HALL_01,10,Q51,D,0.0
WBSSC_SLST_0084,WB_CENTRE_KOL_01,HALL_01,10,Q52,D,0.0
WBSSC_SLST_0084,WB_CENTRE_KOL_01,HALL_01,10,Q53,D,0.0
WBSSC_SLST_0084,WB_CENTRE_KOL_01,HALL_01,10,Q54,C,0.0
WBSSC_SLST_0084,WB_CENTRE_KOL_01,HALL_01,10,Q55,C,0.0
WBSSC_SLST_0084,WB_CENTRE_KOL_01,HALL_01,10,Q56,D,0.0
WBSSC_SLST_0084,WB_CENTRE_KOL_01,HALL_01,10,Q57,C,0.0
WBSSC_SLST_0084,WB_CENTRE_KOL_01,HALL_01,10,Q58,D,0.0
WBSSC_SLST_0084,WB_CENTRE_KOL_01,HALL_01,10,Q59,C,0.0
WBSSC_SLST_0084,WB_CENTRE_KOL_01,HALL_01,10,Q60,D,0.0
WBSSC_SLST_0085,WB_CENTRE_KOL_01,HALL_02,11,Q01,B,1.0
WBSSC_SLST_0085,WB_CENTRE_KOL_01,HALL_02,11,Q02,B,1.0
WBSSC_SLST_0085,WB_CENTRE_KOL_01,HALL_02,11,Q03,B,1.0
WBSSC_SLST_0085,WB_CENTRE_KOL_01,HALL_02,11,Q04,B,1.0
WBSSC_SLST_0085,WB_CENTRE_KOL_01,HALL_02,11,Q05,B,1.0
WBSSC_SLST_0085,WB_CENTRE_KOL_01,HALL_02,11,Q06,B,1.0
WBSSC_SLST_0085,WB_CENTRE_KOL_01,HALL_02,11,Q07,B,1.0
WBSSC_SLST_0085,WB_CENTRE_KOL_01,HALL_02,11,Q08,B,1.0
WBSSC_SLST_0085,WB_CENTRE_KOL_01,HALL_02,11,Q09,B,1.0
WBSSC_SLST_0085,WB_CENTRE_KOL_01,HALL_02,11,Q10,B,1.0
WBSSC_SLST_0085,WB_CENTRE_KOL_01,HALL_02,11,Q11,B,1.0
WBSSC_SLST_0085,WB_CENTRE_KOL_01,HALL_02,11,Q12,B,1.0
WBSSC_SLST_0085,WB_CENTRE_KOL_01,HALL_02,11,Q13,B,1.0
WBSSC_SLST_0085,WB_CENTRE_KOL_01,HALL_02,11,Q14,B,1.0
WBSSC_SLST_0085,WB_CENTRE_KOL_01,HALL_02,11,Q15,B,1.0
WBSSC_SLST_0085,WB_CENTRE_KOL_01,HALL_02,11,Q16,B,1.0
WBSSC_SLST_0085,WB_CENTRE_KOL_01,HALL_02,11,Q17,B,1.0
WBSSC_SLST_0085,WB_CENTRE_KOL_01,HALL_02,11,Q18,B,1.0
WBSSC_SLST_0085,WB_CENTRE_KOL_01,HALL_02,11,Q19,B,1.0
WBSSC_SLST_0085,WB_CENTRE_KOL_01,HALL_02,11,Q20,B,1.0
WBSSC_SLST_0085,WB_CENTRE_KOL_01,HALL_02,11,Q21,B,1.0
WBSSC_SLST_0085,WB_CENTRE_KOL_01,HALL_02,11,Q22,B,1.0
WBSSC_SLST_0085,WB_CENTRE_KOL_01,HALL_02,11,Q23,B,1.0
WBSSC_SLST_0085,WB_CENTRE_KOL_01,HALL_02,11,Q24,B,1.0
WBSSC_SLST_0085,WB_CENTRE_KOL_01,HALL_02,11,Q25,B,1.0
WBSSC_SLST_0085,WB_CENTRE_KOL_01,HALL_02,11,Q26,B,1.0
WBSSC_SLST_0085,WB_CENTRE_KOL_01,HALL_02,11,Q27,B,1.0
WBSSC_SLST_0085,WB_CENTRE_KOL_01,HALL_02,11,Q28,B,1.0
WBSSC_SLST_0085,WB_CENTRE_KOL_01,HALL_02,11,Q29,B,1.0
WBSSC_SLST_0085,WB_CENTRE_KOL_01,HALL_02,11,Q30,B,1.0
WBSSC_SLST_0085,WB_CENTRE_KOL_01,HALL_02,11,Q31,B,1.0
WBSSC_SLST_0085,WB_CENTRE_KOL_01,HALL_02,11,Q32,B,1.0
WBSSC_SLST_0085,WB_CENTRE_KOL_01,HALL_02,11,Q33,B,1.0
WBSSC_SLST_0085,WB_CENTRE_KOL_01,HALL_02,11,Q34,B,1.0
WBSSC_SLST_0085,WB_CENTRE_KOL_01,HALL_02,11,Q35,B,1.0
WBSSC_SLST_0085,WB_CENTRE_KOL_01,HALL_02,11,Q36,B,1.0
WBSSC_SLST_0085,WB_CENTRE_KOL_01,HALL_02,11,Q37,B,1.0
WBSSC_SLST_0085,WB_CENTRE_KOL_01,HALL_02,11,Q38,B,1.0
WBSSC_SLST_0085,WB_CENTRE_KOL_01,HALL_02,11,Q39,B,1.0
WBSSC_SLST_0085,WB_CENTRE_KOL_01,HALL_02,11,Q40,B,1.0
WBSSC_SLST_0085,WB_CENTRE_KOL_01,HALL_02,11,Q41,D,0.0
WBSSC_SLST_0085,WB_CENTRE_KOL_01,HALL_02,11,Q42,A,0.0
WBSSC_SLST_0085,WB_CENTRE_KOL_01,HALL_02,11,Q43,D,0.0
WBSSC_SLST_0085,WB_CENTRE_KOL_01,HALL_02,11,Q44,D,0.0
WBSSC_SLST_0085,WB_CENTRE_KOL_01,HALL_02,11,Q45,A,0.0
WBSSC_SLST_0085,WB_CENTRE_KOL_01,HALL_02,11,Q46,C,0.0
WBSSC_SLST_0085,WB_CENTRE_KOL_01,HALL_02,11,Q47,D,0.0
WBSSC_SLST_0085,WB_CENTRE_KOL_01,HALL_02,11,Q48,C,0.0
WBSSC_SLST_0085,WB_CENTRE_KOL_01,HALL_02,11,Q49,A,0.0
WBSSC_SLST_0085,WB_CENTRE_KOL_01,HALL_02,11,Q50,A,0.0
WBSSC_SLST_0085,WB_CENTRE_KOL_01,HALL_02,11,Q51,C,0.0
WBSSC_SLST_0085,WB_CENTRE_KOL_01,HALL_02,11,Q52,D,0.0
WBSSC_SLST_0085,WB_CENTRE_KOL_01,HALL_02,11,Q53,A,0.0
WBSSC_SLST_0085,WB_CENTRE_KOL_01,HALL_02,11,Q54,A,0.0
WBSSC_SLST_0085,WB_CENTRE_KOL_01,HALL_02,11,Q55,C,0.0
WBSSC_SLST_0085,WB_CENTRE_KOL_01,HALL_02,11,Q56,A,0.0
WBSSC_SLST_0085,WB_CENTRE_KOL_01,HALL_02,11,Q57,A,0.0
WBSSC_SLST_0085,WB_CENTRE_KOL_01,HALL_02,11,Q58,A,0.0
WBSSC_SLST_0085,WB_CENTRE_KOL_01,HALL_02,11,Q59,C,0.0
WBSSC_SLST_0085,WB_CENTRE_KOL_01,HALL_02,11,Q60,C,0.0
WBSSC_SLST_0086,WB_CENTRE_KOL_01,HALL_03,12,Q01,B,1.0
WBSSC_SLST_0086,WB_CENTRE_KOL_01,HALL_03,12,Q02,B,1.0
WBSSC_SLST_0086,WB_CENTRE_KOL_01,HALL_03,12,Q03,B,1.0
WBSSC_SLST_0086,WB_CENTRE_KOL_01,HALL_03,12,Q04,B,1.0
WBSSC_SLST_0086,WB_CENTRE_KOL_01,HALL_03,12,Q05,B,1.0
WBSSC_SLST_0086,WB_CENTRE_KOL_01,HALL_03,12,Q06,B,1.0
WBSSC_SLST_0086,WB_CENTRE_KOL_01,HALL_03,12,Q07,B,1.0
WBSSC_SLST_0086,WB_CENTRE_KOL_01,HALL_03,12,Q08,B,1.0
WBSSC_SLST_0086,WB_CENTRE_KOL_01,HALL_03,12,Q09,B,1.0
WBSSC_SLST_0086,WB_CENTRE_KOL_01,HALL_03,12,Q10,B,1.0
WBSSC_SLST_0086,WB_CENTRE_KOL_01,HALL_03,12,Q11,B,1.0
WBSSC_SLST_0086,WB_CENTRE_KOL_01,HALL_03,12,Q12,B,1.0
WBSSC_SLST_0086,WB_CENTRE_KOL_01,HALL_03,12,Q13,B,1.0
WBSSC_SLST_0086,WB_CENTRE_KOL_01,HALL_03,12,Q14,B,1.0
WBSSC_SLST_0086,WB_CENTRE_KOL_01,HALL_03,12,Q15,B,1.0
WBSSC_SLST_0086,WB_CENTRE_KOL_01,HALL_03,12,Q16,B,1.0
WBSSC_SLST_0086,WB_CENTRE_KOL_01,HALL_03,12,Q17,B,1.0
WBSSC_SLST_0086,WB_CENTRE_KOL_01,HALL_03,12,Q18,B,1.0
WBSSC_SLST_0086,WB_CENTRE_KOL_01,HALL_03,12,Q19,B,1.0
WBSSC_SLST_0086,WB_CENTRE_KOL_01,HALL_03,12,Q20,B,1.0
WBSSC_SLST_0086,WB_CENTRE_KOL_01,HALL_03,12,Q21,B,1.0
WBSSC_SLST_0086,WB_CENTRE_KOL_01,HALL_03,12,Q22,D,0.0
WBSSC_SLST_0086,WB_CENTRE_KOL_01,HALL_03,12,Q23,C,0.0
WBSSC_SLST_0086,WB_CENTRE_KOL_01,HALL_03,12,Q24,A,0.0
WBSSC_SLST_0086,WB_CENTRE_KOL_01,HALL_03,12,Q25,D,0.0
WBSSC_SLST_0086,WB_CENTRE_KOL_01,HALL_03,12,Q26,A,0.0
WBSSC_SLST_0086,WB_CENTRE_KOL_01,HALL_03,12,Q27,C,0.0
WBSSC_SLST_0086,WB_CENTRE_KOL_01,HALL_03,12,Q28,D,0.0
WBSSC_SLST_0086,WB_CENTRE_KOL_01,HALL_03,12,Q29,D,0.0
WBSSC_SLST_0086,WB_CENTRE_KOL_01,HALL_03,12,Q30,C,0.0
WBSSC_SLST_0086,WB_CENTRE_KOL_01,HALL_03,12,Q31,C,0.0
WBSSC_SLST_0086,WB_CENTRE_KOL_01,HALL_03,12,Q32,C,0.0
WBSSC_SLST_0086,WB_CENTRE_KOL_01,HALL_03,12,Q33,D,0.0
WBSSC_SLST_0086,WB_CENTRE_KOL_01,HALL_03,12,Q34,D,0.0
WBSSC_SLST_0086,WB_CENTRE_KOL_01,HALL_03,12,Q35,A,0.0
WBSSC_SLST_0086,WB_CENTRE_KOL_01,HALL_03,12,Q36,C,0.0
WBSSC_SLST_0086,WB_CENTRE_KOL_01,HALL_03,12,Q37,D,0.0
WBSSC_SLST_0086,WB_CENTRE_KOL_01,HALL_03,12,Q38,C,0.0
WBSSC_SLST_0086,WB_CENTRE_KOL_01,HALL_03,12,Q39,A,0.0
WBSSC_SLST_0086,WB_CENTRE_KOL_01,HALL_03,12,Q40,C,0.0
WBSSC_SLST_0086,WB_CENTRE_KOL_01,HALL_03,12,Q41,A,0.0
WBSSC_SLST_0086,WB_CENTRE_KOL_01,HALL_03,12,Q42,D,0.0
WBSSC_SLST_0086,WB_CENTRE_KOL_01,HALL_03,12,Q43,A,0.0
WBSSC_SLST_0086,WB_CENTRE_KOL_01,HALL_03,12,Q44,C,0.0
WBSSC_SLST_0086,WB_CENTRE_KOL_01,HALL_03,12,Q45,C,0.0
WBSSC_SLST_0086,WB_CENTRE_KOL_01,HALL_03,12,Q46,D,0.0
WBSSC_SLST_0086,WB_CENTRE_KOL_01,HALL_03,12,Q47,C,0.0
WBSSC_SLST_0086,WB_CENTRE_KOL_01,HALL_03,12,Q48,C,0.0
WBSSC_SLST_0086,WB_CENTRE_KOL_01,HALL_03,12,Q49,A,0.0
WBSSC_SLST_0086,WB_CENTRE_KOL_01,HALL_03,12,Q50,D,0.0
WBSSC_SLST_0086,WB_CENTRE_KOL_01,HALL_03,12,Q51,C,0.0
WBSSC_SLST_0086,WB_CENTRE_KOL_01,HALL_03,12,Q52,C,0.0
WBSSC_SLST_0086,WB_CENTRE_KOL_01,HALL_03,12,Q53,C,0.0
WBSSC_SLST_0086,WB_CENTRE_KOL_01,HALL_03,12,Q54,C,0.0
WBSSC_SLST_0086,WB_CENTRE_KOL_01,HALL_03,12,Q55,D,0.0
WBSSC_SLST_0086,WB_CENTRE_KOL_01,HALL_03,12,Q56,C,0.0
WBSSC_SLST_0086,WB_CENTRE_KOL_01,HALL_03,12,Q57,D,0.0
WBSSC_SLST_0086,WB_CENTRE_KOL_01,HALL_03,12,Q58,A,0.0
WBSSC_SLST_0086,WB_CENTRE_KOL_01,HALL_03,12,Q59,A,0.0
WBSSC_SLST_0086,WB_CENTRE_KOL_01,HALL_03,12,Q60,D,0.0
WBSSC_SLST_0087,WB_CENTRE_KOL_01,HALL_04,13,Q01,B,1.0
WBSSC_SLST_0087,WB_CENTRE_KOL_01,HALL_04,13,Q02,B,1.0
WBSSC_SLST_0087,WB_CENTRE_KOL_01,HALL_04,13,Q03,B,1.0
WBSSC_SLST_0087,WB_CENTRE_KOL_01,HALL_04,13,Q04,B,1.0
WBSSC_SLST_0087,WB_CENTRE_KOL_01,HALL_04,13,Q05,B,1.0
WBSSC_SLST_0087,WB_CENTRE_KOL_01,HALL_04,13,Q06,B,1.0
WBSSC_SLST_0087,WB_CENTRE_KOL_01,HALL_04,13,Q07,B,1.0
WBSSC_SLST_0087,WB_CENTRE_KOL_01,HALL_04,13,Q08,B,1.0
WBSSC_SLST_0087,WB_CENTRE_KOL_01,HALL_04,13,Q09,B,1.0
WBSSC_SLST_0087,WB_CENTRE_KOL_01,HALL_04,13,Q10,B,1.0
WBSSC_SLST_0087,WB_CENTRE_KOL_01,HALL_04,13,Q11,B,1.0
WBSSC_SLST_0087,WB_CENTRE_KOL_01,HALL_04,13,Q12,B,1.0
WBSSC_SLST_0087,WB_CENTRE_KOL_01,HALL_04,13,Q13,B,1.0
WBSSC_SLST_0087,WB_CENTRE_KOL_01,HALL_04,13,Q14,B,1.0
WBSSC_SLST_0087,WB_CENTRE_KOL_01,HALL_04,13,Q15,B,1.0
WBSSC_SLST_0087,WB_CENTRE_KOL_01,HALL_04,13,Q16,B,1.0
WBSSC_SLST_0087,WB_CENTRE_KOL_01,HALL_04,13,Q17,B,1.0
WBSSC_SLST_0087,WB_CENTRE_KOL_01,HALL_04,13,Q18,B,1.0
WBSSC_SLST_0087,WB_CENTRE_KOL_01,HALL_04,13,Q19,B,1.0
WBSSC_SLST_0087,WB_CENTRE_KOL_01,HALL_04,13,Q20,B,1.0
WBSSC_SLST_0087,WB_CENTRE_KOL_01,HALL_04,13,Q21,B,1.0
WBSSC_SLST_0087,WB_CENTRE_KOL_01,HALL_04,13,Q22,B,1.0
WBSSC_SLST_0087,WB_CENTRE_KOL_01,HALL_04,13,Q23,B,1.0
WBSSC_SLST_0087,WB_CENTRE_KOL_01,HALL_04,13,Q24,B,1.0
WBSSC_SLST_0087,WB_CENTRE_KOL_01,HALL_04,13,Q25,B,1.0
WBSSC_SLST_0087,WB_CENTRE_KOL_01,HALL_04,13,Q26,B,1.0
WBSSC_SLST_0087,WB_CENTRE_KOL_01,HALL_04,13,Q27,C,0.0
WBSSC_SLST_0087,WB_CENTRE_KOL_01,HALL_04,13,Q28,C,0.0
WBSSC_SLST_0087,WB_CENTRE_KOL_01,HALL_04,13,Q29,D,0.0
WBSSC_SLST_0087,WB_CENTRE_KOL_01,HALL_04,13,Q30,C,0.0
WBSSC_SLST_0087,WB_CENTRE_KOL_01,HALL_04,13,Q31,C,0.0
WBSSC_SLST_0087,WB_CENTRE_KOL_01,HALL_04,13,Q32,D,0.0
WBSSC_SLST_0087,WB_CENTRE_KOL_01,HALL_04,13,Q33,A,0.0
WBSSC_SLST_0087,WB_CENTRE_KOL_01,HALL_04,13,Q34,A,0.0
WBSSC_SLST_0087,WB_CENTRE_KOL_01,HALL_04,13,Q35,D,0.0
WBSSC_SLST_0087,WB_CENTRE_KOL_01,HALL_04,13,Q36,C,0.0
WBSSC_SLST_0087,WB_CENTRE_KOL_01,HALL_04,13,Q37,C,0.0
WBSSC_SLST_0087,WB_CENTRE_KOL_01,HALL_04,13,Q38,D,0.0
WBSSC_SLST_0087,WB_CENTRE_KOL_01,HALL_04,13,Q39,C,0.0
WBSSC_SLST_0087,WB_CENTRE_KOL_01,HALL_04,13,Q40,A,0.0
WBSSC_SLST_0087,WB_CENTRE_KOL_01,HALL_04,13,Q41,D,0.0
WBSSC_SLST_0087,WB_CENTRE_KOL_01,HALL_04,13,Q42,A,0.0
WBSSC_SLST_0087,WB_CENTRE_KOL_01,HALL_04,13,Q43,A,0.0
WBSSC_SLST_0087,WB_CENTRE_KOL_01,HALL_04,13,Q44,C,0.0
WBSSC_SLST_0087,WB_CENTRE_KOL_01,HALL_04,13,Q45,A,0.0
WBSSC_SLST_0087,WB_CENTRE_KOL_01,HALL_04,13,Q46,A,0.0
WBSSC_SLST_0087,WB_CENTRE_KOL_01,HALL_04,13,Q47,A,0.0
WBSSC_SLST_0087,WB_CENTRE_KOL_01,HALL_04,13,Q48,D,0.0
WBSSC_SLST_0087,WB_CENTRE_KOL_01,HALL_04,13,Q49,A,0.0
WBSSC_SLST_0087,WB_CENTRE_KOL_01,HALL_04,13,Q50,D,0.0
WBSSC_SLST_0087,WB_CENTRE_KOL_01,HALL_04,13,Q51,D,0.0
WBSSC_SLST_0087,WB_CENTRE_KOL_01,HALL_04,13,Q52,A,0.0
WBSSC_SLST_0087,WB_CENTRE_KOL_01,HALL_04,13,Q53,C,0.0
WBSSC_SLST_0087,WB_CENTRE_KOL_01,HALL_04,13,Q54,A,0.0
WBSSC_SLST_0087,WB_CENTRE_KOL_01,HALL_04,13,Q55,C,0.0
WBSSC_SLST_0087,WB_CENTRE_KOL_01,HALL_04,13,Q56,C,0.0
WBSSC_SLST_0087,WB_CENTRE_KOL_01,HALL_04,13,Q57,A,0.0
WBSSC_SLST_0087,WB_CENTRE_KOL_01,HALL_04,13,Q58,C,0.0
WBSSC_SLST_0087,WB_CENTRE_KOL_01,HALL_04,13,Q59,A,0.0
WBSSC_SLST_0087,WB_CENTRE_KOL_01,HALL_04,13,Q60,A,0.0
WBSSC_SLST_0088,WB_CENTRE_KOL_01,HALL_01,14,Q01,B,1.0
WBSSC_SLST_0088,WB_CENTRE_KOL_01,HALL_01,14,Q02,B,1.0
WBSSC_SLST_0088,WB_CENTRE_KOL_01,HALL_01,14,Q03,B,1.0
WBSSC_SLST_0088,WB_CENTRE_KOL_01,HALL_01,14,Q04,B,1.0
WBSSC_SLST_0088,WB_CENTRE_KOL_01,HALL_01,14,Q05,B,1.0
WBSSC_SLST_0088,WB_CENTRE_KOL_01,HALL_01,14,Q06,B,1.0
WBSSC_SLST_0088,WB_CENTRE_KOL_01,HALL_01,14,Q07,B,1.0
WBSSC_SLST_0088,WB_CENTRE_KOL_01,HALL_01,14,Q08,B,1.0
WBSSC_SLST_0088,WB_CENTRE_KOL_01,HALL_01,14,Q09,B,1.0
WBSSC_SLST_0088,WB_CENTRE_KOL_01,HALL_01,14,Q10,B,1.0
WBSSC_SLST_0088,WB_CENTRE_KOL_01,HALL_01,14,Q11,B,1.0
WBSSC_SLST_0088,WB_CENTRE_KOL_01,HALL_01,14,Q12,B,1.0
WBSSC_SLST_0088,WB_CENTRE_KOL_01,HALL_01,14,Q13,B,1.0
WBSSC_SLST_0088,WB_CENTRE_KOL_01,HALL_01,14,Q14,B,1.0
WBSSC_SLST_0088,WB_CENTRE_KOL_01,HALL_01,14,Q15,B,1.0
WBSSC_SLST_0088,WB_CENTRE_KOL_01,HALL_01,14,Q16,B,1.0
WBSSC_SLST_0088,WB_CENTRE_KOL_01,HALL_01,14,Q17,B,1.0
WBSSC_SLST_0088,WB_CENTRE_KOL_01,HALL_01,14,Q18,B,1.0
WBSSC_SLST_0088,WB_CENTRE_KOL_01,HALL_01,14,Q19,B,1.0
WBSSC_SLST_0088,WB_CENTRE_KOL_01,HALL_01,14,Q20,B,1.0
WBSSC_SLST_0088,WB_CENTRE_KOL_01,HALL_01,14,Q21,B,1.0
WBSSC_SLST_0088,WB_CENTRE_KOL_01,HALL_01,14,Q22,B,1.0
WBSSC_SLST_0088,WB_CENTRE_KOL_01,HALL_01,14,Q23,B,1.0
WBSSC_SLST_0088,WB_CENTRE_KOL_01,HALL_01,14,Q24,B,1.0
WBSSC_SLST_0088,WB_CENTRE_KOL_01,HALL_01,14,Q25,B,1.0
WBSSC_SLST_0088,WB_CENTRE_KOL_01,HALL_01,14,Q26,B,1.0
WBSSC_SLST_0088,WB_CENTRE_KOL_01,HALL_01,14,Q27,B,1.0
WBSSC_SLST_0088,WB_CENTRE_KOL_01,HALL_01,14,Q28,B,1.0
WBSSC_SLST_0088,WB_CENTRE_KOL_01,HALL_01,14,Q29,B,1.0
WBSSC_SLST_0088,WB_CENTRE_KOL_01,HALL_01,14,Q30,B,1.0
WBSSC_SLST_0088,WB_CENTRE_KOL_01,HALL_01,14,Q31,B,1.0
WBSSC_SLST_0088,WB_CENTRE_KOL_01,HALL_01,14,Q32,B,1.0
WBSSC_SLST_0088,WB_CENTRE_KOL_01,HALL_01,14,Q33,B,1.0
WBSSC_SLST_0088,WB_CENTRE_KOL_01,HALL_01,14,Q34,B,1.0
WBSSC_SLST_0088,WB_CENTRE_KOL_01,HALL_01,14,Q35,B,1.0
WBSSC_SLST_0088,WB_CENTRE_KOL_01,HALL_01,14,Q36,B,1.0
WBSSC_SLST_0088,WB_CENTRE_KOL_01,HALL_01,14,Q37,B,1.0
WBSSC_SLST_0088,WB_CENTRE_KOL_01,HALL_01,14,Q38,B,1.0
WBSSC_SLST_0088,WB_CENTRE_KOL_01,HALL_01,14,Q39,D,0.0
WBSSC_SLST_0088,WB_CENTRE_KOL_01,HALL_01,14,Q40,D,0.0
WBSSC_SLST_0088,WB_CENTRE_KOL_01,HALL_01,14,Q41,D,0.0
WBSSC_SLST_0088,WB_CENTRE_KOL_01,HALL_01,14,Q42,A,0.0
WBSSC_SLST_0088,WB_CENTRE_KOL_01,HALL_01,14,Q43,D,0.0
WBSSC_SLST_0088,WB_CENTRE_KOL_01,HALL_01,14,Q44,C,0.0
WBSSC_SLST_0088,WB_CENTRE_KOL_01,HALL_01,14,Q45,A,0.0
WBSSC_SLST_0088,WB_CENTRE_KOL_01,HALL_01,14,Q46,A,0.0
WBSSC_SLST_0088,WB_CENTRE_KOL_01,HALL_01,14,Q47,D,0.0
WBSSC_SLST_0088,WB_CENTRE_KOL_01,HALL_01,14,Q48,C,0.0
WBSSC_SLST_0088,WB_CENTRE_KOL_01,HALL_01,14,Q49,A,0.0
WBSSC_SLST_0088,WB_CENTRE_KOL_01,HALL_01,14,Q50,A,0.0
WBSSC_SLST_0088,WB_CENTRE_KOL_01,HALL_01,14,Q51,C,0.0
WBSSC_SLST_0088,WB_CENTRE_KOL_01,HALL_01,14,Q52,C,0.0
WBSSC_SLST_0088,WB_CENTRE_KOL_01,HALL_01,14,Q53,A,0.0
WBSSC_SLST_0088,WB_CENTRE_KOL_01,HALL_01,14,Q54,A,0.0
WBSSC_SLST_0088,WB_CENTRE_KOL_01,HALL_01,14,Q55,D,0.0
WBSSC_SLST_0088,WB_CENTRE_KOL_01,HALL_01,14,Q56,C,0.0
WBSSC_SLST_0088,WB_CENTRE_KOL_01,HALL_01,14,Q57,C,0.0
WBSSC_SLST_0088,WB_CENTRE_KOL_01,HALL_01,14,Q58,D,0.0
WBSSC_SLST_0088,WB_CENTRE_KOL_01,HALL_01,14,Q59,A,0.0
WBSSC_SLST_0088,WB_CENTRE_KOL_01,HALL_01,14,Q60,C,0.0
WBSSC_SLST_0089,WB_CENTRE_KOL_01,HALL_02,15,Q01,B,1.0
WBSSC_SLST_0089,WB_CENTRE_KOL_01,HALL_02,15,Q02,B,1.0
WBSSC_SLST_0089,WB_CENTRE_KOL_01,HALL_02,15,Q03,B,1.0
WBSSC_SLST_0089,WB_CENTRE_KOL_01,HALL_02,15,Q04,B,1.0
WBSSC_SLST_0089,WB_CENTRE_KOL_01,HALL_02,15,Q05,B,1.0
WBSSC_SLST_0089,WB_CENTRE_KOL_01,HALL_02,15,Q06,B,1.0
WBSSC_SLST_0089,WB_CENTRE_KOL_01,HALL_02,15,Q07,B,1.0
WBSSC_SLST_0089,WB_CENTRE_KOL_01,HALL_02,15,Q08,B,1.0
WBSSC_SLST_0089,WB_CENTRE_KOL_01,HALL_02,15,Q09,B,1.0
WBSSC_SLST_0089,WB_CENTRE_KOL_01,HALL_02,15,Q10,B,1.0
WBSSC_SLST_0089,WB_CENTRE_KOL_01,HALL_02,15,Q11,B,1.0
WBSSC_SLST_0089,WB_CENTRE_KOL_01,HALL_02,15,Q12,B,1.0
WBSSC_SLST_0089,WB_CENTRE_KOL_01,HALL_02,15,Q13,B,1.0
WBSSC_SLST_0089,WB_CENTRE_KOL_01,HALL_02,15,Q14,B,1.0
WBSSC_SLST_0089,WB_CENTRE_KOL_01,HALL_02,15,Q15,B,1.0
WBSSC_SLST_0089,WB_CENTRE_KOL_01,HALL_02,15,Q16,B,1.0
WBSSC_SLST_0089,WB_CENTRE_KOL_01,HALL_02,15,Q17,B,1.0
WBSSC_SLST_0089,WB_CENTRE_KOL_01,HALL_02,15,Q18,B,1.0
WBSSC_SLST_0089,WB_CENTRE_KOL_01,HALL_02,15,Q19,B,1.0
WBSSC_SLST_0089,WB_CENTRE_KOL_01,HALL_02,15,Q20,B,1.0
WBSSC_SLST_0089,WB_CENTRE_KOL_01,HALL_02,15,Q21,B,1.0
WBSSC_SLST_0089,WB_CENTRE_KOL_01,HALL_02,15,Q22,B,1.0
WBSSC_SLST_0089,WB_CENTRE_KOL_01,HALL_02,15,Q23,B,1.0
WBSSC_SLST_0089,WB_CENTRE_KOL_01,HALL_02,15,Q24,B,1.0
WBSSC_SLST_0089,WB_CENTRE_KOL_01,HALL_02,15,Q25,B,1.0
WBSSC_SLST_0089,WB_CENTRE_KOL_01,HALL_02,15,Q26,B,1.0
WBSSC_SLST_0089,WB_CENTRE_KOL_01,HALL_02,15,Q27,B,1.0
WBSSC_SLST_0089,WB_CENTRE_KOL_01,HALL_02,15,Q28,B,1.0
WBSSC_SLST_0089,WB_CENTRE_KOL_01,HALL_02,15,Q29,B,1.0
WBSSC_SLST_0089,WB_CENTRE_KOL_01,HALL_02,15,Q30,B,1.0
WBSSC_SLST_0089,WB_CENTRE_KOL_01,HALL_02,15,Q31,B,1.0
WBSSC_SLST_0089,WB_CENTRE_KOL_01,HALL_02,15,Q32,B,1.0
WBSSC_SLST_0089,WB_CENTRE_KOL_01,HALL_02,15,Q33,B,1.0
WBSSC_SLST_0089,WB_CENTRE_KOL_01,HALL_02,15,Q34,B,1.0
WBSSC_SLST_0089,WB_CENTRE_KOL_01,HALL_02,15,Q35,B,1.0
WBSSC_SLST_0089,WB_CENTRE_KOL_01,HALL_02,15,Q36,B,1.0
WBSSC_SLST_0089,WB_CENTRE_KOL_01,HALL_02,15,Q37,B,1.0
WBSSC_SLST_0089,WB_CENTRE_KOL_01,HALL_02,15,Q38,B,1.0
WBSSC_SLST_0089,WB_CENTRE_KOL_01,HALL_02,15,Q39,B,1.0
WBSSC_SLST_0089,WB_CENTRE_KOL_01,HALL_02,15,Q40,B,1.0
WBSSC_SLST_0089,WB_CENTRE_KOL_01,HALL_02,15,Q41,B,1.0
WBSSC_SLST_0089,WB_CENTRE_KOL_01,HALL_02,15,Q42,B,1.0
WBSSC_SLST_0089,WB_CENTRE_KOL_01,HALL_02,15,Q43,B,1.0
WBSSC_SLST_0089,WB_CENTRE_KOL_01,HALL_02,15,Q44,A,0.0
WBSSC_SLST_0089,WB_CENTRE_KOL_01,HALL_02,15,Q45,A,0.0
WBSSC_SLST_0089,WB_CENTRE_KOL_01,HALL_02,15,Q46,D,0.0
WBSSC_SLST_0089,WB_CENTRE_KOL_01,HALL_02,15,Q47,A,0.0
WBSSC_SLST_0089,WB_CENTRE_KOL_01,HALL_02,15,Q48,C,0.0
WBSSC_SLST_0089,WB_CENTRE_KOL_01,HALL_02,15,Q49,D,0.0
WBSSC_SLST_0089,WB_CENTRE_KOL_01,HALL_02,15,Q50,A,0.0
WBSSC_SLST_0089,WB_CENTRE_KOL_01,HALL_02,15,Q51,D,0.0
WBSSC_SLST_0089,WB_CENTRE_KOL_01,HALL_02,15,Q52,A,0.0
WBSSC_SLST_0089,WB_CENTRE_KOL_01,HALL_02,15,Q53,C,0.0
WBSSC_SLST_0089,WB_CENTRE_KOL_01,HALL_02,15,Q54,D,0.0
WBSSC_SLST_0089,WB_CENTRE_KOL_01,HALL_02,15,Q55,C,0.0
WBSSC_SLST_0089,WB_CENTRE_KOL_01,HALL_02,15,Q56,D,0.0
WBSSC_SLST_0089,WB_CENTRE_KOL_01,HALL_02,15,Q57,D,0.0
WBSSC_SLST_0089,WB_CENTRE_KOL_01,HALL_02,15,Q58,C,0.0
WBSSC_SLST_0089,WB_CENTRE_KOL_01,HALL_02,15,Q59,D,0.0
WBSSC_SLST_0089,WB_CENTRE_KOL_01,HALL_02,15,Q60,D,0.0
WBSSC_SLST_0090,WB_CENTRE_KOL_01,HALL_03,16,Q01,B,1.0
WBSSC_SLST_0090,WB_CENTRE_KOL_01,HALL_03,16,Q02,B,1.0
WBSSC_SLST_0090,WB_CENTRE_KOL_01,HALL_03,16,Q03,B,1.0
WBSSC_SLST_0090,WB_CENTRE_KOL_01,HALL_03,16,Q04,B,1.0
WBSSC_SLST_0090,WB_CENTRE_KOL_01,HALL_03,16,Q05,B,1.0
WBSSC_SLST_0090,WB_CENTRE_KOL_01,HALL_03,16,Q06,B,1.0
WBSSC_SLST_0090,WB_CENTRE_KOL_01,HALL_03,16,Q07,B,1.0
WBSSC_SLST_0090,WB_CENTRE_KOL_01,HALL_03,16,Q08,B,1.0
WBSSC_SLST_0090,WB_CENTRE_KOL_01,HALL_03,16,Q09,B,1.0
WBSSC_SLST_0090,WB_CENTRE_KOL_01,HALL_03,16,Q10,B,1.0
WBSSC_SLST_0090,WB_CENTRE_KOL_01,HALL_03,16,Q11,B,1.0
WBSSC_SLST_0090,WB_CENTRE_KOL_01,HALL_03,16,Q12,B,1.0
WBSSC_SLST_0090,WB_CENTRE_KOL_01,HALL_03,16,Q13,B,1.0
WBSSC_SLST_0090,WB_CENTRE_KOL_01,HALL_03,16,Q14,B,1.0
WBSSC_SLST_0090,WB_CENTRE_KOL_01,HALL_03,16,Q15,B,1.0
WBSSC_SLST_0090,WB_CENTRE_KOL_01,HALL_03,16,Q16,B,1.0
WBSSC_SLST_0090,WB_CENTRE_KOL_01,HALL_03,16,Q17,B,1.0
WBSSC_SLST_0090,WB_CENTRE_KOL_01,HALL_03,16,Q18,B,1.0
WBSSC_SLST_0090,WB_CENTRE_KOL_01,HALL_03,16,Q19,B,1.0
WBSSC_SLST_0090,WB_CENTRE_KOL_01,HALL_03,16,Q20,B,1.0
WBSSC_SLST_0090,WB_CENTRE_KOL_01,HALL_03,16,Q21,B,1.0
WBSSC_SLST_0090,WB_CENTRE_KOL_01,HALL_03,16,Q22,B,1.0
WBSSC_SLST_0090,WB_CENTRE_KOL_01,HALL_03,16,Q23,B,1.0
WBSSC_SLST_0090,WB_CENTRE_KOL_01,HALL_03,16,Q24,B,1.0
WBSSC_SLST_0090,WB_CENTRE_KOL_01,HALL_03,16,Q25,D,0.0
WBSSC_SLST_0090,WB_CENTRE_KOL_01,HALL_03,16,Q26,C,0.0
WBSSC_SLST_0090,WB_CENTRE_KOL_01,HALL_03,16,Q27,C,0.0
WBSSC_SLST_0090,WB_CENTRE_KOL_01,HALL_03,16,Q28,D,0.0
WBSSC_SLST_0090,WB_CENTRE_KOL_01,HALL_03,16,Q29,A,0.0
WBSSC_SLST_0090,WB_CENTRE_KOL_01,HALL_03,16,Q30,A,0.0
WBSSC_SLST_0090,WB_CENTRE_KOL_01,HALL_03,16,Q31,D,0.0
WBSSC_SLST_0090,WB_CENTRE_KOL_01,HALL_03,16,Q32,A,0.0
WBSSC_SLST_0090,WB_CENTRE_KOL_01,HALL_03,16,Q33,C,0.0
WBSSC_SLST_0090,WB_CENTRE_KOL_01,HALL_03,16,Q34,A,0.0
WBSSC_SLST_0090,WB_CENTRE_KOL_01,HALL_03,16,Q35,D,0.0
WBSSC_SLST_0090,WB_CENTRE_KOL_01,HALL_03,16,Q36,C,0.0
WBSSC_SLST_0090,WB_CENTRE_KOL_01,HALL_03,16,Q37,D,0.0
WBSSC_SLST_0090,WB_CENTRE_KOL_01,HALL_03,16,Q38,D,0.0
WBSSC_SLST_0090,WB_CENTRE_KOL_01,HALL_03,16,Q39,D,0.0
WBSSC_SLST_0090,WB_CENTRE_KOL_01,HALL_03,16,Q40,C,0.0
WBSSC_SLST_0090,WB_CENTRE_KOL_01,HALL_03,16,Q41,D,0.0
WBSSC_SLST_0090,WB_CENTRE_KOL_01,HALL_03,16,Q42,D,0.0
WBSSC_SLST_0090,WB_CENTRE_KOL_01,HALL_03,16,Q43,D,0.0
WBSSC_SLST_0090,WB_CENTRE_KOL_01,HALL_03,16,Q44,A,0.0
WBSSC_SLST_0090,WB_CENTRE_KOL_01,HALL_03,16,Q45,C,0.0
WBSSC_SLST_0090,WB_CENTRE_KOL_01,HALL_03,16,Q46,D,0.0
WBSSC_SLST_0090,WB_CENTRE_KOL_01,HALL_03,16,Q47,C,0.0
WBSSC_SLST_0090,WB_CENTRE_KOL_01,HALL_03,16,Q48,D,0.0
WBSSC_SLST_0090,WB_CENTRE_KOL_01,HALL_03,16,Q49,C,0.0
WBSSC_SLST_0090,WB_CENTRE_KOL_01,HALL_03,16,Q50,D,0.0
WBSSC_SLST_0090,WB_CENTRE_KOL_01,HALL_03,16,Q51,A,0.0
WBSSC_SLST_0090,WB_CENTRE_KOL_01,HALL_03,16,Q52,C,0.0
WBSSC_SLST_0090,WB_CENTRE_KOL_01,HALL_03,16,Q53,A,0.0
WBSSC_SLST_0090,WB_CENTRE_KOL_01,HALL_03,16,Q54,D,0.0
WBSSC_SLST_0090,WB_CENTRE_KOL_01,HALL_03,16,Q55,C,0.0
WBSSC_SLST_0090,WB_CENTRE_KOL_01,HALL_03,16,Q56,A,0.0
WBSSC_SLST_0090,WB_CENTRE_KOL_01,HALL_03,16,Q57,A,0.0
WBSSC_SLST_0090,WB_CENTRE_KOL_01,HALL_03,16,Q58,A,0.0
WBSSC_SLST_0090,WB_CENTRE_KOL_01,HALL_03,16,Q59,A,0.0
WBSSC_SLST_0090,WB_CENTRE_KOL_01,HALL_03,16,Q60,C,0.0
WBSSC_SLST_0091,WB_CENTRE_KOL_01,HALL_04,17,Q01,B,1.0
WBSSC_SLST_0091,WB_CENTRE_KOL_01,HALL_04,17,Q02,B,1.0
WBSSC_SLST_0091,WB_CENTRE_KOL_01,HALL_04,17,Q03,B,1.0
WBSSC_SLST_0091,WB_CENTRE_KOL_01,HALL_04,17,Q04,B,1.0
WBSSC_SLST_0091,WB_CENTRE_KOL_01,HALL_04,17,Q05,B,1.0
WBSSC_SLST_0091,WB_CENTRE_KOL_01,HALL_04,17,Q06,B,1.0
WBSSC_SLST_0091,WB_CENTRE_KOL_01,HALL_04,17,Q07,B,1.0
WBSSC_SLST_0091,WB_CENTRE_KOL_01,HALL_04,17,Q08,B,1.0
WBSSC_SLST_0091,WB_CENTRE_KOL_01,HALL_04,17,Q09,B,1.0
WBSSC_SLST_0091,WB_CENTRE_KOL_01,HALL_04,17,Q10,B,1.0
WBSSC_SLST_0091,WB_CENTRE_KOL_01,HALL_04,17,Q11,B,1.0
WBSSC_SLST_0091,WB_CENTRE_KOL_01,HALL_04,17,Q12,B,1.0
WBSSC_SLST_0091,WB_CENTRE_KOL_01,HALL_04,17,Q13,B,1.0
WBSSC_SLST_0091,WB_CENTRE_KOL_01,HALL_04,17,Q14,B,1.0
WBSSC_SLST_0091,WB_CENTRE_KOL_01,HALL_04,17,Q15,B,1.0
WBSSC_SLST_0091,WB_CENTRE_KOL_01,HALL_04,17,Q16,B,1.0
WBSSC_SLST_0091,WB_CENTRE_KOL_01,HALL_04,17,Q17,B,1.0
WBSSC_SLST_0091,WB_CENTRE_KOL_01,HALL_04,17,Q18,B,1.0
WBSSC_SLST_0091,WB_CENTRE_KOL_01,HALL_04,17,Q19,B,1.0
WBSSC_SLST_0091,WB_CENTRE_KOL_01,HALL_04,17,Q20,B,1.0
WBSSC_SLST_0091,WB_CENTRE_KOL_01,HALL_04,17,Q21,B,1.0
WBSSC_SLST_0091,WB_CENTRE_KOL_01,HALL_04,17,Q22,B,1.0
WBSSC_SLST_0091,WB_CENTRE_KOL_01,HALL_04,17,Q23,B,1.0
WBSSC_SLST_0091,WB_CENTRE_KOL_01,HALL_04,17,Q24,B,1.0
WBSSC_SLST_0091,WB_CENTRE_KOL_01,HALL_04,17,Q25,B,1.0
WBSSC_SLST_0091,WB_CENTRE_KOL_01,HALL_04,17,Q26,B,1.0
WBSSC_SLST_0091,WB_CENTRE_KOL_01,HALL_04,17,Q27,B,1.0
WBSSC_SLST_0091,WB_CENTRE_KOL_01,HALL_04,17,Q28,B,1.0
WBSSC_SLST_0091,WB_CENTRE_KOL_01,HALL_04,17,Q29,B,1.0
WBSSC_SLST_0091,WB_CENTRE_KOL_01,HALL_04,17,Q30,A,0.0
WBSSC_SLST_0091,WB_CENTRE_KOL_01,HALL_04,17,Q31,A,0.0
WBSSC_SLST_0091,WB_CENTRE_KOL_01,HALL_04,17,Q32,D,0.0
WBSSC_SLST_0091,WB_CENTRE_KOL_01,HALL_04,17,Q33,A,0.0
WBSSC_SLST_0091,WB_CENTRE_KOL_01,HALL_04,17,Q34,A,0.0
WBSSC_SLST_0091,WB_CENTRE_KOL_01,HALL_04,17,Q35,C,0.0
WBSSC_SLST_0091,WB_CENTRE_KOL_01,HALL_04,17,Q36,C,0.0
WBSSC_SLST_0091,WB_CENTRE_KOL_01,HALL_04,17,Q37,C,0.0
WBSSC_SLST_0091,WB_CENTRE_KOL_01,HALL_04,17,Q38,C,0.0
WBSSC_SLST_0091,WB_CENTRE_KOL_01,HALL_04,17,Q39,D,0.0
WBSSC_SLST_0091,WB_CENTRE_KOL_01,HALL_04,17,Q40,C,0.0
WBSSC_SLST_0091,WB_CENTRE_KOL_01,HALL_04,17,Q41,D,0.0
WBSSC_SLST_0091,WB_CENTRE_KOL_01,HALL_04,17,Q42,D,0.0
WBSSC_SLST_0091,WB_CENTRE_KOL_01,HALL_04,17,Q43,A,0.0
WBSSC_SLST_0091,WB_CENTRE_KOL_01,HALL_04,17,Q44,A,0.0
WBSSC_SLST_0091,WB_CENTRE_KOL_01,HALL_04,17,Q45,D,0.0
WBSSC_SLST_0091,WB_CENTRE_KOL_01,HALL_04,17,Q46,D,0.0
WBSSC_SLST_0091,WB_CENTRE_KOL_01,HALL_04,17,Q47,C,0.0
WBSSC_SLST_0091,WB_CENTRE_KOL_01,HALL_04,17,Q48,A,0.0
WBSSC_SLST_0091,WB_CENTRE_KOL_01,HALL_04,17,Q49,A,0.0
WBSSC_SLST_0091,WB_CENTRE_KOL_01,HALL_04,17,Q50,A,0.0
WBSSC_SLST_0091,WB_CENTRE_KOL_01,HALL_04,17,Q51,C,0.0
WBSSC_SLST_0091,WB_CENTRE_KOL_01,HALL_04,17,Q52,A,0.0
WBSSC_SLST_0091,WB_CENTRE_KOL_01,HALL_04,17,Q53,A,0.0
WBSSC_SLST_0091,WB_CENTRE_KOL_01,HALL_04,17,Q54,A,0.0
WBSSC_SLST_0091,WB_CENTRE_KOL_01,HALL_04,17,Q55,A,0.0
WBSSC_SLST_0091,WB_CENTRE_KOL_01,HALL_04,17,Q56,A,0.0
WBSSC_SLST_0091,WB_CENTRE_KOL_01,HALL_04,17,Q57,D,0.0
WBSSC_SLST_0091,WB_CENTRE_KOL_01,HALL_04,17,Q58,C,0.0
WBSSC_SLST_0091,WB_CENTRE_KOL_01,HALL_04,17,Q59,C,0.0
WBSSC_SLST_0091,WB_CENTRE_KOL_01,HALL_04,17,Q60,C,0.0
WBSSC_SLST_0092,WB_CENTRE_KOL_01,HALL_01,18,Q01,B,1.0
WBSSC_SLST_0092,WB_CENTRE_KOL_01,HALL_01,18,Q02,B,1.0
WBSSC_SLST_0092,WB_CENTRE_KOL_01,HALL_01,18,Q03,B,1.0
WBSSC_SLST_0092,WB_CENTRE_KOL_01,HALL_01,18,Q04,B,1.0
WBSSC_SLST_0092,WB_CENTRE_KOL_01,HALL_01,18,Q05,B,1.0
WBSSC_SLST_0092,WB_CENTRE_KOL_01,HALL_01,18,Q06,B,1.0
WBSSC_SLST_0092,WB_CENTRE_KOL_01,HALL_01,18,Q07,B,1.0
WBSSC_SLST_0092,WB_CENTRE_KOL_01,HALL_01,18,Q08,B,1.0
WBSSC_SLST_0092,WB_CENTRE_KOL_01,HALL_01,18,Q09,B,1.0
WBSSC_SLST_0092,WB_CENTRE_KOL_01,HALL_01,18,Q10,B,1.0
WBSSC_SLST_0092,WB_CENTRE_KOL_01,HALL_01,18,Q11,B,1.0
WBSSC_SLST_0092,WB_CENTRE_KOL_01,HALL_01,18,Q12,B,1.0
WBSSC_SLST_0092,WB_CENTRE_KOL_01,HALL_01,18,Q13,B,1.0
WBSSC_SLST_0092,WB_CENTRE_KOL_01,HALL_01,18,Q14,B,1.0
WBSSC_SLST_0092,WB_CENTRE_KOL_01,HALL_01,18,Q15,B,1.0
WBSSC_SLST_0092,WB_CENTRE_KOL_01,HALL_01,18,Q16,B,1.0
WBSSC_SLST_0092,WB_CENTRE_KOL_01,HALL_01,18,Q17,B,1.0
WBSSC_SLST_0092,WB_CENTRE_KOL_01,HALL_01,18,Q18,B,1.0
WBSSC_SLST_0092,WB_CENTRE_KOL_01,HALL_01,18,Q19,B,1.0
WBSSC_SLST_0092,WB_CENTRE_KOL_01,HALL_01,18,Q20,B,1.0
WBSSC_SLST_0092,WB_CENTRE_KOL_01,HALL_01,18,Q21,B,1.0
WBSSC_SLST_0092,WB_CENTRE_KOL_01,HALL_01,18,Q22,B,1.0
WBSSC_SLST_0092,WB_CENTRE_KOL_01,HALL_01,18,Q23,B,1.0
WBSSC_SLST_0092,WB_CENTRE_KOL_01,HALL_01,18,Q24,B,1.0
WBSSC_SLST_0092,WB_CENTRE_KOL_01,HALL_01,18,Q25,B,1.0
WBSSC_SLST_0092,WB_CENTRE_KOL_01,HALL_01,18,Q26,B,1.0
WBSSC_SLST_0092,WB_CENTRE_KOL_01,HALL_01,18,Q27,B,1.0
WBSSC_SLST_0092,WB_CENTRE_KOL_01,HALL_01,18,Q28,B,1.0
WBSSC_SLST_0092,WB_CENTRE_KOL_01,HALL_01,18,Q29,B,1.0
WBSSC_SLST_0092,WB_CENTRE_KOL_01,HALL_01,18,Q30,B,1.0
WBSSC_SLST_0092,WB_CENTRE_KOL_01,HALL_01,18,Q31,B,1.0
WBSSC_SLST_0092,WB_CENTRE_KOL_01,HALL_01,18,Q32,B,1.0
WBSSC_SLST_0092,WB_CENTRE_KOL_01,HALL_01,18,Q33,B,1.0
WBSSC_SLST_0092,WB_CENTRE_KOL_01,HALL_01,18,Q34,B,1.0
WBSSC_SLST_0092,WB_CENTRE_KOL_01,HALL_01,18,Q35,B,1.0
WBSSC_SLST_0092,WB_CENTRE_KOL_01,HALL_01,18,Q36,B,1.0
WBSSC_SLST_0092,WB_CENTRE_KOL_01,HALL_01,18,Q37,B,1.0
WBSSC_SLST_0092,WB_CENTRE_KOL_01,HALL_01,18,Q38,B,1.0
WBSSC_SLST_0092,WB_CENTRE_KOL_01,HALL_01,18,Q39,B,1.0
WBSSC_SLST_0092,WB_CENTRE_KOL_01,HALL_01,18,Q40,B,1.0
WBSSC_SLST_0092,WB_CENTRE_KOL_01,HALL_01,18,Q41,B,1.0
WBSSC_SLST_0092,WB_CENTRE_KOL_01,HALL_01,18,Q42,D,0.0
WBSSC_SLST_0092,WB_CENTRE_KOL_01,HALL_01,18,Q43,C,0.0
WBSSC_SLST_0092,WB_CENTRE_KOL_01,HALL_01,18,Q44,D,0.0
WBSSC_SLST_0092,WB_CENTRE_KOL_01,HALL_01,18,Q45,A,0.0
WBSSC_SLST_0092,WB_CENTRE_KOL_01,HALL_01,18,Q46,A,0.0
WBSSC_SLST_0092,WB_CENTRE_KOL_01,HALL_01,18,Q47,D,0.0
WBSSC_SLST_0092,WB_CENTRE_KOL_01,HALL_01,18,Q48,D,0.0
WBSSC_SLST_0092,WB_CENTRE_KOL_01,HALL_01,18,Q49,C,0.0
WBSSC_SLST_0092,WB_CENTRE_KOL_01,HALL_01,18,Q50,D,0.0
WBSSC_SLST_0092,WB_CENTRE_KOL_01,HALL_01,18,Q51,A,0.0
WBSSC_SLST_0092,WB_CENTRE_KOL_01,HALL_01,18,Q52,D,0.0
WBSSC_SLST_0092,WB_CENTRE_KOL_01,HALL_01,18,Q53,D,0.0
WBSSC_SLST_0092,WB_CENTRE_KOL_01,HALL_01,18,Q54,C,0.0
WBSSC_SLST_0092,WB_CENTRE_KOL_01,HALL_01,18,Q55,D,0.0
WBSSC_SLST_0092,WB_CENTRE_KOL_01,HALL_01,18,Q56,A,0.0
WBSSC_SLST_0092,WB_CENTRE_KOL_01,HALL_01,18,Q57,C,0.0
WBSSC_SLST_0092,WB_CENTRE_KOL_01,HALL_01,18,Q58,A,0.0
WBSSC_SLST_0092,WB_CENTRE_KOL_01,HALL_01,18,Q59,A,0.0
WBSSC_SLST_0092,WB_CENTRE_KOL_01,HALL_01,18,Q60,A,0.0
WBSSC_SLST_0093,WB_CENTRE_KOL_01,HALL_02,19,Q01,B,1.0
WBSSC_SLST_0093,WB_CENTRE_KOL_01,HALL_02,19,Q02,B,1.0
WBSSC_SLST_0093,WB_CENTRE_KOL_01,HALL_02,19,Q03,B,1.0
WBSSC_SLST_0093,WB_CENTRE_KOL_01,HALL_02,19,Q04,B,1.0
WBSSC_SLST_0093,WB_CENTRE_KOL_01,HALL_02,19,Q05,B,1.0
WBSSC_SLST_0093,WB_CENTRE_KOL_01,HALL_02,19,Q06,B,1.0
WBSSC_SLST_0093,WB_CENTRE_KOL_01,HALL_02,19,Q07,B,1.0
WBSSC_SLST_0093,WB_CENTRE_KOL_01,HALL_02,19,Q08,B,1.0
WBSSC_SLST_0093,WB_CENTRE_KOL_01,HALL_02,19,Q09,B,1.0
WBSSC_SLST_0093,WB_CENTRE_KOL_01,HALL_02,19,Q10,B,1.0
WBSSC_SLST_0093,WB_CENTRE_KOL_01,HALL_02,19,Q11,B,1.0
WBSSC_SLST_0093,WB_CENTRE_KOL_01,HALL_02,19,Q12,B,1.0
WBSSC_SLST_0093,WB_CENTRE_KOL_01,HALL_02,19,Q13,B,1.0
WBSSC_SLST_0093,WB_CENTRE_KOL_01,HALL_02,19,Q14,B,1.0
WBSSC_SLST_0093,WB_CENTRE_KOL_01,HALL_02,19,Q15,B,1.0
WBSSC_SLST_0093,WB_CENTRE_KOL_01,HALL_02,19,Q16,B,1.0
WBSSC_SLST_0093,WB_CENTRE_KOL_01,HALL_02,19,Q17,B,1.0
WBSSC_SLST_0093,WB_CENTRE_KOL_01,HALL_02,19,Q18,B,1.0
WBSSC_SLST_0093,WB_CENTRE_KOL_01,HALL_02,19,Q19,B,1.0
WBSSC_SLST_0093,WB_CENTRE_KOL_01,HALL_02,19,Q20,B,1.0
WBSSC_SLST_0093,WB_CENTRE_KOL_01,HALL_02,19,Q21,B,1.0
WBSSC_SLST_0093,WB_CENTRE_KOL_01,HALL_02,19,Q22,B,1.0
WBSSC_SLST_0093,WB_CENTRE_KOL_01,HALL_02,19,Q23,D,0.0
WBSSC_SLST_0093,WB_CENTRE_KOL_01,HALL_02,19,Q24,A,0.0
WBSSC_SLST_0093,WB_CENTRE_KOL_01,HALL_02,19,Q25,A,0.0
WBSSC_SLST_0093,WB_CENTRE_KOL_01,HALL_02,19,Q26,A,0.0
WBSSC_SLST_0093,WB_CENTRE_KOL_01,HALL_02,19,Q27,A,0.0
WBSSC_SLST_0093,WB_CENTRE_KOL_01,HALL_02,19,Q28,D,0.0
WBSSC_SLST_0093,WB_CENTRE_KOL_01,HALL_02,19,Q29,C,0.0
WBSSC_SLST_0093,WB_CENTRE_KOL_01,HALL_02,19,Q30,D,0.0
WBSSC_SLST_0093,WB_CENTRE_KOL_01,HALL_02,19,Q31,A,0.0
WBSSC_SLST_0093,WB_CENTRE_KOL_01,HALL_02,19,Q32,D,0.0
WBSSC_SLST_0093,WB_CENTRE_KOL_01,HALL_02,19,Q33,D,0.0
WBSSC_SLST_0093,WB_CENTRE_KOL_01,HALL_02,19,Q34,D,0.0
WBSSC_SLST_0093,WB_CENTRE_KOL_01,HALL_02,19,Q35,D,0.0
WBSSC_SLST_0093,WB_CENTRE_KOL_01,HALL_02,19,Q36,A,0.0
WBSSC_SLST_0093,WB_CENTRE_KOL_01,HALL_02,19,Q37,D,0.0
WBSSC_SLST_0093,WB_CENTRE_KOL_01,HALL_02,19,Q38,C,0.0
WBSSC_SLST_0093,WB_CENTRE_KOL_01,HALL_02,19,Q39,C,0.0
WBSSC_SLST_0093,WB_CENTRE_KOL_01,HALL_02,19,Q40,C,0.0
WBSSC_SLST_0093,WB_CENTRE_KOL_01,HALL_02,19,Q41,D,0.0
WBSSC_SLST_0093,WB_CENTRE_KOL_01,HALL_02,19,Q42,C,0.0
WBSSC_SLST_0093,WB_CENTRE_KOL_01,HALL_02,19,Q43,C,0.0
WBSSC_SLST_0093,WB_CENTRE_KOL_01,HALL_02,19,Q44,A,0.0
WBSSC_SLST_0093,WB_CENTRE_KOL_01,HALL_02,19,Q45,D,0.0
WBSSC_SLST_0093,WB_CENTRE_KOL_01,HALL_02,19,Q46,D,0.0
WBSSC_SLST_0093,WB_CENTRE_KOL_01,HALL_02,19,Q47,A,0.0
WBSSC_SLST_0093,WB_CENTRE_KOL_01,HALL_02,19,Q48,C,0.0
WBSSC_SLST_0093,WB_CENTRE_KOL_01,HALL_02,19,Q49,D,0.0
WBSSC_SLST_0093,WB_CENTRE_KOL_01,HALL_02,19,Q50,A,0.0
WBSSC_SLST_0093,WB_CENTRE_KOL_01,HALL_02,19,Q51,C,0.0
WBSSC_SLST_0093,WB_CENTRE_KOL_01,HALL_02,19,Q52,C,0.0
WBSSC_SLST_0093,WB_CENTRE_KOL_01,HALL_02,19,Q53,A,0.0
WBSSC_SLST_0093,WB_CENTRE_KOL_01,HALL_02,19,Q54,A,0.0
WBSSC_SLST_0093,WB_CENTRE_KOL_01,HALL_02,19,Q55,D,0.0
WBSSC_SLST_0093,WB_CENTRE_KOL_01,HALL_02,19,Q56,A,0.0
WBSSC_SLST_0093,WB_CENTRE_KOL_01,HALL_02,19,Q57,D,0.0
WBSSC_SLST_0093,WB_CENTRE_KOL_01,HALL_02,19,Q58,D,0.0
WBSSC_SLST_0093,WB_CENTRE_KOL_01,HALL_02,19,Q59,A,0.0
WBSSC_SLST_0093,WB_CENTRE_KOL_01,HALL_02,19,Q60,C,0.0
WBSSC_SLST_0094,WB_CENTRE_KOL_01,HALL_03,20,Q01,B,1.0
WBSSC_SLST_0094,WB_CENTRE_KOL_01,HALL_03,20,Q02,B,1.0
WBSSC_SLST_0094,WB_CENTRE_KOL_01,HALL_03,20,Q03,B,1.0
WBSSC_SLST_0094,WB_CENTRE_KOL_01,HALL_03,20,Q04,B,1.0
WBSSC_SLST_0094,WB_CENTRE_KOL_01,HALL_03,20,Q05,B,1.0
WBSSC_SLST_0094,WB_CENTRE_KOL_01,HALL_03,20,Q06,B,1.0
WBSSC_SLST_0094,WB_CENTRE_KOL_01,HALL_03,20,Q07,B,1.0
WBSSC_SLST_0094,WB_CENTRE_KOL_01,HALL_03,20,Q08,B,1.0
WBSSC_SLST_0094,WB_CENTRE_KOL_01,HALL_03,20,Q09,B,1.0
WBSSC_SLST_0094,WB_CENTRE_KOL_01,HALL_03,20,Q10,B,1.0
WBSSC_SLST_0094,WB_CENTRE_KOL_01,HALL_03,20,Q11,B,1.0
WBSSC_SLST_0094,WB_CENTRE_KOL_01,HALL_03,20,Q12,B,1.0
WBSSC_SLST_0094,WB_CENTRE_KOL_01,HALL_03,20,Q13,B,1.0
WBSSC_SLST_0094,WB_CENTRE_KOL_01,HALL_03,20,Q14,B,1.0
WBSSC_SLST_0094,WB_CENTRE_KOL_01,HALL_03,20,Q15,B,1.0
WBSSC_SLST_0094,WB_CENTRE_KOL_01,HALL_03,20,Q16,B,1.0
WBSSC_SLST_0094,WB_CENTRE_KOL_01,HALL_03,20,Q17,B,1.0
WBSSC_SLST_0094,WB_CENTRE_KOL_01,HALL_03,20,Q18,B,1.0
WBSSC_SLST_0094,WB_CENTRE_KOL_01,HALL_03,20,Q19,B,1.0
WBSSC_SLST_0094,WB_CENTRE_KOL_01,HALL_03,20,Q20,B,1.0
WBSSC_SLST_0094,WB_CENTRE_KOL_01,HALL_03,20,Q21,B,1.0
WBSSC_SLST_0094,WB_CENTRE_KOL_01,HALL_03,20,Q22,B,1.0
WBSSC_SLST_0094,WB_CENTRE_KOL_01,HALL_03,20,Q23,B,1.0
WBSSC_SLST_0094,WB_CENTRE_KOL_01,HALL_03,20,Q24,B,1.0
WBSSC_SLST_0094,WB_CENTRE_KOL_01,HALL_03,20,Q25,B,1.0
WBSSC_SLST_0094,WB_CENTRE_KOL_01,HALL_03,20,Q26,B,1.0
WBSSC_SLST_0094,WB_CENTRE_KOL_01,HALL_03,20,Q27,B,1.0
WBSSC_SLST_0094,WB_CENTRE_KOL_01,HALL_03,20,Q28,D,0.0
WBSSC_SLST_0094,WB_CENTRE_KOL_01,HALL_03,20,Q29,C,0.0
WBSSC_SLST_0094,WB_CENTRE_KOL_01,HALL_03,20,Q30,A,0.0
WBSSC_SLST_0094,WB_CENTRE_KOL_01,HALL_03,20,Q31,C,0.0
WBSSC_SLST_0094,WB_CENTRE_KOL_01,HALL_03,20,Q32,D,0.0
WBSSC_SLST_0094,WB_CENTRE_KOL_01,HALL_03,20,Q33,D,0.0
WBSSC_SLST_0094,WB_CENTRE_KOL_01,HALL_03,20,Q34,A,0.0
WBSSC_SLST_0094,WB_CENTRE_KOL_01,HALL_03,20,Q35,A,0.0
WBSSC_SLST_0094,WB_CENTRE_KOL_01,HALL_03,20,Q36,A,0.0
WBSSC_SLST_0094,WB_CENTRE_KOL_01,HALL_03,20,Q37,C,0.0
WBSSC_SLST_0094,WB_CENTRE_KOL_01,HALL_03,20,Q38,A,0.0
WBSSC_SLST_0094,WB_CENTRE_KOL_01,HALL_03,20,Q39,D,0.0
WBSSC_SLST_0094,WB_CENTRE_KOL_01,HALL_03,20,Q40,C,0.0
WBSSC_SLST_0094,WB_CENTRE_KOL_01,HALL_03,20,Q41,A,0.0
WBSSC_SLST_0094,WB_CENTRE_KOL_01,HALL_03,20,Q42,A,0.0
WBSSC_SLST_0094,WB_CENTRE_KOL_01,HALL_03,20,Q43,A,0.0
WBSSC_SLST_0094,WB_CENTRE_KOL_01,HALL_03,20,Q44,D,0.0
WBSSC_SLST_0094,WB_CENTRE_KOL_01,HALL_03,20,Q45,A,0.0
WBSSC_SLST_0094,WB_CENTRE_KOL_01,HALL_03,20,Q46,C,0.0
WBSSC_SLST_0094,WB_CENTRE_KOL_01,HALL_03,20,Q47,C,0.0
WBSSC_SLST_0094,WB_CENTRE_KOL_01,HALL_03,20,Q48,A,0.0
WBSSC_SLST_0094,WB_CENTRE_KOL_01,HALL_03,20,Q49,D,0.0
WBSSC_SLST_0094,WB_CENTRE_KOL_01,HALL_03,20,Q50,C,0.0
WBSSC_SLST_0094,WB_CENTRE_KOL_01,HALL_03,20,Q51,A,0.0
WBSSC_SLST_0094,WB_CENTRE_KOL_01,HALL_03,20,Q52,C,0.0
WBSSC_SLST_0094,WB_CENTRE_KOL_01,HALL_03,20,Q53,C,0.0
WBSSC_SLST_0094,WB_CENTRE_KOL_01,HALL_03,20,Q54,A,0.0
WBSSC_SLST_0094,WB_CENTRE_KOL_01,HALL_03,20,Q55,D,0.0
WBSSC_SLST_0094,WB_CENTRE_KOL_01,HALL_03,20,Q56,A,0.0
WBSSC_SLST_0094,WB_CENTRE_KOL_01,HALL_03,20,Q57,D,0.0
WBSSC_SLST_0094,WB_CENTRE_KOL_01,HALL_03,20,Q58,A,0.0
WBSSC_SLST_0094,WB_CENTRE_KOL_01,HALL_03,20,Q59,A,0.0
WBSSC_SLST_0094,WB_CENTRE_KOL_01,HALL_03,20,Q60,C,0.0
WBSSC_SLST_0095,WB_CENTRE_KOL_01,HALL_04,21,Q01,B,1.0
WBSSC_SLST_0095,WB_CENTRE_KOL_01,HALL_04,21,Q02,B,1.0
WBSSC_SLST_0095,WB_CENTRE_KOL_01,HALL_04,21,Q03,B,1.0
WBSSC_SLST_0095,WB_CENTRE_KOL_01,HALL_04,21,Q04,B,1.0
WBSSC_SLST_0095,WB_CENTRE_KOL_01,HALL_04,21,Q05,B,1.0
WBSSC_SLST_0095,WB_CENTRE_KOL_01,HALL_04,21,Q06,B,1.0
WBSSC_SLST_0095,WB_CENTRE_KOL_01,HALL_04,21,Q07,B,1.0
WBSSC_SLST_0095,WB_CENTRE_KOL_01,HALL_04,21,Q08,B,1.0
WBSSC_SLST_0095,WB_CENTRE_KOL_01,HALL_04,21,Q09,B,1.0
WBSSC_SLST_0095,WB_CENTRE_KOL_01,HALL_04,21,Q10,B,1.0
WBSSC_SLST_0095,WB_CENTRE_KOL_01,HALL_04,21,Q11,B,1.0
WBSSC_SLST_0095,WB_CENTRE_KOL_01,HALL_04,21,Q12,B,1.0
WBSSC_SLST_0095,WB_CENTRE_KOL_01,HALL_04,21,Q13,B,1.0
WBSSC_SLST_0095,WB_CENTRE_KOL_01,HALL_04,21,Q14,B,1.0
WBSSC_SLST_0095,WB_CENTRE_KOL_01,HALL_04,21,Q15,B,1.0
WBSSC_SLST_0095,WB_CENTRE_KOL_01,HALL_04,21,Q16,B,1.0
WBSSC_SLST_0095,WB_CENTRE_KOL_01,HALL_04,21,Q17,B,1.0
WBSSC_SLST_0095,WB_CENTRE_KOL_01,HALL_04,21,Q18,B,1.0
WBSSC_SLST_0095,WB_CENTRE_KOL_01,HALL_04,21,Q19,B,1.0
WBSSC_SLST_0095,WB_CENTRE_KOL_01,HALL_04,21,Q20,B,1.0
WBSSC_SLST_0095,WB_CENTRE_KOL_01,HALL_04,21,Q21,B,1.0
WBSSC_SLST_0095,WB_CENTRE_KOL_01,HALL_04,21,Q22,B,1.0
WBSSC_SLST_0095,WB_CENTRE_KOL_01,HALL_04,21,Q23,B,1.0
WBSSC_SLST_0095,WB_CENTRE_KOL_01,HALL_04,21,Q24,B,1.0
WBSSC_SLST_0095,WB_CENTRE_KOL_01,HALL_04,21,Q25,B,1.0
WBSSC_SLST_0095,WB_CENTRE_KOL_01,HALL_04,21,Q26,B,1.0
WBSSC_SLST_0095,WB_CENTRE_KOL_01,HALL_04,21,Q27,B,1.0
WBSSC_SLST_0095,WB_CENTRE_KOL_01,HALL_04,21,Q28,B,1.0
WBSSC_SLST_0095,WB_CENTRE_KOL_01,HALL_04,21,Q29,B,1.0
WBSSC_SLST_0095,WB_CENTRE_KOL_01,HALL_04,21,Q30,B,1.0
WBSSC_SLST_0095,WB_CENTRE_KOL_01,HALL_04,21,Q31,B,1.0
WBSSC_SLST_0095,WB_CENTRE_KOL_01,HALL_04,21,Q32,B,1.0
WBSSC_SLST_0095,WB_CENTRE_KOL_01,HALL_04,21,Q33,B,1.0
WBSSC_SLST_0095,WB_CENTRE_KOL_01,HALL_04,21,Q34,B,1.0
WBSSC_SLST_0095,WB_CENTRE_KOL_01,HALL_04,21,Q35,B,1.0
WBSSC_SLST_0095,WB_CENTRE_KOL_01,HALL_04,21,Q36,B,1.0
WBSSC_SLST_0095,WB_CENTRE_KOL_01,HALL_04,21,Q37,B,1.0
WBSSC_SLST_0095,WB_CENTRE_KOL_01,HALL_04,21,Q38,B,1.0
WBSSC_SLST_0095,WB_CENTRE_KOL_01,HALL_04,21,Q39,B,1.0
WBSSC_SLST_0095,WB_CENTRE_KOL_01,HALL_04,21,Q40,D,0.0
WBSSC_SLST_0095,WB_CENTRE_KOL_01,HALL_04,21,Q41,D,0.0
WBSSC_SLST_0095,WB_CENTRE_KOL_01,HALL_04,21,Q42,C,0.0
WBSSC_SLST_0095,WB_CENTRE_KOL_01,HALL_04,21,Q43,C,0.0
WBSSC_SLST_0095,WB_CENTRE_KOL_01,HALL_04,21,Q44,A,0.0
WBSSC_SLST_0095,WB_CENTRE_KOL_01,HALL_04,21,Q45,A,0.0
WBSSC_SLST_0095,WB_CENTRE_KOL_01,HALL_04,21,Q46,A,0.0
WBSSC_SLST_0095,WB_CENTRE_KOL_01,HALL_04,21,Q47,D,0.0
WBSSC_SLST_0095,WB_CENTRE_KOL_01,HALL_04,21,Q48,D,0.0
WBSSC_SLST_0095,WB_CENTRE_KOL_01,HALL_04,21,Q49,A,0.0
WBSSC_SLST_0095,WB_CENTRE_KOL_01,HALL_04,21,Q50,D,0.0
WBSSC_SLST_0095,WB_CENTRE_KOL_01,HALL_04,21,Q51,A,0.0
WBSSC_SLST_0095,WB_CENTRE_KOL_01,HALL_04,21,Q52,C,0.0
WBSSC_SLST_0095,WB_CENTRE_KOL_01,HALL_04,21,Q53,D,0.0
WBSSC_SLST_0095,WB_CENTRE_KOL_01,HALL_04,21,Q54,C,0.0
WBSSC_SLST_0095,WB_CENTRE_KOL_01,HALL_04,21,Q55,A,0.0
WBSSC_SLST_0095,WB_CENTRE_KOL_01,HALL_04,21,Q56,C,0.0
WBSSC_SLST_0095,WB_CENTRE_KOL_01,HALL_04,21,Q57,C,0.0
WBSSC_SLST_0095,WB_CENTRE_KOL_01,HALL_04,21,Q58,A,0.0
WBSSC_SLST_0095,WB_CENTRE_KOL_01,HALL_04,21,Q59,A,0.0
WBSSC_SLST_0095,WB_CENTRE_KOL_01,HALL_04,21,Q60,A,0.0
WBSSC_SLST_0096,WB_CENTRE_KOL_01,HALL_01,22,Q01,B,1.0
WBSSC_SLST_0096,WB_CENTRE_KOL_01,HALL_01,22,Q02,B,1.0
WBSSC_SLST_0096,WB_CENTRE_KOL_01,HALL_01,22,Q03,B,1.0
WBSSC_SLST_0096,WB_CENTRE_KOL_01,HALL_01,22,Q04,B,1.0
WBSSC_SLST_0096,WB_CENTRE_KOL_01,HALL_01,22,Q05,B,1.0
WBSSC_SLST_0096,WB_CENTRE_KOL_01,HALL_01,22,Q06,B,1.0
WBSSC_SLST_0096,WB_CENTRE_KOL_01,HALL_01,22,Q07,B,1.0
WBSSC_SLST_0096,WB_CENTRE_KOL_01,HALL_01,22,Q08,B,1.0
WBSSC_SLST_0096,WB_CENTRE_KOL_01,HALL_01,22,Q09,B,1.0
WBSSC_SLST_0096,WB_CENTRE_KOL_01,HALL_01,22,Q10,B,1.0
WBSSC_SLST_0096,WB_CENTRE_KOL_01,HALL_01,22,Q11,B,1.0
WBSSC_SLST_0096,WB_CENTRE_KOL_01,HALL_01,22,Q12,B,1.0
WBSSC_SLST_0096,WB_CENTRE_KOL_01,HALL_01,22,Q13,B,1.0
WBSSC_SLST_0096,WB_CENTRE_KOL_01,HALL_01,22,Q14,B,1.0
WBSSC_SLST_0096,WB_CENTRE_KOL_01,HALL_01,22,Q15,B,1.0
WBSSC_SLST_0096,WB_CENTRE_KOL_01,HALL_01,22,Q16,B,1.0
WBSSC_SLST_0096,WB_CENTRE_KOL_01,HALL_01,22,Q17,B,1.0
WBSSC_SLST_0096,WB_CENTRE_KOL_01,HALL_01,22,Q18,B,1.0
WBSSC_SLST_0096,WB_CENTRE_KOL_01,HALL_01,22,Q19,B,1.0
WBSSC_SLST_0096,WB_CENTRE_KOL_01,HALL_01,22,Q20,B,1.0
WBSSC_SLST_0096,WB_CENTRE_KOL_01,HALL_01,22,Q21,A,0.0
WBSSC_SLST_0096,WB_CENTRE_KOL_01,HALL_01,22,Q22,D,0.0
WBSSC_SLST_0096,WB_CENTRE_KOL_01,HALL_01,22,Q23,A,0.0
WBSSC_SLST_0096,WB_CENTRE_KOL_01,HALL_01,22,Q24,C,0.0
WBSSC_SLST_0096,WB_CENTRE_KOL_01,HALL_01,22,Q25,C,0.0
WBSSC_SLST_0096,WB_CENTRE_KOL_01,HALL_01,22,Q26,D,0.0
WBSSC_SLST_0096,WB_CENTRE_KOL_01,HALL_01,22,Q27,C,0.0
WBSSC_SLST_0096,WB_CENTRE_KOL_01,HALL_01,22,Q28,C,0.0
WBSSC_SLST_0096,WB_CENTRE_KOL_01,HALL_01,22,Q29,D,0.0
WBSSC_SLST_0096,WB_CENTRE_KOL_01,HALL_01,22,Q30,C,0.0
WBSSC_SLST_0096,WB_CENTRE_KOL_01,HALL_01,22,Q31,D,0.0
WBSSC_SLST_0096,WB_CENTRE_KOL_01,HALL_01,22,Q32,C,0.0
WBSSC_SLST_0096,WB_CENTRE_KOL_01,HALL_01,22,Q33,A,0.0
WBSSC_SLST_0096,WB_CENTRE_KOL_01,HALL_01,22,Q34,A,0.0
WBSSC_SLST_0096,WB_CENTRE_KOL_01,HALL_01,22,Q35,C,0.0
WBSSC_SLST_0096,WB_CENTRE_KOL_01,HALL_01,22,Q36,A,0.0
WBSSC_SLST_0096,WB_CENTRE_KOL_01,HALL_01,22,Q37,C,0.0
WBSSC_SLST_0096,WB_CENTRE_KOL_01,HALL_01,22,Q38,D,0.0
WBSSC_SLST_0096,WB_CENTRE_KOL_01,HALL_01,22,Q39,D,0.0
WBSSC_SLST_0096,WB_CENTRE_KOL_01,HALL_01,22,Q40,C,0.0
WBSSC_SLST_0096,WB_CENTRE_KOL_01,HALL_01,22,Q41,D,0.0
WBSSC_SLST_0096,WB_CENTRE_KOL_01,HALL_01,22,Q42,D,0.0
WBSSC_SLST_0096,WB_CENTRE_KOL_01,HALL_01,22,Q43,D,0.0
WBSSC_SLST_0096,WB_CENTRE_KOL_01,HALL_01,22,Q44,C,0.0
WBSSC_SLST_0096,WB_CENTRE_KOL_01,HALL_01,22,Q45,C,0.0
WBSSC_SLST_0096,WB_CENTRE_KOL_01,HALL_01,22,Q46,D,0.0
WBSSC_SLST_0096,WB_CENTRE_KOL_01,HALL_01,22,Q47,C,0.0
WBSSC_SLST_0096,WB_CENTRE_KOL_01,HALL_01,22,Q48,D,0.0
WBSSC_SLST_0096,WB_CENTRE_KOL_01,HALL_01,22,Q49,D,0.0
WBSSC_SLST_0096,WB_CENTRE_KOL_01,HALL_01,22,Q50,C,0.0
WBSSC_SLST_0096,WB_CENTRE_KOL_01,HALL_01,22,Q51,C,0.0
WBSSC_SLST_0096,WB_CENTRE_KOL_01,HALL_01,22,Q52,A,0.0
WBSSC_SLST_0096,WB_CENTRE_KOL_01,HALL_01,22,Q53,C,0.0
WBSSC_SLST_0096,WB_CENTRE_KOL_01,HALL_01,22,Q54,C,0.0
WBSSC_SLST_0096,WB_CENTRE_KOL_01,HALL_01,22,Q55,D,0.0
WBSSC_SLST_0096,WB_CENTRE_KOL_01,HALL_01,22,Q56,C,0.0
WBSSC_SLST_0096,WB_CENTRE_KOL_01,HALL_01,22,Q57,D,0.0
WBSSC_SLST_0096,WB_CENTRE_KOL_01,HALL_01,22,Q58,D,0.0
WBSSC_SLST_0096,WB_CENTRE_KOL_01,HALL_01,22,Q59,A,0.0
WBSSC_SLST_0096,WB_CENTRE_KOL_01,HALL_01,22,Q60,C,0.0
WBSSC_SLST_0097,WB_CENTRE_KOL_01,HALL_02,23,Q01,B,1.0
WBSSC_SLST_0097,WB_CENTRE_KOL_01,HALL_02,23,Q02,B,1.0
WBSSC_SLST_0097,WB_CENTRE_KOL_01,HALL_02,23,Q03,B,1.0
WBSSC_SLST_0097,WB_CENTRE_KOL_01,HALL_02,23,Q04,B,1.0
WBSSC_SLST_0097,WB_CENTRE_KOL_01,HALL_02,23,Q05,B,1.0
WBSSC_SLST_0097,WB_CENTRE_KOL_01,HALL_02,23,Q06,B,1.0
WBSSC_SLST_0097,WB_CENTRE_KOL_01,HALL_02,23,Q07,B,1.0
WBSSC_SLST_0097,WB_CENTRE_KOL_01,HALL_02,23,Q08,B,1.0
WBSSC_SLST_0097,WB_CENTRE_KOL_01,HALL_02,23,Q09,B,1.0
WBSSC_SLST_0097,WB_CENTRE_KOL_01,HALL_02,23,Q10,B,1.0
WBSSC_SLST_0097,WB_CENTRE_KOL_01,HALL_02,23,Q11,B,1.0
WBSSC_SLST_0097,WB_CENTRE_KOL_01,HALL_02,23,Q12,B,1.0
WBSSC_SLST_0097,WB_CENTRE_KOL_01,HALL_02,23,Q13,B,1.0
WBSSC_SLST_0097,WB_CENTRE_KOL_01,HALL_02,23,Q14,B,1.0
WBSSC_SLST_0097,WB_CENTRE_KOL_01,HALL_02,23,Q15,B,1.0
WBSSC_SLST_0097,WB_CENTRE_KOL_01,HALL_02,23,Q16,B,1.0
WBSSC_SLST_0097,WB_CENTRE_KOL_01,HALL_02,23,Q17,B,1.0
WBSSC_SLST_0097,WB_CENTRE_KOL_01,HALL_02,23,Q18,B,1.0
WBSSC_SLST_0097,WB_CENTRE_KOL_01,HALL_02,23,Q19,B,1.0
WBSSC_SLST_0097,WB_CENTRE_KOL_01,HALL_02,23,Q20,B,1.0
WBSSC_SLST_0097,WB_CENTRE_KOL_01,HALL_02,23,Q21,B,1.0
WBSSC_SLST_0097,WB_CENTRE_KOL_01,HALL_02,23,Q22,B,1.0
WBSSC_SLST_0097,WB_CENTRE_KOL_01,HALL_02,23,Q23,B,1.0
WBSSC_SLST_0097,WB_CENTRE_KOL_01,HALL_02,23,Q24,B,1.0
WBSSC_SLST_0097,WB_CENTRE_KOL_01,HALL_02,23,Q25,B,1.0
WBSSC_SLST_0097,WB_CENTRE_KOL_01,HALL_02,23,Q26,A,0.0
WBSSC_SLST_0097,WB_CENTRE_KOL_01,HALL_02,23,Q27,A,0.0
WBSSC_SLST_0097,WB_CENTRE_KOL_01,HALL_02,23,Q28,A,0.0
WBSSC_SLST_0097,WB_CENTRE_KOL_01,HALL_02,23,Q29,A,0.0
WBSSC_SLST_0097,WB_CENTRE_KOL_01,HALL_02,23,Q30,D,0.0
WBSSC_SLST_0097,WB_CENTRE_KOL_01,HALL_02,23,Q31,C,0.0
WBSSC_SLST_0097,WB_CENTRE_KOL_01,HALL_02,23,Q32,D,0.0
WBSSC_SLST_0097,WB_CENTRE_KOL_01,HALL_02,23,Q33,A,0.0
WBSSC_SLST_0097,WB_CENTRE_KOL_01,HALL_02,23,Q34,A,0.0
WBSSC_SLST_0097,WB_CENTRE_KOL_01,HALL_02,23,Q35,D,0.0
WBSSC_SLST_0097,WB_CENTRE_KOL_01,HALL_02,23,Q36,D,0.0
WBSSC_SLST_0097,WB_CENTRE_KOL_01,HALL_02,23,Q37,D,0.0
WBSSC_SLST_0097,WB_CENTRE_KOL_01,HALL_02,23,Q38,A,0.0
WBSSC_SLST_0097,WB_CENTRE_KOL_01,HALL_02,23,Q39,D,0.0
WBSSC_SLST_0097,WB_CENTRE_KOL_01,HALL_02,23,Q40,C,0.0
WBSSC_SLST_0097,WB_CENTRE_KOL_01,HALL_02,23,Q41,D,0.0
WBSSC_SLST_0097,WB_CENTRE_KOL_01,HALL_02,23,Q42,C,0.0
WBSSC_SLST_0097,WB_CENTRE_KOL_01,HALL_02,23,Q43,C,0.0
WBSSC_SLST_0097,WB_CENTRE_KOL_01,HALL_02,23,Q44,C,0.0
WBSSC_SLST_0097,WB_CENTRE_KOL_01,HALL_02,23,Q45,A,0.0
WBSSC_SLST_0097,WB_CENTRE_KOL_01,HALL_02,23,Q46,C,0.0
WBSSC_SLST_0097,WB_CENTRE_KOL_01,HALL_02,23,Q47,D,0.0
WBSSC_SLST_0097,WB_CENTRE_KOL_01,HALL_02,23,Q48,C,0.0
WBSSC_SLST_0097,WB_CENTRE_KOL_01,HALL_02,23,Q49,D,0.0
WBSSC_SLST_0097,WB_CENTRE_KOL_01,HALL_02,23,Q50,C,0.0
WBSSC_SLST_0097,WB_CENTRE_KOL_01,HALL_02,23,Q51,D,0.0
WBSSC_SLST_0097,WB_CENTRE_KOL_01,HALL_02,23,Q52,C,0.0
WBSSC_SLST_0097,WB_CENTRE_KOL_01,HALL_02,23,Q53,A,0.0
WBSSC_SLST_0097,WB_CENTRE_KOL_01,HALL_02,23,Q54,C,0.0
WBSSC_SLST_0097,WB_CENTRE_KOL_01,HALL_02,23,Q55,A,0.0
WBSSC_SLST_0097,WB_CENTRE_KOL_01,HALL_02,23,Q56,C,0.0
WBSSC_SLST_0097,WB_CENTRE_KOL_01,HALL_02,23,Q57,A,0.0
WBSSC_SLST_0097,WB_CENTRE_KOL_01,HALL_02,23,Q58,A,0.0
WBSSC_SLST_0097,WB_CENTRE_KOL_01,HALL_02,23,Q59,D,0.0
WBSSC_SLST_0097,WB_CENTRE_KOL_01,HALL_02,23,Q60,C,0.0
WBSSC_SLST_0098,WB_CENTRE_KOL_01,HALL_03,24,Q01,B,1.0
WBSSC_SLST_0098,WB_CENTRE_KOL_01,HALL_03,24,Q02,B,1.0
WBSSC_SLST_0098,WB_CENTRE_KOL_01,HALL_03,24,Q03,B,1.0
WBSSC_SLST_0098,WB_CENTRE_KOL_01,HALL_03,24,Q04,B,1.0
WBSSC_SLST_0098,WB_CENTRE_KOL_01,HALL_03,24,Q05,B,1.0
WBSSC_SLST_0098,WB_CENTRE_KOL_01,HALL_03,24,Q06,B,1.0
WBSSC_SLST_0098,WB_CENTRE_KOL_01,HALL_03,24,Q07,B,1.0
WBSSC_SLST_0098,WB_CENTRE_KOL_01,HALL_03,24,Q08,B,1.0
WBSSC_SLST_0098,WB_CENTRE_KOL_01,HALL_03,24,Q09,B,1.0
WBSSC_SLST_0098,WB_CENTRE_KOL_01,HALL_03,24,Q10,B,1.0
WBSSC_SLST_0098,WB_CENTRE_KOL_01,HALL_03,24,Q11,B,1.0
WBSSC_SLST_0098,WB_CENTRE_KOL_01,HALL_03,24,Q12,B,1.0
WBSSC_SLST_0098,WB_CENTRE_KOL_01,HALL_03,24,Q13,B,1.0
WBSSC_SLST_0098,WB_CENTRE_KOL_01,HALL_03,24,Q14,B,1.0
WBSSC_SLST_0098,WB_CENTRE_KOL_01,HALL_03,24,Q15,B,1.0
WBSSC_SLST_0098,WB_CENTRE_KOL_01,HALL_03,24,Q16,B,1.0
WBSSC_SLST_0098,WB_CENTRE_KOL_01,HALL_03,24,Q17,B,1.0
WBSSC_SLST_0098,WB_CENTRE_KOL_01,HALL_03,24,Q18,B,1.0
WBSSC_SLST_0098,WB_CENTRE_KOL_01,HALL_03,24,Q19,B,1.0
WBSSC_SLST_0098,WB_CENTRE_KOL_01,HALL_03,24,Q20,B,1.0
WBSSC_SLST_0098,WB_CENTRE_KOL_01,HALL_03,24,Q21,B,1.0
WBSSC_SLST_0098,WB_CENTRE_KOL_01,HALL_03,24,Q22,B,1.0
WBSSC_SLST_0098,WB_CENTRE_KOL_01,HALL_03,24,Q23,B,1.0
WBSSC_SLST_0098,WB_CENTRE_KOL_01,HALL_03,24,Q24,B,1.0
WBSSC_SLST_0098,WB_CENTRE_KOL_01,HALL_03,24,Q25,B,1.0
WBSSC_SLST_0098,WB_CENTRE_KOL_01,HALL_03,24,Q26,B,1.0
WBSSC_SLST_0098,WB_CENTRE_KOL_01,HALL_03,24,Q27,B,1.0
WBSSC_SLST_0098,WB_CENTRE_KOL_01,HALL_03,24,Q28,B,1.0
WBSSC_SLST_0098,WB_CENTRE_KOL_01,HALL_03,24,Q29,B,1.0
WBSSC_SLST_0098,WB_CENTRE_KOL_01,HALL_03,24,Q30,B,1.0
WBSSC_SLST_0098,WB_CENTRE_KOL_01,HALL_03,24,Q31,D,0.0
WBSSC_SLST_0098,WB_CENTRE_KOL_01,HALL_03,24,Q32,A,0.0
WBSSC_SLST_0098,WB_CENTRE_KOL_01,HALL_03,24,Q33,C,0.0
WBSSC_SLST_0098,WB_CENTRE_KOL_01,HALL_03,24,Q34,D,0.0
WBSSC_SLST_0098,WB_CENTRE_KOL_01,HALL_03,24,Q35,D,0.0
WBSSC_SLST_0098,WB_CENTRE_KOL_01,HALL_03,24,Q36,D,0.0
WBSSC_SLST_0098,WB_CENTRE_KOL_01,HALL_03,24,Q37,A,0.0
WBSSC_SLST_0098,WB_CENTRE_KOL_01,HALL_03,24,Q38,D,0.0
WBSSC_SLST_0098,WB_CENTRE_KOL_01,HALL_03,24,Q39,D,0.0
WBSSC_SLST_0098,WB_CENTRE_KOL_01,HALL_03,24,Q40,A,0.0
WBSSC_SLST_0098,WB_CENTRE_KOL_01,HALL_03,24,Q41,D,0.0
WBSSC_SLST_0098,WB_CENTRE_KOL_01,HALL_03,24,Q42,D,0.0
WBSSC_SLST_0098,WB_CENTRE_KOL_01,HALL_03,24,Q43,C,0.0
WBSSC_SLST_0098,WB_CENTRE_KOL_01,HALL_03,24,Q44,A,0.0
WBSSC_SLST_0098,WB_CENTRE_KOL_01,HALL_03,24,Q45,A,0.0
WBSSC_SLST_0098,WB_CENTRE_KOL_01,HALL_03,24,Q46,D,0.0
WBSSC_SLST_0098,WB_CENTRE_KOL_01,HALL_03,24,Q47,D,0.0
WBSSC_SLST_0098,WB_CENTRE_KOL_01,HALL_03,24,Q48,A,0.0
WBSSC_SLST_0098,WB_CENTRE_KOL_01,HALL_03,24,Q49,D,0.0
WBSSC_SLST_0098,WB_CENTRE_KOL_01,HALL_03,24,Q50,D,0.0
WBSSC_SLST_0098,WB_CENTRE_KOL_01,HALL_03,24,Q51,D,0.0
WBSSC_SLST_0098,WB_CENTRE_KOL_01,HALL_03,24,Q52,C,0.0
WBSSC_SLST_0098,WB_CENTRE_KOL_01,HALL_03,24,Q53,C,0.0
WBSSC_SLST_0098,WB_CENTRE_KOL_01,HALL_03,24,Q54,D,0.0
WBSSC_SLST_0098,WB_CENTRE_KOL_01,HALL_03,24,Q55,D,0.0
WBSSC_SLST_0098,WB_CENTRE_KOL_01,HALL_03,24,Q56,D,0.0
WBSSC_SLST_0098,WB_CENTRE_KOL_01,HALL_03,24,Q57,A,0.0
WBSSC_SLST_0098,WB_CENTRE_KOL_01,HALL_03,24,Q58,A,0.0
WBSSC_SLST_0098,WB_CENTRE_KOL_01,HALL_03,24,Q59,C,0.0
WBSSC_SLST_0098,WB_CENTRE_KOL_01,HALL_03,24,Q60,D,0.0
WBSSC_SLST_0099,WB_CENTRE_KOL_01,HALL_04,25,Q01,B,1.0
WBSSC_SLST_0099,WB_CENTRE_KOL_01,HALL_04,25,Q02,B,1.0
WBSSC_SLST_0099,WB_CENTRE_KOL_01,HALL_04,25,Q03,B,1.0
WBSSC_SLST_0099,WB_CENTRE_KOL_01,HALL_04,25,Q04,B,1.0
WBSSC_SLST_0099,WB_CENTRE_KOL_01,HALL_04,25,Q05,B,1.0
WBSSC_SLST_0099,WB_CENTRE_KOL_01,HALL_04,25,Q06,B,1.0
WBSSC_SLST_0099,WB_CENTRE_KOL_01,HALL_04,25,Q07,B,1.0
WBSSC_SLST_0099,WB_CENTRE_KOL_01,HALL_04,25,Q08,B,1.0
WBSSC_SLST_0099,WB_CENTRE_KOL_01,HALL_04,25,Q09,B,1.0
WBSSC_SLST_0099,WB_CENTRE_KOL_01,HALL_04,25,Q10,B,1.0
WBSSC_SLST_0099,WB_CENTRE_KOL_01,HALL_04,25,Q11,B,1.0
WBSSC_SLST_0099,WB_CENTRE_KOL_01,HALL_04,25,Q12,B,1.0
WBSSC_SLST_0099,WB_CENTRE_KOL_01,HALL_04,25,Q13,B,1.0
WBSSC_SLST_0099,WB_CENTRE_KOL_01,HALL_04,25,Q14,B,1.0
WBSSC_SLST_0099,WB_CENTRE_KOL_01,HALL_04,25,Q15,B,1.0
WBSSC_SLST_0099,WB_CENTRE_KOL_01,HALL_04,25,Q16,B,1.0
WBSSC_SLST_0099,WB_CENTRE_KOL_01,HALL_04,25,Q17,B,1.0
WBSSC_SLST_0099,WB_CENTRE_KOL_01,HALL_04,25,Q18,B,1.0
WBSSC_SLST_0099,WB_CENTRE_KOL_01,HALL_04,25,Q19,B,1.0
WBSSC_SLST_0099,WB_CENTRE_KOL_01,HALL_04,25,Q20,B,1.0
WBSSC_SLST_0099,WB_CENTRE_KOL_01,HALL_04,25,Q21,B,1.0
WBSSC_SLST_0099,WB_CENTRE_KOL_01,HALL_04,25,Q22,B,1.0
WBSSC_SLST_0099,WB_CENTRE_KOL_01,HALL_04,25,Q23,B,1.0
WBSSC_SLST_0099,WB_CENTRE_KOL_01,HALL_04,25,Q24,B,1.0
WBSSC_SLST_0099,WB_CENTRE_KOL_01,HALL_04,25,Q25,B,1.0
WBSSC_SLST_0099,WB_CENTRE_KOL_01,HALL_04,25,Q26,B,1.0
WBSSC_SLST_0099,WB_CENTRE_KOL_01,HALL_04,25,Q27,B,1.0
WBSSC_SLST_0099,WB_CENTRE_KOL_01,HALL_04,25,Q28,B,1.0
WBSSC_SLST_0099,WB_CENTRE_KOL_01,HALL_04,25,Q29,B,1.0
WBSSC_SLST_0099,WB_CENTRE_KOL_01,HALL_04,25,Q30,B,1.0
WBSSC_SLST_0099,WB_CENTRE_KOL_01,HALL_04,25,Q31,B,1.0
WBSSC_SLST_0099,WB_CENTRE_KOL_01,HALL_04,25,Q32,B,1.0
WBSSC_SLST_0099,WB_CENTRE_KOL_01,HALL_04,25,Q33,B,1.0
WBSSC_SLST_0099,WB_CENTRE_KOL_01,HALL_04,25,Q34,B,1.0
WBSSC_SLST_0099,WB_CENTRE_KOL_01,HALL_04,25,Q35,B,1.0
WBSSC_SLST_0099,WB_CENTRE_KOL_01,HALL_04,25,Q36,B,1.0
WBSSC_SLST_0099,WB_CENTRE_KOL_01,HALL_04,25,Q37,B,1.0
WBSSC_SLST_0099,WB_CENTRE_KOL_01,HALL_04,25,Q38,B,1.0
WBSSC_SLST_0099,WB_CENTRE_KOL_01,HALL_04,25,Q39,B,1.0
WBSSC_SLST_0099,WB_CENTRE_KOL_01,HALL_04,25,Q40,B,1.0
WBSSC_SLST_0099,WB_CENTRE_KOL_01,HALL_04,25,Q41,B,1.0
WBSSC_SLST_0099,WB_CENTRE_KOL_01,HALL_04,25,Q42,B,1.0
WBSSC_SLST_0099,WB_CENTRE_KOL_01,HALL_04,25,Q43,A,0.0
WBSSC_SLST_0099,WB_CENTRE_KOL_01,HALL_04,25,Q44,A,0.0
WBSSC_SLST_0099,WB_CENTRE_KOL_01,HALL_04,25,Q45,D,0.0
WBSSC_SLST_0099,WB_CENTRE_KOL_01,HALL_04,25,Q46,D,0.0
WBSSC_SLST_0099,WB_CENTRE_KOL_01,HALL_04,25,Q47,D,0.0
WBSSC_SLST_0099,WB_CENTRE_KOL_01,HALL_04,25,Q48,A,0.0
WBSSC_SLST_0099,WB_CENTRE_KOL_01,HALL_04,25,Q49,C,0.0
WBSSC_SLST_0099,WB_CENTRE_KOL_01,HALL_04,25,Q50,C,0.0
WBSSC_SLST_0099,WB_CENTRE_KOL_01,HALL_04,25,Q51,D,0.0
WBSSC_SLST_0099,WB_CENTRE_KOL_01,HALL_04,25,Q52,D,0.0
WBSSC_SLST_0099,WB_CENTRE_KOL_01,HALL_04,25,Q53,C,0.0
WBSSC_SLST_0099,WB_CENTRE_KOL_01,HALL_04,25,Q54,A,0.0
WBSSC_SLST_0099,WB_CENTRE_KOL_01,HALL_04,25,Q55,C,0.0
WBSSC_SLST_0099,WB_CENTRE_KOL_01,HALL_04,25,Q56,D,0.0
WBSSC_SLST_0099,WB_CENTRE_KOL_01,HALL_04,25,Q57,C,0.0
WBSSC_SLST_0099,WB_CENTRE_KOL_01,HALL_04,25,Q58,D,0.0
WBSSC_SLST_0099,WB_CENTRE_KOL_01,HALL_04,25,Q59,C,0.0
WBSSC_SLST_0099,WB_CENTRE_KOL_01,HALL_04,25,Q60,D,0.0
WBSSC_SLST_0100,WB_CENTRE_KOL_01,HALL_01,1,Q01,B,1.0
WBSSC_SLST_0100,WB_CENTRE_KOL_01,HALL_01,1,Q02,B,1.0
WBSSC_SLST_0100,WB_CENTRE_KOL_01,HALL_01,1,Q03,B,1.0
WBSSC_SLST_0100,WB_CENTRE_KOL_01,HALL_01,1,Q04,B,1.0
WBSSC_SLST_0100,WB_CENTRE_KOL_01,HALL_01,1,Q05,B,1.0
WBSSC_SLST_0100,WB_CENTRE_KOL_01,HALL_01,1,Q06,B,1.0
WBSSC_SLST_0100,WB_CENTRE_KOL_01,HALL_01,1,Q07,B,1.0
WBSSC_SLST_0100,WB_CENTRE_KOL_01,HALL_01,1,Q08,B,1.0
WBSSC_SLST_0100,WB_CENTRE_KOL_01,HALL_01,1,Q09,B,1.0
WBSSC_SLST_0100,WB_CENTRE_KOL_01,HALL_01,1,Q10,B,1.0
WBSSC_SLST_0100,WB_CENTRE_KOL_01,HALL_01,1,Q11,B,1.0
WBSSC_SLST_0100,WB_CENTRE_KOL_01,HALL_01,1,Q12,B,1.0
WBSSC_SLST_0100,WB_CENTRE_KOL_01,HALL_01,1,Q13,B,1.0
WBSSC_SLST_0100,WB_CENTRE_KOL_01,HALL_01,1,Q14,B,1.0
WBSSC_SLST_0100,WB_CENTRE_KOL_01,HALL_01,1,Q15,B,1.0
WBSSC_SLST_0100,WB_CENTRE_KOL_01,HALL_01,1,Q16,B,1.0
WBSSC_SLST_0100,WB_CENTRE_KOL_01,HALL_01,1,Q17,B,1.0
WBSSC_SLST_0100,WB_CENTRE_KOL_01,HALL_01,1,Q18,B,1.0
WBSSC_SLST_0100,WB_CENTRE_KOL_01,HALL_01,1,Q19,B,1.0
WBSSC_SLST_0100,WB_CENTRE_KOL_01,HALL_01,1,Q20,B,1.0
WBSSC_SLST_0100,WB_CENTRE_KOL_01,HALL_01,1,Q21,B,1.0
WBSSC_SLST_0100,WB_CENTRE_KOL_01,HALL_01,1,Q22,B,1.0
WBSSC_SLST_0100,WB_CENTRE_KOL_01,HALL_01,1,Q23,B,1.0
WBSSC_SLST_0100,WB_CENTRE_KOL_01,HALL_01,1,Q24,A,0.0
WBSSC_SLST_0100,WB_CENTRE_KOL_01,HALL_01,1,Q25,D,0.0
WBSSC_SLST_0100,WB_CENTRE_KOL_01,HALL_01,1,Q26,A,0.0
WBSSC_SLST_0100,WB_CENTRE_KOL_01,HALL_01,1,Q27,D,0.0
WBSSC_SLST_0100,WB_CENTRE_KOL_01,HALL_01,1,Q28,C,0.0
WBSSC_SLST_0100,WB_CENTRE_KOL_01,HALL_01,1,Q29,D,0.0
WBSSC_SLST_0100,WB_CENTRE_KOL_01,HALL_01,1,Q30,A,0.0
WBSSC_SLST_0100,WB_CENTRE_KOL_01,HALL_01,1,Q31,A,0.0
WBSSC_SLST_0100,WB_CENTRE_KOL_01,HALL_01,1,Q32,A,0.0
WBSSC_SLST_0100,WB_CENTRE_KOL_01,HALL_01,1,Q33,C,0.0
WBSSC_SLST_0100,WB_CENTRE_KOL_01,HALL_01,1,Q34,D,0.0
WBSSC_SLST_0100,WB_CENTRE_KOL_01,HALL_01,1,Q35,C,0.0
WBSSC_SLST_0100,WB_CENTRE_KOL_01,HALL_01,1,Q36,A,0.0
WBSSC_SLST_0100,WB_CENTRE_KOL_01,HALL_01,1,Q37,D,0.0
WBSSC_SLST_0100,WB_CENTRE_KOL_01,HALL_01,1,Q38,A,0.0
WBSSC_SLST_0100,WB_CENTRE_KOL_01,HALL_01,1,Q39,A,0.0
WBSSC_SLST_0100,WB_CENTRE_KOL_01,HALL_01,1,Q40,D,0.0
WBSSC_SLST_0100,WB_CENTRE_KOL_01,HALL_01,1,Q41,C,0.0
WBSSC_SLST_0100,WB_CENTRE_KOL_01,HALL_01,1,Q42,C,0.0
WBSSC_SLST_0100,WB_CENTRE_KOL_01,HALL_01,1,Q43,C,0.0
WBSSC_SLST_0100,WB_CENTRE_KOL_01,HALL_01,1,Q44,C,0.0
WBSSC_SLST_0100,WB_CENTRE_KOL_01,HALL_01,1,Q45,A,0.0
WBSSC_SLST_0100,WB_CENTRE_KOL_01,HALL_01,1,Q46,D,0.0
WBSSC_SLST_0100,WB_CENTRE_KOL_01,HALL_01,1,Q47,D,0.0
WBSSC_SLST_0100,WB_CENTRE_KOL_01,HALL_01,1,Q48,A,0.0
WBSSC_SLST_0100,WB_CENTRE_KOL_01,HALL_01,1,Q49,D,0.0
WBSSC_SLST_0100,WB_CENTRE_KOL_01,HALL_01,1,Q50,C,0.0
WBSSC_SLST_0100,WB_CENTRE_KOL_01,HALL_01,1,Q51,A,0.0
WBSSC_SLST_0100,WB_CENTRE_KOL_01,HALL_01,1,Q52,A,0.0
WBSSC_SLST_0100,WB_CENTRE_KOL_01,HALL_01,1,Q53,D,0.0
WBSSC_SLST_0100,WB_CENTRE_KOL_01,HALL_01,1,Q54,D,0.0
WBSSC_SLST_0100,WB_CENTRE_KOL_01,HALL_01,1,Q55,C,0.0
WBSSC_SLST_0100,WB_CENTRE_KOL_01,HALL_01,1,Q56,C,0.0
WBSSC_SLST_0100,WB_CENTRE_KOL_01,HALL_01,1,Q57,A,0.0
WBSSC_SLST_0100,WB_CENTRE_KOL_01,HALL_01,1,Q58,D,0.0
WBSSC_SLST_0100,WB_CENTRE_KOL_01,HALL_01,1,Q59,C,0.0
WBSSC_SLST_0100,WB_CENTRE_KOL_01,HALL_01,1,Q60,A,0.0
WBSSC_SLST_0101,WB_CENTRE_SIL_02,HALL_02,2,Q01,B,1.0
WBSSC_SLST_0101,WB_CENTRE_SIL_02,HALL_02,2,Q02,B,1.0
WBSSC_SLST_0101,WB_CENTRE_SIL_02,HALL_02,2,Q03,B,1.0
WBSSC_SLST_0101,WB_CENTRE_SIL_02,HALL_02,2,Q04,B,1.0
WBSSC_SLST_0101,WB_CENTRE_SIL_02,HALL_02,2,Q05,B,1.0
WBSSC_SLST_0101,WB_CENTRE_SIL_02,HALL_02,2,Q06,B,1.0
WBSSC_SLST_0101,WB_CENTRE_SIL_02,HALL_02,2,Q07,B,1.0
WBSSC_SLST_0101,WB_CENTRE_SIL_02,HALL_02,2,Q08,B,1.0
WBSSC_SLST_0101,WB_CENTRE_SIL_02,HALL_02,2,Q09,B,1.0
WBSSC_SLST_0101,WB_CENTRE_SIL_02,HALL_02,2,Q10,B,1.0
WBSSC_SLST_0101,WB_CENTRE_SIL_02,HALL_02,2,Q11,B,1.0
WBSSC_SLST_0101,WB_CENTRE_SIL_02,HALL_02,2,Q12,B,1.0
WBSSC_SLST_0101,WB_CENTRE_SIL_02,HALL_02,2,Q13,B,1.0
WBSSC_SLST_0101,WB_CENTRE_SIL_02,HALL_02,2,Q14,B,1.0
WBSSC_SLST_0101,WB_CENTRE_SIL_02,HALL_02,2,Q15,B,1.0
WBSSC_SLST_0101,WB_CENTRE_SIL_02,HALL_02,2,Q16,B,1.0
WBSSC_SLST_0101,WB_CENTRE_SIL_02,HALL_02,2,Q17,B,1.0
WBSSC_SLST_0101,WB_CENTRE_SIL_02,HALL_02,2,Q18,B,1.0
WBSSC_SLST_0101,WB_CENTRE_SIL_02,HALL_02,2,Q19,B,1.0
WBSSC_SLST_0101,WB_CENTRE_SIL_02,HALL_02,2,Q20,B,1.0
WBSSC_SLST_0101,WB_CENTRE_SIL_02,HALL_02,2,Q21,B,1.0
WBSSC_SLST_0101,WB_CENTRE_SIL_02,HALL_02,2,Q22,B,1.0
WBSSC_SLST_0101,WB_CENTRE_SIL_02,HALL_02,2,Q23,B,1.0
WBSSC_SLST_0101,WB_CENTRE_SIL_02,HALL_02,2,Q24,B,1.0
WBSSC_SLST_0101,WB_CENTRE_SIL_02,HALL_02,2,Q25,B,1.0
WBSSC_SLST_0101,WB_CENTRE_SIL_02,HALL_02,2,Q26,B,1.0
WBSSC_SLST_0101,WB_CENTRE_SIL_02,HALL_02,2,Q27,B,1.0
WBSSC_SLST_0101,WB_CENTRE_SIL_02,HALL_02,2,Q28,B,1.0
WBSSC_SLST_0101,WB_CENTRE_SIL_02,HALL_02,2,Q29,C,0.0
WBSSC_SLST_0101,WB_CENTRE_SIL_02,HALL_02,2,Q30,C,0.0
WBSSC_SLST_0101,WB_CENTRE_SIL_02,HALL_02,2,Q31,D,0.0
WBSSC_SLST_0101,WB_CENTRE_SIL_02,HALL_02,2,Q32,D,0.0
WBSSC_SLST_0101,WB_CENTRE_SIL_02,HALL_02,2,Q33,A,0.0
WBSSC_SLST_0101,WB_CENTRE_SIL_02,HALL_02,2,Q34,A,0.0
WBSSC_SLST_0101,WB_CENTRE_SIL_02,HALL_02,2,Q35,A,0.0
WBSSC_SLST_0101,WB_CENTRE_SIL_02,HALL_02,2,Q36,A,0.0
WBSSC_SLST_0101,WB_CENTRE_SIL_02,HALL_02,2,Q37,C,0.0
WBSSC_SLST_0101,WB_CENTRE_SIL_02,HALL_02,2,Q38,C,0.0
WBSSC_SLST_0101,WB_CENTRE_SIL_02,HALL_02,2,Q39,D,0.0
WBSSC_SLST_0101,WB_CENTRE_SIL_02,HALL_02,2,Q40,D,0.0
WBSSC_SLST_0101,WB_CENTRE_SIL_02,HALL_02,2,Q41,C,0.0
WBSSC_SLST_0101,WB_CENTRE_SIL_02,HALL_02,2,Q42,D,0.0
WBSSC_SLST_0101,WB_CENTRE_SIL_02,HALL_02,2,Q43,C,0.0
WBSSC_SLST_0101,WB_CENTRE_SIL_02,HALL_02,2,Q44,C,0.0
WBSSC_SLST_0101,WB_CENTRE_SIL_02,HALL_02,2,Q45,C,0.0
WBSSC_SLST_0101,WB_CENTRE_SIL_02,HALL_02,2,Q46,D,0.0
WBSSC_SLST_0101,WB_CENTRE_SIL_02,HALL_02,2,Q47,C,0.0
WBSSC_SLST_0101,WB_CENTRE_SIL_02,HALL_02,2,Q48,C,0.0
WBSSC_SLST_0101,WB_CENTRE_SIL_02,HALL_02,2,Q49,D,0.0
WBSSC_SLST_0101,WB_CENTRE_SIL_02,HALL_02,2,Q50,D,0.0
WBSSC_SLST_0101,WB_CENTRE_SIL_02,HALL_02,2,Q51,D,0.0
WBSSC_SLST_0101,WB_CENTRE_SIL_02,HALL_02,2,Q52,C,0.0
WBSSC_SLST_0101,WB_CENTRE_SIL_02,HALL_02,2,Q53,D,0.0
WBSSC_SLST_0101,WB_CENTRE_SIL_02,HALL_02,2,Q54,C,0.0
WBSSC_SLST_0101,WB_CENTRE_SIL_02,HALL_02,2,Q55,A,0.0
WBSSC_SLST_0101,WB_CENTRE_SIL_02,HALL_02,2,Q56,A,0.0
WBSSC_SLST_0101,WB_CENTRE_SIL_02,HALL_02,2,Q57,A,0.0
WBSSC_SLST_0101,WB_CENTRE_SIL_02,HALL_02,2,Q58,C,0.0
WBSSC_SLST_0101,WB_CENTRE_SIL_02,HALL_02,2,Q59,A,0.0
WBSSC_SLST_0101,WB_CENTRE_SIL_02,HALL_02,2,Q60,A,0.0
WBSSC_SLST_0102,WB_CENTRE_SIL_02,HALL_03,3,Q01,B,1.0
WBSSC_SLST_0102,WB_CENTRE_SIL_02,HALL_03,3,Q02,B,1.0
WBSSC_SLST_0102,WB_CENTRE_SIL_02,HALL_03,3,Q03,B,1.0
WBSSC_SLST_0102,WB_CENTRE_SIL_02,HALL_03,3,Q04,B,1.0
WBSSC_SLST_0102,WB_CENTRE_SIL_02,HALL_03,3,Q05,B,1.0
WBSSC_SLST_0102,WB_CENTRE_SIL_02,HALL_03,3,Q06,B,1.0
WBSSC_SLST_0102,WB_CENTRE_SIL_02,HALL_03,3,Q07,B,1.0
WBSSC_SLST_0102,WB_CENTRE_SIL_02,HALL_03,3,Q08,B,1.0
WBSSC_SLST_0102,WB_CENTRE_SIL_02,HALL_03,3,Q09,B,1.0
WBSSC_SLST_0102,WB_CENTRE_SIL_02,HALL_03,3,Q10,B,1.0
WBSSC_SLST_0102,WB_CENTRE_SIL_02,HALL_03,3,Q11,B,1.0
WBSSC_SLST_0102,WB_CENTRE_SIL_02,HALL_03,3,Q12,B,1.0
WBSSC_SLST_0102,WB_CENTRE_SIL_02,HALL_03,3,Q13,B,1.0
WBSSC_SLST_0102,WB_CENTRE_SIL_02,HALL_03,3,Q14,B,1.0
WBSSC_SLST_0102,WB_CENTRE_SIL_02,HALL_03,3,Q15,B,1.0
WBSSC_SLST_0102,WB_CENTRE_SIL_02,HALL_03,3,Q16,B,1.0
WBSSC_SLST_0102,WB_CENTRE_SIL_02,HALL_03,3,Q17,B,1.0
WBSSC_SLST_0102,WB_CENTRE_SIL_02,HALL_03,3,Q18,B,1.0
WBSSC_SLST_0102,WB_CENTRE_SIL_02,HALL_03,3,Q19,B,1.0
WBSSC_SLST_0102,WB_CENTRE_SIL_02,HALL_03,3,Q20,B,1.0
WBSSC_SLST_0102,WB_CENTRE_SIL_02,HALL_03,3,Q21,B,1.0
WBSSC_SLST_0102,WB_CENTRE_SIL_02,HALL_03,3,Q22,B,1.0
WBSSC_SLST_0102,WB_CENTRE_SIL_02,HALL_03,3,Q23,B,1.0
WBSSC_SLST_0102,WB_CENTRE_SIL_02,HALL_03,3,Q24,B,1.0
WBSSC_SLST_0102,WB_CENTRE_SIL_02,HALL_03,3,Q25,B,1.0
WBSSC_SLST_0102,WB_CENTRE_SIL_02,HALL_03,3,Q26,B,1.0
WBSSC_SLST_0102,WB_CENTRE_SIL_02,HALL_03,3,Q27,B,1.0
WBSSC_SLST_0102,WB_CENTRE_SIL_02,HALL_03,3,Q28,B,1.0
WBSSC_SLST_0102,WB_CENTRE_SIL_02,HALL_03,3,Q29,B,1.0
WBSSC_SLST_0102,WB_CENTRE_SIL_02,HALL_03,3,Q30,B,1.0
WBSSC_SLST_0102,WB_CENTRE_SIL_02,HALL_03,3,Q31,B,1.0
WBSSC_SLST_0102,WB_CENTRE_SIL_02,HALL_03,3,Q32,B,1.0
WBSSC_SLST_0102,WB_CENTRE_SIL_02,HALL_03,3,Q33,B,1.0
WBSSC_SLST_0102,WB_CENTRE_SIL_02,HALL_03,3,Q34,B,1.0
WBSSC_SLST_0102,WB_CENTRE_SIL_02,HALL_03,3,Q35,B,1.0
WBSSC_SLST_0102,WB_CENTRE_SIL_02,HALL_03,3,Q36,B,1.0
WBSSC_SLST_0102,WB_CENTRE_SIL_02,HALL_03,3,Q37,B,1.0
WBSSC_SLST_0102,WB_CENTRE_SIL_02,HALL_03,3,Q38,B,1.0
WBSSC_SLST_0102,WB_CENTRE_SIL_02,HALL_03,3,Q39,B,1.0
WBSSC_SLST_0102,WB_CENTRE_SIL_02,HALL_03,3,Q40,B,1.0
WBSSC_SLST_0102,WB_CENTRE_SIL_02,HALL_03,3,Q41,C,0.0
WBSSC_SLST_0102,WB_CENTRE_SIL_02,HALL_03,3,Q42,C,0.0
WBSSC_SLST_0102,WB_CENTRE_SIL_02,HALL_03,3,Q43,A,0.0
WBSSC_SLST_0102,WB_CENTRE_SIL_02,HALL_03,3,Q44,C,0.0
WBSSC_SLST_0102,WB_CENTRE_SIL_02,HALL_03,3,Q45,D,0.0
WBSSC_SLST_0102,WB_CENTRE_SIL_02,HALL_03,3,Q46,A,0.0
WBSSC_SLST_0102,WB_CENTRE_SIL_02,HALL_03,3,Q47,A,0.0
WBSSC_SLST_0102,WB_CENTRE_SIL_02,HALL_03,3,Q48,C,0.0
WBSSC_SLST_0102,WB_CENTRE_SIL_02,HALL_03,3,Q49,A,0.0
WBSSC_SLST_0102,WB_CENTRE_SIL_02,HALL_03,3,Q50,D,0.0
WBSSC_SLST_0102,WB_CENTRE_SIL_02,HALL_03,3,Q51,C,0.0
WBSSC_SLST_0102,WB_CENTRE_SIL_02,HALL_03,3,Q52,A,0.0
WBSSC_SLST_0102,WB_CENTRE_SIL_02,HALL_03,3,Q53,C,0.0
WBSSC_SLST_0102,WB_CENTRE_SIL_02,HALL_03,3,Q54,C,0.0
WBSSC_SLST_0102,WB_CENTRE_SIL_02,HALL_03,3,Q55,D,0.0
WBSSC_SLST_0102,WB_CENTRE_SIL_02,HALL_03,3,Q56,D,0.0
WBSSC_SLST_0102,WB_CENTRE_SIL_02,HALL_03,3,Q57,C,0.0
WBSSC_SLST_0102,WB_CENTRE_SIL_02,HALL_03,3,Q58,A,0.0
WBSSC_SLST_0102,WB_CENTRE_SIL_02,HALL_03,3,Q59,C,0.0
WBSSC_SLST_0102,WB_CENTRE_SIL_02,HALL_03,3,Q60,D,0.0
WBSSC_SLST_0103,WB_CENTRE_SIL_02,HALL_04,4,Q01,B,1.0
WBSSC_SLST_0103,WB_CENTRE_SIL_02,HALL_04,4,Q02,B,1.0
WBSSC_SLST_0103,WB_CENTRE_SIL_02,HALL_04,4,Q03,B,1.0
WBSSC_SLST_0103,WB_CENTRE_SIL_02,HALL_04,4,Q04,B,1.0
WBSSC_SLST_0103,WB_CENTRE_SIL_02,HALL_04,4,Q05,B,1.0
WBSSC_SLST_0103,WB_CENTRE_SIL_02,HALL_04,4,Q06,B,1.0
WBSSC_SLST_0103,WB_CENTRE_SIL_02,HALL_04,4,Q07,B,1.0
WBSSC_SLST_0103,WB_CENTRE_SIL_02,HALL_04,4,Q08,B,1.0
WBSSC_SLST_0103,WB_CENTRE_SIL_02,HALL_04,4,Q09,B,1.0
WBSSC_SLST_0103,WB_CENTRE_SIL_02,HALL_04,4,Q10,B,1.0
WBSSC_SLST_0103,WB_CENTRE_SIL_02,HALL_04,4,Q11,B,1.0
WBSSC_SLST_0103,WB_CENTRE_SIL_02,HALL_04,4,Q12,B,1.0
WBSSC_SLST_0103,WB_CENTRE_SIL_02,HALL_04,4,Q13,B,1.0
WBSSC_SLST_0103,WB_CENTRE_SIL_02,HALL_04,4,Q14,B,1.0
WBSSC_SLST_0103,WB_CENTRE_SIL_02,HALL_04,4,Q15,B,1.0
WBSSC_SLST_0103,WB_CENTRE_SIL_02,HALL_04,4,Q16,B,1.0
WBSSC_SLST_0103,WB_CENTRE_SIL_02,HALL_04,4,Q17,B,1.0
WBSSC_SLST_0103,WB_CENTRE_SIL_02,HALL_04,4,Q18,B,1.0
WBSSC_SLST_0103,WB_CENTRE_SIL_02,HALL_04,4,Q19,B,1.0
WBSSC_SLST_0103,WB_CENTRE_SIL_02,HALL_04,4,Q20,B,1.0
WBSSC_SLST_0103,WB_CENTRE_SIL_02,HALL_04,4,Q21,B,1.0
WBSSC_SLST_0103,WB_CENTRE_SIL_02,HALL_04,4,Q22,D,0.0
WBSSC_SLST_0103,WB_CENTRE_SIL_02,HALL_04,4,Q23,A,0.0
WBSSC_SLST_0103,WB_CENTRE_SIL_02,HALL_04,4,Q24,D,0.0
WBSSC_SLST_0103,WB_CENTRE_SIL_02,HALL_04,4,Q25,C,0.0
WBSSC_SLST_0103,WB_CENTRE_SIL_02,HALL_04,4,Q26,C,0.0
WBSSC_SLST_0103,WB_CENTRE_SIL_02,HALL_04,4,Q27,C,0.0
WBSSC_SLST_0103,WB_CENTRE_SIL_02,HALL_04,4,Q28,D,0.0
WBSSC_SLST_0103,WB_CENTRE_SIL_02,HALL_04,4,Q29,D,0.0
WBSSC_SLST_0103,WB_CENTRE_SIL_02,HALL_04,4,Q30,D,0.0
WBSSC_SLST_0103,WB_CENTRE_SIL_02,HALL_04,4,Q31,C,0.0
WBSSC_SLST_0103,WB_CENTRE_SIL_02,HALL_04,4,Q32,D,0.0
WBSSC_SLST_0103,WB_CENTRE_SIL_02,HALL_04,4,Q33,A,0.0
WBSSC_SLST_0103,WB_CENTRE_SIL_02,HALL_04,4,Q34,D,0.0
WBSSC_SLST_0103,WB_CENTRE_SIL_02,HALL_04,4,Q35,C,0.0
WBSSC_SLST_0103,WB_CENTRE_SIL_02,HALL_04,4,Q36,D,0.0
WBSSC_SLST_0103,WB_CENTRE_SIL_02,HALL_04,4,Q37,D,0.0
WBSSC_SLST_0103,WB_CENTRE_SIL_02,HALL_04,4,Q38,C,0.0
WBSSC_SLST_0103,WB_CENTRE_SIL_02,HALL_04,4,Q39,D,0.0
WBSSC_SLST_0103,WB_CENTRE_SIL_02,HALL_04,4,Q40,A,0.0
WBSSC_SLST_0103,WB_CENTRE_SIL_02,HALL_04,4,Q41,D,0.0
WBSSC_SLST_0103,WB_CENTRE_SIL_02,HALL_04,4,Q42,C,0.0
WBSSC_SLST_0103,WB_CENTRE_SIL_02,HALL_04,4,Q43,C,0.0
WBSSC_SLST_0103,WB_CENTRE_SIL_02,HALL_04,4,Q44,A,0.0
WBSSC_SLST_0103,WB_CENTRE_SIL_02,HALL_04,4,Q45,D,0.0
WBSSC_SLST_0103,WB_CENTRE_SIL_02,HALL_04,4,Q46,A,0.0
WBSSC_SLST_0103,WB_CENTRE_SIL_02,HALL_04,4,Q47,C,0.0
WBSSC_SLST_0103,WB_CENTRE_SIL_02,HALL_04,4,Q48,D,0.0
WBSSC_SLST_0103,WB_CENTRE_SIL_02,HALL_04,4,Q49,C,0.0
WBSSC_SLST_0103,WB_CENTRE_SIL_02,HALL_04,4,Q50,D,0.0
WBSSC_SLST_0103,WB_CENTRE_SIL_02,HALL_04,4,Q51,D,0.0
WBSSC_SLST_0103,WB_CENTRE_SIL_02,HALL_04,4,Q52,D,0.0
WBSSC_SLST_0103,WB_CENTRE_SIL_02,HALL_04,4,Q53,A,0.0
WBSSC_SLST_0103,WB_CENTRE_SIL_02,HALL_04,4,Q54,D,0.0
WBSSC_SLST_0103,WB_CENTRE_SIL_02,HALL_04,4,Q55,D,0.0
WBSSC_SLST_0103,WB_CENTRE_SIL_02,HALL_04,4,Q56,A,0.0
WBSSC_SLST_0103,WB_CENTRE_SIL_02,HALL_04,4,Q57,C,0.0
WBSSC_SLST_0103,WB_CENTRE_SIL_02,HALL_04,4,Q58,A,0.0
WBSSC_SLST_0103,WB_CENTRE_SIL_02,HALL_04,4,Q59,C,0.0
WBSSC_SLST_0103,WB_CENTRE_SIL_02,HALL_04,4,Q60,A,0.0
WBSSC_SLST_0104,WB_CENTRE_SIL_02,HALL_01,5,Q01,B,1.0
WBSSC_SLST_0104,WB_CENTRE_SIL_02,HALL_01,5,Q02,B,1.0
WBSSC_SLST_0104,WB_CENTRE_SIL_02,HALL_01,5,Q03,B,1.0
WBSSC_SLST_0104,WB_CENTRE_SIL_02,HALL_01,5,Q04,B,1.0
WBSSC_SLST_0104,WB_CENTRE_SIL_02,HALL_01,5,Q05,B,1.0
WBSSC_SLST_0104,WB_CENTRE_SIL_02,HALL_01,5,Q06,B,1.0
WBSSC_SLST_0104,WB_CENTRE_SIL_02,HALL_01,5,Q07,B,1.0
WBSSC_SLST_0104,WB_CENTRE_SIL_02,HALL_01,5,Q08,B,1.0
WBSSC_SLST_0104,WB_CENTRE_SIL_02,HALL_01,5,Q09,B,1.0
WBSSC_SLST_0104,WB_CENTRE_SIL_02,HALL_01,5,Q10,B,1.0
WBSSC_SLST_0104,WB_CENTRE_SIL_02,HALL_01,5,Q11,B,1.0
WBSSC_SLST_0104,WB_CENTRE_SIL_02,HALL_01,5,Q12,B,1.0
WBSSC_SLST_0104,WB_CENTRE_SIL_02,HALL_01,5,Q13,B,1.0
WBSSC_SLST_0104,WB_CENTRE_SIL_02,HALL_01,5,Q14,B,1.0
WBSSC_SLST_0104,WB_CENTRE_SIL_02,HALL_01,5,Q15,B,1.0
WBSSC_SLST_0104,WB_CENTRE_SIL_02,HALL_01,5,Q16,B,1.0
WBSSC_SLST_0104,WB_CENTRE_SIL_02,HALL_01,5,Q17,B,1.0
WBSSC_SLST_0104,WB_CENTRE_SIL_02,HALL_01,5,Q18,B,1.0
WBSSC_SLST_0104,WB_CENTRE_SIL_02,HALL_01,5,Q19,B,1.0
WBSSC_SLST_0104,WB_CENTRE_SIL_02,HALL_01,5,Q20,B,1.0
WBSSC_SLST_0104,WB_CENTRE_SIL_02,HALL_01,5,Q21,B,1.0
WBSSC_SLST_0104,WB_CENTRE_SIL_02,HALL_01,5,Q22,B,1.0
WBSSC_SLST_0104,WB_CENTRE_SIL_02,HALL_01,5,Q23,B,1.0
WBSSC_SLST_0104,WB_CENTRE_SIL_02,HALL_01,5,Q24,B,1.0
WBSSC_SLST_0104,WB_CENTRE_SIL_02,HALL_01,5,Q25,B,1.0
WBSSC_SLST_0104,WB_CENTRE_SIL_02,HALL_01,5,Q26,B,1.0
WBSSC_SLST_0104,WB_CENTRE_SIL_02,HALL_01,5,Q27,C,0.0
WBSSC_SLST_0104,WB_CENTRE_SIL_02,HALL_01,5,Q28,D,0.0
WBSSC_SLST_0104,WB_CENTRE_SIL_02,HALL_01,5,Q29,C,0.0
WBSSC_SLST_0104,WB_CENTRE_SIL_02,HALL_01,5,Q30,D,0.0
WBSSC_SLST_0104,WB_CENTRE_SIL_02,HALL_01,5,Q31,C,0.0
WBSSC_SLST_0104,WB_CENTRE_SIL_02,HALL_01,5,Q32,D,0.0
WBSSC_SLST_0104,WB_CENTRE_SIL_02,HALL_01,5,Q33,C,0.0
WBSSC_SLST_0104,WB_CENTRE_SIL_02,HALL_01,5,Q34,D,0.0
WBSSC_SLST_0104,WB_CENTRE_SIL_02,HALL_01,5,Q35,D,0.0
WBSSC_SLST_0104,WB_CENTRE_SIL_02,HALL_01,5,Q36,A,0.0
WBSSC_SLST_0104,WB_CENTRE_SIL_02,HALL_01,5,Q37,D,0.0
WBSSC_SLST_0104,WB_CENTRE_SIL_02,HALL_01,5,Q38,C,0.0
WBSSC_SLST_0104,WB_CENTRE_SIL_02,HALL_01,5,Q39,D,0.0
WBSSC_SLST_0104,WB_CENTRE_SIL_02,HALL_01,5,Q40,D,0.0
WBSSC_SLST_0104,WB_CENTRE_SIL_02,HALL_01,5,Q41,D,0.0
WBSSC_SLST_0104,WB_CENTRE_SIL_02,HALL_01,5,Q42,D,0.0
WBSSC_SLST_0104,WB_CENTRE_SIL_02,HALL_01,5,Q43,C,0.0
WBSSC_SLST_0104,WB_CENTRE_SIL_02,HALL_01,5,Q44,A,0.0
WBSSC_SLST_0104,WB_CENTRE_SIL_02,HALL_01,5,Q45,A,0.0
WBSSC_SLST_0104,WB_CENTRE_SIL_02,HALL_01,5,Q46,D,0.0
WBSSC_SLST_0104,WB_CENTRE_SIL_02,HALL_01,5,Q47,A,0.0
WBSSC_SLST_0104,WB_CENTRE_SIL_02,HALL_01,5,Q48,A,0.0
WBSSC_SLST_0104,WB_CENTRE_SIL_02,HALL_01,5,Q49,D,0.0
WBSSC_SLST_0104,WB_CENTRE_SIL_02,HALL_01,5,Q50,D,0.0
WBSSC_SLST_0104,WB_CENTRE_SIL_02,HALL_01,5,Q51,C,0.0
WBSSC_SLST_0104,WB_CENTRE_SIL_02,HALL_01,5,Q52,C,0.0
WBSSC_SLST_0104,WB_CENTRE_SIL_02,HALL_01,5,Q53,C,0.0
WBSSC_SLST_0104,WB_CENTRE_SIL_02,HALL_01,5,Q54,D,0.0
WBSSC_SLST_0104,WB_CENTRE_SIL_02,HALL_01,5,Q55,C,0.0
WBSSC_SLST_0104,WB_CENTRE_SIL_02,HALL_01,5,Q56,D,0.0
WBSSC_SLST_0104,WB_CENTRE_SIL_02,HALL_01,5,Q57,D,0.0
WBSSC_SLST_0104,WB_CENTRE_SIL_02,HALL_01,5,Q58,D,0.0
WBSSC_SLST_0104,WB_CENTRE_SIL_02,HALL_01,5,Q59,D,0.0
WBSSC_SLST_0104,WB_CENTRE_SIL_02,HALL_01,5,Q60,C,0.0
WBSSC_SLST_0105,WB_CENTRE_SIL_02,HALL_02,6,Q01,B,1.0
WBSSC_SLST_0105,WB_CENTRE_SIL_02,HALL_02,6,Q02,B,1.0
WBSSC_SLST_0105,WB_CENTRE_SIL_02,HALL_02,6,Q03,B,1.0
WBSSC_SLST_0105,WB_CENTRE_SIL_02,HALL_02,6,Q04,B,1.0
WBSSC_SLST_0105,WB_CENTRE_SIL_02,HALL_02,6,Q05,B,1.0
WBSSC_SLST_0105,WB_CENTRE_SIL_02,HALL_02,6,Q06,B,1.0
WBSSC_SLST_0105,WB_CENTRE_SIL_02,HALL_02,6,Q07,B,1.0
WBSSC_SLST_0105,WB_CENTRE_SIL_02,HALL_02,6,Q08,B,1.0
WBSSC_SLST_0105,WB_CENTRE_SIL_02,HALL_02,6,Q09,B,1.0
WBSSC_SLST_0105,WB_CENTRE_SIL_02,HALL_02,6,Q10,B,1.0
WBSSC_SLST_0105,WB_CENTRE_SIL_02,HALL_02,6,Q11,B,1.0
WBSSC_SLST_0105,WB_CENTRE_SIL_02,HALL_02,6,Q12,B,1.0
WBSSC_SLST_0105,WB_CENTRE_SIL_02,HALL_02,6,Q13,B,1.0
WBSSC_SLST_0105,WB_CENTRE_SIL_02,HALL_02,6,Q14,B,1.0
WBSSC_SLST_0105,WB_CENTRE_SIL_02,HALL_02,6,Q15,B,1.0
WBSSC_SLST_0105,WB_CENTRE_SIL_02,HALL_02,6,Q16,B,1.0
WBSSC_SLST_0105,WB_CENTRE_SIL_02,HALL_02,6,Q17,B,1.0
WBSSC_SLST_0105,WB_CENTRE_SIL_02,HALL_02,6,Q18,B,1.0
WBSSC_SLST_0105,WB_CENTRE_SIL_02,HALL_02,6,Q19,B,1.0
WBSSC_SLST_0105,WB_CENTRE_SIL_02,HALL_02,6,Q20,B,1.0
WBSSC_SLST_0105,WB_CENTRE_SIL_02,HALL_02,6,Q21,B,1.0
WBSSC_SLST_0105,WB_CENTRE_SIL_02,HALL_02,6,Q22,B,1.0
WBSSC_SLST_0105,WB_CENTRE_SIL_02,HALL_02,6,Q23,B,1.0
WBSSC_SLST_0105,WB_CENTRE_SIL_02,HALL_02,6,Q24,B,1.0
WBSSC_SLST_0105,WB_CENTRE_SIL_02,HALL_02,6,Q25,B,1.0
WBSSC_SLST_0105,WB_CENTRE_SIL_02,HALL_02,6,Q26,B,1.0
WBSSC_SLST_0105,WB_CENTRE_SIL_02,HALL_02,6,Q27,B,1.0
WBSSC_SLST_0105,WB_CENTRE_SIL_02,HALL_02,6,Q28,B,1.0
WBSSC_SLST_0105,WB_CENTRE_SIL_02,HALL_02,6,Q29,B,1.0
WBSSC_SLST_0105,WB_CENTRE_SIL_02,HALL_02,6,Q30,B,1.0
WBSSC_SLST_0105,WB_CENTRE_SIL_02,HALL_02,6,Q31,B,1.0
WBSSC_SLST_0105,WB_CENTRE_SIL_02,HALL_02,6,Q32,A,0.0
WBSSC_SLST_0105,WB_CENTRE_SIL_02,HALL_02,6,Q33,D,0.0
WBSSC_SLST_0105,WB_CENTRE_SIL_02,HALL_02,6,Q34,C,0.0
WBSSC_SLST_0105,WB_CENTRE_SIL_02,HALL_02,6,Q35,C,0.0
WBSSC_SLST_0105,WB_CENTRE_SIL_02,HALL_02,6,Q36,A,0.0
WBSSC_SLST_0105,WB_CENTRE_SIL_02,HALL_02,6,Q37,D,0.0
WBSSC_SLST_0105,WB_CENTRE_SIL_02,HALL_02,6,Q38,D,0.0
WBSSC_SLST_0105,WB_CENTRE_SIL_02,HALL_02,6,Q39,D,0.0
WBSSC_SLST_0105,WB_CENTRE_SIL_02,HALL_02,6,Q40,A,0.0
WBSSC_SLST_0105,WB_CENTRE_SIL_02,HALL_02,6,Q41,C,0.0
WBSSC_SLST_0105,WB_CENTRE_SIL_02,HALL_02,6,Q42,A,0.0
WBSSC_SLST_0105,WB_CENTRE_SIL_02,HALL_02,6,Q43,C,0.0
WBSSC_SLST_0105,WB_CENTRE_SIL_02,HALL_02,6,Q44,A,0.0
WBSSC_SLST_0105,WB_CENTRE_SIL_02,HALL_02,6,Q45,A,0.0
WBSSC_SLST_0105,WB_CENTRE_SIL_02,HALL_02,6,Q46,A,0.0
WBSSC_SLST_0105,WB_CENTRE_SIL_02,HALL_02,6,Q47,D,0.0
WBSSC_SLST_0105,WB_CENTRE_SIL_02,HALL_02,6,Q48,C,0.0
WBSSC_SLST_0105,WB_CENTRE_SIL_02,HALL_02,6,Q49,A,0.0
WBSSC_SLST_0105,WB_CENTRE_SIL_02,HALL_02,6,Q50,D,0.0
WBSSC_SLST_0105,WB_CENTRE_SIL_02,HALL_02,6,Q51,D,0.0
WBSSC_SLST_0105,WB_CENTRE_SIL_02,HALL_02,6,Q52,C,0.0
WBSSC_SLST_0105,WB_CENTRE_SIL_02,HALL_02,6,Q53,C,0.0
WBSSC_SLST_0105,WB_CENTRE_SIL_02,HALL_02,6,Q54,A,0.0
WBSSC_SLST_0105,WB_CENTRE_SIL_02,HALL_02,6,Q55,C,0.0
WBSSC_SLST_0105,WB_CENTRE_SIL_02,HALL_02,6,Q56,D,0.0
WBSSC_SLST_0105,WB_CENTRE_SIL_02,HALL_02,6,Q57,A,0.0
WBSSC_SLST_0105,WB_CENTRE_SIL_02,HALL_02,6,Q58,D,0.0
WBSSC_SLST_0105,WB_CENTRE_SIL_02,HALL_02,6,Q59,A,0.0
WBSSC_SLST_0105,WB_CENTRE_SIL_02,HALL_02,6,Q60,A,0.0
WBSSC_SLST_0106,WB_CENTRE_SIL_02,HALL_03,7,Q01,B,1.0
WBSSC_SLST_0106,WB_CENTRE_SIL_02,HALL_03,7,Q02,B,1.0
WBSSC_SLST_0106,WB_CENTRE_SIL_02,HALL_03,7,Q03,B,1.0
WBSSC_SLST_0106,WB_CENTRE_SIL_02,HALL_03,7,Q04,B,1.0
WBSSC_SLST_0106,WB_CENTRE_SIL_02,HALL_03,7,Q05,B,1.0
WBSSC_SLST_0106,WB_CENTRE_SIL_02,HALL_03,7,Q06,B,1.0
WBSSC_SLST_0106,WB_CENTRE_SIL_02,HALL_03,7,Q07,B,1.0
WBSSC_SLST_0106,WB_CENTRE_SIL_02,HALL_03,7,Q08,B,1.0
WBSSC_SLST_0106,WB_CENTRE_SIL_02,HALL_03,7,Q09,B,1.0
WBSSC_SLST_0106,WB_CENTRE_SIL_02,HALL_03,7,Q10,B,1.0
WBSSC_SLST_0106,WB_CENTRE_SIL_02,HALL_03,7,Q11,B,1.0
WBSSC_SLST_0106,WB_CENTRE_SIL_02,HALL_03,7,Q12,B,1.0
WBSSC_SLST_0106,WB_CENTRE_SIL_02,HALL_03,7,Q13,B,1.0
WBSSC_SLST_0106,WB_CENTRE_SIL_02,HALL_03,7,Q14,B,1.0
WBSSC_SLST_0106,WB_CENTRE_SIL_02,HALL_03,7,Q15,B,1.0
WBSSC_SLST_0106,WB_CENTRE_SIL_02,HALL_03,7,Q16,B,1.0
WBSSC_SLST_0106,WB_CENTRE_SIL_02,HALL_03,7,Q17,B,1.0
WBSSC_SLST_0106,WB_CENTRE_SIL_02,HALL_03,7,Q18,B,1.0
WBSSC_SLST_0106,WB_CENTRE_SIL_02,HALL_03,7,Q19,B,1.0
WBSSC_SLST_0106,WB_CENTRE_SIL_02,HALL_03,7,Q20,B,1.0
WBSSC_SLST_0106,WB_CENTRE_SIL_02,HALL_03,7,Q21,B,1.0
WBSSC_SLST_0106,WB_CENTRE_SIL_02,HALL_03,7,Q22,B,1.0
WBSSC_SLST_0106,WB_CENTRE_SIL_02,HALL_03,7,Q23,B,1.0
WBSSC_SLST_0106,WB_CENTRE_SIL_02,HALL_03,7,Q24,B,1.0
WBSSC_SLST_0106,WB_CENTRE_SIL_02,HALL_03,7,Q25,B,1.0
WBSSC_SLST_0106,WB_CENTRE_SIL_02,HALL_03,7,Q26,B,1.0
WBSSC_SLST_0106,WB_CENTRE_SIL_02,HALL_03,7,Q27,B,1.0
WBSSC_SLST_0106,WB_CENTRE_SIL_02,HALL_03,7,Q28,B,1.0
WBSSC_SLST_0106,WB_CENTRE_SIL_02,HALL_03,7,Q29,B,1.0
WBSSC_SLST_0106,WB_CENTRE_SIL_02,HALL_03,7,Q30,B,1.0
WBSSC_SLST_0106,WB_CENTRE_SIL_02,HALL_03,7,Q31,B,1.0
WBSSC_SLST_0106,WB_CENTRE_SIL_02,HALL_03,7,Q32,B,1.0
WBSSC_SLST_0106,WB_CENTRE_SIL_02,HALL_03,7,Q33,B,1.0
WBSSC_SLST_0106,WB_CENTRE_SIL_02,HALL_03,7,Q34,B,1.0
WBSSC_SLST_0106,WB_CENTRE_SIL_02,HALL_03,7,Q35,B,1.0
WBSSC_SLST_0106,WB_CENTRE_SIL_02,HALL_03,7,Q36,B,1.0
WBSSC_SLST_0106,WB_CENTRE_SIL_02,HALL_03,7,Q37,B,1.0
WBSSC_SLST_0106,WB_CENTRE_SIL_02,HALL_03,7,Q38,B,1.0
WBSSC_SLST_0106,WB_CENTRE_SIL_02,HALL_03,7,Q39,B,1.0
WBSSC_SLST_0106,WB_CENTRE_SIL_02,HALL_03,7,Q40,B,1.0
WBSSC_SLST_0106,WB_CENTRE_SIL_02,HALL_03,7,Q41,B,1.0
WBSSC_SLST_0106,WB_CENTRE_SIL_02,HALL_03,7,Q42,B,1.0
WBSSC_SLST_0106,WB_CENTRE_SIL_02,HALL_03,7,Q43,B,1.0
WBSSC_SLST_0106,WB_CENTRE_SIL_02,HALL_03,7,Q44,C,0.0
WBSSC_SLST_0106,WB_CENTRE_SIL_02,HALL_03,7,Q45,D,0.0
WBSSC_SLST_0106,WB_CENTRE_SIL_02,HALL_03,7,Q46,A,0.0
WBSSC_SLST_0106,WB_CENTRE_SIL_02,HALL_03,7,Q47,D,0.0
WBSSC_SLST_0106,WB_CENTRE_SIL_02,HALL_03,7,Q48,C,0.0
WBSSC_SLST_0106,WB_CENTRE_SIL_02,HALL_03,7,Q49,A,0.0
WBSSC_SLST_0106,WB_CENTRE_SIL_02,HALL_03,7,Q50,D,0.0
WBSSC_SLST_0106,WB_CENTRE_SIL_02,HALL_03,7,Q51,D,0.0
WBSSC_SLST_0106,WB_CENTRE_SIL_02,HALL_03,7,Q52,A,0.0
WBSSC_SLST_0106,WB_CENTRE_SIL_02,HALL_03,7,Q53,C,0.0
WBSSC_SLST_0106,WB_CENTRE_SIL_02,HALL_03,7,Q54,C,0.0
WBSSC_SLST_0106,WB_CENTRE_SIL_02,HALL_03,7,Q55,C,0.0
WBSSC_SLST_0106,WB_CENTRE_SIL_02,HALL_03,7,Q56,C,0.0
WBSSC_SLST_0106,WB_CENTRE_SIL_02,HALL_03,7,Q57,C,0.0
WBSSC_SLST_0106,WB_CENTRE_SIL_02,HALL_03,7,Q58,C,0.0
WBSSC_SLST_0106,WB_CENTRE_SIL_02,HALL_03,7,Q59,C,0.0
WBSSC_SLST_0106,WB_CENTRE_SIL_02,HALL_03,7,Q60,A,0.0
WBSSC_SLST_0107,WB_CENTRE_SIL_02,HALL_04,8,Q01,B,1.0
WBSSC_SLST_0107,WB_CENTRE_SIL_02,HALL_04,8,Q02,B,1.0
WBSSC_SLST_0107,WB_CENTRE_SIL_02,HALL_04,8,Q03,B,1.0
WBSSC_SLST_0107,WB_CENTRE_SIL_02,HALL_04,8,Q04,B,1.0
WBSSC_SLST_0107,WB_CENTRE_SIL_02,HALL_04,8,Q05,B,1.0
WBSSC_SLST_0107,WB_CENTRE_SIL_02,HALL_04,8,Q06,B,1.0
WBSSC_SLST_0107,WB_CENTRE_SIL_02,HALL_04,8,Q07,B,1.0
WBSSC_SLST_0107,WB_CENTRE_SIL_02,HALL_04,8,Q08,B,1.0
WBSSC_SLST_0107,WB_CENTRE_SIL_02,HALL_04,8,Q09,B,1.0
WBSSC_SLST_0107,WB_CENTRE_SIL_02,HALL_04,8,Q10,B,1.0
WBSSC_SLST_0107,WB_CENTRE_SIL_02,HALL_04,8,Q11,B,1.0
WBSSC_SLST_0107,WB_CENTRE_SIL_02,HALL_04,8,Q12,B,1.0
WBSSC_SLST_0107,WB_CENTRE_SIL_02,HALL_04,8,Q13,B,1.0
WBSSC_SLST_0107,WB_CENTRE_SIL_02,HALL_04,8,Q14,B,1.0
WBSSC_SLST_0107,WB_CENTRE_SIL_02,HALL_04,8,Q15,B,1.0
WBSSC_SLST_0107,WB_CENTRE_SIL_02,HALL_04,8,Q16,B,1.0
WBSSC_SLST_0107,WB_CENTRE_SIL_02,HALL_04,8,Q17,B,1.0
WBSSC_SLST_0107,WB_CENTRE_SIL_02,HALL_04,8,Q18,B,1.0
WBSSC_SLST_0107,WB_CENTRE_SIL_02,HALL_04,8,Q19,B,1.0
WBSSC_SLST_0107,WB_CENTRE_SIL_02,HALL_04,8,Q20,B,1.0
WBSSC_SLST_0107,WB_CENTRE_SIL_02,HALL_04,8,Q21,B,1.0
WBSSC_SLST_0107,WB_CENTRE_SIL_02,HALL_04,8,Q22,B,1.0
WBSSC_SLST_0107,WB_CENTRE_SIL_02,HALL_04,8,Q23,B,1.0
WBSSC_SLST_0107,WB_CENTRE_SIL_02,HALL_04,8,Q24,B,1.0
WBSSC_SLST_0107,WB_CENTRE_SIL_02,HALL_04,8,Q25,C,0.0
WBSSC_SLST_0107,WB_CENTRE_SIL_02,HALL_04,8,Q26,C,0.0
WBSSC_SLST_0107,WB_CENTRE_SIL_02,HALL_04,8,Q27,D,0.0
WBSSC_SLST_0107,WB_CENTRE_SIL_02,HALL_04,8,Q28,D,0.0
WBSSC_SLST_0107,WB_CENTRE_SIL_02,HALL_04,8,Q29,A,0.0
WBSSC_SLST_0107,WB_CENTRE_SIL_02,HALL_04,8,Q30,A,0.0
WBSSC_SLST_0107,WB_CENTRE_SIL_02,HALL_04,8,Q31,A,0.0
WBSSC_SLST_0107,WB_CENTRE_SIL_02,HALL_04,8,Q32,C,0.0
WBSSC_SLST_0107,WB_CENTRE_SIL_02,HALL_04,8,Q33,C,0.0
WBSSC_SLST_0107,WB_CENTRE_SIL_02,HALL_04,8,Q34,C,0.0
WBSSC_SLST_0107,WB_CENTRE_SIL_02,HALL_04,8,Q35,D,0.0
WBSSC_SLST_0107,WB_CENTRE_SIL_02,HALL_04,8,Q36,A,0.0
WBSSC_SLST_0107,WB_CENTRE_SIL_02,HALL_04,8,Q37,C,0.0
WBSSC_SLST_0107,WB_CENTRE_SIL_02,HALL_04,8,Q38,D,0.0
WBSSC_SLST_0107,WB_CENTRE_SIL_02,HALL_04,8,Q39,D,0.0
WBSSC_SLST_0107,WB_CENTRE_SIL_02,HALL_04,8,Q40,C,0.0
WBSSC_SLST_0107,WB_CENTRE_SIL_02,HALL_04,8,Q41,D,0.0
WBSSC_SLST_0107,WB_CENTRE_SIL_02,HALL_04,8,Q42,D,0.0
WBSSC_SLST_0107,WB_CENTRE_SIL_02,HALL_04,8,Q43,D,0.0
WBSSC_SLST_0107,WB_CENTRE_SIL_02,HALL_04,8,Q44,A,0.0
WBSSC_SLST_0107,WB_CENTRE_SIL_02,HALL_04,8,Q45,C,0.0
WBSSC_SLST_0107,WB_CENTRE_SIL_02,HALL_04,8,Q46,A,0.0
WBSSC_SLST_0107,WB_CENTRE_SIL_02,HALL_04,8,Q47,A,0.0
WBSSC_SLST_0107,WB_CENTRE_SIL_02,HALL_04,8,Q48,D,0.0
WBSSC_SLST_0107,WB_CENTRE_SIL_02,HALL_04,8,Q49,C,0.0
WBSSC_SLST_0107,WB_CENTRE_SIL_02,HALL_04,8,Q50,A,0.0
WBSSC_SLST_0107,WB_CENTRE_SIL_02,HALL_04,8,Q51,D,0.0
WBSSC_SLST_0107,WB_CENTRE_SIL_02,HALL_04,8,Q52,D,0.0
WBSSC_SLST_0107,WB_CENTRE_SIL_02,HALL_04,8,Q53,A,0.0
WBSSC_SLST_0107,WB_CENTRE_SIL_02,HALL_04,8,Q54,C,0.0
WBSSC_SLST_0107,WB_CENTRE_SIL_02,HALL_04,8,Q55,A,0.0
WBSSC_SLST_0107,WB_CENTRE_SIL_02,HALL_04,8,Q56,A,0.0
WBSSC_SLST_0107,WB_CENTRE_SIL_02,HALL_04,8,Q57,A,0.0
WBSSC_SLST_0107,WB_CENTRE_SIL_02,HALL_04,8,Q58,A,0.0
WBSSC_SLST_0107,WB_CENTRE_SIL_02,HALL_04,8,Q59,C,0.0
WBSSC_SLST_0107,WB_CENTRE_SIL_02,HALL_04,8,Q60,C,0.0
WBSSC_SLST_0108,WB_CENTRE_SIL_02,HALL_01,9,Q01,B,1.0
WBSSC_SLST_0108,WB_CENTRE_SIL_02,HALL_01,9,Q02,B,1.0
WBSSC_SLST_0108,WB_CENTRE_SIL_02,HALL_01,9,Q03,B,1.0
WBSSC_SLST_0108,WB_CENTRE_SIL_02,HALL_01,9,Q04,B,1.0
WBSSC_SLST_0108,WB_CENTRE_SIL_02,HALL_01,9,Q05,B,1.0
WBSSC_SLST_0108,WB_CENTRE_SIL_02,HALL_01,9,Q06,B,1.0
WBSSC_SLST_0108,WB_CENTRE_SIL_02,HALL_01,9,Q07,B,1.0
WBSSC_SLST_0108,WB_CENTRE_SIL_02,HALL_01,9,Q08,B,1.0
WBSSC_SLST_0108,WB_CENTRE_SIL_02,HALL_01,9,Q09,B,1.0
WBSSC_SLST_0108,WB_CENTRE_SIL_02,HALL_01,9,Q10,B,1.0
WBSSC_SLST_0108,WB_CENTRE_SIL_02,HALL_01,9,Q11,B,1.0
WBSSC_SLST_0108,WB_CENTRE_SIL_02,HALL_01,9,Q12,B,1.0
WBSSC_SLST_0108,WB_CENTRE_SIL_02,HALL_01,9,Q13,B,1.0
WBSSC_SLST_0108,WB_CENTRE_SIL_02,HALL_01,9,Q14,B,1.0
WBSSC_SLST_0108,WB_CENTRE_SIL_02,HALL_01,9,Q15,B,1.0
WBSSC_SLST_0108,WB_CENTRE_SIL_02,HALL_01,9,Q16,B,1.0
WBSSC_SLST_0108,WB_CENTRE_SIL_02,HALL_01,9,Q17,B,1.0
WBSSC_SLST_0108,WB_CENTRE_SIL_02,HALL_01,9,Q18,B,1.0
WBSSC_SLST_0108,WB_CENTRE_SIL_02,HALL_01,9,Q19,B,1.0
WBSSC_SLST_0108,WB_CENTRE_SIL_02,HALL_01,9,Q20,B,1.0
WBSSC_SLST_0108,WB_CENTRE_SIL_02,HALL_01,9,Q21,B,1.0
WBSSC_SLST_0108,WB_CENTRE_SIL_02,HALL_01,9,Q22,B,1.0
WBSSC_SLST_0108,WB_CENTRE_SIL_02,HALL_01,9,Q23,B,1.0
WBSSC_SLST_0108,WB_CENTRE_SIL_02,HALL_01,9,Q24,B,1.0
WBSSC_SLST_0108,WB_CENTRE_SIL_02,HALL_01,9,Q25,B,1.0
WBSSC_SLST_0108,WB_CENTRE_SIL_02,HALL_01,9,Q26,B,1.0
WBSSC_SLST_0108,WB_CENTRE_SIL_02,HALL_01,9,Q27,B,1.0
WBSSC_SLST_0108,WB_CENTRE_SIL_02,HALL_01,9,Q28,B,1.0
WBSSC_SLST_0108,WB_CENTRE_SIL_02,HALL_01,9,Q29,B,1.0
WBSSC_SLST_0108,WB_CENTRE_SIL_02,HALL_01,9,Q30,A,0.0
WBSSC_SLST_0108,WB_CENTRE_SIL_02,HALL_01,9,Q31,C,0.0
WBSSC_SLST_0108,WB_CENTRE_SIL_02,HALL_01,9,Q32,C,0.0
WBSSC_SLST_0108,WB_CENTRE_SIL_02,HALL_01,9,Q33,C,0.0
WBSSC_SLST_0108,WB_CENTRE_SIL_02,HALL_01,9,Q34,C,0.0
WBSSC_SLST_0108,WB_CENTRE_SIL_02,HALL_01,9,Q35,D,0.0
WBSSC_SLST_0108,WB_CENTRE_SIL_02,HALL_01,9,Q36,C,0.0
WBSSC_SLST_0108,WB_CENTRE_SIL_02,HALL_01,9,Q37,D,0.0
WBSSC_SLST_0108,WB_CENTRE_SIL_02,HALL_01,9,Q38,D,0.0
WBSSC_SLST_0108,WB_CENTRE_SIL_02,HALL_01,9,Q39,C,0.0
WBSSC_SLST_0108,WB_CENTRE_SIL_02,HALL_01,9,Q40,C,0.0
WBSSC_SLST_0108,WB_CENTRE_SIL_02,HALL_01,9,Q41,D,0.0
WBSSC_SLST_0108,WB_CENTRE_SIL_02,HALL_01,9,Q42,D,0.0
WBSSC_SLST_0108,WB_CENTRE_SIL_02,HALL_01,9,Q43,C,0.0
WBSSC_SLST_0108,WB_CENTRE_SIL_02,HALL_01,9,Q44,A,0.0
WBSSC_SLST_0108,WB_CENTRE_SIL_02,HALL_01,9,Q45,C,0.0
WBSSC_SLST_0108,WB_CENTRE_SIL_02,HALL_01,9,Q46,A,0.0
WBSSC_SLST_0108,WB_CENTRE_SIL_02,HALL_01,9,Q47,D,0.0
WBSSC_SLST_0108,WB_CENTRE_SIL_02,HALL_01,9,Q48,D,0.0
WBSSC_SLST_0108,WB_CENTRE_SIL_02,HALL_01,9,Q49,A,0.0
WBSSC_SLST_0108,WB_CENTRE_SIL_02,HALL_01,9,Q50,A,0.0
WBSSC_SLST_0108,WB_CENTRE_SIL_02,HALL_01,9,Q51,C,0.0
WBSSC_SLST_0108,WB_CENTRE_SIL_02,HALL_01,9,Q52,C,0.0
WBSSC_SLST_0108,WB_CENTRE_SIL_02,HALL_01,9,Q53,A,0.0
WBSSC_SLST_0108,WB_CENTRE_SIL_02,HALL_01,9,Q54,C,0.0
WBSSC_SLST_0108,WB_CENTRE_SIL_02,HALL_01,9,Q55,D,0.0
WBSSC_SLST_0108,WB_CENTRE_SIL_02,HALL_01,9,Q56,C,0.0
WBSSC_SLST_0108,WB_CENTRE_SIL_02,HALL_01,9,Q57,A,0.0
WBSSC_SLST_0108,WB_CENTRE_SIL_02,HALL_01,9,Q58,A,0.0
WBSSC_SLST_0108,WB_CENTRE_SIL_02,HALL_01,9,Q59,A,0.0
WBSSC_SLST_0108,WB_CENTRE_SIL_02,HALL_01,9,Q60,C,0.0
WBSSC_SLST_0109,WB_CENTRE_SIL_02,HALL_02,10,Q01,B,1.0
WBSSC_SLST_0109,WB_CENTRE_SIL_02,HALL_02,10,Q02,B,1.0
WBSSC_SLST_0109,WB_CENTRE_SIL_02,HALL_02,10,Q03,B,1.0
WBSSC_SLST_0109,WB_CENTRE_SIL_02,HALL_02,10,Q04,B,1.0
WBSSC_SLST_0109,WB_CENTRE_SIL_02,HALL_02,10,Q05,B,1.0
WBSSC_SLST_0109,WB_CENTRE_SIL_02,HALL_02,10,Q06,B,1.0
WBSSC_SLST_0109,WB_CENTRE_SIL_02,HALL_02,10,Q07,B,1.0
WBSSC_SLST_0109,WB_CENTRE_SIL_02,HALL_02,10,Q08,B,1.0
WBSSC_SLST_0109,WB_CENTRE_SIL_02,HALL_02,10,Q09,B,1.0
WBSSC_SLST_0109,WB_CENTRE_SIL_02,HALL_02,10,Q10,B,1.0
WBSSC_SLST_0109,WB_CENTRE_SIL_02,HALL_02,10,Q11,B,1.0
WBSSC_SLST_0109,WB_CENTRE_SIL_02,HALL_02,10,Q12,B,1.0
WBSSC_SLST_0109,WB_CENTRE_SIL_02,HALL_02,10,Q13,B,1.0
WBSSC_SLST_0109,WB_CENTRE_SIL_02,HALL_02,10,Q14,B,1.0
WBSSC_SLST_0109,WB_CENTRE_SIL_02,HALL_02,10,Q15,B,1.0
WBSSC_SLST_0109,WB_CENTRE_SIL_02,HALL_02,10,Q16,B,1.0
WBSSC_SLST_0109,WB_CENTRE_SIL_02,HALL_02,10,Q17,B,1.0
WBSSC_SLST_0109,WB_CENTRE_SIL_02,HALL_02,10,Q18,B,1.0
WBSSC_SLST_0109,WB_CENTRE_SIL_02,HALL_02,10,Q19,B,1.0
WBSSC_SLST_0109,WB_CENTRE_SIL_02,HALL_02,10,Q20,B,1.0
WBSSC_SLST_0109,WB_CENTRE_SIL_02,HALL_02,10,Q21,B,1.0
WBSSC_SLST_0109,WB_CENTRE_SIL_02,HALL_02,10,Q22,B,1.0
WBSSC_SLST_0109,WB_CENTRE_SIL_02,HALL_02,10,Q23,B,1.0
WBSSC_SLST_0109,WB_CENTRE_SIL_02,HALL_02,10,Q24,B,1.0
WBSSC_SLST_0109,WB_CENTRE_SIL_02,HALL_02,10,Q25,B,1.0
WBSSC_SLST_0109,WB_CENTRE_SIL_02,HALL_02,10,Q26,B,1.0
WBSSC_SLST_0109,WB_CENTRE_SIL_02,HALL_02,10,Q27,B,1.0
WBSSC_SLST_0109,WB_CENTRE_SIL_02,HALL_02,10,Q28,B,1.0
WBSSC_SLST_0109,WB_CENTRE_SIL_02,HALL_02,10,Q29,B,1.0
WBSSC_SLST_0109,WB_CENTRE_SIL_02,HALL_02,10,Q30,B,1.0
WBSSC_SLST_0109,WB_CENTRE_SIL_02,HALL_02,10,Q31,B,1.0
WBSSC_SLST_0109,WB_CENTRE_SIL_02,HALL_02,10,Q32,B,1.0
WBSSC_SLST_0109,WB_CENTRE_SIL_02,HALL_02,10,Q33,B,1.0
WBSSC_SLST_0109,WB_CENTRE_SIL_02,HALL_02,10,Q34,B,1.0
WBSSC_SLST_0109,WB_CENTRE_SIL_02,HALL_02,10,Q35,B,1.0
WBSSC_SLST_0109,WB_CENTRE_SIL_02,HALL_02,10,Q36,B,1.0
WBSSC_SLST_0109,WB_CENTRE_SIL_02,HALL_02,10,Q37,B,1.0
WBSSC_SLST_0109,WB_CENTRE_SIL_02,HALL_02,10,Q38,B,1.0
WBSSC_SLST_0109,WB_CENTRE_SIL_02,HALL_02,10,Q39,B,1.0
WBSSC_SLST_0109,WB_CENTRE_SIL_02,HALL_02,10,Q40,B,1.0
WBSSC_SLST_0109,WB_CENTRE_SIL_02,HALL_02,10,Q41,B,1.0
WBSSC_SLST_0109,WB_CENTRE_SIL_02,HALL_02,10,Q42,C,0.0
WBSSC_SLST_0109,WB_CENTRE_SIL_02,HALL_02,10,Q43,C,0.0
WBSSC_SLST_0109,WB_CENTRE_SIL_02,HALL_02,10,Q44,C,0.0
WBSSC_SLST_0109,WB_CENTRE_SIL_02,HALL_02,10,Q45,D,0.0
WBSSC_SLST_0109,WB_CENTRE_SIL_02,HALL_02,10,Q46,A,0.0
WBSSC_SLST_0109,WB_CENTRE_SIL_02,HALL_02,10,Q47,C,0.0
WBSSC_SLST_0109,WB_CENTRE_SIL_02,HALL_02,10,Q48,D,0.0
WBSSC_SLST_0109,WB_CENTRE_SIL_02,HALL_02,10,Q49,C,0.0
WBSSC_SLST_0109,WB_CENTRE_SIL_02,HALL_02,10,Q50,C,0.0
WBSSC_SLST_0109,WB_CENTRE_SIL_02,HALL_02,10,Q51,C,0.0
WBSSC_SLST_0109,WB_CENTRE_SIL_02,HALL_02,10,Q52,A,0.0
WBSSC_SLST_0109,WB_CENTRE_SIL_02,HALL_02,10,Q53,C,0.0
WBSSC_SLST_0109,WB_CENTRE_SIL_02,HALL_02,10,Q54,C,0.0
WBSSC_SLST_0109,WB_CENTRE_SIL_02,HALL_02,10,Q55,D,0.0
WBSSC_SLST_0109,WB_CENTRE_SIL_02,HALL_02,10,Q56,D,0.0
WBSSC_SLST_0109,WB_CENTRE_SIL_02,HALL_02,10,Q57,D,0.0
WBSSC_SLST_0109,WB_CENTRE_SIL_02,HALL_02,10,Q58,C,0.0
WBSSC_SLST_0109,WB_CENTRE_SIL_02,HALL_02,10,Q59,A,0.0
WBSSC_SLST_0109,WB_CENTRE_SIL_02,HALL_02,10,Q60,C,0.0
WBSSC_SLST_0110,WB_CENTRE_SIL_02,HALL_03,11,Q01,B,1.0
WBSSC_SLST_0110,WB_CENTRE_SIL_02,HALL_03,11,Q02,B,1.0
WBSSC_SLST_0110,WB_CENTRE_SIL_02,HALL_03,11,Q03,B,1.0
WBSSC_SLST_0110,WB_CENTRE_SIL_02,HALL_03,11,Q04,B,1.0
WBSSC_SLST_0110,WB_CENTRE_SIL_02,HALL_03,11,Q05,B,1.0
WBSSC_SLST_0110,WB_CENTRE_SIL_02,HALL_03,11,Q06,B,1.0
WBSSC_SLST_0110,WB_CENTRE_SIL_02,HALL_03,11,Q07,B,1.0
WBSSC_SLST_0110,WB_CENTRE_SIL_02,HALL_03,11,Q08,B,1.0
WBSSC_SLST_0110,WB_CENTRE_SIL_02,HALL_03,11,Q09,B,1.0
WBSSC_SLST_0110,WB_CENTRE_SIL_02,HALL_03,11,Q10,B,1.0
WBSSC_SLST_0110,WB_CENTRE_SIL_02,HALL_03,11,Q11,B,1.0
WBSSC_SLST_0110,WB_CENTRE_SIL_02,HALL_03,11,Q12,B,1.0
WBSSC_SLST_0110,WB_CENTRE_SIL_02,HALL_03,11,Q13,B,1.0
WBSSC_SLST_0110,WB_CENTRE_SIL_02,HALL_03,11,Q14,B,1.0
WBSSC_SLST_0110,WB_CENTRE_SIL_02,HALL_03,11,Q15,B,1.0
WBSSC_SLST_0110,WB_CENTRE_SIL_02,HALL_03,11,Q16,B,1.0
WBSSC_SLST_0110,WB_CENTRE_SIL_02,HALL_03,11,Q17,B,1.0
WBSSC_SLST_0110,WB_CENTRE_SIL_02,HALL_03,11,Q18,B,1.0
WBSSC_SLST_0110,WB_CENTRE_SIL_02,HALL_03,11,Q19,B,1.0
WBSSC_SLST_0110,WB_CENTRE_SIL_02,HALL_03,11,Q20,B,1.0
WBSSC_SLST_0110,WB_CENTRE_SIL_02,HALL_03,11,Q21,B,1.0
WBSSC_SLST_0110,WB_CENTRE_SIL_02,HALL_03,11,Q22,B,1.0
WBSSC_SLST_0110,WB_CENTRE_SIL_02,HALL_03,11,Q23,D,0.0
WBSSC_SLST_0110,WB_CENTRE_SIL_02,HALL_03,11,Q24,C,0.0
WBSSC_SLST_0110,WB_CENTRE_SIL_02,HALL_03,11,Q25,C,0.0
WBSSC_SLST_0110,WB_CENTRE_SIL_02,HALL_03,11,Q26,A,0.0
WBSSC_SLST_0110,WB_CENTRE_SIL_02,HALL_03,11,Q27,C,0.0
WBSSC_SLST_0110,WB_CENTRE_SIL_02,HALL_03,11,Q28,C,0.0
WBSSC_SLST_0110,WB_CENTRE_SIL_02,HALL_03,11,Q29,C,0.0
WBSSC_SLST_0110,WB_CENTRE_SIL_02,HALL_03,11,Q30,C,0.0
WBSSC_SLST_0110,WB_CENTRE_SIL_02,HALL_03,11,Q31,A,0.0
WBSSC_SLST_0110,WB_CENTRE_SIL_02,HALL_03,11,Q32,A,0.0
WBSSC_SLST_0110,WB_CENTRE_SIL_02,HALL_03,11,Q33,A,0.0
WBSSC_SLST_0110,WB_CENTRE_SIL_02,HALL_03,11,Q34,A,0.0
WBSSC_SLST_0110,WB_CENTRE_SIL_02,HALL_03,11,Q35,D,0.0
WBSSC_SLST_0110,WB_CENTRE_SIL_02,HALL_03,11,Q36,A,0.0
WBSSC_SLST_0110,WB_CENTRE_SIL_02,HALL_03,11,Q37,D,0.0
WBSSC_SLST_0110,WB_CENTRE_SIL_02,HALL_03,11,Q38,D,0.0
WBSSC_SLST_0110,WB_CENTRE_SIL_02,HALL_03,11,Q39,A,0.0
WBSSC_SLST_0110,WB_CENTRE_SIL_02,HALL_03,11,Q40,D,0.0
WBSSC_SLST_0110,WB_CENTRE_SIL_02,HALL_03,11,Q41,C,0.0
WBSSC_SLST_0110,WB_CENTRE_SIL_02,HALL_03,11,Q42,D,0.0
WBSSC_SLST_0110,WB_CENTRE_SIL_02,HALL_03,11,Q43,C,0.0
WBSSC_SLST_0110,WB_CENTRE_SIL_02,HALL_03,11,Q44,C,0.0
WBSSC_SLST_0110,WB_CENTRE_SIL_02,HALL_03,11,Q45,A,0.0
WBSSC_SLST_0110,WB_CENTRE_SIL_02,HALL_03,11,Q46,A,0.0
WBSSC_SLST_0110,WB_CENTRE_SIL_02,HALL_03,11,Q47,C,0.0
WBSSC_SLST_0110,WB_CENTRE_SIL_02,HALL_03,11,Q48,A,0.0
WBSSC_SLST_0110,WB_CENTRE_SIL_02,HALL_03,11,Q49,C,0.0
WBSSC_SLST_0110,WB_CENTRE_SIL_02,HALL_03,11,Q50,A,0.0
WBSSC_SLST_0110,WB_CENTRE_SIL_02,HALL_03,11,Q51,A,0.0
WBSSC_SLST_0110,WB_CENTRE_SIL_02,HALL_03,11,Q52,A,0.0
WBSSC_SLST_0110,WB_CENTRE_SIL_02,HALL_03,11,Q53,A,0.0
WBSSC_SLST_0110,WB_CENTRE_SIL_02,HALL_03,11,Q54,C,0.0
WBSSC_SLST_0110,WB_CENTRE_SIL_02,HALL_03,11,Q55,A,0.0
WBSSC_SLST_0110,WB_CENTRE_SIL_02,HALL_03,11,Q56,A,0.0
WBSSC_SLST_0110,WB_CENTRE_SIL_02,HALL_03,11,Q57,A,0.0
WBSSC_SLST_0110,WB_CENTRE_SIL_02,HALL_03,11,Q58,D,0.0
WBSSC_SLST_0110,WB_CENTRE_SIL_02,HALL_03,11,Q59,D,0.0
WBSSC_SLST_0110,WB_CENTRE_SIL_02,HALL_03,11,Q60,A,0.0
WBSSC_SLST_0111,WB_CENTRE_SIL_02,HALL_04,12,Q01,B,1.0
WBSSC_SLST_0111,WB_CENTRE_SIL_02,HALL_04,12,Q02,B,1.0
WBSSC_SLST_0111,WB_CENTRE_SIL_02,HALL_04,12,Q03,B,1.0
WBSSC_SLST_0111,WB_CENTRE_SIL_02,HALL_04,12,Q04,B,1.0
WBSSC_SLST_0111,WB_CENTRE_SIL_02,HALL_04,12,Q05,B,1.0
WBSSC_SLST_0111,WB_CENTRE_SIL_02,HALL_04,12,Q06,B,1.0
WBSSC_SLST_0111,WB_CENTRE_SIL_02,HALL_04,12,Q07,B,1.0
WBSSC_SLST_0111,WB_CENTRE_SIL_02,HALL_04,12,Q08,B,1.0
WBSSC_SLST_0111,WB_CENTRE_SIL_02,HALL_04,12,Q09,B,1.0
WBSSC_SLST_0111,WB_CENTRE_SIL_02,HALL_04,12,Q10,B,1.0
WBSSC_SLST_0111,WB_CENTRE_SIL_02,HALL_04,12,Q11,B,1.0
WBSSC_SLST_0111,WB_CENTRE_SIL_02,HALL_04,12,Q12,B,1.0
WBSSC_SLST_0111,WB_CENTRE_SIL_02,HALL_04,12,Q13,B,1.0
WBSSC_SLST_0111,WB_CENTRE_SIL_02,HALL_04,12,Q14,B,1.0
WBSSC_SLST_0111,WB_CENTRE_SIL_02,HALL_04,12,Q15,B,1.0
WBSSC_SLST_0111,WB_CENTRE_SIL_02,HALL_04,12,Q16,B,1.0
WBSSC_SLST_0111,WB_CENTRE_SIL_02,HALL_04,12,Q17,B,1.0
WBSSC_SLST_0111,WB_CENTRE_SIL_02,HALL_04,12,Q18,B,1.0
WBSSC_SLST_0111,WB_CENTRE_SIL_02,HALL_04,12,Q19,B,1.0
WBSSC_SLST_0111,WB_CENTRE_SIL_02,HALL_04,12,Q20,B,1.0
WBSSC_SLST_0111,WB_CENTRE_SIL_02,HALL_04,12,Q21,B,1.0
WBSSC_SLST_0111,WB_CENTRE_SIL_02,HALL_04,12,Q22,B,1.0
WBSSC_SLST_0111,WB_CENTRE_SIL_02,HALL_04,12,Q23,B,1.0
WBSSC_SLST_0111,WB_CENTRE_SIL_02,HALL_04,12,Q24,B,1.0
WBSSC_SLST_0111,WB_CENTRE_SIL_02,HALL_04,12,Q25,B,1.0
WBSSC_SLST_0111,WB_CENTRE_SIL_02,HALL_04,12,Q26,B,1.0
WBSSC_SLST_0111,WB_CENTRE_SIL_02,HALL_04,12,Q27,B,1.0
WBSSC_SLST_0111,WB_CENTRE_SIL_02,HALL_04,12,Q28,A,0.0
WBSSC_SLST_0111,WB_CENTRE_SIL_02,HALL_04,12,Q29,A,0.0
WBSSC_SLST_0111,WB_CENTRE_SIL_02,HALL_04,12,Q30,D,0.0
WBSSC_SLST_0111,WB_CENTRE_SIL_02,HALL_04,12,Q31,A,0.0
WBSSC_SLST_0111,WB_CENTRE_SIL_02,HALL_04,12,Q32,D,0.0
WBSSC_SLST_0111,WB_CENTRE_SIL_02,HALL_04,12,Q33,D,0.0
WBSSC_SLST_0111,WB_CENTRE_SIL_02,HALL_04,12,Q34,C,0.0
WBSSC_SLST_0111,WB_CENTRE_SIL_02,HALL_04,12,Q35,C,0.0
WBSSC_SLST_0111,WB_CENTRE_SIL_02,HALL_04,12,Q36,C,0.0
WBSSC_SLST_0111,WB_CENTRE_SIL_02,HALL_04,12,Q37,A,0.0
WBSSC_SLST_0111,WB_CENTRE_SIL_02,HALL_04,12,Q38,D,0.0
WBSSC_SLST_0111,WB_CENTRE_SIL_02,HALL_04,12,Q39,C,0.0
WBSSC_SLST_0111,WB_CENTRE_SIL_02,HALL_04,12,Q40,A,0.0
WBSSC_SLST_0111,WB_CENTRE_SIL_02,HALL_04,12,Q41,D,0.0
WBSSC_SLST_0111,WB_CENTRE_SIL_02,HALL_04,12,Q42,D,0.0
WBSSC_SLST_0111,WB_CENTRE_SIL_02,HALL_04,12,Q43,D,0.0
WBSSC_SLST_0111,WB_CENTRE_SIL_02,HALL_04,12,Q44,D,0.0
WBSSC_SLST_0111,WB_CENTRE_SIL_02,HALL_04,12,Q45,A,0.0
WBSSC_SLST_0111,WB_CENTRE_SIL_02,HALL_04,12,Q46,C,0.0
WBSSC_SLST_0111,WB_CENTRE_SIL_02,HALL_04,12,Q47,C,0.0
WBSSC_SLST_0111,WB_CENTRE_SIL_02,HALL_04,12,Q48,D,0.0
WBSSC_SLST_0111,WB_CENTRE_SIL_02,HALL_04,12,Q49,D,0.0
WBSSC_SLST_0111,WB_CENTRE_SIL_02,HALL_04,12,Q50,D,0.0
WBSSC_SLST_0111,WB_CENTRE_SIL_02,HALL_04,12,Q51,A,0.0
WBSSC_SLST_0111,WB_CENTRE_SIL_02,HALL_04,12,Q52,D,0.0
WBSSC_SLST_0111,WB_CENTRE_SIL_02,HALL_04,12,Q53,A,0.0
WBSSC_SLST_0111,WB_CENTRE_SIL_02,HALL_04,12,Q54,C,0.0
WBSSC_SLST_0111,WB_CENTRE_SIL_02,HALL_04,12,Q55,D,0.0
WBSSC_SLST_0111,WB_CENTRE_SIL_02,HALL_04,12,Q56,D,0.0
WBSSC_SLST_0111,WB_CENTRE_SIL_02,HALL_04,12,Q57,C,0.0
WBSSC_SLST_0111,WB_CENTRE_SIL_02,HALL_04,12,Q58,A,0.0
WBSSC_SLST_0111,WB_CENTRE_SIL_02,HALL_04,12,Q59,C,0.0
WBSSC_SLST_0111,WB_CENTRE_SIL_02,HALL_04,12,Q60,A,0.0
WBSSC_SLST_0112,WB_CENTRE_SIL_02,HALL_01,13,Q01,B,1.0
WBSSC_SLST_0112,WB_CENTRE_SIL_02,HALL_01,13,Q02,B,1.0
WBSSC_SLST_0112,WB_CENTRE_SIL_02,HALL_01,13,Q03,B,1.0
WBSSC_SLST_0112,WB_CENTRE_SIL_02,HALL_01,13,Q04,B,1.0
WBSSC_SLST_0112,WB_CENTRE_SIL_02,HALL_01,13,Q05,B,1.0
WBSSC_SLST_0112,WB_CENTRE_SIL_02,HALL_01,13,Q06,B,1.0
WBSSC_SLST_0112,WB_CENTRE_SIL_02,HALL_01,13,Q07,B,1.0
WBSSC_SLST_0112,WB_CENTRE_SIL_02,HALL_01,13,Q08,B,1.0
WBSSC_SLST_0112,WB_CENTRE_SIL_02,HALL_01,13,Q09,B,1.0
WBSSC_SLST_0112,WB_CENTRE_SIL_02,HALL_01,13,Q10,B,1.0
WBSSC_SLST_0112,WB_CENTRE_SIL_02,HALL_01,13,Q11,B,1.0
WBSSC_SLST_0112,WB_CENTRE_SIL_02,HALL_01,13,Q12,B,1.0
WBSSC_SLST_0112,WB_CENTRE_SIL_02,HALL_01,13,Q13,B,1.0
WBSSC_SLST_0112,WB_CENTRE_SIL_02,HALL_01,13,Q14,B,1.0
WBSSC_SLST_0112,WB_CENTRE_SIL_02,HALL_01,13,Q15,B,1.0
WBSSC_SLST_0112,WB_CENTRE_SIL_02,HALL_01,13,Q16,B,1.0
WBSSC_SLST_0112,WB_CENTRE_SIL_02,HALL_01,13,Q17,B,1.0
WBSSC_SLST_0112,WB_CENTRE_SIL_02,HALL_01,13,Q18,B,1.0
WBSSC_SLST_0112,WB_CENTRE_SIL_02,HALL_01,13,Q19,B,1.0
WBSSC_SLST_0112,WB_CENTRE_SIL_02,HALL_01,13,Q20,B,1.0
WBSSC_SLST_0112,WB_CENTRE_SIL_02,HALL_01,13,Q21,B,1.0
WBSSC_SLST_0112,WB_CENTRE_SIL_02,HALL_01,13,Q22,B,1.0
WBSSC_SLST_0112,WB_CENTRE_SIL_02,HALL_01,13,Q23,B,1.0
WBSSC_SLST_0112,WB_CENTRE_SIL_02,HALL_01,13,Q24,B,1.0
WBSSC_SLST_0112,WB_CENTRE_SIL_02,HALL_01,13,Q25,B,1.0
WBSSC_SLST_0112,WB_CENTRE_SIL_02,HALL_01,13,Q26,B,1.0
WBSSC_SLST_0112,WB_CENTRE_SIL_02,HALL_01,13,Q27,B,1.0
WBSSC_SLST_0112,WB_CENTRE_SIL_02,HALL_01,13,Q28,B,1.0
WBSSC_SLST_0112,WB_CENTRE_SIL_02,HALL_01,13,Q29,B,1.0
WBSSC_SLST_0112,WB_CENTRE_SIL_02,HALL_01,13,Q30,B,1.0
WBSSC_SLST_0112,WB_CENTRE_SIL_02,HALL_01,13,Q31,B,1.0
WBSSC_SLST_0112,WB_CENTRE_SIL_02,HALL_01,13,Q32,B,1.0
WBSSC_SLST_0112,WB_CENTRE_SIL_02,HALL_01,13,Q33,C,0.0
WBSSC_SLST_0112,WB_CENTRE_SIL_02,HALL_01,13,Q34,D,0.0
WBSSC_SLST_0112,WB_CENTRE_SIL_02,HALL_01,13,Q35,C,0.0
WBSSC_SLST_0112,WB_CENTRE_SIL_02,HALL_01,13,Q36,C,0.0
WBSSC_SLST_0112,WB_CENTRE_SIL_02,HALL_01,13,Q37,A,0.0
WBSSC_SLST_0112,WB_CENTRE_SIL_02,HALL_01,13,Q38,A,0.0
WBSSC_SLST_0112,WB_CENTRE_SIL_02,HALL_01,13,Q39,D,0.0
WBSSC_SLST_0112,WB_CENTRE_SIL_02,HALL_01,13,Q40,D,0.0
WBSSC_SLST_0112,WB_CENTRE_SIL_02,HALL_01,13,Q41,A,0.0
WBSSC_SLST_0112,WB_CENTRE_SIL_02,HALL_01,13,Q42,D,0.0
WBSSC_SLST_0112,WB_CENTRE_SIL_02,HALL_01,13,Q43,C,0.0
WBSSC_SLST_0112,WB_CENTRE_SIL_02,HALL_01,13,Q44,A,0.0
WBSSC_SLST_0112,WB_CENTRE_SIL_02,HALL_01,13,Q45,C,0.0
WBSSC_SLST_0112,WB_CENTRE_SIL_02,HALL_01,13,Q46,D,0.0
WBSSC_SLST_0112,WB_CENTRE_SIL_02,HALL_01,13,Q47,D,0.0
WBSSC_SLST_0112,WB_CENTRE_SIL_02,HALL_01,13,Q48,C,0.0
WBSSC_SLST_0112,WB_CENTRE_SIL_02,HALL_01,13,Q49,C,0.0
WBSSC_SLST_0112,WB_CENTRE_SIL_02,HALL_01,13,Q50,A,0.0
WBSSC_SLST_0112,WB_CENTRE_SIL_02,HALL_01,13,Q51,C,0.0
WBSSC_SLST_0112,WB_CENTRE_SIL_02,HALL_01,13,Q52,D,0.0
WBSSC_SLST_0112,WB_CENTRE_SIL_02,HALL_01,13,Q53,D,0.0
WBSSC_SLST_0112,WB_CENTRE_SIL_02,HALL_01,13,Q54,A,0.0
WBSSC_SLST_0112,WB_CENTRE_SIL_02,HALL_01,13,Q55,C,0.0
WBSSC_SLST_0112,WB_CENTRE_SIL_02,HALL_01,13,Q56,D,0.0
WBSSC_SLST_0112,WB_CENTRE_SIL_02,HALL_01,13,Q57,C,0.0
WBSSC_SLST_0112,WB_CENTRE_SIL_02,HALL_01,13,Q58,A,0.0
WBSSC_SLST_0112,WB_CENTRE_SIL_02,HALL_01,13,Q59,A,0.0
WBSSC_SLST_0112,WB_CENTRE_SIL_02,HALL_01,13,Q60,D,0.0
WBSSC_SLST_0113,WB_CENTRE_SIL_02,HALL_02,14,Q01,B,1.0
WBSSC_SLST_0113,WB_CENTRE_SIL_02,HALL_02,14,Q02,B,1.0
WBSSC_SLST_0113,WB_CENTRE_SIL_02,HALL_02,14,Q03,B,1.0
WBSSC_SLST_0113,WB_CENTRE_SIL_02,HALL_02,14,Q04,B,1.0
WBSSC_SLST_0113,WB_CENTRE_SIL_02,HALL_02,14,Q05,B,1.0
WBSSC_SLST_0113,WB_CENTRE_SIL_02,HALL_02,14,Q06,B,1.0
WBSSC_SLST_0113,WB_CENTRE_SIL_02,HALL_02,14,Q07,B,1.0
WBSSC_SLST_0113,WB_CENTRE_SIL_02,HALL_02,14,Q08,B,1.0
WBSSC_SLST_0113,WB_CENTRE_SIL_02,HALL_02,14,Q09,B,1.0
WBSSC_SLST_0113,WB_CENTRE_SIL_02,HALL_02,14,Q10,B,1.0
WBSSC_SLST_0113,WB_CENTRE_SIL_02,HALL_02,14,Q11,B,1.0
WBSSC_SLST_0113,WB_CENTRE_SIL_02,HALL_02,14,Q12,B,1.0
WBSSC_SLST_0113,WB_CENTRE_SIL_02,HALL_02,14,Q13,B,1.0
WBSSC_SLST_0113,WB_CENTRE_SIL_02,HALL_02,14,Q14,B,1.0
WBSSC_SLST_0113,WB_CENTRE_SIL_02,HALL_02,14,Q15,B,1.0
WBSSC_SLST_0113,WB_CENTRE_SIL_02,HALL_02,14,Q16,B,1.0
WBSSC_SLST_0113,WB_CENTRE_SIL_02,HALL_02,14,Q17,B,1.0
WBSSC_SLST_0113,WB_CENTRE_SIL_02,HALL_02,14,Q18,B,1.0
WBSSC_SLST_0113,WB_CENTRE_SIL_02,HALL_02,14,Q19,B,1.0
WBSSC_SLST_0113,WB_CENTRE_SIL_02,HALL_02,14,Q20,B,1.0
WBSSC_SLST_0113,WB_CENTRE_SIL_02,HALL_02,14,Q21,B,1.0
WBSSC_SLST_0113,WB_CENTRE_SIL_02,HALL_02,14,Q22,B,1.0
WBSSC_SLST_0113,WB_CENTRE_SIL_02,HALL_02,14,Q23,B,1.0
WBSSC_SLST_0113,WB_CENTRE_SIL_02,HALL_02,14,Q24,B,1.0
WBSSC_SLST_0113,WB_CENTRE_SIL_02,HALL_02,14,Q25,B,1.0
WBSSC_SLST_0113,WB_CENTRE_SIL_02,HALL_02,14,Q26,B,1.0
WBSSC_SLST_0113,WB_CENTRE_SIL_02,HALL_02,14,Q27,B,1.0
WBSSC_SLST_0113,WB_CENTRE_SIL_02,HALL_02,14,Q28,B,1.0
WBSSC_SLST_0113,WB_CENTRE_SIL_02,HALL_02,14,Q29,B,1.0
WBSSC_SLST_0113,WB_CENTRE_SIL_02,HALL_02,14,Q30,B,1.0
WBSSC_SLST_0113,WB_CENTRE_SIL_02,HALL_02,14,Q31,B,1.0
WBSSC_SLST_0113,WB_CENTRE_SIL_02,HALL_02,14,Q32,B,1.0
WBSSC_SLST_0113,WB_CENTRE_SIL_02,HALL_02,14,Q33,B,1.0
WBSSC_SLST_0113,WB_CENTRE_SIL_02,HALL_02,14,Q34,B,1.0
WBSSC_SLST_0113,WB_CENTRE_SIL_02,HALL_02,14,Q35,B,1.0
WBSSC_SLST_0113,WB_CENTRE_SIL_02,HALL_02,14,Q36,B,1.0
WBSSC_SLST_0113,WB_CENTRE_SIL_02,HALL_02,14,Q37,B,1.0
WBSSC_SLST_0113,WB_CENTRE_SIL_02,HALL_02,14,Q38,B,1.0
WBSSC_SLST_0113,WB_CENTRE_SIL_02,HALL_02,14,Q39,B,1.0
WBSSC_SLST_0113,WB_CENTRE_SIL_02,HALL_02,14,Q40,B,1.0
WBSSC_SLST_0113,WB_CENTRE_SIL_02,HALL_02,14,Q41,B,1.0
WBSSC_SLST_0113,WB_CENTRE_SIL_02,HALL_02,14,Q42,B,1.0
WBSSC_SLST_0113,WB_CENTRE_SIL_02,HALL_02,14,Q43,B,1.0
WBSSC_SLST_0113,WB_CENTRE_SIL_02,HALL_02,14,Q44,B,1.0
WBSSC_SLST_0113,WB_CENTRE_SIL_02,HALL_02,14,Q45,A,0.0
WBSSC_SLST_0113,WB_CENTRE_SIL_02,HALL_02,14,Q46,D,0.0
WBSSC_SLST_0113,WB_CENTRE_SIL_02,HALL_02,14,Q47,C,0.0
WBSSC_SLST_0113,WB_CENTRE_SIL_02,HALL_02,14,Q48,C,0.0
WBSSC_SLST_0113,WB_CENTRE_SIL_02,HALL_02,14,Q49,A,0.0
WBSSC_SLST_0113,WB_CENTRE_SIL_02,HALL_02,14,Q50,A,0.0
WBSSC_SLST_0113,WB_CENTRE_SIL_02,HALL_02,14,Q51,C,0.0
WBSSC_SLST_0113,WB_CENTRE_SIL_02,HALL_02,14,Q52,D,0.0
WBSSC_SLST_0113,WB_CENTRE_SIL_02,HALL_02,14,Q53,A,0.0
WBSSC_SLST_0113,WB_CENTRE_SIL_02,HALL_02,14,Q54,D,0.0
WBSSC_SLST_0113,WB_CENTRE_SIL_02,HALL_02,14,Q55,C,0.0
WBSSC_SLST_0113,WB_CENTRE_SIL_02,HALL_02,14,Q56,D,0.0
WBSSC_SLST_0113,WB_CENTRE_SIL_02,HALL_02,14,Q57,D,0.0
WBSSC_SLST_0113,WB_CENTRE_SIL_02,HALL_02,14,Q58,C,0.0
WBSSC_SLST_0113,WB_CENTRE_SIL_02,HALL_02,14,Q59,C,0.0
WBSSC_SLST_0113,WB_CENTRE_SIL_02,HALL_02,14,Q60,D,0.0
WBSSC_SLST_0114,WB_CENTRE_SIL_02,HALL_03,15,Q01,B,1.0
WBSSC_SLST_0114,WB_CENTRE_SIL_02,HALL_03,15,Q02,B,1.0
WBSSC_SLST_0114,WB_CENTRE_SIL_02,HALL_03,15,Q03,B,1.0
WBSSC_SLST_0114,WB_CENTRE_SIL_02,HALL_03,15,Q04,B,1.0
WBSSC_SLST_0114,WB_CENTRE_SIL_02,HALL_03,15,Q05,B,1.0
WBSSC_SLST_0114,WB_CENTRE_SIL_02,HALL_03,15,Q06,B,1.0
WBSSC_SLST_0114,WB_CENTRE_SIL_02,HALL_03,15,Q07,B,1.0
WBSSC_SLST_0114,WB_CENTRE_SIL_02,HALL_03,15,Q08,B,1.0
WBSSC_SLST_0114,WB_CENTRE_SIL_02,HALL_03,15,Q09,B,1.0
WBSSC_SLST_0114,WB_CENTRE_SIL_02,HALL_03,15,Q10,B,1.0
WBSSC_SLST_0114,WB_CENTRE_SIL_02,HALL_03,15,Q11,B,1.0
WBSSC_SLST_0114,WB_CENTRE_SIL_02,HALL_03,15,Q12,B,1.0
WBSSC_SLST_0114,WB_CENTRE_SIL_02,HALL_03,15,Q13,B,1.0
WBSSC_SLST_0114,WB_CENTRE_SIL_02,HALL_03,15,Q14,B,1.0
WBSSC_SLST_0114,WB_CENTRE_SIL_02,HALL_03,15,Q15,B,1.0
WBSSC_SLST_0114,WB_CENTRE_SIL_02,HALL_03,15,Q16,B,1.0
WBSSC_SLST_0114,WB_CENTRE_SIL_02,HALL_03,15,Q17,B,1.0
WBSSC_SLST_0114,WB_CENTRE_SIL_02,HALL_03,15,Q18,B,1.0
WBSSC_SLST_0114,WB_CENTRE_SIL_02,HALL_03,15,Q19,B,1.0
WBSSC_SLST_0114,WB_CENTRE_SIL_02,HALL_03,15,Q20,B,1.0
WBSSC_SLST_0114,WB_CENTRE_SIL_02,HALL_03,15,Q21,B,1.0
WBSSC_SLST_0114,WB_CENTRE_SIL_02,HALL_03,15,Q22,B,1.0
WBSSC_SLST_0114,WB_CENTRE_SIL_02,HALL_03,15,Q23,B,1.0
WBSSC_SLST_0114,WB_CENTRE_SIL_02,HALL_03,15,Q24,B,1.0
WBSSC_SLST_0114,WB_CENTRE_SIL_02,HALL_03,15,Q25,B,1.0
WBSSC_SLST_0114,WB_CENTRE_SIL_02,HALL_03,15,Q26,D,0.0
WBSSC_SLST_0114,WB_CENTRE_SIL_02,HALL_03,15,Q27,A,0.0
WBSSC_SLST_0114,WB_CENTRE_SIL_02,HALL_03,15,Q28,C,0.0
WBSSC_SLST_0114,WB_CENTRE_SIL_02,HALL_03,15,Q29,D,0.0
WBSSC_SLST_0114,WB_CENTRE_SIL_02,HALL_03,15,Q30,D,0.0
WBSSC_SLST_0114,WB_CENTRE_SIL_02,HALL_03,15,Q31,D,0.0
WBSSC_SLST_0114,WB_CENTRE_SIL_02,HALL_03,15,Q32,A,0.0
WBSSC_SLST_0114,WB_CENTRE_SIL_02,HALL_03,15,Q33,A,0.0
WBSSC_SLST_0114,WB_CENTRE_SIL_02,HALL_03,15,Q34,D,0.0
WBSSC_SLST_0114,WB_CENTRE_SIL_02,HALL_03,15,Q35,C,0.0
WBSSC_SLST_0114,WB_CENTRE_SIL_02,HALL_03,15,Q36,A,0.0
WBSSC_SLST_0114,WB_CENTRE_SIL_02,HALL_03,15,Q37,A,0.0
WBSSC_SLST_0114,WB_CENTRE_SIL_02,HALL_03,15,Q38,A,0.0
WBSSC_SLST_0114,WB_CENTRE_SIL_02,HALL_03,15,Q39,A,0.0
WBSSC_SLST_0114,WB_CENTRE_SIL_02,HALL_03,15,Q40,D,0.0
WBSSC_SLST_0114,WB_CENTRE_SIL_02,HALL_03,15,Q41,D,0.0
WBSSC_SLST_0114,WB_CENTRE_SIL_02,HALL_03,15,Q42,C,0.0
WBSSC_SLST_0114,WB_CENTRE_SIL_02,HALL_03,15,Q43,C,0.0
WBSSC_SLST_0114,WB_CENTRE_SIL_02,HALL_03,15,Q44,D,0.0
WBSSC_SLST_0114,WB_CENTRE_SIL_02,HALL_03,15,Q45,C,0.0
WBSSC_SLST_0114,WB_CENTRE_SIL_02,HALL_03,15,Q46,D,0.0
WBSSC_SLST_0114,WB_CENTRE_SIL_02,HALL_03,15,Q47,A,0.0
WBSSC_SLST_0114,WB_CENTRE_SIL_02,HALL_03,15,Q48,D,0.0
WBSSC_SLST_0114,WB_CENTRE_SIL_02,HALL_03,15,Q49,D,0.0
WBSSC_SLST_0114,WB_CENTRE_SIL_02,HALL_03,15,Q50,C,0.0
WBSSC_SLST_0114,WB_CENTRE_SIL_02,HALL_03,15,Q51,A,0.0
WBSSC_SLST_0114,WB_CENTRE_SIL_02,HALL_03,15,Q52,C,0.0
WBSSC_SLST_0114,WB_CENTRE_SIL_02,HALL_03,15,Q53,C,0.0
WBSSC_SLST_0114,WB_CENTRE_SIL_02,HALL_03,15,Q54,C,0.0
WBSSC_SLST_0114,WB_CENTRE_SIL_02,HALL_03,15,Q55,D,0.0
WBSSC_SLST_0114,WB_CENTRE_SIL_02,HALL_03,15,Q56,C,0.0
WBSSC_SLST_0114,WB_CENTRE_SIL_02,HALL_03,15,Q57,A,0.0
WBSSC_SLST_0114,WB_CENTRE_SIL_02,HALL_03,15,Q58,C,0.0
WBSSC_SLST_0114,WB_CENTRE_SIL_02,HALL_03,15,Q59,A,0.0
WBSSC_SLST_0114,WB_CENTRE_SIL_02,HALL_03,15,Q60,D,0.0
WBSSC_SLST_0115,WB_CENTRE_SIL_02,HALL_04,16,Q01,B,1.0
WBSSC_SLST_0115,WB_CENTRE_SIL_02,HALL_04,16,Q02,B,1.0
WBSSC_SLST_0115,WB_CENTRE_SIL_02,HALL_04,16,Q03,B,1.0
WBSSC_SLST_0115,WB_CENTRE_SIL_02,HALL_04,16,Q04,B,1.0
WBSSC_SLST_0115,WB_CENTRE_SIL_02,HALL_04,16,Q05,B,1.0
WBSSC_SLST_0115,WB_CENTRE_SIL_02,HALL_04,16,Q06,B,1.0
WBSSC_SLST_0115,WB_CENTRE_SIL_02,HALL_04,16,Q07,B,1.0
WBSSC_SLST_0115,WB_CENTRE_SIL_02,HALL_04,16,Q08,B,1.0
WBSSC_SLST_0115,WB_CENTRE_SIL_02,HALL_04,16,Q09,B,1.0
WBSSC_SLST_0115,WB_CENTRE_SIL_02,HALL_04,16,Q10,B,1.0
WBSSC_SLST_0115,WB_CENTRE_SIL_02,HALL_04,16,Q11,B,1.0
WBSSC_SLST_0115,WB_CENTRE_SIL_02,HALL_04,16,Q12,B,1.0
WBSSC_SLST_0115,WB_CENTRE_SIL_02,HALL_04,16,Q13,B,1.0
WBSSC_SLST_0115,WB_CENTRE_SIL_02,HALL_04,16,Q14,B,1.0
WBSSC_SLST_0115,WB_CENTRE_SIL_02,HALL_04,16,Q15,B,1.0
WBSSC_SLST_0115,WB_CENTRE_SIL_02,HALL_04,16,Q16,B,1.0
WBSSC_SLST_0115,WB_CENTRE_SIL_02,HALL_04,16,Q17,B,1.0
WBSSC_SLST_0115,WB_CENTRE_SIL_02,HALL_04,16,Q18,B,1.0
WBSSC_SLST_0115,WB_CENTRE_SIL_02,HALL_04,16,Q19,B,1.0
WBSSC_SLST_0115,WB_CENTRE_SIL_02,HALL_04,16,Q20,B,1.0
WBSSC_SLST_0115,WB_CENTRE_SIL_02,HALL_04,16,Q21,B,1.0
WBSSC_SLST_0115,WB_CENTRE_SIL_02,HALL_04,16,Q22,B,1.0
WBSSC_SLST_0115,WB_CENTRE_SIL_02,HALL_04,16,Q23,B,1.0
WBSSC_SLST_0115,WB_CENTRE_SIL_02,HALL_04,16,Q24,B,1.0
WBSSC_SLST_0115,WB_CENTRE_SIL_02,HALL_04,16,Q25,B,1.0
WBSSC_SLST_0115,WB_CENTRE_SIL_02,HALL_04,16,Q26,B,1.0
WBSSC_SLST_0115,WB_CENTRE_SIL_02,HALL_04,16,Q27,B,1.0
WBSSC_SLST_0115,WB_CENTRE_SIL_02,HALL_04,16,Q28,B,1.0
WBSSC_SLST_0115,WB_CENTRE_SIL_02,HALL_04,16,Q29,B,1.0
WBSSC_SLST_0115,WB_CENTRE_SIL_02,HALL_04,16,Q30,B,1.0
WBSSC_SLST_0115,WB_CENTRE_SIL_02,HALL_04,16,Q31,C,0.0
WBSSC_SLST_0115,WB_CENTRE_SIL_02,HALL_04,16,Q32,A,0.0
WBSSC_SLST_0115,WB_CENTRE_SIL_02,HALL_04,16,Q33,C,0.0
WBSSC_SLST_0115,WB_CENTRE_SIL_02,HALL_04,16,Q34,D,0.0
WBSSC_SLST_0115,WB_CENTRE_SIL_02,HALL_04,16,Q35,C,0.0
WBSSC_SLST_0115,WB_CENTRE_SIL_02,HALL_04,16,Q36,D,0.0
WBSSC_SLST_0115,WB_CENTRE_SIL_02,HALL_04,16,Q37,A,0.0
WBSSC_SLST_0115,WB_CENTRE_SIL_02,HALL_04,16,Q38,C,0.0
WBSSC_SLST_0115,WB_CENTRE_SIL_02,HALL_04,16,Q39,C,0.0
WBSSC_SLST_0115,WB_CENTRE_SIL_02,HALL_04,16,Q40,D,0.0
WBSSC_SLST_0115,WB_CENTRE_SIL_02,HALL_04,16,Q41,A,0.0
WBSSC_SLST_0115,WB_CENTRE_SIL_02,HALL_04,16,Q42,D,0.0
WBSSC_SLST_0115,WB_CENTRE_SIL_02,HALL_04,16,Q43,D,0.0
WBSSC_SLST_0115,WB_CENTRE_SIL_02,HALL_04,16,Q44,C,0.0
WBSSC_SLST_0115,WB_CENTRE_SIL_02,HALL_04,16,Q45,D,0.0
WBSSC_SLST_0115,WB_CENTRE_SIL_02,HALL_04,16,Q46,A,0.0
WBSSC_SLST_0115,WB_CENTRE_SIL_02,HALL_04,16,Q47,A,0.0
WBSSC_SLST_0115,WB_CENTRE_SIL_02,HALL_04,16,Q48,A,0.0
WBSSC_SLST_0115,WB_CENTRE_SIL_02,HALL_04,16,Q49,A,0.0
WBSSC_SLST_0115,WB_CENTRE_SIL_02,HALL_04,16,Q50,D,0.0
WBSSC_SLST_0115,WB_CENTRE_SIL_02,HALL_04,16,Q51,C,0.0
WBSSC_SLST_0115,WB_CENTRE_SIL_02,HALL_04,16,Q52,C,0.0
WBSSC_SLST_0115,WB_CENTRE_SIL_02,HALL_04,16,Q53,A,0.0
WBSSC_SLST_0115,WB_CENTRE_SIL_02,HALL_04,16,Q54,D,0.0
WBSSC_SLST_0115,WB_CENTRE_SIL_02,HALL_04,16,Q55,D,0.0
WBSSC_SLST_0115,WB_CENTRE_SIL_02,HALL_04,16,Q56,C,0.0
WBSSC_SLST_0115,WB_CENTRE_SIL_02,HALL_04,16,Q57,D,0.0
WBSSC_SLST_0115,WB_CENTRE_SIL_02,HALL_04,16,Q58,A,0.0
WBSSC_SLST_0115,WB_CENTRE_SIL_02,HALL_04,16,Q59,A,0.0
WBSSC_SLST_0115,WB_CENTRE_SIL_02,HALL_04,16,Q60,C,0.0
WBSSC_SLST_0116,WB_CENTRE_SIL_02,HALL_01,17,Q01,B,1.0
WBSSC_SLST_0116,WB_CENTRE_SIL_02,HALL_01,17,Q02,B,1.0
WBSSC_SLST_0116,WB_CENTRE_SIL_02,HALL_01,17,Q03,B,1.0
WBSSC_SLST_0116,WB_CENTRE_SIL_02,HALL_01,17,Q04,B,1.0
WBSSC_SLST_0116,WB_CENTRE_SIL_02,HALL_01,17,Q05,B,1.0
WBSSC_SLST_0116,WB_CENTRE_SIL_02,HALL_01,17,Q06,B,1.0
WBSSC_SLST_0116,WB_CENTRE_SIL_02,HALL_01,17,Q07,B,1.0
WBSSC_SLST_0116,WB_CENTRE_SIL_02,HALL_01,17,Q08,B,1.0
WBSSC_SLST_0116,WB_CENTRE_SIL_02,HALL_01,17,Q09,B,1.0
WBSSC_SLST_0116,WB_CENTRE_SIL_02,HALL_01,17,Q10,B,1.0
WBSSC_SLST_0116,WB_CENTRE_SIL_02,HALL_01,17,Q11,B,1.0
WBSSC_SLST_0116,WB_CENTRE_SIL_02,HALL_01,17,Q12,B,1.0
WBSSC_SLST_0116,WB_CENTRE_SIL_02,HALL_01,17,Q13,B,1.0
WBSSC_SLST_0116,WB_CENTRE_SIL_02,HALL_01,17,Q14,B,1.0
WBSSC_SLST_0116,WB_CENTRE_SIL_02,HALL_01,17,Q15,B,1.0
WBSSC_SLST_0116,WB_CENTRE_SIL_02,HALL_01,17,Q16,B,1.0
WBSSC_SLST_0116,WB_CENTRE_SIL_02,HALL_01,17,Q17,B,1.0
WBSSC_SLST_0116,WB_CENTRE_SIL_02,HALL_01,17,Q18,B,1.0
WBSSC_SLST_0116,WB_CENTRE_SIL_02,HALL_01,17,Q19,B,1.0
WBSSC_SLST_0116,WB_CENTRE_SIL_02,HALL_01,17,Q20,B,1.0
WBSSC_SLST_0116,WB_CENTRE_SIL_02,HALL_01,17,Q21,B,1.0
WBSSC_SLST_0116,WB_CENTRE_SIL_02,HALL_01,17,Q22,B,1.0
WBSSC_SLST_0116,WB_CENTRE_SIL_02,HALL_01,17,Q23,B,1.0
WBSSC_SLST_0116,WB_CENTRE_SIL_02,HALL_01,17,Q24,B,1.0
WBSSC_SLST_0116,WB_CENTRE_SIL_02,HALL_01,17,Q25,B,1.0
WBSSC_SLST_0116,WB_CENTRE_SIL_02,HALL_01,17,Q26,B,1.0
WBSSC_SLST_0116,WB_CENTRE_SIL_02,HALL_01,17,Q27,B,1.0
WBSSC_SLST_0116,WB_CENTRE_SIL_02,HALL_01,17,Q28,B,1.0
WBSSC_SLST_0116,WB_CENTRE_SIL_02,HALL_01,17,Q29,B,1.0
WBSSC_SLST_0116,WB_CENTRE_SIL_02,HALL_01,17,Q30,B,1.0
WBSSC_SLST_0116,WB_CENTRE_SIL_02,HALL_01,17,Q31,B,1.0
WBSSC_SLST_0116,WB_CENTRE_SIL_02,HALL_01,17,Q32,B,1.0
WBSSC_SLST_0116,WB_CENTRE_SIL_02,HALL_01,17,Q33,B,1.0
WBSSC_SLST_0116,WB_CENTRE_SIL_02,HALL_01,17,Q34,B,1.0
WBSSC_SLST_0116,WB_CENTRE_SIL_02,HALL_01,17,Q35,B,1.0
WBSSC_SLST_0116,WB_CENTRE_SIL_02,HALL_01,17,Q36,B,1.0
WBSSC_SLST_0116,WB_CENTRE_SIL_02,HALL_01,17,Q37,B,1.0
WBSSC_SLST_0116,WB_CENTRE_SIL_02,HALL_01,17,Q38,B,1.0
WBSSC_SLST_0116,WB_CENTRE_SIL_02,HALL_01,17,Q39,B,1.0
WBSSC_SLST_0116,WB_CENTRE_SIL_02,HALL_01,17,Q40,B,1.0
WBSSC_SLST_0116,WB_CENTRE_SIL_02,HALL_01,17,Q41,B,1.0
WBSSC_SLST_0116,WB_CENTRE_SIL_02,HALL_01,17,Q42,B,1.0
WBSSC_SLST_0116,WB_CENTRE_SIL_02,HALL_01,17,Q43,A,0.0
WBSSC_SLST_0116,WB_CENTRE_SIL_02,HALL_01,17,Q44,A,0.0
WBSSC_SLST_0116,WB_CENTRE_SIL_02,HALL_01,17,Q45,C,0.0
WBSSC_SLST_0116,WB_CENTRE_SIL_02,HALL_01,17,Q46,A,0.0
WBSSC_SLST_0116,WB_CENTRE_SIL_02,HALL_01,17,Q47,A,0.0
WBSSC_SLST_0116,WB_CENTRE_SIL_02,HALL_01,17,Q48,A,0.0
WBSSC_SLST_0116,WB_CENTRE_SIL_02,HALL_01,17,Q49,D,0.0
WBSSC_SLST_0116,WB_CENTRE_SIL_02,HALL_01,17,Q50,C,0.0
WBSSC_SLST_0116,WB_CENTRE_SIL_02,HALL_01,17,Q51,C,0.0
WBSSC_SLST_0116,WB_CENTRE_SIL_02,HALL_01,17,Q52,D,0.0
WBSSC_SLST_0116,WB_CENTRE_SIL_02,HALL_01,17,Q53,D,0.0
WBSSC_SLST_0116,WB_CENTRE_SIL_02,HALL_01,17,Q54,D,0.0
WBSSC_SLST_0116,WB_CENTRE_SIL_02,HALL_01,17,Q55,D,0.0
WBSSC_SLST_0116,WB_CENTRE_SIL_02,HALL_01,17,Q56,D,0.0
WBSSC_SLST_0116,WB_CENTRE_SIL_02,HALL_01,17,Q57,A,0.0
WBSSC_SLST_0116,WB_CENTRE_SIL_02,HALL_01,17,Q58,A,0.0
WBSSC_SLST_0116,WB_CENTRE_SIL_02,HALL_01,17,Q59,C,0.0
WBSSC_SLST_0116,WB_CENTRE_SIL_02,HALL_01,17,Q60,A,0.0
WBSSC_SLST_0117,WB_CENTRE_SIL_02,HALL_02,18,Q01,B,1.0
WBSSC_SLST_0117,WB_CENTRE_SIL_02,HALL_02,18,Q02,B,1.0
WBSSC_SLST_0117,WB_CENTRE_SIL_02,HALL_02,18,Q03,B,1.0
WBSSC_SLST_0117,WB_CENTRE_SIL_02,HALL_02,18,Q04,B,1.0
WBSSC_SLST_0117,WB_CENTRE_SIL_02,HALL_02,18,Q05,B,1.0
WBSSC_SLST_0117,WB_CENTRE_SIL_02,HALL_02,18,Q06,B,1.0
WBSSC_SLST_0117,WB_CENTRE_SIL_02,HALL_02,18,Q07,B,1.0
WBSSC_SLST_0117,WB_CENTRE_SIL_02,HALL_02,18,Q08,B,1.0
WBSSC_SLST_0117,WB_CENTRE_SIL_02,HALL_02,18,Q09,B,1.0
WBSSC_SLST_0117,WB_CENTRE_SIL_02,HALL_02,18,Q10,B,1.0
WBSSC_SLST_0117,WB_CENTRE_SIL_02,HALL_02,18,Q11,B,1.0
WBSSC_SLST_0117,WB_CENTRE_SIL_02,HALL_02,18,Q12,B,1.0
WBSSC_SLST_0117,WB_CENTRE_SIL_02,HALL_02,18,Q13,B,1.0
WBSSC_SLST_0117,WB_CENTRE_SIL_02,HALL_02,18,Q14,B,1.0
WBSSC_SLST_0117,WB_CENTRE_SIL_02,HALL_02,18,Q15,B,1.0
WBSSC_SLST_0117,WB_CENTRE_SIL_02,HALL_02,18,Q16,B,1.0
WBSSC_SLST_0117,WB_CENTRE_SIL_02,HALL_02,18,Q17,B,1.0
WBSSC_SLST_0117,WB_CENTRE_SIL_02,HALL_02,18,Q18,B,1.0
WBSSC_SLST_0117,WB_CENTRE_SIL_02,HALL_02,18,Q19,B,1.0
WBSSC_SLST_0117,WB_CENTRE_SIL_02,HALL_02,18,Q20,B,1.0
WBSSC_SLST_0117,WB_CENTRE_SIL_02,HALL_02,18,Q21,B,1.0
WBSSC_SLST_0117,WB_CENTRE_SIL_02,HALL_02,18,Q22,B,1.0
WBSSC_SLST_0117,WB_CENTRE_SIL_02,HALL_02,18,Q23,B,1.0
WBSSC_SLST_0117,WB_CENTRE_SIL_02,HALL_02,18,Q24,D,0.0
WBSSC_SLST_0117,WB_CENTRE_SIL_02,HALL_02,18,Q25,C,0.0
WBSSC_SLST_0117,WB_CENTRE_SIL_02,HALL_02,18,Q26,D,0.0
WBSSC_SLST_0117,WB_CENTRE_SIL_02,HALL_02,18,Q27,A,0.0
WBSSC_SLST_0117,WB_CENTRE_SIL_02,HALL_02,18,Q28,A,0.0
WBSSC_SLST_0117,WB_CENTRE_SIL_02,HALL_02,18,Q29,C,0.0
WBSSC_SLST_0117,WB_CENTRE_SIL_02,HALL_02,18,Q30,C,0.0
WBSSC_SLST_0117,WB_CENTRE_SIL_02,HALL_02,18,Q31,C,0.0
WBSSC_SLST_0117,WB_CENTRE_SIL_02,HALL_02,18,Q32,C,0.0
WBSSC_SLST_0117,WB_CENTRE_SIL_02,HALL_02,18,Q33,A,0.0
WBSSC_SLST_0117,WB_CENTRE_SIL_02,HALL_02,18,Q34,A,0.0
WBSSC_SLST_0117,WB_CENTRE_SIL_02,HALL_02,18,Q35,A,0.0
WBSSC_SLST_0117,WB_CENTRE_SIL_02,HALL_02,18,Q36,C,0.0
WBSSC_SLST_0117,WB_CENTRE_SIL_02,HALL_02,18,Q37,C,0.0
WBSSC_SLST_0117,WB_CENTRE_SIL_02,HALL_02,18,Q38,D,0.0
WBSSC_SLST_0117,WB_CENTRE_SIL_02,HALL_02,18,Q39,D,0.0
WBSSC_SLST_0117,WB_CENTRE_SIL_02,HALL_02,18,Q40,C,0.0
WBSSC_SLST_0117,WB_CENTRE_SIL_02,HALL_02,18,Q41,C,0.0
WBSSC_SLST_0117,WB_CENTRE_SIL_02,HALL_02,18,Q42,A,0.0
WBSSC_SLST_0117,WB_CENTRE_SIL_02,HALL_02,18,Q43,C,0.0
WBSSC_SLST_0117,WB_CENTRE_SIL_02,HALL_02,18,Q44,C,0.0
WBSSC_SLST_0117,WB_CENTRE_SIL_02,HALL_02,18,Q45,C,0.0
WBSSC_SLST_0117,WB_CENTRE_SIL_02,HALL_02,18,Q46,A,0.0
WBSSC_SLST_0117,WB_CENTRE_SIL_02,HALL_02,18,Q47,C,0.0
WBSSC_SLST_0117,WB_CENTRE_SIL_02,HALL_02,18,Q48,D,0.0
WBSSC_SLST_0117,WB_CENTRE_SIL_02,HALL_02,18,Q49,D,0.0
WBSSC_SLST_0117,WB_CENTRE_SIL_02,HALL_02,18,Q50,A,0.0
WBSSC_SLST_0117,WB_CENTRE_SIL_02,HALL_02,18,Q51,D,0.0
WBSSC_SLST_0117,WB_CENTRE_SIL_02,HALL_02,18,Q52,A,0.0
WBSSC_SLST_0117,WB_CENTRE_SIL_02,HALL_02,18,Q53,A,0.0
WBSSC_SLST_0117,WB_CENTRE_SIL_02,HALL_02,18,Q54,A,0.0
WBSSC_SLST_0117,WB_CENTRE_SIL_02,HALL_02,18,Q55,D,0.0
WBSSC_SLST_0117,WB_CENTRE_SIL_02,HALL_02,18,Q56,A,0.0
WBSSC_SLST_0117,WB_CENTRE_SIL_02,HALL_02,18,Q57,D,0.0
WBSSC_SLST_0117,WB_CENTRE_SIL_02,HALL_02,18,Q58,D,0.0
WBSSC_SLST_0117,WB_CENTRE_SIL_02,HALL_02,18,Q59,C,0.0
WBSSC_SLST_0117,WB_CENTRE_SIL_02,HALL_02,18,Q60,D,0.0
WBSSC_SLST_0118,WB_CENTRE_SIL_02,HALL_03,19,Q01,B,1.0
WBSSC_SLST_0118,WB_CENTRE_SIL_02,HALL_03,19,Q02,B,1.0
WBSSC_SLST_0118,WB_CENTRE_SIL_02,HALL_03,19,Q03,B,1.0
WBSSC_SLST_0118,WB_CENTRE_SIL_02,HALL_03,19,Q04,B,1.0
WBSSC_SLST_0118,WB_CENTRE_SIL_02,HALL_03,19,Q05,B,1.0
WBSSC_SLST_0118,WB_CENTRE_SIL_02,HALL_03,19,Q06,B,1.0
WBSSC_SLST_0118,WB_CENTRE_SIL_02,HALL_03,19,Q07,B,1.0
WBSSC_SLST_0118,WB_CENTRE_SIL_02,HALL_03,19,Q08,B,1.0
WBSSC_SLST_0118,WB_CENTRE_SIL_02,HALL_03,19,Q09,B,1.0
WBSSC_SLST_0118,WB_CENTRE_SIL_02,HALL_03,19,Q10,B,1.0
WBSSC_SLST_0118,WB_CENTRE_SIL_02,HALL_03,19,Q11,B,1.0
WBSSC_SLST_0118,WB_CENTRE_SIL_02,HALL_03,19,Q12,B,1.0
WBSSC_SLST_0118,WB_CENTRE_SIL_02,HALL_03,19,Q13,B,1.0
WBSSC_SLST_0118,WB_CENTRE_SIL_02,HALL_03,19,Q14,B,1.0
WBSSC_SLST_0118,WB_CENTRE_SIL_02,HALL_03,19,Q15,B,1.0
WBSSC_SLST_0118,WB_CENTRE_SIL_02,HALL_03,19,Q16,B,1.0
WBSSC_SLST_0118,WB_CENTRE_SIL_02,HALL_03,19,Q17,B,1.0
WBSSC_SLST_0118,WB_CENTRE_SIL_02,HALL_03,19,Q18,B,1.0
WBSSC_SLST_0118,WB_CENTRE_SIL_02,HALL_03,19,Q19,B,1.0
WBSSC_SLST_0118,WB_CENTRE_SIL_02,HALL_03,19,Q20,B,1.0
WBSSC_SLST_0118,WB_CENTRE_SIL_02,HALL_03,19,Q21,B,1.0
WBSSC_SLST_0118,WB_CENTRE_SIL_02,HALL_03,19,Q22,B,1.0
WBSSC_SLST_0118,WB_CENTRE_SIL_02,HALL_03,19,Q23,B,1.0
WBSSC_SLST_0118,WB_CENTRE_SIL_02,HALL_03,19,Q24,B,1.0
WBSSC_SLST_0118,WB_CENTRE_SIL_02,HALL_03,19,Q25,B,1.0
WBSSC_SLST_0118,WB_CENTRE_SIL_02,HALL_03,19,Q26,B,1.0
WBSSC_SLST_0118,WB_CENTRE_SIL_02,HALL_03,19,Q27,B,1.0
WBSSC_SLST_0118,WB_CENTRE_SIL_02,HALL_03,19,Q28,B,1.0
WBSSC_SLST_0118,WB_CENTRE_SIL_02,HALL_03,19,Q29,D,0.0
WBSSC_SLST_0118,WB_CENTRE_SIL_02,HALL_03,19,Q30,A,0.0
WBSSC_SLST_0118,WB_CENTRE_SIL_02,HALL_03,19,Q31,A,0.0
WBSSC_SLST_0118,WB_CENTRE_SIL_02,HALL_03,19,Q32,C,0.0
WBSSC_SLST_0118,WB_CENTRE_SIL_02,HALL_03,19,Q33,D,0.0
WBSSC_SLST_0118,WB_CENTRE_SIL_02,HALL_03,19,Q34,A,0.0
WBSSC_SLST_0118,WB_CENTRE_SIL_02,HALL_03,19,Q35,D,0.0
WBSSC_SLST_0118,WB_CENTRE_SIL_02,HALL_03,19,Q36,C,0.0
WBSSC_SLST_0118,WB_CENTRE_SIL_02,HALL_03,19,Q37,A,0.0
WBSSC_SLST_0118,WB_CENTRE_SIL_02,HALL_03,19,Q38,C,0.0
WBSSC_SLST_0118,WB_CENTRE_SIL_02,HALL_03,19,Q39,A,0.0
WBSSC_SLST_0118,WB_CENTRE_SIL_02,HALL_03,19,Q40,A,0.0
WBSSC_SLST_0118,WB_CENTRE_SIL_02,HALL_03,19,Q41,D,0.0
WBSSC_SLST_0118,WB_CENTRE_SIL_02,HALL_03,19,Q42,C,0.0
WBSSC_SLST_0118,WB_CENTRE_SIL_02,HALL_03,19,Q43,D,0.0
WBSSC_SLST_0118,WB_CENTRE_SIL_02,HALL_03,19,Q44,D,0.0
WBSSC_SLST_0118,WB_CENTRE_SIL_02,HALL_03,19,Q45,A,0.0
WBSSC_SLST_0118,WB_CENTRE_SIL_02,HALL_03,19,Q46,D,0.0
WBSSC_SLST_0118,WB_CENTRE_SIL_02,HALL_03,19,Q47,D,0.0
WBSSC_SLST_0118,WB_CENTRE_SIL_02,HALL_03,19,Q48,C,0.0
WBSSC_SLST_0118,WB_CENTRE_SIL_02,HALL_03,19,Q49,A,0.0
WBSSC_SLST_0118,WB_CENTRE_SIL_02,HALL_03,19,Q50,C,0.0
WBSSC_SLST_0118,WB_CENTRE_SIL_02,HALL_03,19,Q51,D,0.0
WBSSC_SLST_0118,WB_CENTRE_SIL_02,HALL_03,19,Q52,C,0.0
WBSSC_SLST_0118,WB_CENTRE_SIL_02,HALL_03,19,Q53,A,0.0
WBSSC_SLST_0118,WB_CENTRE_SIL_02,HALL_03,19,Q54,D,0.0
WBSSC_SLST_0118,WB_CENTRE_SIL_02,HALL_03,19,Q55,C,0.0
WBSSC_SLST_0118,WB_CENTRE_SIL_02,HALL_03,19,Q56,A,0.0
WBSSC_SLST_0118,WB_CENTRE_SIL_02,HALL_03,19,Q57,C,0.0
WBSSC_SLST_0118,WB_CENTRE_SIL_02,HALL_03,19,Q58,D,0.0
WBSSC_SLST_0118,WB_CENTRE_SIL_02,HALL_03,19,Q59,A,0.0
WBSSC_SLST_0118,WB_CENTRE_SIL_02,HALL_03,19,Q60,D,0.0
WBSSC_SLST_0119,WB_CENTRE_SIL_02,HALL_04,20,Q01,B,1.0
WBSSC_SLST_0119,WB_CENTRE_SIL_02,HALL_04,20,Q02,B,1.0
WBSSC_SLST_0119,WB_CENTRE_SIL_02,HALL_04,20,Q03,B,1.0
WBSSC_SLST_0119,WB_CENTRE_SIL_02,HALL_04,20,Q04,B,1.0
WBSSC_SLST_0119,WB_CENTRE_SIL_02,HALL_04,20,Q05,B,1.0
WBSSC_SLST_0119,WB_CENTRE_SIL_02,HALL_04,20,Q06,B,1.0
WBSSC_SLST_0119,WB_CENTRE_SIL_02,HALL_04,20,Q07,B,1.0
WBSSC_SLST_0119,WB_CENTRE_SIL_02,HALL_04,20,Q08,B,1.0
WBSSC_SLST_0119,WB_CENTRE_SIL_02,HALL_04,20,Q09,B,1.0
WBSSC_SLST_0119,WB_CENTRE_SIL_02,HALL_04,20,Q10,B,1.0
WBSSC_SLST_0119,WB_CENTRE_SIL_02,HALL_04,20,Q11,B,1.0
WBSSC_SLST_0119,WB_CENTRE_SIL_02,HALL_04,20,Q12,B,1.0
WBSSC_SLST_0119,WB_CENTRE_SIL_02,HALL_04,20,Q13,B,1.0
WBSSC_SLST_0119,WB_CENTRE_SIL_02,HALL_04,20,Q14,B,1.0
WBSSC_SLST_0119,WB_CENTRE_SIL_02,HALL_04,20,Q15,B,1.0
WBSSC_SLST_0119,WB_CENTRE_SIL_02,HALL_04,20,Q16,B,1.0
WBSSC_SLST_0119,WB_CENTRE_SIL_02,HALL_04,20,Q17,B,1.0
WBSSC_SLST_0119,WB_CENTRE_SIL_02,HALL_04,20,Q18,B,1.0
WBSSC_SLST_0119,WB_CENTRE_SIL_02,HALL_04,20,Q19,B,1.0
WBSSC_SLST_0119,WB_CENTRE_SIL_02,HALL_04,20,Q20,B,1.0
WBSSC_SLST_0119,WB_CENTRE_SIL_02,HALL_04,20,Q21,B,1.0
WBSSC_SLST_0119,WB_CENTRE_SIL_02,HALL_04,20,Q22,B,1.0
WBSSC_SLST_0119,WB_CENTRE_SIL_02,HALL_04,20,Q23,B,1.0
WBSSC_SLST_0119,WB_CENTRE_SIL_02,HALL_04,20,Q24,B,1.0
WBSSC_SLST_0119,WB_CENTRE_SIL_02,HALL_04,20,Q25,B,1.0
WBSSC_SLST_0119,WB_CENTRE_SIL_02,HALL_04,20,Q26,B,1.0
WBSSC_SLST_0119,WB_CENTRE_SIL_02,HALL_04,20,Q27,B,1.0
WBSSC_SLST_0119,WB_CENTRE_SIL_02,HALL_04,20,Q28,B,1.0
WBSSC_SLST_0119,WB_CENTRE_SIL_02,HALL_04,20,Q29,B,1.0
WBSSC_SLST_0119,WB_CENTRE_SIL_02,HALL_04,20,Q30,B,1.0
WBSSC_SLST_0119,WB_CENTRE_SIL_02,HALL_04,20,Q31,B,1.0
WBSSC_SLST_0119,WB_CENTRE_SIL_02,HALL_04,20,Q32,B,1.0
WBSSC_SLST_0119,WB_CENTRE_SIL_02,HALL_04,20,Q33,B,1.0
WBSSC_SLST_0119,WB_CENTRE_SIL_02,HALL_04,20,Q34,C,0.0
WBSSC_SLST_0119,WB_CENTRE_SIL_02,HALL_04,20,Q35,D,0.0
WBSSC_SLST_0119,WB_CENTRE_SIL_02,HALL_04,20,Q36,D,0.0
WBSSC_SLST_0119,WB_CENTRE_SIL_02,HALL_04,20,Q37,C,0.0
WBSSC_SLST_0119,WB_CENTRE_SIL_02,HALL_04,20,Q38,D,0.0
WBSSC_SLST_0119,WB_CENTRE_SIL_02,HALL_04,20,Q39,A,0.0
WBSSC_SLST_0119,WB_CENTRE_SIL_02,HALL_04,20,Q40,C,0.0
WBSSC_SLST_0119,WB_CENTRE_SIL_02,HALL_04,20,Q41,D,0.0
WBSSC_SLST_0119,WB_CENTRE_SIL_02,HALL_04,20,Q42,C,0.0
WBSSC_SLST_0119,WB_CENTRE_SIL_02,HALL_04,20,Q43,C,0.0
WBSSC_SLST_0119,WB_CENTRE_SIL_02,HALL_04,20,Q44,A,0.0
WBSSC_SLST_0119,WB_CENTRE_SIL_02,HALL_04,20,Q45,C,0.0
WBSSC_SLST_0119,WB_CENTRE_SIL_02,HALL_04,20,Q46,D,0.0
WBSSC_SLST_0119,WB_CENTRE_SIL_02,HALL_04,20,Q47,D,0.0
WBSSC_SLST_0119,WB_CENTRE_SIL_02,HALL_04,20,Q48,A,0.0
WBSSC_SLST_0119,WB_CENTRE_SIL_02,HALL_04,20,Q49,D,0.0
WBSSC_SLST_0119,WB_CENTRE_SIL_02,HALL_04,20,Q50,D,0.0
WBSSC_SLST_0119,WB_CENTRE_SIL_02,HALL_04,20,Q51,D,0.0
WBSSC_SLST_0119,WB_CENTRE_SIL_02,HALL_04,20,Q52,A,0.0
WBSSC_SLST_0119,WB_CENTRE_SIL_02,HALL_04,20,Q53,D,0.0
WBSSC_SLST_0119,WB_CENTRE_SIL_02,HALL_04,20,Q54,C,0.0
WBSSC_SLST_0119,WB_CENTRE_SIL_02,HALL_04,20,Q55,A,0.0
WBSSC_SLST_0119,WB_CENTRE_SIL_02,HALL_04,20,Q56,C,0.0
WBSSC_SLST_0119,WB_CENTRE_SIL_02,HALL_04,20,Q57,D,0.0
WBSSC_SLST_0119,WB_CENTRE_SIL_02,HALL_04,20,Q58,A,0.0
WBSSC_SLST_0119,WB_CENTRE_SIL_02,HALL_04,20,Q59,D,0.0
WBSSC_SLST_0119,WB_CENTRE_SIL_02,HALL_04,20,Q60,A,0.0
WBSSC_SLST_0120,WB_CENTRE_SIL_02,HALL_01,21,Q01,B,1.0
WBSSC_SLST_0120,WB_CENTRE_SIL_02,HALL_01,21,Q02,B,1.0
WBSSC_SLST_0120,WB_CENTRE_SIL_02,HALL_01,21,Q03,B,1.0
WBSSC_SLST_0120,WB_CENTRE_SIL_02,HALL_01,21,Q04,B,1.0
WBSSC_SLST_0120,WB_CENTRE_SIL_02,HALL_01,21,Q05,B,1.0
WBSSC_SLST_0120,WB_CENTRE_SIL_02,HALL_01,21,Q06,B,1.0
WBSSC_SLST_0120,WB_CENTRE_SIL_02,HALL_01,21,Q07,B,1.0
WBSSC_SLST_0120,WB_CENTRE_SIL_02,HALL_01,21,Q08,B,1.0
WBSSC_SLST_0120,WB_CENTRE_SIL_02,HALL_01,21,Q09,B,1.0
WBSSC_SLST_0120,WB_CENTRE_SIL_02,HALL_01,21,Q10,B,1.0
WBSSC_SLST_0120,WB_CENTRE_SIL_02,HALL_01,21,Q11,B,1.0
WBSSC_SLST_0120,WB_CENTRE_SIL_02,HALL_01,21,Q12,B,1.0
WBSSC_SLST_0120,WB_CENTRE_SIL_02,HALL_01,21,Q13,B,1.0
WBSSC_SLST_0120,WB_CENTRE_SIL_02,HALL_01,21,Q14,B,1.0
WBSSC_SLST_0120,WB_CENTRE_SIL_02,HALL_01,21,Q15,B,1.0
WBSSC_SLST_0120,WB_CENTRE_SIL_02,HALL_01,21,Q16,B,1.0
WBSSC_SLST_0120,WB_CENTRE_SIL_02,HALL_01,21,Q17,B,1.0
WBSSC_SLST_0120,WB_CENTRE_SIL_02,HALL_01,21,Q18,B,1.0
WBSSC_SLST_0120,WB_CENTRE_SIL_02,HALL_01,21,Q19,B,1.0
WBSSC_SLST_0120,WB_CENTRE_SIL_02,HALL_01,21,Q20,B,1.0
WBSSC_SLST_0120,WB_CENTRE_SIL_02,HALL_01,21,Q21,B,1.0
WBSSC_SLST_0120,WB_CENTRE_SIL_02,HALL_01,21,Q22,D,0.0
WBSSC_SLST_0120,WB_CENTRE_SIL_02,HALL_01,21,Q23,A,0.0
WBSSC_SLST_0120,WB_CENTRE_SIL_02,HALL_01,21,Q24,A,0.0
WBSSC_SLST_0120,WB_CENTRE_SIL_02,HALL_01,21,Q25,A,0.0
WBSSC_SLST_0120,WB_CENTRE_SIL_02,HALL_01,21,Q26,C,0.0
WBSSC_SLST_0120,WB_CENTRE_SIL_02,HALL_01,21,Q27,C,0.0
WBSSC_SLST_0120,WB_CENTRE_SIL_02,HALL_01,21,Q28,A,0.0
WBSSC_SLST_0120,WB_CENTRE_SIL_02,HALL_01,21,Q29,C,0.0
WBSSC_SLST_0120,WB_CENTRE_SIL_02,HALL_01,21,Q30,D,0.0
WBSSC_SLST_0120,WB_CENTRE_SIL_02,HALL_01,21,Q31,A,0.0
WBSSC_SLST_0120,WB_CENTRE_SIL_02,HALL_01,21,Q32,A,0.0
WBSSC_SLST_0120,WB_CENTRE_SIL_02,HALL_01,21,Q33,D,0.0
WBSSC_SLST_0120,WB_CENTRE_SIL_02,HALL_01,21,Q34,A,0.0
WBSSC_SLST_0120,WB_CENTRE_SIL_02,HALL_01,21,Q35,A,0.0
WBSSC_SLST_0120,WB_CENTRE_SIL_02,HALL_01,21,Q36,D,0.0
WBSSC_SLST_0120,WB_CENTRE_SIL_02,HALL_01,21,Q37,D,0.0
WBSSC_SLST_0120,WB_CENTRE_SIL_02,HALL_01,21,Q38,C,0.0
WBSSC_SLST_0120,WB_CENTRE_SIL_02,HALL_01,21,Q39,C,0.0
WBSSC_SLST_0120,WB_CENTRE_SIL_02,HALL_01,21,Q40,C,0.0
WBSSC_SLST_0120,WB_CENTRE_SIL_02,HALL_01,21,Q41,C,0.0
WBSSC_SLST_0120,WB_CENTRE_SIL_02,HALL_01,21,Q42,C,0.0
WBSSC_SLST_0120,WB_CENTRE_SIL_02,HALL_01,21,Q43,D,0.0
WBSSC_SLST_0120,WB_CENTRE_SIL_02,HALL_01,21,Q44,D,0.0
WBSSC_SLST_0120,WB_CENTRE_SIL_02,HALL_01,21,Q45,A,0.0
WBSSC_SLST_0120,WB_CENTRE_SIL_02,HALL_01,21,Q46,A,0.0
WBSSC_SLST_0120,WB_CENTRE_SIL_02,HALL_01,21,Q47,D,0.0
WBSSC_SLST_0120,WB_CENTRE_SIL_02,HALL_01,21,Q48,D,0.0
WBSSC_SLST_0120,WB_CENTRE_SIL_02,HALL_01,21,Q49,C,0.0
WBSSC_SLST_0120,WB_CENTRE_SIL_02,HALL_01,21,Q50,C,0.0
WBSSC_SLST_0120,WB_CENTRE_SIL_02,HALL_01,21,Q51,D,0.0
WBSSC_SLST_0120,WB_CENTRE_SIL_02,HALL_01,21,Q52,A,0.0
WBSSC_SLST_0120,WB_CENTRE_SIL_02,HALL_01,21,Q53,A,0.0
WBSSC_SLST_0120,WB_CENTRE_SIL_02,HALL_01,21,Q54,C,0.0
WBSSC_SLST_0120,WB_CENTRE_SIL_02,HALL_01,21,Q55,D,0.0
WBSSC_SLST_0120,WB_CENTRE_SIL_02,HALL_01,21,Q56,C,0.0
WBSSC_SLST_0120,WB_CENTRE_SIL_02,HALL_01,21,Q57,C,0.0
WBSSC_SLST_0120,WB_CENTRE_SIL_02,HALL_01,21,Q58,C,0.0
WBSSC_SLST_0120,WB_CENTRE_SIL_02,HALL_01,21,Q59,C,0.0
WBSSC_SLST_0120,WB_CENTRE_SIL_02,HALL_01,21,Q60,A,0.0
WBSSC_SLST_0121,WB_CENTRE_SIL_02,HALL_02,22,Q01,B,1.0
WBSSC_SLST_0121,WB_CENTRE_SIL_02,HALL_02,22,Q02,B,1.0
WBSSC_SLST_0121,WB_CENTRE_SIL_02,HALL_02,22,Q03,B,1.0
WBSSC_SLST_0121,WB_CENTRE_SIL_02,HALL_02,22,Q04,B,1.0
WBSSC_SLST_0121,WB_CENTRE_SIL_02,HALL_02,22,Q05,B,1.0
WBSSC_SLST_0121,WB_CENTRE_SIL_02,HALL_02,22,Q06,B,1.0
WBSSC_SLST_0121,WB_CENTRE_SIL_02,HALL_02,22,Q07,B,1.0
WBSSC_SLST_0121,WB_CENTRE_SIL_02,HALL_02,22,Q08,B,1.0
WBSSC_SLST_0121,WB_CENTRE_SIL_02,HALL_02,22,Q09,B,1.0
WBSSC_SLST_0121,WB_CENTRE_SIL_02,HALL_02,22,Q10,B,1.0
WBSSC_SLST_0121,WB_CENTRE_SIL_02,HALL_02,22,Q11,B,1.0
WBSSC_SLST_0121,WB_CENTRE_SIL_02,HALL_02,22,Q12,B,1.0
WBSSC_SLST_0121,WB_CENTRE_SIL_02,HALL_02,22,Q13,B,1.0
WBSSC_SLST_0121,WB_CENTRE_SIL_02,HALL_02,22,Q14,B,1.0
WBSSC_SLST_0121,WB_CENTRE_SIL_02,HALL_02,22,Q15,B,1.0
WBSSC_SLST_0121,WB_CENTRE_SIL_02,HALL_02,22,Q16,B,1.0
WBSSC_SLST_0121,WB_CENTRE_SIL_02,HALL_02,22,Q17,B,1.0
WBSSC_SLST_0121,WB_CENTRE_SIL_02,HALL_02,22,Q18,B,1.0
WBSSC_SLST_0121,WB_CENTRE_SIL_02,HALL_02,22,Q19,B,1.0
WBSSC_SLST_0121,WB_CENTRE_SIL_02,HALL_02,22,Q20,B,1.0
WBSSC_SLST_0121,WB_CENTRE_SIL_02,HALL_02,22,Q21,B,1.0
WBSSC_SLST_0121,WB_CENTRE_SIL_02,HALL_02,22,Q22,B,1.0
WBSSC_SLST_0121,WB_CENTRE_SIL_02,HALL_02,22,Q23,B,1.0
WBSSC_SLST_0121,WB_CENTRE_SIL_02,HALL_02,22,Q24,B,1.0
WBSSC_SLST_0121,WB_CENTRE_SIL_02,HALL_02,22,Q25,B,1.0
WBSSC_SLST_0121,WB_CENTRE_SIL_02,HALL_02,22,Q26,B,1.0
WBSSC_SLST_0121,WB_CENTRE_SIL_02,HALL_02,22,Q27,A,0.0
WBSSC_SLST_0121,WB_CENTRE_SIL_02,HALL_02,22,Q28,C,0.0
WBSSC_SLST_0121,WB_CENTRE_SIL_02,HALL_02,22,Q29,D,0.0
WBSSC_SLST_0121,WB_CENTRE_SIL_02,HALL_02,22,Q30,A,0.0
WBSSC_SLST_0121,WB_CENTRE_SIL_02,HALL_02,22,Q31,D,0.0
WBSSC_SLST_0121,WB_CENTRE_SIL_02,HALL_02,22,Q32,A,0.0
WBSSC_SLST_0121,WB_CENTRE_SIL_02,HALL_02,22,Q33,C,0.0
WBSSC_SLST_0121,WB_CENTRE_SIL_02,HALL_02,22,Q34,A,0.0
WBSSC_SLST_0121,WB_CENTRE_SIL_02,HALL_02,22,Q35,D,0.0
WBSSC_SLST_0121,WB_CENTRE_SIL_02,HALL_02,22,Q36,C,0.0
WBSSC_SLST_0121,WB_CENTRE_SIL_02,HALL_02,22,Q37,D,0.0
WBSSC_SLST_0121,WB_CENTRE_SIL_02,HALL_02,22,Q38,D,0.0
WBSSC_SLST_0121,WB_CENTRE_SIL_02,HALL_02,22,Q39,C,0.0
WBSSC_SLST_0121,WB_CENTRE_SIL_02,HALL_02,22,Q40,C,0.0
WBSSC_SLST_0121,WB_CENTRE_SIL_02,HALL_02,22,Q41,C,0.0
WBSSC_SLST_0121,WB_CENTRE_SIL_02,HALL_02,22,Q42,D,0.0
WBSSC_SLST_0121,WB_CENTRE_SIL_02,HALL_02,22,Q43,C,0.0
WBSSC_SLST_0121,WB_CENTRE_SIL_02,HALL_02,22,Q44,C,0.0
WBSSC_SLST_0121,WB_CENTRE_SIL_02,HALL_02,22,Q45,C,0.0
WBSSC_SLST_0121,WB_CENTRE_SIL_02,HALL_02,22,Q46,D,0.0
WBSSC_SLST_0121,WB_CENTRE_SIL_02,HALL_02,22,Q47,D,0.0
WBSSC_SLST_0121,WB_CENTRE_SIL_02,HALL_02,22,Q48,C,0.0
WBSSC_SLST_0121,WB_CENTRE_SIL_02,HALL_02,22,Q49,A,0.0
WBSSC_SLST_0121,WB_CENTRE_SIL_02,HALL_02,22,Q50,C,0.0
WBSSC_SLST_0121,WB_CENTRE_SIL_02,HALL_02,22,Q51,D,0.0
WBSSC_SLST_0121,WB_CENTRE_SIL_02,HALL_02,22,Q52,C,0.0
WBSSC_SLST_0121,WB_CENTRE_SIL_02,HALL_02,22,Q53,D,0.0
WBSSC_SLST_0121,WB_CENTRE_SIL_02,HALL_02,22,Q54,A,0.0
WBSSC_SLST_0121,WB_CENTRE_SIL_02,HALL_02,22,Q55,D,0.0
WBSSC_SLST_0121,WB_CENTRE_SIL_02,HALL_02,22,Q56,D,0.0
WBSSC_SLST_0121,WB_CENTRE_SIL_02,HALL_02,22,Q57,A,0.0
WBSSC_SLST_0121,WB_CENTRE_SIL_02,HALL_02,22,Q58,A,0.0
WBSSC_SLST_0121,WB_CENTRE_SIL_02,HALL_02,22,Q59,D,0.0
WBSSC_SLST_0121,WB_CENTRE_SIL_02,HALL_02,22,Q60,A,0.0
WBSSC_SLST_0122,WB_CENTRE_SIL_02,HALL_03,23,Q01,B,1.0
WBSSC_SLST_0122,WB_CENTRE_SIL_02,HALL_03,23,Q02,B,1.0
WBSSC_SLST_0122,WB_CENTRE_SIL_02,HALL_03,23,Q03,B,1.0
WBSSC_SLST_0122,WB_CENTRE_SIL_02,HALL_03,23,Q04,B,1.0
WBSSC_SLST_0122,WB_CENTRE_SIL_02,HALL_03,23,Q05,B,1.0
WBSSC_SLST_0122,WB_CENTRE_SIL_02,HALL_03,23,Q06,B,1.0
WBSSC_SLST_0122,WB_CENTRE_SIL_02,HALL_03,23,Q07,B,1.0
WBSSC_SLST_0122,WB_CENTRE_SIL_02,HALL_03,23,Q08,B,1.0
WBSSC_SLST_0122,WB_CENTRE_SIL_02,HALL_03,23,Q09,B,1.0
WBSSC_SLST_0122,WB_CENTRE_SIL_02,HALL_03,23,Q10,B,1.0
WBSSC_SLST_0122,WB_CENTRE_SIL_02,HALL_03,23,Q11,B,1.0
WBSSC_SLST_0122,WB_CENTRE_SIL_02,HALL_03,23,Q12,B,1.0
WBSSC_SLST_0122,WB_CENTRE_SIL_02,HALL_03,23,Q13,B,1.0
WBSSC_SLST_0122,WB_CENTRE_SIL_02,HALL_03,23,Q14,B,1.0
WBSSC_SLST_0122,WB_CENTRE_SIL_02,HALL_03,23,Q15,B,1.0
WBSSC_SLST_0122,WB_CENTRE_SIL_02,HALL_03,23,Q16,B,1.0
WBSSC_SLST_0122,WB_CENTRE_SIL_02,HALL_03,23,Q17,B,1.0
WBSSC_SLST_0122,WB_CENTRE_SIL_02,HALL_03,23,Q18,B,1.0
WBSSC_SLST_0122,WB_CENTRE_SIL_02,HALL_03,23,Q19,B,1.0
WBSSC_SLST_0122,WB_CENTRE_SIL_02,HALL_03,23,Q20,B,1.0
WBSSC_SLST_0122,WB_CENTRE_SIL_02,HALL_03,23,Q21,B,1.0
WBSSC_SLST_0122,WB_CENTRE_SIL_02,HALL_03,23,Q22,B,1.0
WBSSC_SLST_0122,WB_CENTRE_SIL_02,HALL_03,23,Q23,B,1.0
WBSSC_SLST_0122,WB_CENTRE_SIL_02,HALL_03,23,Q24,B,1.0
WBSSC_SLST_0122,WB_CENTRE_SIL_02,HALL_03,23,Q25,B,1.0
WBSSC_SLST_0122,WB_CENTRE_SIL_02,HALL_03,23,Q26,B,1.0
WBSSC_SLST_0122,WB_CENTRE_SIL_02,HALL_03,23,Q27,B,1.0
WBSSC_SLST_0122,WB_CENTRE_SIL_02,HALL_03,23,Q28,B,1.0
WBSSC_SLST_0122,WB_CENTRE_SIL_02,HALL_03,23,Q29,B,1.0
WBSSC_SLST_0122,WB_CENTRE_SIL_02,HALL_03,23,Q30,B,1.0
WBSSC_SLST_0122,WB_CENTRE_SIL_02,HALL_03,23,Q31,B,1.0
WBSSC_SLST_0122,WB_CENTRE_SIL_02,HALL_03,23,Q32,C,0.0
WBSSC_SLST_0122,WB_CENTRE_SIL_02,HALL_03,23,Q33,D,0.0
WBSSC_SLST_0122,WB_CENTRE_SIL_02,HALL_03,23,Q34,C,0.0
WBSSC_SLST_0122,WB_CENTRE_SIL_02,HALL_03,23,Q35,C,0.0
WBSSC_SLST_0122,WB_CENTRE_SIL_02,HALL_03,23,Q36,C,0.0
WBSSC_SLST_0122,WB_CENTRE_SIL_02,HALL_03,23,Q37,C,0.0
WBSSC_SLST_0122,WB_CENTRE_SIL_02,HALL_03,23,Q38,A,0.0
WBSSC_SLST_0122,WB_CENTRE_SIL_02,HALL_03,23,Q39,A,0.0
WBSSC_SLST_0122,WB_CENTRE_SIL_02,HALL_03,23,Q40,C,0.0
WBSSC_SLST_0122,WB_CENTRE_SIL_02,HALL_03,23,Q41,D,0.0
WBSSC_SLST_0122,WB_CENTRE_SIL_02,HALL_03,23,Q42,D,0.0
WBSSC_SLST_0122,WB_CENTRE_SIL_02,HALL_03,23,Q43,C,0.0
WBSSC_SLST_0122,WB_CENTRE_SIL_02,HALL_03,23,Q44,D,0.0
WBSSC_SLST_0122,WB_CENTRE_SIL_02,HALL_03,23,Q45,D,0.0
WBSSC_SLST_0122,WB_CENTRE_SIL_02,HALL_03,23,Q46,D,0.0
WBSSC_SLST_0122,WB_CENTRE_SIL_02,HALL_03,23,Q47,D,0.0
WBSSC_SLST_0122,WB_CENTRE_SIL_02,HALL_03,23,Q48,C,0.0
WBSSC_SLST_0122,WB_CENTRE_SIL_02,HALL_03,23,Q49,A,0.0
WBSSC_SLST_0122,WB_CENTRE_SIL_02,HALL_03,23,Q50,C,0.0
WBSSC_SLST_0122,WB_CENTRE_SIL_02,HALL_03,23,Q51,A,0.0
WBSSC_SLST_0122,WB_CENTRE_SIL_02,HALL_03,23,Q52,C,0.0
WBSSC_SLST_0122,WB_CENTRE_SIL_02,HALL_03,23,Q53,A,0.0
WBSSC_SLST_0122,WB_CENTRE_SIL_02,HALL_03,23,Q54,D,0.0
WBSSC_SLST_0122,WB_CENTRE_SIL_02,HALL_03,23,Q55,A,0.0
WBSSC_SLST_0122,WB_CENTRE_SIL_02,HALL_03,23,Q56,A,0.0
WBSSC_SLST_0122,WB_CENTRE_SIL_02,HALL_03,23,Q57,D,0.0
WBSSC_SLST_0122,WB_CENTRE_SIL_02,HALL_03,23,Q58,A,0.0
WBSSC_SLST_0122,WB_CENTRE_SIL_02,HALL_03,23,Q59,A,0.0
WBSSC_SLST_0122,WB_CENTRE_SIL_02,HALL_03,23,Q60,D,0.0
WBSSC_SLST_0123,WB_CENTRE_SIL_02,HALL_04,24,Q01,B,1.0
WBSSC_SLST_0123,WB_CENTRE_SIL_02,HALL_04,24,Q02,B,1.0
WBSSC_SLST_0123,WB_CENTRE_SIL_02,HALL_04,24,Q03,B,1.0
WBSSC_SLST_0123,WB_CENTRE_SIL_02,HALL_04,24,Q04,B,1.0
WBSSC_SLST_0123,WB_CENTRE_SIL_02,HALL_04,24,Q05,B,1.0
WBSSC_SLST_0123,WB_CENTRE_SIL_02,HALL_04,24,Q06,B,1.0
WBSSC_SLST_0123,WB_CENTRE_SIL_02,HALL_04,24,Q07,B,1.0
WBSSC_SLST_0123,WB_CENTRE_SIL_02,HALL_04,24,Q08,B,1.0
WBSSC_SLST_0123,WB_CENTRE_SIL_02,HALL_04,24,Q09,B,1.0
WBSSC_SLST_0123,WB_CENTRE_SIL_02,HALL_04,24,Q10,B,1.0
WBSSC_SLST_0123,WB_CENTRE_SIL_02,HALL_04,24,Q11,B,1.0
WBSSC_SLST_0123,WB_CENTRE_SIL_02,HALL_04,24,Q12,B,1.0
WBSSC_SLST_0123,WB_CENTRE_SIL_02,HALL_04,24,Q13,B,1.0
WBSSC_SLST_0123,WB_CENTRE_SIL_02,HALL_04,24,Q14,B,1.0
WBSSC_SLST_0123,WB_CENTRE_SIL_02,HALL_04,24,Q15,B,1.0
WBSSC_SLST_0123,WB_CENTRE_SIL_02,HALL_04,24,Q16,B,1.0
WBSSC_SLST_0123,WB_CENTRE_SIL_02,HALL_04,24,Q17,B,1.0
WBSSC_SLST_0123,WB_CENTRE_SIL_02,HALL_04,24,Q18,B,1.0
WBSSC_SLST_0123,WB_CENTRE_SIL_02,HALL_04,24,Q19,B,1.0
WBSSC_SLST_0123,WB_CENTRE_SIL_02,HALL_04,24,Q20,B,1.0
WBSSC_SLST_0123,WB_CENTRE_SIL_02,HALL_04,24,Q21,B,1.0
WBSSC_SLST_0123,WB_CENTRE_SIL_02,HALL_04,24,Q22,B,1.0
WBSSC_SLST_0123,WB_CENTRE_SIL_02,HALL_04,24,Q23,B,1.0
WBSSC_SLST_0123,WB_CENTRE_SIL_02,HALL_04,24,Q24,B,1.0
WBSSC_SLST_0123,WB_CENTRE_SIL_02,HALL_04,24,Q25,B,1.0
WBSSC_SLST_0123,WB_CENTRE_SIL_02,HALL_04,24,Q26,B,1.0
WBSSC_SLST_0123,WB_CENTRE_SIL_02,HALL_04,24,Q27,B,1.0
WBSSC_SLST_0123,WB_CENTRE_SIL_02,HALL_04,24,Q28,B,1.0
WBSSC_SLST_0123,WB_CENTRE_SIL_02,HALL_04,24,Q29,B,1.0
WBSSC_SLST_0123,WB_CENTRE_SIL_02,HALL_04,24,Q30,B,1.0
WBSSC_SLST_0123,WB_CENTRE_SIL_02,HALL_04,24,Q31,B,1.0
WBSSC_SLST_0123,WB_CENTRE_SIL_02,HALL_04,24,Q32,B,1.0
WBSSC_SLST_0123,WB_CENTRE_SIL_02,HALL_04,24,Q33,B,1.0
WBSSC_SLST_0123,WB_CENTRE_SIL_02,HALL_04,24,Q34,B,1.0
WBSSC_SLST_0123,WB_CENTRE_SIL_02,HALL_04,24,Q35,B,1.0
WBSSC_SLST_0123,WB_CENTRE_SIL_02,HALL_04,24,Q36,B,1.0
WBSSC_SLST_0123,WB_CENTRE_SIL_02,HALL_04,24,Q37,B,1.0
WBSSC_SLST_0123,WB_CENTRE_SIL_02,HALL_04,24,Q38,B,1.0
WBSSC_SLST_0123,WB_CENTRE_SIL_02,HALL_04,24,Q39,B,1.0
WBSSC_SLST_0123,WB_CENTRE_SIL_02,HALL_04,24,Q40,B,1.0
WBSSC_SLST_0123,WB_CENTRE_SIL_02,HALL_04,24,Q41,B,1.0
WBSSC_SLST_0123,WB_CENTRE_SIL_02,HALL_04,24,Q42,B,1.0
WBSSC_SLST_0123,WB_CENTRE_SIL_02,HALL_04,24,Q43,B,1.0
WBSSC_SLST_0123,WB_CENTRE_SIL_02,HALL_04,24,Q44,C,0.0
WBSSC_SLST_0123,WB_CENTRE_SIL_02,HALL_04,24,Q45,A,0.0
WBSSC_SLST_0123,WB_CENTRE_SIL_02,HALL_04,24,Q46,A,0.0
WBSSC_SLST_0123,WB_CENTRE_SIL_02,HALL_04,24,Q47,C,0.0
WBSSC_SLST_0123,WB_CENTRE_SIL_02,HALL_04,24,Q48,A,0.0
WBSSC_SLST_0123,WB_CENTRE_SIL_02,HALL_04,24,Q49,C,0.0
WBSSC_SLST_0123,WB_CENTRE_SIL_02,HALL_04,24,Q50,A,0.0
WBSSC_SLST_0123,WB_CENTRE_SIL_02,HALL_04,24,Q51,C,0.0
WBSSC_SLST_0123,WB_CENTRE_SIL_02,HALL_04,24,Q52,A,0.0
WBSSC_SLST_0123,WB_CENTRE_SIL_02,HALL_04,24,Q53,D,0.0
WBSSC_SLST_0123,WB_CENTRE_SIL_02,HALL_04,24,Q54,D,0.0
WBSSC_SLST_0123,WB_CENTRE_SIL_02,HALL_04,24,Q55,C,0.0
WBSSC_SLST_0123,WB_CENTRE_SIL_02,HALL_04,24,Q56,A,0.0
WBSSC_SLST_0123,WB_CENTRE_SIL_02,HALL_04,24,Q57,D,0.0
WBSSC_SLST_0123,WB_CENTRE_SIL_02,HALL_04,24,Q58,C,0.0
WBSSC_SLST_0123,WB_CENTRE_SIL_02,HALL_04,24,Q59,C,0.0
WBSSC_SLST_0123,WB_CENTRE_SIL_02,HALL_04,24,Q60,A,0.0
WBSSC_SLST_0124,WB_CENTRE_SIL_02,HALL_01,25,Q01,B,1.0
WBSSC_SLST_0124,WB_CENTRE_SIL_02,HALL_01,25,Q02,B,1.0
WBSSC_SLST_0124,WB_CENTRE_SIL_02,HALL_01,25,Q03,B,1.0
WBSSC_SLST_0124,WB_CENTRE_SIL_02,HALL_01,25,Q04,B,1.0
WBSSC_SLST_0124,WB_CENTRE_SIL_02,HALL_01,25,Q05,B,1.0
WBSSC_SLST_0124,WB_CENTRE_SIL_02,HALL_01,25,Q06,B,1.0
WBSSC_SLST_0124,WB_CENTRE_SIL_02,HALL_01,25,Q07,B,1.0
WBSSC_SLST_0124,WB_CENTRE_SIL_02,HALL_01,25,Q08,B,1.0
WBSSC_SLST_0124,WB_CENTRE_SIL_02,HALL_01,25,Q09,B,1.0
WBSSC_SLST_0124,WB_CENTRE_SIL_02,HALL_01,25,Q10,B,1.0
WBSSC_SLST_0124,WB_CENTRE_SIL_02,HALL_01,25,Q11,B,1.0
WBSSC_SLST_0124,WB_CENTRE_SIL_02,HALL_01,25,Q12,B,1.0
WBSSC_SLST_0124,WB_CENTRE_SIL_02,HALL_01,25,Q13,B,1.0
WBSSC_SLST_0124,WB_CENTRE_SIL_02,HALL_01,25,Q14,B,1.0
WBSSC_SLST_0124,WB_CENTRE_SIL_02,HALL_01,25,Q15,B,1.0
WBSSC_SLST_0124,WB_CENTRE_SIL_02,HALL_01,25,Q16,B,1.0
WBSSC_SLST_0124,WB_CENTRE_SIL_02,HALL_01,25,Q17,B,1.0
WBSSC_SLST_0124,WB_CENTRE_SIL_02,HALL_01,25,Q18,B,1.0
WBSSC_SLST_0124,WB_CENTRE_SIL_02,HALL_01,25,Q19,B,1.0
WBSSC_SLST_0124,WB_CENTRE_SIL_02,HALL_01,25,Q20,B,1.0
WBSSC_SLST_0124,WB_CENTRE_SIL_02,HALL_01,25,Q21,B,1.0
WBSSC_SLST_0124,WB_CENTRE_SIL_02,HALL_01,25,Q22,B,1.0
WBSSC_SLST_0124,WB_CENTRE_SIL_02,HALL_01,25,Q23,B,1.0
WBSSC_SLST_0124,WB_CENTRE_SIL_02,HALL_01,25,Q24,B,1.0
WBSSC_SLST_0124,WB_CENTRE_SIL_02,HALL_01,25,Q25,C,0.0
WBSSC_SLST_0124,WB_CENTRE_SIL_02,HALL_01,25,Q26,C,0.0
WBSSC_SLST_0124,WB_CENTRE_SIL_02,HALL_01,25,Q27,C,0.0
WBSSC_SLST_0124,WB_CENTRE_SIL_02,HALL_01,25,Q28,D,0.0
WBSSC_SLST_0124,WB_CENTRE_SIL_02,HALL_01,25,Q29,A,0.0
WBSSC_SLST_0124,WB_CENTRE_SIL_02,HALL_01,25,Q30,C,0.0
WBSSC_SLST_0124,WB_CENTRE_SIL_02,HALL_01,25,Q31,C,0.0
WBSSC_SLST_0124,WB_CENTRE_SIL_02,HALL_01,25,Q32,A,0.0
WBSSC_SLST_0124,WB_CENTRE_SIL_02,HALL_01,25,Q33,A,0.0
WBSSC_SLST_0124,WB_CENTRE_SIL_02,HALL_01,25,Q34,A,0.0
WBSSC_SLST_0124,WB_CENTRE_SIL_02,HALL_01,25,Q35,D,0.0
WBSSC_SLST_0124,WB_CENTRE_SIL_02,HALL_01,25,Q36,D,0.0
WBSSC_SLST_0124,WB_CENTRE_SIL_02,HALL_01,25,Q37,A,0.0
WBSSC_SLST_0124,WB_CENTRE_SIL_02,HALL_01,25,Q38,D,0.0
WBSSC_SLST_0124,WB_CENTRE_SIL_02,HALL_01,25,Q39,A,0.0
WBSSC_SLST_0124,WB_CENTRE_SIL_02,HALL_01,25,Q40,A,0.0
WBSSC_SLST_0124,WB_CENTRE_SIL_02,HALL_01,25,Q41,D,0.0
WBSSC_SLST_0124,WB_CENTRE_SIL_02,HALL_01,25,Q42,C,0.0
WBSSC_SLST_0124,WB_CENTRE_SIL_02,HALL_01,25,Q43,C,0.0
WBSSC_SLST_0124,WB_CENTRE_SIL_02,HALL_01,25,Q44,C,0.0
WBSSC_SLST_0124,WB_CENTRE_SIL_02,HALL_01,25,Q45,A,0.0
WBSSC_SLST_0124,WB_CENTRE_SIL_02,HALL_01,25,Q46,D,0.0
WBSSC_SLST_0124,WB_CENTRE_SIL_02,HALL_01,25,Q47,D,0.0
WBSSC_SLST_0124,WB_CENTRE_SIL_02,HALL_01,25,Q48,A,0.0
WBSSC_SLST_0124,WB_CENTRE_SIL_02,HALL_01,25,Q49,A,0.0
WBSSC_SLST_0124,WB_CENTRE_SIL_02,HALL_01,25,Q50,A,0.0
WBSSC_SLST_0124,WB_CENTRE_SIL_02,HALL_01,25,Q51,C,0.0
WBSSC_SLST_0124,WB_CENTRE_SIL_02,HALL_01,25,Q52,D,0.0
WBSSC_SLST_0124,WB_CENTRE_SIL_02,HALL_01,25,Q53,A,0.0
WBSSC_SLST_0124,WB_CENTRE_SIL_02,HALL_01,25,Q54,A,0.0
WBSSC_SLST_0124,WB_CENTRE_SIL_02,HALL_01,25,Q55,C,0.0
WBSSC_SLST_0124,WB_CENTRE_SIL_02,HALL_01,25,Q56,A,0.0
WBSSC_SLST_0124,WB_CENTRE_SIL_02,HALL_01,25,Q57,D,0.0
WBSSC_SLST_0124,WB_CENTRE_SIL_02,HALL_01,25,Q58,A,0.0
WBSSC_SLST_0124,WB_CENTRE_SIL_02,HALL_01,25,Q59,C,0.0
WBSSC_SLST_0124,WB_CENTRE_SIL_02,HALL_01,25,Q60,C,0.0
WBSSC_SLST_0125,WB_CENTRE_SIL_02,HALL_02,1,Q01,B,1.0
WBSSC_SLST_0125,WB_CENTRE_SIL_02,HALL_02,1,Q02,B,1.0
WBSSC_SLST_0125,WB_CENTRE_SIL_02,HALL_02,1,Q03,B,1.0
WBSSC_SLST_0125,WB_CENTRE_SIL_02,HALL_02,1,Q04,B,1.0
WBSSC_SLST_0125,WB_CENTRE_SIL_02,HALL_02,1,Q05,B,1.0
WBSSC_SLST_0125,WB_CENTRE_SIL_02,HALL_02,1,Q06,B,1.0
WBSSC_SLST_0125,WB_CENTRE_SIL_02,HALL_02,1,Q07,B,1.0
WBSSC_SLST_0125,WB_CENTRE_SIL_02,HALL_02,1,Q08,B,1.0
WBSSC_SLST_0125,WB_CENTRE_SIL_02,HALL_02,1,Q09,B,1.0
WBSSC_SLST_0125,WB_CENTRE_SIL_02,HALL_02,1,Q10,B,1.0
WBSSC_SLST_0125,WB_CENTRE_SIL_02,HALL_02,1,Q11,B,1.0
WBSSC_SLST_0125,WB_CENTRE_SIL_02,HALL_02,1,Q12,B,1.0
WBSSC_SLST_0125,WB_CENTRE_SIL_02,HALL_02,1,Q13,B,1.0
WBSSC_SLST_0125,WB_CENTRE_SIL_02,HALL_02,1,Q14,B,1.0
WBSSC_SLST_0125,WB_CENTRE_SIL_02,HALL_02,1,Q15,B,1.0
WBSSC_SLST_0125,WB_CENTRE_SIL_02,HALL_02,1,Q16,B,1.0
WBSSC_SLST_0125,WB_CENTRE_SIL_02,HALL_02,1,Q17,B,1.0
WBSSC_SLST_0125,WB_CENTRE_SIL_02,HALL_02,1,Q18,B,1.0
WBSSC_SLST_0125,WB_CENTRE_SIL_02,HALL_02,1,Q19,B,1.0
WBSSC_SLST_0125,WB_CENTRE_SIL_02,HALL_02,1,Q20,B,1.0
WBSSC_SLST_0125,WB_CENTRE_SIL_02,HALL_02,1,Q21,B,1.0
WBSSC_SLST_0125,WB_CENTRE_SIL_02,HALL_02,1,Q22,B,1.0
WBSSC_SLST_0125,WB_CENTRE_SIL_02,HALL_02,1,Q23,B,1.0
WBSSC_SLST_0125,WB_CENTRE_SIL_02,HALL_02,1,Q24,B,1.0
WBSSC_SLST_0125,WB_CENTRE_SIL_02,HALL_02,1,Q25,B,1.0
WBSSC_SLST_0125,WB_CENTRE_SIL_02,HALL_02,1,Q26,B,1.0
WBSSC_SLST_0125,WB_CENTRE_SIL_02,HALL_02,1,Q27,B,1.0
WBSSC_SLST_0125,WB_CENTRE_SIL_02,HALL_02,1,Q28,B,1.0
WBSSC_SLST_0125,WB_CENTRE_SIL_02,HALL_02,1,Q29,B,1.0
WBSSC_SLST_0125,WB_CENTRE_SIL_02,HALL_02,1,Q30,C,0.0
WBSSC_SLST_0125,WB_CENTRE_SIL_02,HALL_02,1,Q31,D,0.0
WBSSC_SLST_0125,WB_CENTRE_SIL_02,HALL_02,1,Q32,D,0.0
WBSSC_SLST_0125,WB_CENTRE_SIL_02,HALL_02,1,Q33,D,0.0
WBSSC_SLST_0125,WB_CENTRE_SIL_02,HALL_02,1,Q34,A,0.0
WBSSC_SLST_0125,WB_CENTRE_SIL_02,HALL_02,1,Q35,C,0.0
WBSSC_SLST_0125,WB_CENTRE_SIL_02,HALL_02,1,Q36,D,0.0
WBSSC_SLST_0125,WB_CENTRE_SIL_02,HALL_02,1,Q37,A,0.0
WBSSC_SLST_0125,WB_CENTRE_SIL_02,HALL_02,1,Q38,C,0.0
WBSSC_SLST_0125,WB_CENTRE_SIL_02,HALL_02,1,Q39,C,0.0
WBSSC_SLST_0125,WB_CENTRE_SIL_02,HALL_02,1,Q40,C,0.0
WBSSC_SLST_0125,WB_CENTRE_SIL_02,HALL_02,1,Q41,A,0.0
WBSSC_SLST_0125,WB_CENTRE_SIL_02,HALL_02,1,Q42,C,0.0
WBSSC_SLST_0125,WB_CENTRE_SIL_02,HALL_02,1,Q43,D,0.0
WBSSC_SLST_0125,WB_CENTRE_SIL_02,HALL_02,1,Q44,C,0.0
WBSSC_SLST_0125,WB_CENTRE_SIL_02,HALL_02,1,Q45,D,0.0
WBSSC_SLST_0125,WB_CENTRE_SIL_02,HALL_02,1,Q46,A,0.0
WBSSC_SLST_0125,WB_CENTRE_SIL_02,HALL_02,1,Q47,D,0.0
WBSSC_SLST_0125,WB_CENTRE_SIL_02,HALL_02,1,Q48,C,0.0
WBSSC_SLST_0125,WB_CENTRE_SIL_02,HALL_02,1,Q49,C,0.0
WBSSC_SLST_0125,WB_CENTRE_SIL_02,HALL_02,1,Q50,A,0.0
WBSSC_SLST_0125,WB_CENTRE_SIL_02,HALL_02,1,Q51,D,0.0
WBSSC_SLST_0125,WB_CENTRE_SIL_02,HALL_02,1,Q52,A,0.0
WBSSC_SLST_0125,WB_CENTRE_SIL_02,HALL_02,1,Q53,D,0.0
WBSSC_SLST_0125,WB_CENTRE_SIL_02,HALL_02,1,Q54,C,0.0
WBSSC_SLST_0125,WB_CENTRE_SIL_02,HALL_02,1,Q55,C,0.0
WBSSC_SLST_0125,WB_CENTRE_SIL_02,HALL_02,1,Q56,A,0.0
WBSSC_SLST_0125,WB_CENTRE_SIL_02,HALL_02,1,Q57,D,0.0
WBSSC_SLST_0125,WB_CENTRE_SIL_02,HALL_02,1,Q58,A,0.0
WBSSC_SLST_0125,WB_CENTRE_SIL_02,HALL_02,1,Q59,C,0.0
WBSSC_SLST_0125,WB_CENTRE_SIL_02,HALL_02,1,Q60,C,0.0
WBSSC_SLST_0126,WB_CENTRE_SIL_02,HALL_03,2,Q01,B,1.0
WBSSC_SLST_0126,WB_CENTRE_SIL_02,HALL_03,2,Q02,B,1.0
WBSSC_SLST_0126,WB_CENTRE_SIL_02,HALL_03,2,Q03,B,1.0
WBSSC_SLST_0126,WB_CENTRE_SIL_02,HALL_03,2,Q04,B,1.0
WBSSC_SLST_0126,WB_CENTRE_SIL_02,HALL_03,2,Q05,B,1.0
WBSSC_SLST_0126,WB_CENTRE_SIL_02,HALL_03,2,Q06,B,1.0
WBSSC_SLST_0126,WB_CENTRE_SIL_02,HALL_03,2,Q07,B,1.0
WBSSC_SLST_0126,WB_CENTRE_SIL_02,HALL_03,2,Q08,B,1.0
WBSSC_SLST_0126,WB_CENTRE_SIL_02,HALL_03,2,Q09,B,1.0
WBSSC_SLST_0126,WB_CENTRE_SIL_02,HALL_03,2,Q10,B,1.0
WBSSC_SLST_0126,WB_CENTRE_SIL_02,HALL_03,2,Q11,B,1.0
WBSSC_SLST_0126,WB_CENTRE_SIL_02,HALL_03,2,Q12,B,1.0
WBSSC_SLST_0126,WB_CENTRE_SIL_02,HALL_03,2,Q13,B,1.0
WBSSC_SLST_0126,WB_CENTRE_SIL_02,HALL_03,2,Q14,B,1.0
WBSSC_SLST_0126,WB_CENTRE_SIL_02,HALL_03,2,Q15,B,1.0
WBSSC_SLST_0126,WB_CENTRE_SIL_02,HALL_03,2,Q16,B,1.0
WBSSC_SLST_0126,WB_CENTRE_SIL_02,HALL_03,2,Q17,B,1.0
WBSSC_SLST_0126,WB_CENTRE_SIL_02,HALL_03,2,Q18,B,1.0
WBSSC_SLST_0126,WB_CENTRE_SIL_02,HALL_03,2,Q19,B,1.0
WBSSC_SLST_0126,WB_CENTRE_SIL_02,HALL_03,2,Q20,B,1.0
WBSSC_SLST_0126,WB_CENTRE_SIL_02,HALL_03,2,Q21,B,1.0
WBSSC_SLST_0126,WB_CENTRE_SIL_02,HALL_03,2,Q22,B,1.0
WBSSC_SLST_0126,WB_CENTRE_SIL_02,HALL_03,2,Q23,B,1.0
WBSSC_SLST_0126,WB_CENTRE_SIL_02,HALL_03,2,Q24,B,1.0
WBSSC_SLST_0126,WB_CENTRE_SIL_02,HALL_03,2,Q25,B,1.0
WBSSC_SLST_0126,WB_CENTRE_SIL_02,HALL_03,2,Q26,B,1.0
WBSSC_SLST_0126,WB_CENTRE_SIL_02,HALL_03,2,Q27,B,1.0
WBSSC_SLST_0126,WB_CENTRE_SIL_02,HALL_03,2,Q28,B,1.0
WBSSC_SLST_0126,WB_CENTRE_SIL_02,HALL_03,2,Q29,B,1.0
WBSSC_SLST_0126,WB_CENTRE_SIL_02,HALL_03,2,Q30,B,1.0
WBSSC_SLST_0126,WB_CENTRE_SIL_02,HALL_03,2,Q31,B,1.0
WBSSC_SLST_0126,WB_CENTRE_SIL_02,HALL_03,2,Q32,B,1.0
WBSSC_SLST_0126,WB_CENTRE_SIL_02,HALL_03,2,Q33,B,1.0
WBSSC_SLST_0126,WB_CENTRE_SIL_02,HALL_03,2,Q34,B,1.0
WBSSC_SLST_0126,WB_CENTRE_SIL_02,HALL_03,2,Q35,A,0.0
WBSSC_SLST_0126,WB_CENTRE_SIL_02,HALL_03,2,Q36,C,0.0
WBSSC_SLST_0126,WB_CENTRE_SIL_02,HALL_03,2,Q37,C,0.0
WBSSC_SLST_0126,WB_CENTRE_SIL_02,HALL_03,2,Q38,C,0.0
WBSSC_SLST_0126,WB_CENTRE_SIL_02,HALL_03,2,Q39,A,0.0
WBSSC_SLST_0126,WB_CENTRE_SIL_02,HALL_03,2,Q40,C,0.0
WBSSC_SLST_0126,WB_CENTRE_SIL_02,HALL_03,2,Q41,D,0.0
WBSSC_SLST_0126,WB_CENTRE_SIL_02,HALL_03,2,Q42,D,0.0
WBSSC_SLST_0126,WB_CENTRE_SIL_02,HALL_03,2,Q43,D,0.0
WBSSC_SLST_0126,WB_CENTRE_SIL_02,HALL_03,2,Q44,C,0.0
WBSSC_SLST_0126,WB_CENTRE_SIL_02,HALL_03,2,Q45,C,0.0
WBSSC_SLST_0126,WB_CENTRE_SIL_02,HALL_03,2,Q46,C,0.0
WBSSC_SLST_0126,WB_CENTRE_SIL_02,HALL_03,2,Q47,C,0.0
WBSSC_SLST_0126,WB_CENTRE_SIL_02,HALL_03,2,Q48,A,0.0
WBSSC_SLST_0126,WB_CENTRE_SIL_02,HALL_03,2,Q49,D,0.0
WBSSC_SLST_0126,WB_CENTRE_SIL_02,HALL_03,2,Q50,C,0.0
WBSSC_SLST_0126,WB_CENTRE_SIL_02,HALL_03,2,Q51,A,0.0
WBSSC_SLST_0126,WB_CENTRE_SIL_02,HALL_03,2,Q52,C,0.0
WBSSC_SLST_0126,WB_CENTRE_SIL_02,HALL_03,2,Q53,D,0.0
WBSSC_SLST_0126,WB_CENTRE_SIL_02,HALL_03,2,Q54,C,0.0
WBSSC_SLST_0126,WB_CENTRE_SIL_02,HALL_03,2,Q55,A,0.0
WBSSC_SLST_0126,WB_CENTRE_SIL_02,HALL_03,2,Q56,C,0.0
WBSSC_SLST_0126,WB_CENTRE_SIL_02,HALL_03,2,Q57,C,0.0
WBSSC_SLST_0126,WB_CENTRE_SIL_02,HALL_03,2,Q58,D,0.0
WBSSC_SLST_0126,WB_CENTRE_SIL_02,HALL_03,2,Q59,C,0.0
WBSSC_SLST_0126,WB_CENTRE_SIL_02,HALL_03,2,Q60,D,0.0
WBSSC_SLST_0127,WB_CENTRE_SIL_02,HALL_04,3,Q01,B,1.0
WBSSC_SLST_0127,WB_CENTRE_SIL_02,HALL_04,3,Q02,B,1.0
WBSSC_SLST_0127,WB_CENTRE_SIL_02,HALL_04,3,Q03,B,1.0
WBSSC_SLST_0127,WB_CENTRE_SIL_02,HALL_04,3,Q04,B,1.0
WBSSC_SLST_0127,WB_CENTRE_SIL_02,HALL_04,3,Q05,B,1.0
WBSSC_SLST_0127,WB_CENTRE_SIL_02,HALL_04,3,Q06,B,1.0
WBSSC_SLST_0127,WB_CENTRE_SIL_02,HALL_04,3,Q07,B,1.0
WBSSC_SLST_0127,WB_CENTRE_SIL_02,HALL_04,3,Q08,B,1.0
WBSSC_SLST_0127,WB_CENTRE_SIL_02,HALL_04,3,Q09,B,1.0
WBSSC_SLST_0127,WB_CENTRE_SIL_02,HALL_04,3,Q10,B,1.0
WBSSC_SLST_0127,WB_CENTRE_SIL_02,HALL_04,3,Q11,B,1.0
WBSSC_SLST_0127,WB_CENTRE_SIL_02,HALL_04,3,Q12,B,1.0
WBSSC_SLST_0127,WB_CENTRE_SIL_02,HALL_04,3,Q13,B,1.0
WBSSC_SLST_0127,WB_CENTRE_SIL_02,HALL_04,3,Q14,B,1.0
WBSSC_SLST_0127,WB_CENTRE_SIL_02,HALL_04,3,Q15,B,1.0
WBSSC_SLST_0127,WB_CENTRE_SIL_02,HALL_04,3,Q16,B,1.0
WBSSC_SLST_0127,WB_CENTRE_SIL_02,HALL_04,3,Q17,B,1.0
WBSSC_SLST_0127,WB_CENTRE_SIL_02,HALL_04,3,Q18,B,1.0
WBSSC_SLST_0127,WB_CENTRE_SIL_02,HALL_04,3,Q19,B,1.0
WBSSC_SLST_0127,WB_CENTRE_SIL_02,HALL_04,3,Q20,B,1.0
WBSSC_SLST_0127,WB_CENTRE_SIL_02,HALL_04,3,Q21,B,1.0
WBSSC_SLST_0127,WB_CENTRE_SIL_02,HALL_04,3,Q22,B,1.0
WBSSC_SLST_0127,WB_CENTRE_SIL_02,HALL_04,3,Q23,C,0.0
WBSSC_SLST_0127,WB_CENTRE_SIL_02,HALL_04,3,Q24,C,0.0
WBSSC_SLST_0127,WB_CENTRE_SIL_02,HALL_04,3,Q25,D,0.0
WBSSC_SLST_0127,WB_CENTRE_SIL_02,HALL_04,3,Q26,A,0.0
WBSSC_SLST_0127,WB_CENTRE_SIL_02,HALL_04,3,Q27,C,0.0
WBSSC_SLST_0127,WB_CENTRE_SIL_02,HALL_04,3,Q28,A,0.0
WBSSC_SLST_0127,WB_CENTRE_SIL_02,HALL_04,3,Q29,C,0.0
WBSSC_SLST_0127,WB_CENTRE_SIL_02,HALL_04,3,Q30,C,0.0
WBSSC_SLST_0127,WB_CENTRE_SIL_02,HALL_04,3,Q31,D,0.0
WBSSC_SLST_0127,WB_CENTRE_SIL_02,HALL_04,3,Q32,A,0.0
WBSSC_SLST_0127,WB_CENTRE_SIL_02,HALL_04,3,Q33,A,0.0
WBSSC_SLST_0127,WB_CENTRE_SIL_02,HALL_04,3,Q34,A,0.0
WBSSC_SLST_0127,WB_CENTRE_SIL_02,HALL_04,3,Q35,D,0.0
WBSSC_SLST_0127,WB_CENTRE_SIL_02,HALL_04,3,Q36,C,0.0
WBSSC_SLST_0127,WB_CENTRE_SIL_02,HALL_04,3,Q37,D,0.0
WBSSC_SLST_0127,WB_CENTRE_SIL_02,HALL_04,3,Q38,C,0.0
WBSSC_SLST_0127,WB_CENTRE_SIL_02,HALL_04,3,Q39,A,0.0
WBSSC_SLST_0127,WB_CENTRE_SIL_02,HALL_04,3,Q40,C,0.0
WBSSC_SLST_0127,WB_CENTRE_SIL_02,HALL_04,3,Q41,D,0.0
WBSSC_SLST_0127,WB_CENTRE_SIL_02,HALL_04,3,Q42,D,0.0
WBSSC_SLST_0127,WB_CENTRE_SIL_02,HALL_04,3,Q43,C,0.0
WBSSC_SLST_0127,WB_CENTRE_SIL_02,HALL_04,3,Q44,D,0.0
WBSSC_SLST_0127,WB_CENTRE_SIL_02,HALL_04,3,Q45,A,0.0
WBSSC_SLST_0127,WB_CENTRE_SIL_02,HALL_04,3,Q46,D,0.0
WBSSC_SLST_0127,WB_CENTRE_SIL_02,HALL_04,3,Q47,A,0.0
WBSSC_SLST_0127,WB_CENTRE_SIL_02,HALL_04,3,Q48,C,0.0
WBSSC_SLST_0127,WB_CENTRE_SIL_02,HALL_04,3,Q49,A,0.0
WBSSC_SLST_0127,WB_CENTRE_SIL_02,HALL_04,3,Q50,A,0.0
WBSSC_SLST_0127,WB_CENTRE_SIL_02,HALL_04,3,Q51,D,0.0
WBSSC_SLST_0127,WB_CENTRE_SIL_02,HALL_04,3,Q52,D,0.0
WBSSC_SLST_0127,WB_CENTRE_SIL_02,HALL_04,3,Q53,A,0.0
WBSSC_SLST_0127,WB_CENTRE_SIL_02,HALL_04,3,Q54,A,0.0
WBSSC_SLST_0127,WB_CENTRE_SIL_02,HALL_04,3,Q55,D,0.0
WBSSC_SLST_0127,WB_CENTRE_SIL_02,HALL_04,3,Q56,C,0.0
WBSSC_SLST_0127,WB_CENTRE_SIL_02,HALL_04,3,Q57,D,0.0
WBSSC_SLST_0127,WB_CENTRE_SIL_02,HALL_04,3,Q58,A,0.0
WBSSC_SLST_0127,WB_CENTRE_SIL_02,HALL_04,3,Q59,C,0.0
WBSSC_SLST_0127,WB_CENTRE_SIL_02,HALL_04,3,Q60,D,0.0
WBSSC_SLST_0128,WB_CENTRE_SIL_02,HALL_01,4,Q01,B,1.0
WBSSC_SLST_0128,WB_CENTRE_SIL_02,HALL_01,4,Q02,B,1.0
WBSSC_SLST_0128,WB_CENTRE_SIL_02,HALL_01,4,Q03,B,1.0
WBSSC_SLST_0128,WB_CENTRE_SIL_02,HALL_01,4,Q04,B,1.0
WBSSC_SLST_0128,WB_CENTRE_SIL_02,HALL_01,4,Q05,B,1.0
WBSSC_SLST_0128,WB_CENTRE_SIL_02,HALL_01,4,Q06,B,1.0
WBSSC_SLST_0128,WB_CENTRE_SIL_02,HALL_01,4,Q07,B,1.0
WBSSC_SLST_0128,WB_CENTRE_SIL_02,HALL_01,4,Q08,B,1.0
WBSSC_SLST_0128,WB_CENTRE_SIL_02,HALL_01,4,Q09,B,1.0
WBSSC_SLST_0128,WB_CENTRE_SIL_02,HALL_01,4,Q10,B,1.0
WBSSC_SLST_0128,WB_CENTRE_SIL_02,HALL_01,4,Q11,B,1.0
WBSSC_SLST_0128,WB_CENTRE_SIL_02,HALL_01,4,Q12,B,1.0
WBSSC_SLST_0128,WB_CENTRE_SIL_02,HALL_01,4,Q13,B,1.0
WBSSC_SLST_0128,WB_CENTRE_SIL_02,HALL_01,4,Q14,B,1.0
WBSSC_SLST_0128,WB_CENTRE_SIL_02,HALL_01,4,Q15,B,1.0
WBSSC_SLST_0128,WB_CENTRE_SIL_02,HALL_01,4,Q16,B,1.0
WBSSC_SLST_0128,WB_CENTRE_SIL_02,HALL_01,4,Q17,B,1.0
WBSSC_SLST_0128,WB_CENTRE_SIL_02,HALL_01,4,Q18,B,1.0
WBSSC_SLST_0128,WB_CENTRE_SIL_02,HALL_01,4,Q19,B,1.0
WBSSC_SLST_0128,WB_CENTRE_SIL_02,HALL_01,4,Q20,B,1.0
WBSSC_SLST_0128,WB_CENTRE_SIL_02,HALL_01,4,Q21,B,1.0
WBSSC_SLST_0128,WB_CENTRE_SIL_02,HALL_01,4,Q22,B,1.0
WBSSC_SLST_0128,WB_CENTRE_SIL_02,HALL_01,4,Q23,B,1.0
WBSSC_SLST_0128,WB_CENTRE_SIL_02,HALL_01,4,Q24,B,1.0
WBSSC_SLST_0128,WB_CENTRE_SIL_02,HALL_01,4,Q25,B,1.0
WBSSC_SLST_0128,WB_CENTRE_SIL_02,HALL_01,4,Q26,B,1.0
WBSSC_SLST_0128,WB_CENTRE_SIL_02,HALL_01,4,Q27,B,1.0
WBSSC_SLST_0128,WB_CENTRE_SIL_02,HALL_01,4,Q28,C,0.0
WBSSC_SLST_0128,WB_CENTRE_SIL_02,HALL_01,4,Q29,C,0.0
WBSSC_SLST_0128,WB_CENTRE_SIL_02,HALL_01,4,Q30,A,0.0
WBSSC_SLST_0128,WB_CENTRE_SIL_02,HALL_01,4,Q31,D,0.0
WBSSC_SLST_0128,WB_CENTRE_SIL_02,HALL_01,4,Q32,C,0.0
WBSSC_SLST_0128,WB_CENTRE_SIL_02,HALL_01,4,Q33,D,0.0
WBSSC_SLST_0128,WB_CENTRE_SIL_02,HALL_01,4,Q34,A,0.0
WBSSC_SLST_0128,WB_CENTRE_SIL_02,HALL_01,4,Q35,A,0.0
WBSSC_SLST_0128,WB_CENTRE_SIL_02,HALL_01,4,Q36,D,0.0
WBSSC_SLST_0128,WB_CENTRE_SIL_02,HALL_01,4,Q37,C,0.0
WBSSC_SLST_0128,WB_CENTRE_SIL_02,HALL_01,4,Q38,A,0.0
WBSSC_SLST_0128,WB_CENTRE_SIL_02,HALL_01,4,Q39,C,0.0
WBSSC_SLST_0128,WB_CENTRE_SIL_02,HALL_01,4,Q40,C,0.0
WBSSC_SLST_0128,WB_CENTRE_SIL_02,HALL_01,4,Q41,D,0.0
WBSSC_SLST_0128,WB_CENTRE_SIL_02,HALL_01,4,Q42,D,0.0
WBSSC_SLST_0128,WB_CENTRE_SIL_02,HALL_01,4,Q43,C,0.0
WBSSC_SLST_0128,WB_CENTRE_SIL_02,HALL_01,4,Q44,A,0.0
WBSSC_SLST_0128,WB_CENTRE_SIL_02,HALL_01,4,Q45,C,0.0
WBSSC_SLST_0128,WB_CENTRE_SIL_02,HALL_01,4,Q46,D,0.0
WBSSC_SLST_0128,WB_CENTRE_SIL_02,HALL_01,4,Q47,C,0.0
WBSSC_SLST_0128,WB_CENTRE_SIL_02,HALL_01,4,Q48,D,0.0
WBSSC_SLST_0128,WB_CENTRE_SIL_02,HALL_01,4,Q49,C,0.0
WBSSC_SLST_0128,WB_CENTRE_SIL_02,HALL_01,4,Q50,A,0.0
WBSSC_SLST_0128,WB_CENTRE_SIL_02,HALL_01,4,Q51,C,0.0
WBSSC_SLST_0128,WB_CENTRE_SIL_02,HALL_01,4,Q52,D,0.0
WBSSC_SLST_0128,WB_CENTRE_SIL_02,HALL_01,4,Q53,C,0.0
WBSSC_SLST_0128,WB_CENTRE_SIL_02,HALL_01,4,Q54,A,0.0
WBSSC_SLST_0128,WB_CENTRE_SIL_02,HALL_01,4,Q55,C,0.0
WBSSC_SLST_0128,WB_CENTRE_SIL_02,HALL_01,4,Q56,A,0.0
WBSSC_SLST_0128,WB_CENTRE_SIL_02,HALL_01,4,Q57,D,0.0
WBSSC_SLST_0128,WB_CENTRE_SIL_02,HALL_01,4,Q58,D,0.0
WBSSC_SLST_0128,WB_CENTRE_SIL_02,HALL_01,4,Q59,D,0.0
WBSSC_SLST_0128,WB_CENTRE_SIL_02,HALL_01,4,Q60,A,0.0
WBSSC_SLST_0129,WB_CENTRE_SIL_02,HALL_02,5,Q01,B,1.0
WBSSC_SLST_0129,WB_CENTRE_SIL_02,HALL_02,5,Q02,B,1.0
WBSSC_SLST_0129,WB_CENTRE_SIL_02,HALL_02,5,Q03,B,1.0
WBSSC_SLST_0129,WB_CENTRE_SIL_02,HALL_02,5,Q04,B,1.0
WBSSC_SLST_0129,WB_CENTRE_SIL_02,HALL_02,5,Q05,B,1.0
WBSSC_SLST_0129,WB_CENTRE_SIL_02,HALL_02,5,Q06,B,1.0
WBSSC_SLST_0129,WB_CENTRE_SIL_02,HALL_02,5,Q07,B,1.0
WBSSC_SLST_0129,WB_CENTRE_SIL_02,HALL_02,5,Q08,B,1.0
WBSSC_SLST_0129,WB_CENTRE_SIL_02,HALL_02,5,Q09,B,1.0
WBSSC_SLST_0129,WB_CENTRE_SIL_02,HALL_02,5,Q10,B,1.0
WBSSC_SLST_0129,WB_CENTRE_SIL_02,HALL_02,5,Q11,B,1.0
WBSSC_SLST_0129,WB_CENTRE_SIL_02,HALL_02,5,Q12,B,1.0
WBSSC_SLST_0129,WB_CENTRE_SIL_02,HALL_02,5,Q13,B,1.0
WBSSC_SLST_0129,WB_CENTRE_SIL_02,HALL_02,5,Q14,B,1.0
WBSSC_SLST_0129,WB_CENTRE_SIL_02,HALL_02,5,Q15,B,1.0
WBSSC_SLST_0129,WB_CENTRE_SIL_02,HALL_02,5,Q16,B,1.0
WBSSC_SLST_0129,WB_CENTRE_SIL_02,HALL_02,5,Q17,B,1.0
WBSSC_SLST_0129,WB_CENTRE_SIL_02,HALL_02,5,Q18,B,1.0
WBSSC_SLST_0129,WB_CENTRE_SIL_02,HALL_02,5,Q19,B,1.0
WBSSC_SLST_0129,WB_CENTRE_SIL_02,HALL_02,5,Q20,B,1.0
WBSSC_SLST_0129,WB_CENTRE_SIL_02,HALL_02,5,Q21,B,1.0
WBSSC_SLST_0129,WB_CENTRE_SIL_02,HALL_02,5,Q22,B,1.0
WBSSC_SLST_0129,WB_CENTRE_SIL_02,HALL_02,5,Q23,B,1.0
WBSSC_SLST_0129,WB_CENTRE_SIL_02,HALL_02,5,Q24,B,1.0
WBSSC_SLST_0129,WB_CENTRE_SIL_02,HALL_02,5,Q25,B,1.0
WBSSC_SLST_0129,WB_CENTRE_SIL_02,HALL_02,5,Q26,B,1.0
WBSSC_SLST_0129,WB_CENTRE_SIL_02,HALL_02,5,Q27,B,1.0
WBSSC_SLST_0129,WB_CENTRE_SIL_02,HALL_02,5,Q28,B,1.0
WBSSC_SLST_0129,WB_CENTRE_SIL_02,HALL_02,5,Q29,B,1.0
WBSSC_SLST_0129,WB_CENTRE_SIL_02,HALL_02,5,Q30,B,1.0
WBSSC_SLST_0129,WB_CENTRE_SIL_02,HALL_02,5,Q31,B,1.0
WBSSC_SLST_0129,WB_CENTRE_SIL_02,HALL_02,5,Q32,B,1.0
WBSSC_SLST_0129,WB_CENTRE_SIL_02,HALL_02,5,Q33,D,0.0
WBSSC_SLST_0129,WB_CENTRE_SIL_02,HALL_02,5,Q34,A,0.0
WBSSC_SLST_0129,WB_CENTRE_SIL_02,HALL_02,5,Q35,C,0.0
WBSSC_SLST_0129,WB_CENTRE_SIL_02,HALL_02,5,Q36,A,0.0
WBSSC_SLST_0129,WB_CENTRE_SIL_02,HALL_02,5,Q37,D,0.0
WBSSC_SLST_0129,WB_CENTRE_SIL_02,HALL_02,5,Q38,A,0.0
WBSSC_SLST_0129,WB_CENTRE_SIL_02,HALL_02,5,Q39,C,0.0
WBSSC_SLST_0129,WB_CENTRE_SIL_02,HALL_02,5,Q40,D,0.0
WBSSC_SLST_0129,WB_CENTRE_SIL_02,HALL_02,5,Q41,A,0.0
WBSSC_SLST_0129,WB_CENTRE_SIL_02,HALL_02,5,Q42,C,0.0
WBSSC_SLST_0129,WB_CENTRE_SIL_02,HALL_02,5,Q43,D,0.0
WBSSC_SLST_0129,WB_CENTRE_SIL_02,HALL_02,5,Q44,A,0.0
WBSSC_SLST_0129,WB_CENTRE_SIL_02,HALL_02,5,Q45,D,0.0
WBSSC_SLST_0129,WB_CENTRE_SIL_02,HALL_02,5,Q46,C,0.0
WBSSC_SLST_0129,WB_CENTRE_SIL_02,HALL_02,5,Q47,A,0.0
WBSSC_SLST_0129,WB_CENTRE_SIL_02,HALL_02,5,Q48,C,0.0
WBSSC_SLST_0129,WB_CENTRE_SIL_02,HALL_02,5,Q49,D,0.0
WBSSC_SLST_0129,WB_CENTRE_SIL_02,HALL_02,5,Q50,D,0.0
WBSSC_SLST_0129,WB_CENTRE_SIL_02,HALL_02,5,Q51,A,0.0
WBSSC_SLST_0129,WB_CENTRE_SIL_02,HALL_02,5,Q52,D,0.0
WBSSC_SLST_0129,WB_CENTRE_SIL_02,HALL_02,5,Q53,D,0.0
WBSSC_SLST_0129,WB_CENTRE_SIL_02,HALL_02,5,Q54,C,0.0
WBSSC_SLST_0129,WB_CENTRE_SIL_02,HALL_02,5,Q55,D,0.0
WBSSC_SLST_0129,WB_CENTRE_SIL_02,HALL_02,5,Q56,A,0.0
WBSSC_SLST_0129,WB_CENTRE_SIL_02,HALL_02,5,Q57,C,0.0
WBSSC_SLST_0129,WB_CENTRE_SIL_02,HALL_02,5,Q58,D,0.0
WBSSC_SLST_0129,WB_CENTRE_SIL_02,HALL_02,5,Q59,D,0.0
WBSSC_SLST_0129,WB_CENTRE_SIL_02,HALL_02,5,Q60,A,0.0
WBSSC_SLST_0130,WB_CENTRE_SIL_02,HALL_03,6,Q01,B,1.0
WBSSC_SLST_0130,WB_CENTRE_SIL_02,HALL_03,6,Q02,B,1.0
WBSSC_SLST_0130,WB_CENTRE_SIL_02,HALL_03,6,Q03,B,1.0
WBSSC_SLST_0130,WB_CENTRE_SIL_02,HALL_03,6,Q04,B,1.0
WBSSC_SLST_0130,WB_CENTRE_SIL_02,HALL_03,6,Q05,B,1.0
WBSSC_SLST_0130,WB_CENTRE_SIL_02,HALL_03,6,Q06,B,1.0
WBSSC_SLST_0130,WB_CENTRE_SIL_02,HALL_03,6,Q07,B,1.0
WBSSC_SLST_0130,WB_CENTRE_SIL_02,HALL_03,6,Q08,B,1.0
WBSSC_SLST_0130,WB_CENTRE_SIL_02,HALL_03,6,Q09,B,1.0
WBSSC_SLST_0130,WB_CENTRE_SIL_02,HALL_03,6,Q10,B,1.0
WBSSC_SLST_0130,WB_CENTRE_SIL_02,HALL_03,6,Q11,B,1.0
WBSSC_SLST_0130,WB_CENTRE_SIL_02,HALL_03,6,Q12,B,1.0
WBSSC_SLST_0130,WB_CENTRE_SIL_02,HALL_03,6,Q13,B,1.0
WBSSC_SLST_0130,WB_CENTRE_SIL_02,HALL_03,6,Q14,B,1.0
WBSSC_SLST_0130,WB_CENTRE_SIL_02,HALL_03,6,Q15,B,1.0
WBSSC_SLST_0130,WB_CENTRE_SIL_02,HALL_03,6,Q16,B,1.0
WBSSC_SLST_0130,WB_CENTRE_SIL_02,HALL_03,6,Q17,B,1.0
WBSSC_SLST_0130,WB_CENTRE_SIL_02,HALL_03,6,Q18,B,1.0
WBSSC_SLST_0130,WB_CENTRE_SIL_02,HALL_03,6,Q19,B,1.0
WBSSC_SLST_0130,WB_CENTRE_SIL_02,HALL_03,6,Q20,B,1.0
WBSSC_SLST_0130,WB_CENTRE_SIL_02,HALL_03,6,Q21,B,1.0
WBSSC_SLST_0130,WB_CENTRE_SIL_02,HALL_03,6,Q22,B,1.0
WBSSC_SLST_0130,WB_CENTRE_SIL_02,HALL_03,6,Q23,B,1.0
WBSSC_SLST_0130,WB_CENTRE_SIL_02,HALL_03,6,Q24,B,1.0
WBSSC_SLST_0130,WB_CENTRE_SIL_02,HALL_03,6,Q25,B,1.0
WBSSC_SLST_0130,WB_CENTRE_SIL_02,HALL_03,6,Q26,B,1.0
WBSSC_SLST_0130,WB_CENTRE_SIL_02,HALL_03,6,Q27,B,1.0
WBSSC_SLST_0130,WB_CENTRE_SIL_02,HALL_03,6,Q28,B,1.0
WBSSC_SLST_0130,WB_CENTRE_SIL_02,HALL_03,6,Q29,B,1.0
WBSSC_SLST_0130,WB_CENTRE_SIL_02,HALL_03,6,Q30,B,1.0
WBSSC_SLST_0130,WB_CENTRE_SIL_02,HALL_03,6,Q31,B,1.0
WBSSC_SLST_0130,WB_CENTRE_SIL_02,HALL_03,6,Q32,B,1.0
WBSSC_SLST_0130,WB_CENTRE_SIL_02,HALL_03,6,Q33,B,1.0
WBSSC_SLST_0130,WB_CENTRE_SIL_02,HALL_03,6,Q34,B,1.0
WBSSC_SLST_0130,WB_CENTRE_SIL_02,HALL_03,6,Q35,B,1.0
WBSSC_SLST_0130,WB_CENTRE_SIL_02,HALL_03,6,Q36,B,1.0
WBSSC_SLST_0130,WB_CENTRE_SIL_02,HALL_03,6,Q37,B,1.0
WBSSC_SLST_0130,WB_CENTRE_SIL_02,HALL_03,6,Q38,B,1.0
WBSSC_SLST_0130,WB_CENTRE_SIL_02,HALL_03,6,Q39,B,1.0
WBSSC_SLST_0130,WB_CENTRE_SIL_02,HALL_03,6,Q40,B,1.0
WBSSC_SLST_0130,WB_CENTRE_SIL_02,HALL_03,6,Q41,B,1.0
WBSSC_SLST_0130,WB_CENTRE_SIL_02,HALL_03,6,Q42,B,1.0
WBSSC_SLST_0130,WB_CENTRE_SIL_02,HALL_03,6,Q43,B,1.0
WBSSC_SLST_0130,WB_CENTRE_SIL_02,HALL_03,6,Q44,B,1.0
WBSSC_SLST_0130,WB_CENTRE_SIL_02,HALL_03,6,Q45,D,0.0
WBSSC_SLST_0130,WB_CENTRE_SIL_02,HALL_03,6,Q46,A,0.0
WBSSC_SLST_0130,WB_CENTRE_SIL_02,HALL_03,6,Q47,D,0.0
WBSSC_SLST_0130,WB_CENTRE_SIL_02,HALL_03,6,Q48,D,0.0
WBSSC_SLST_0130,WB_CENTRE_SIL_02,HALL_03,6,Q49,D,0.0
WBSSC_SLST_0130,WB_CENTRE_SIL_02,HALL_03,6,Q50,A,0.0
WBSSC_SLST_0130,WB_CENTRE_SIL_02,HALL_03,6,Q51,A,0.0
WBSSC_SLST_0130,WB_CENTRE_SIL_02,HALL_03,6,Q52,C,0.0
WBSSC_SLST_0130,WB_CENTRE_SIL_02,HALL_03,6,Q53,C,0.0
WBSSC_SLST_0130,WB_CENTRE_SIL_02,HALL_03,6,Q54,D,0.0
WBSSC_SLST_0130,WB_CENTRE_SIL_02,HALL_03,6,Q55,C,0.0
WBSSC_SLST_0130,WB_CENTRE_SIL_02,HALL_03,6,Q56,A,0.0
WBSSC_SLST_0130,WB_CENTRE_SIL_02,HALL_03,6,Q57,D,0.0
WBSSC_SLST_0130,WB_CENTRE_SIL_02,HALL_03,6,Q58,D,0.0
WBSSC_SLST_0130,WB_CENTRE_SIL_02,HALL_03,6,Q59,C,0.0
WBSSC_SLST_0130,WB_CENTRE_SIL_02,HALL_03,6,Q60,C,0.0
WBSSC_SLST_0131,WB_CENTRE_SIL_02,HALL_04,7,Q01,B,1.0
WBSSC_SLST_0131,WB_CENTRE_SIL_02,HALL_04,7,Q02,B,1.0
WBSSC_SLST_0131,WB_CENTRE_SIL_02,HALL_04,7,Q03,B,1.0
WBSSC_SLST_0131,WB_CENTRE_SIL_02,HALL_04,7,Q04,B,1.0
WBSSC_SLST_0131,WB_CENTRE_SIL_02,HALL_04,7,Q05,B,1.0
WBSSC_SLST_0131,WB_CENTRE_SIL_02,HALL_04,7,Q06,B,1.0
WBSSC_SLST_0131,WB_CENTRE_SIL_02,HALL_04,7,Q07,B,1.0
WBSSC_SLST_0131,WB_CENTRE_SIL_02,HALL_04,7,Q08,B,1.0
WBSSC_SLST_0131,WB_CENTRE_SIL_02,HALL_04,7,Q09,B,1.0
WBSSC_SLST_0131,WB_CENTRE_SIL_02,HALL_04,7,Q10,B,1.0
WBSSC_SLST_0131,WB_CENTRE_SIL_02,HALL_04,7,Q11,B,1.0
WBSSC_SLST_0131,WB_CENTRE_SIL_02,HALL_04,7,Q12,B,1.0
WBSSC_SLST_0131,WB_CENTRE_SIL_02,HALL_04,7,Q13,B,1.0
WBSSC_SLST_0131,WB_CENTRE_SIL_02,HALL_04,7,Q14,B,1.0
WBSSC_SLST_0131,WB_CENTRE_SIL_02,HALL_04,7,Q15,B,1.0
WBSSC_SLST_0131,WB_CENTRE_SIL_02,HALL_04,7,Q16,B,1.0
WBSSC_SLST_0131,WB_CENTRE_SIL_02,HALL_04,7,Q17,B,1.0
WBSSC_SLST_0131,WB_CENTRE_SIL_02,HALL_04,7,Q18,B,1.0
WBSSC_SLST_0131,WB_CENTRE_SIL_02,HALL_04,7,Q19,B,1.0
WBSSC_SLST_0131,WB_CENTRE_SIL_02,HALL_04,7,Q20,B,1.0
WBSSC_SLST_0131,WB_CENTRE_SIL_02,HALL_04,7,Q21,B,1.0
WBSSC_SLST_0131,WB_CENTRE_SIL_02,HALL_04,7,Q22,B,1.0
WBSSC_SLST_0131,WB_CENTRE_SIL_02,HALL_04,7,Q23,B,1.0
WBSSC_SLST_0131,WB_CENTRE_SIL_02,HALL_04,7,Q24,B,1.0
WBSSC_SLST_0131,WB_CENTRE_SIL_02,HALL_04,7,Q25,B,1.0
WBSSC_SLST_0131,WB_CENTRE_SIL_02,HALL_04,7,Q26,D,0.0
WBSSC_SLST_0131,WB_CENTRE_SIL_02,HALL_04,7,Q27,C,0.0
WBSSC_SLST_0131,WB_CENTRE_SIL_02,HALL_04,7,Q28,D,0.0
WBSSC_SLST_0131,WB_CENTRE_SIL_02,HALL_04,7,Q29,C,0.0
WBSSC_SLST_0131,WB_CENTRE_SIL_02,HALL_04,7,Q30,A,0.0
WBSSC_SLST_0131,WB_CENTRE_SIL_02,HALL_04,7,Q31,C,0.0
WBSSC_SLST_0131,WB_CENTRE_SIL_02,HALL_04,7,Q32,A,0.0
WBSSC_SLST_0131,WB_CENTRE_SIL_02,HALL_04,7,Q33,A,0.0
WBSSC_SLST_0131,WB_CENTRE_SIL_02,HALL_04,7,Q34,C,0.0
WBSSC_SLST_0131,WB_CENTRE_SIL_02,HALL_04,7,Q35,D,0.0
WBSSC_SLST_0131,WB_CENTRE_SIL_02,HALL_04,7,Q36,C,0.0
WBSSC_SLST_0131,WB_CENTRE_SIL_02,HALL_04,7,Q37,C,0.0
WBSSC_SLST_0131,WB_CENTRE_SIL_02,HALL_04,7,Q38,C,0.0
WBSSC_SLST_0131,WB_CENTRE_SIL_02,HALL_04,7,Q39,A,0.0
WBSSC_SLST_0131,WB_CENTRE_SIL_02,HALL_04,7,Q40,A,0.0
WBSSC_SLST_0131,WB_CENTRE_SIL_02,HALL_04,7,Q41,D,0.0
WBSSC_SLST_0131,WB_CENTRE_SIL_02,HALL_04,7,Q42,C,0.0
WBSSC_SLST_0131,WB_CENTRE_SIL_02,HALL_04,7,Q43,D,0.0
WBSSC_SLST_0131,WB_CENTRE_SIL_02,HALL_04,7,Q44,A,0.0
WBSSC_SLST_0131,WB_CENTRE_SIL_02,HALL_04,7,Q45,D,0.0
WBSSC_SLST_0131,WB_CENTRE_SIL_02,HALL_04,7,Q46,A,0.0
WBSSC_SLST_0131,WB_CENTRE_SIL_02,HALL_04,7,Q47,D,0.0
WBSSC_SLST_0131,WB_CENTRE_SIL_02,HALL_04,7,Q48,A,0.0
WBSSC_SLST_0131,WB_CENTRE_SIL_02,HALL_04,7,Q49,D,0.0
WBSSC_SLST_0131,WB_CENTRE_SIL_02,HALL_04,7,Q50,D,0.0
WBSSC_SLST_0131,WB_CENTRE_SIL_02,HALL_04,7,Q51,D,0.0
WBSSC_SLST_0131,WB_CENTRE_SIL_02,HALL_04,7,Q52,D,0.0
WBSSC_SLST_0131,WB_CENTRE_SIL_02,HALL_04,7,Q53,D,0.0
WBSSC_SLST_0131,WB_CENTRE_SIL_02,HALL_04,7,Q54,A,0.0
WBSSC_SLST_0131,WB_CENTRE_SIL_02,HALL_04,7,Q55,A,0.0
WBSSC_SLST_0131,WB_CENTRE_SIL_02,HALL_04,7,Q56,C,0.0
WBSSC_SLST_0131,WB_CENTRE_SIL_02,HALL_04,7,Q57,A,0.0
WBSSC_SLST_0131,WB_CENTRE_SIL_02,HALL_04,7,Q58,C,0.0
WBSSC_SLST_0131,WB_CENTRE_SIL_02,HALL_04,7,Q59,C,0.0
WBSSC_SLST_0131,WB_CENTRE_SIL_02,HALL_04,7,Q60,D,0.0
WBSSC_SLST_0132,WB_CENTRE_SIL_02,HALL_01,8,Q01,B,1.0
WBSSC_SLST_0132,WB_CENTRE_SIL_02,HALL_01,8,Q02,B,1.0
WBSSC_SLST_0132,WB_CENTRE_SIL_02,HALL_01,8,Q03,B,1.0
WBSSC_SLST_0132,WB_CENTRE_SIL_02,HALL_01,8,Q04,B,1.0
WBSSC_SLST_0132,WB_CENTRE_SIL_02,HALL_01,8,Q05,B,1.0
WBSSC_SLST_0132,WB_CENTRE_SIL_02,HALL_01,8,Q06,B,1.0
WBSSC_SLST_0132,WB_CENTRE_SIL_02,HALL_01,8,Q07,B,1.0
WBSSC_SLST_0132,WB_CENTRE_SIL_02,HALL_01,8,Q08,B,1.0
WBSSC_SLST_0132,WB_CENTRE_SIL_02,HALL_01,8,Q09,B,1.0
WBSSC_SLST_0132,WB_CENTRE_SIL_02,HALL_01,8,Q10,B,1.0
WBSSC_SLST_0132,WB_CENTRE_SIL_02,HALL_01,8,Q11,B,1.0
WBSSC_SLST_0132,WB_CENTRE_SIL_02,HALL_01,8,Q12,B,1.0
WBSSC_SLST_0132,WB_CENTRE_SIL_02,HALL_01,8,Q13,B,1.0
WBSSC_SLST_0132,WB_CENTRE_SIL_02,HALL_01,8,Q14,B,1.0
WBSSC_SLST_0132,WB_CENTRE_SIL_02,HALL_01,8,Q15,B,1.0
WBSSC_SLST_0132,WB_CENTRE_SIL_02,HALL_01,8,Q16,B,1.0
WBSSC_SLST_0132,WB_CENTRE_SIL_02,HALL_01,8,Q17,B,1.0
WBSSC_SLST_0132,WB_CENTRE_SIL_02,HALL_01,8,Q18,B,1.0
WBSSC_SLST_0132,WB_CENTRE_SIL_02,HALL_01,8,Q19,B,1.0
WBSSC_SLST_0132,WB_CENTRE_SIL_02,HALL_01,8,Q20,B,1.0
WBSSC_SLST_0132,WB_CENTRE_SIL_02,HALL_01,8,Q21,B,1.0
WBSSC_SLST_0132,WB_CENTRE_SIL_02,HALL_01,8,Q22,B,1.0
WBSSC_SLST_0132,WB_CENTRE_SIL_02,HALL_01,8,Q23,B,1.0
WBSSC_SLST_0132,WB_CENTRE_SIL_02,HALL_01,8,Q24,B,1.0
WBSSC_SLST_0132,WB_CENTRE_SIL_02,HALL_01,8,Q25,B,1.0
WBSSC_SLST_0132,WB_CENTRE_SIL_02,HALL_01,8,Q26,B,1.0
WBSSC_SLST_0132,WB_CENTRE_SIL_02,HALL_01,8,Q27,B,1.0
WBSSC_SLST_0132,WB_CENTRE_SIL_02,HALL_01,8,Q28,B,1.0
WBSSC_SLST_0132,WB_CENTRE_SIL_02,HALL_01,8,Q29,B,1.0
WBSSC_SLST_0132,WB_CENTRE_SIL_02,HALL_01,8,Q30,B,1.0
WBSSC_SLST_0132,WB_CENTRE_SIL_02,HALL_01,8,Q31,C,0.0
WBSSC_SLST_0132,WB_CENTRE_SIL_02,HALL_01,8,Q32,C,0.0
WBSSC_SLST_0132,WB_CENTRE_SIL_02,HALL_01,8,Q33,A,0.0
WBSSC_SLST_0132,WB_CENTRE_SIL_02,HALL_01,8,Q34,C,0.0
WBSSC_SLST_0132,WB_CENTRE_SIL_02,HALL_01,8,Q35,C,0.0
WBSSC_SLST_0132,WB_CENTRE_SIL_02,HALL_01,8,Q36,A,0.0
WBSSC_SLST_0132,WB_CENTRE_SIL_02,HALL_01,8,Q37,A,0.0
WBSSC_SLST_0132,WB_CENTRE_SIL_02,HALL_01,8,Q38,D,0.0
WBSSC_SLST_0132,WB_CENTRE_SIL_02,HALL_01,8,Q39,A,0.0
WBSSC_SLST_0132,WB_CENTRE_SIL_02,HALL_01,8,Q40,A,0.0
WBSSC_SLST_0132,WB_CENTRE_SIL_02,HALL_01,8,Q41,C,0.0
WBSSC_SLST_0132,WB_CENTRE_SIL_02,HALL_01,8,Q42,A,0.0
WBSSC_SLST_0132,WB_CENTRE_SIL_02,HALL_01,8,Q43,D,0.0
WBSSC_SLST_0132,WB_CENTRE_SIL_02,HALL_01,8,Q44,C,0.0
WBSSC_SLST_0132,WB_CENTRE_SIL_02,HALL_01,8,Q45,C,0.0
WBSSC_SLST_0132,WB_CENTRE_SIL_02,HALL_01,8,Q46,D,0.0
WBSSC_SLST_0132,WB_CENTRE_SIL_02,HALL_01,8,Q47,A,0.0
WBSSC_SLST_0132,WB_CENTRE_SIL_02,HALL_01,8,Q48,C,0.0
WBSSC_SLST_0132,WB_CENTRE_SIL_02,HALL_01,8,Q49,D,0.0
WBSSC_SLST_0132,WB_CENTRE_SIL_02,HALL_01,8,Q50,A,0.0
WBSSC_SLST_0132,WB_CENTRE_SIL_02,HALL_01,8,Q51,D,0.0
WBSSC_SLST_0132,WB_CENTRE_SIL_02,HALL_01,8,Q52,D,0.0
WBSSC_SLST_0132,WB_CENTRE_SIL_02,HALL_01,8,Q53,A,0.0
WBSSC_SLST_0132,WB_CENTRE_SIL_02,HALL_01,8,Q54,A,0.0
WBSSC_SLST_0132,WB_CENTRE_SIL_02,HALL_01,8,Q55,A,0.0
WBSSC_SLST_0132,WB_CENTRE_SIL_02,HALL_01,8,Q56,D,0.0
WBSSC_SLST_0132,WB_CENTRE_SIL_02,HALL_01,8,Q57,A,0.0
WBSSC_SLST_0132,WB_CENTRE_SIL_02,HALL_01,8,Q58,A,0.0
WBSSC_SLST_0132,WB_CENTRE_SIL_02,HALL_01,8,Q59,C,0.0
WBSSC_SLST_0132,WB_CENTRE_SIL_02,HALL_01,8,Q60,C,0.0
WBSSC_SLST_0133,WB_CENTRE_SIL_02,HALL_02,9,Q01,B,1.0
WBSSC_SLST_0133,WB_CENTRE_SIL_02,HALL_02,9,Q02,B,1.0
WBSSC_SLST_0133,WB_CENTRE_SIL_02,HALL_02,9,Q03,B,1.0
WBSSC_SLST_0133,WB_CENTRE_SIL_02,HALL_02,9,Q04,B,1.0
WBSSC_SLST_0133,WB_CENTRE_SIL_02,HALL_02,9,Q05,B,1.0
WBSSC_SLST_0133,WB_CENTRE_SIL_02,HALL_02,9,Q06,B,1.0
WBSSC_SLST_0133,WB_CENTRE_SIL_02,HALL_02,9,Q07,B,1.0
WBSSC_SLST_0133,WB_CENTRE_SIL_02,HALL_02,9,Q08,B,1.0
WBSSC_SLST_0133,WB_CENTRE_SIL_02,HALL_02,9,Q09,B,1.0
WBSSC_SLST_0133,WB_CENTRE_SIL_02,HALL_02,9,Q10,B,1.0
WBSSC_SLST_0133,WB_CENTRE_SIL_02,HALL_02,9,Q11,B,1.0
WBSSC_SLST_0133,WB_CENTRE_SIL_02,HALL_02,9,Q12,B,1.0
WBSSC_SLST_0133,WB_CENTRE_SIL_02,HALL_02,9,Q13,B,1.0
WBSSC_SLST_0133,WB_CENTRE_SIL_02,HALL_02,9,Q14,B,1.0
WBSSC_SLST_0133,WB_CENTRE_SIL_02,HALL_02,9,Q15,B,1.0
WBSSC_SLST_0133,WB_CENTRE_SIL_02,HALL_02,9,Q16,B,1.0
WBSSC_SLST_0133,WB_CENTRE_SIL_02,HALL_02,9,Q17,B,1.0
WBSSC_SLST_0133,WB_CENTRE_SIL_02,HALL_02,9,Q18,B,1.0
WBSSC_SLST_0133,WB_CENTRE_SIL_02,HALL_02,9,Q19,B,1.0
WBSSC_SLST_0133,WB_CENTRE_SIL_02,HALL_02,9,Q20,B,1.0
WBSSC_SLST_0133,WB_CENTRE_SIL_02,HALL_02,9,Q21,B,1.0
WBSSC_SLST_0133,WB_CENTRE_SIL_02,HALL_02,9,Q22,B,1.0
WBSSC_SLST_0133,WB_CENTRE_SIL_02,HALL_02,9,Q23,B,1.0
WBSSC_SLST_0133,WB_CENTRE_SIL_02,HALL_02,9,Q24,B,1.0
WBSSC_SLST_0133,WB_CENTRE_SIL_02,HALL_02,9,Q25,B,1.0
WBSSC_SLST_0133,WB_CENTRE_SIL_02,HALL_02,9,Q26,B,1.0
WBSSC_SLST_0133,WB_CENTRE_SIL_02,HALL_02,9,Q27,B,1.0
WBSSC_SLST_0133,WB_CENTRE_SIL_02,HALL_02,9,Q28,B,1.0
WBSSC_SLST_0133,WB_CENTRE_SIL_02,HALL_02,9,Q29,B,1.0
WBSSC_SLST_0133,WB_CENTRE_SIL_02,HALL_02,9,Q30,B,1.0
WBSSC_SLST_0133,WB_CENTRE_SIL_02,HALL_02,9,Q31,B,1.0
WBSSC_SLST_0133,WB_CENTRE_SIL_02,HALL_02,9,Q32,B,1.0
WBSSC_SLST_0133,WB_CENTRE_SIL_02,HALL_02,9,Q33,B,1.0
WBSSC_SLST_0133,WB_CENTRE_SIL_02,HALL_02,9,Q34,B,1.0
WBSSC_SLST_0133,WB_CENTRE_SIL_02,HALL_02,9,Q35,B,1.0
WBSSC_SLST_0133,WB_CENTRE_SIL_02,HALL_02,9,Q36,D,0.0
WBSSC_SLST_0133,WB_CENTRE_SIL_02,HALL_02,9,Q37,D,0.0
WBSSC_SLST_0133,WB_CENTRE_SIL_02,HALL_02,9,Q38,D,0.0
WBSSC_SLST_0133,WB_CENTRE_SIL_02,HALL_02,9,Q39,A,0.0
WBSSC_SLST_0133,WB_CENTRE_SIL_02,HALL_02,9,Q40,C,0.0
WBSSC_SLST_0133,WB_CENTRE_SIL_02,HALL_02,9,Q41,D,0.0
WBSSC_SLST_0133,WB_CENTRE_SIL_02,HALL_02,9,Q42,C,0.0
WBSSC_SLST_0133,WB_CENTRE_SIL_02,HALL_02,9,Q43,C,0.0
WBSSC_SLST_0133,WB_CENTRE_SIL_02,HALL_02,9,Q44,D,0.0
WBSSC_SLST_0133,WB_CENTRE_SIL_02,HALL_02,9,Q45,D,0.0
WBSSC_SLST_0133,WB_CENTRE_SIL_02,HALL_02,9,Q46,D,0.0
WBSSC_SLST_0133,WB_CENTRE_SIL_02,HALL_02,9,Q47,A,0.0
WBSSC_SLST_0133,WB_CENTRE_SIL_02,HALL_02,9,Q48,A,0.0
WBSSC_SLST_0133,WB_CENTRE_SIL_02,HALL_02,9,Q49,C,0.0
WBSSC_SLST_0133,WB_CENTRE_SIL_02,HALL_02,9,Q50,A,0.0
WBSSC_SLST_0133,WB_CENTRE_SIL_02,HALL_02,9,Q51,A,0.0
WBSSC_SLST_0133,WB_CENTRE_SIL_02,HALL_02,9,Q52,D,0.0
WBSSC_SLST_0133,WB_CENTRE_SIL_02,HALL_02,9,Q53,A,0.0
WBSSC_SLST_0133,WB_CENTRE_SIL_02,HALL_02,9,Q54,D,0.0
WBSSC_SLST_0133,WB_CENTRE_SIL_02,HALL_02,9,Q55,A,0.0
WBSSC_SLST_0133,WB_CENTRE_SIL_02,HALL_02,9,Q56,C,0.0
WBSSC_SLST_0133,WB_CENTRE_SIL_02,HALL_02,9,Q57,C,0.0
WBSSC_SLST_0133,WB_CENTRE_SIL_02,HALL_02,9,Q58,C,0.0
WBSSC_SLST_0133,WB_CENTRE_SIL_02,HALL_02,9,Q59,C,0.0
WBSSC_SLST_0133,WB_CENTRE_SIL_02,HALL_02,9,Q60,D,0.0
WBSSC_SLST_0134,WB_CENTRE_SIL_02,HALL_03,10,Q01,B,1.0
WBSSC_SLST_0134,WB_CENTRE_SIL_02,HALL_03,10,Q02,B,1.0
WBSSC_SLST_0134,WB_CENTRE_SIL_02,HALL_03,10,Q03,B,1.0
WBSSC_SLST_0134,WB_CENTRE_SIL_02,HALL_03,10,Q04,B,1.0
WBSSC_SLST_0134,WB_CENTRE_SIL_02,HALL_03,10,Q05,B,1.0
WBSSC_SLST_0134,WB_CENTRE_SIL_02,HALL_03,10,Q06,B,1.0
WBSSC_SLST_0134,WB_CENTRE_SIL_02,HALL_03,10,Q07,B,1.0
WBSSC_SLST_0134,WB_CENTRE_SIL_02,HALL_03,10,Q08,B,1.0
WBSSC_SLST_0134,WB_CENTRE_SIL_02,HALL_03,10,Q09,B,1.0
WBSSC_SLST_0134,WB_CENTRE_SIL_02,HALL_03,10,Q10,B,1.0
WBSSC_SLST_0134,WB_CENTRE_SIL_02,HALL_03,10,Q11,B,1.0
WBSSC_SLST_0134,WB_CENTRE_SIL_02,HALL_03,10,Q12,B,1.0
WBSSC_SLST_0134,WB_CENTRE_SIL_02,HALL_03,10,Q13,B,1.0
WBSSC_SLST_0134,WB_CENTRE_SIL_02,HALL_03,10,Q14,B,1.0
WBSSC_SLST_0134,WB_CENTRE_SIL_02,HALL_03,10,Q15,B,1.0
WBSSC_SLST_0134,WB_CENTRE_SIL_02,HALL_03,10,Q16,B,1.0
WBSSC_SLST_0134,WB_CENTRE_SIL_02,HALL_03,10,Q17,B,1.0
WBSSC_SLST_0134,WB_CENTRE_SIL_02,HALL_03,10,Q18,B,1.0
WBSSC_SLST_0134,WB_CENTRE_SIL_02,HALL_03,10,Q19,B,1.0
WBSSC_SLST_0134,WB_CENTRE_SIL_02,HALL_03,10,Q20,B,1.0
WBSSC_SLST_0134,WB_CENTRE_SIL_02,HALL_03,10,Q21,B,1.0
WBSSC_SLST_0134,WB_CENTRE_SIL_02,HALL_03,10,Q22,B,1.0
WBSSC_SLST_0134,WB_CENTRE_SIL_02,HALL_03,10,Q23,B,1.0
WBSSC_SLST_0134,WB_CENTRE_SIL_02,HALL_03,10,Q24,D,0.0
WBSSC_SLST_0134,WB_CENTRE_SIL_02,HALL_03,10,Q25,C,0.0
WBSSC_SLST_0134,WB_CENTRE_SIL_02,HALL_03,10,Q26,D,0.0
WBSSC_SLST_0134,WB_CENTRE_SIL_02,HALL_03,10,Q27,D,0.0
WBSSC_SLST_0134,WB_CENTRE_SIL_02,HALL_03,10,Q28,D,0.0
WBSSC_SLST_0134,WB_CENTRE_SIL_02,HALL_03,10,Q29,C,0.0
WBSSC_SLST_0134,WB_CENTRE_SIL_02,HALL_03,10,Q30,D,0.0
WBSSC_SLST_0134,WB_CENTRE_SIL_02,HALL_03,10,Q31,C,0.0
WBSSC_SLST_0134,WB_CENTRE_SIL_02,HALL_03,10,Q32,C,0.0
WBSSC_SLST_0134,WB_CENTRE_SIL_02,HALL_03,10,Q33,A,0.0
WBSSC_SLST_0134,WB_CENTRE_SIL_02,HALL_03,10,Q34,D,0.0
WBSSC_SLST_0134,WB_CENTRE_SIL_02,HALL_03,10,Q35,C,0.0
WBSSC_SLST_0134,WB_CENTRE_SIL_02,HALL_03,10,Q36,C,0.0
WBSSC_SLST_0134,WB_CENTRE_SIL_02,HALL_03,10,Q37,A,0.0
WBSSC_SLST_0134,WB_CENTRE_SIL_02,HALL_03,10,Q38,C,0.0
WBSSC_SLST_0134,WB_CENTRE_SIL_02,HALL_03,10,Q39,C,0.0
WBSSC_SLST_0134,WB_CENTRE_SIL_02,HALL_03,10,Q40,C,0.0
WBSSC_SLST_0134,WB_CENTRE_SIL_02,HALL_03,10,Q41,A,0.0
WBSSC_SLST_0134,WB_CENTRE_SIL_02,HALL_03,10,Q42,D,0.0
WBSSC_SLST_0134,WB_CENTRE_SIL_02,HALL_03,10,Q43,A,0.0
WBSSC_SLST_0134,WB_CENTRE_SIL_02,HALL_03,10,Q44,A,0.0
WBSSC_SLST_0134,WB_CENTRE_SIL_02,HALL_03,10,Q45,A,0.0
WBSSC_SLST_0134,WB_CENTRE_SIL_02,HALL_03,10,Q46,D,0.0
WBSSC_SLST_0134,WB_CENTRE_SIL_02,HALL_03,10,Q47,C,0.0
WBSSC_SLST_0134,WB_CENTRE_SIL_02,HALL_03,10,Q48,C,0.0
WBSSC_SLST_0134,WB_CENTRE_SIL_02,HALL_03,10,Q49,A,0.0
WBSSC_SLST_0134,WB_CENTRE_SIL_02,HALL_03,10,Q50,C,0.0
WBSSC_SLST_0134,WB_CENTRE_SIL_02,HALL_03,10,Q51,A,0.0
WBSSC_SLST_0134,WB_CENTRE_SIL_02,HALL_03,10,Q52,D,0.0
WBSSC_SLST_0134,WB_CENTRE_SIL_02,HALL_03,10,Q53,C,0.0
WBSSC_SLST_0134,WB_CENTRE_SIL_02,HALL_03,10,Q54,C,0.0
WBSSC_SLST_0134,WB_CENTRE_SIL_02,HALL_03,10,Q55,D,0.0
WBSSC_SLST_0134,WB_CENTRE_SIL_02,HALL_03,10,Q56,C,0.0
WBSSC_SLST_0134,WB_CENTRE_SIL_02,HALL_03,10,Q57,C,0.0
WBSSC_SLST_0134,WB_CENTRE_SIL_02,HALL_03,10,Q58,C,0.0
WBSSC_SLST_0134,WB_CENTRE_SIL_02,HALL_03,10,Q59,D,0.0
WBSSC_SLST_0134,WB_CENTRE_SIL_02,HALL_03,10,Q60,C,0.0
WBSSC_SLST_0135,WB_CENTRE_SIL_02,HALL_04,11,Q01,B,1.0
WBSSC_SLST_0135,WB_CENTRE_SIL_02,HALL_04,11,Q02,B,1.0
WBSSC_SLST_0135,WB_CENTRE_SIL_02,HALL_04,11,Q03,B,1.0
WBSSC_SLST_0135,WB_CENTRE_SIL_02,HALL_04,11,Q04,B,1.0
WBSSC_SLST_0135,WB_CENTRE_SIL_02,HALL_04,11,Q05,B,1.0
WBSSC_SLST_0135,WB_CENTRE_SIL_02,HALL_04,11,Q06,B,1.0
WBSSC_SLST_0135,WB_CENTRE_SIL_02,HALL_04,11,Q07,B,1.0
WBSSC_SLST_0135,WB_CENTRE_SIL_02,HALL_04,11,Q08,B,1.0
WBSSC_SLST_0135,WB_CENTRE_SIL_02,HALL_04,11,Q09,B,1.0
WBSSC_SLST_0135,WB_CENTRE_SIL_02,HALL_04,11,Q10,B,1.0
WBSSC_SLST_0135,WB_CENTRE_SIL_02,HALL_04,11,Q11,B,1.0
WBSSC_SLST_0135,WB_CENTRE_SIL_02,HALL_04,11,Q12,B,1.0
WBSSC_SLST_0135,WB_CENTRE_SIL_02,HALL_04,11,Q13,B,1.0
WBSSC_SLST_0135,WB_CENTRE_SIL_02,HALL_04,11,Q14,B,1.0
WBSSC_SLST_0135,WB_CENTRE_SIL_02,HALL_04,11,Q15,B,1.0
WBSSC_SLST_0135,WB_CENTRE_SIL_02,HALL_04,11,Q16,B,1.0
WBSSC_SLST_0135,WB_CENTRE_SIL_02,HALL_04,11,Q17,B,1.0
WBSSC_SLST_0135,WB_CENTRE_SIL_02,HALL_04,11,Q18,B,1.0
WBSSC_SLST_0135,WB_CENTRE_SIL_02,HALL_04,11,Q19,B,1.0
WBSSC_SLST_0135,WB_CENTRE_SIL_02,HALL_04,11,Q20,B,1.0
WBSSC_SLST_0135,WB_CENTRE_SIL_02,HALL_04,11,Q21,B,1.0
WBSSC_SLST_0135,WB_CENTRE_SIL_02,HALL_04,11,Q22,B,1.0
WBSSC_SLST_0135,WB_CENTRE_SIL_02,HALL_04,11,Q23,B,1.0
WBSSC_SLST_0135,WB_CENTRE_SIL_02,HALL_04,11,Q24,B,1.0
WBSSC_SLST_0135,WB_CENTRE_SIL_02,HALL_04,11,Q25,B,1.0
WBSSC_SLST_0135,WB_CENTRE_SIL_02,HALL_04,11,Q26,B,1.0
WBSSC_SLST_0135,WB_CENTRE_SIL_02,HALL_04,11,Q27,B,1.0
WBSSC_SLST_0135,WB_CENTRE_SIL_02,HALL_04,11,Q28,B,1.0
WBSSC_SLST_0135,WB_CENTRE_SIL_02,HALL_04,11,Q29,C,0.0
WBSSC_SLST_0135,WB_CENTRE_SIL_02,HALL_04,11,Q30,C,0.0
WBSSC_SLST_0135,WB_CENTRE_SIL_02,HALL_04,11,Q31,C,0.0
WBSSC_SLST_0135,WB_CENTRE_SIL_02,HALL_04,11,Q32,A,0.0
WBSSC_SLST_0135,WB_CENTRE_SIL_02,HALL_04,11,Q33,C,0.0
WBSSC_SLST_0135,WB_CENTRE_SIL_02,HALL_04,11,Q34,A,0.0
WBSSC_SLST_0135,WB_CENTRE_SIL_02,HALL_04,11,Q35,D,0.0
WBSSC_SLST_0135,WB_CENTRE_SIL_02,HALL_04,11,Q36,C,0.0
WBSSC_SLST_0135,WB_CENTRE_SIL_02,HALL_04,11,Q37,D,0.0
WBSSC_SLST_0135,WB_CENTRE_SIL_02,HALL_04,11,Q38,C,0.0
WBSSC_SLST_0135,WB_CENTRE_SIL_02,HALL_04,11,Q39,A,0.0
WBSSC_SLST_0135,WB_CENTRE_SIL_02,HALL_04,11,Q40,D,0.0
WBSSC_SLST_0135,WB_CENTRE_SIL_02,HALL_04,11,Q41,A,0.0
WBSSC_SLST_0135,WB_CENTRE_SIL_02,HALL_04,11,Q42,D,0.0
WBSSC_SLST_0135,WB_CENTRE_SIL_02,HALL_04,11,Q43,C,0.0
WBSSC_SLST_0135,WB_CENTRE_SIL_02,HALL_04,11,Q44,D,0.0
WBSSC_SLST_0135,WB_CENTRE_SIL_02,HALL_04,11,Q45,C,0.0
WBSSC_SLST_0135,WB_CENTRE_SIL_02,HALL_04,11,Q46,A,0.0
WBSSC_SLST_0135,WB_CENTRE_SIL_02,HALL_04,11,Q47,D,0.0
WBSSC_SLST_0135,WB_CENTRE_SIL_02,HALL_04,11,Q48,C,0.0
WBSSC_SLST_0135,WB_CENTRE_SIL_02,HALL_04,11,Q49,C,0.0
WBSSC_SLST_0135,WB_CENTRE_SIL_02,HALL_04,11,Q50,A,0.0
WBSSC_SLST_0135,WB_CENTRE_SIL_02,HALL_04,11,Q51,D,0.0
WBSSC_SLST_0135,WB_CENTRE_SIL_02,HALL_04,11,Q52,D,0.0
WBSSC_SLST_0135,WB_CENTRE_SIL_02,HALL_04,11,Q53,A,0.0
WBSSC_SLST_0135,WB_CENTRE_SIL_02,HALL_04,11,Q54,C,0.0
WBSSC_SLST_0135,WB_CENTRE_SIL_02,HALL_04,11,Q55,D,0.0
WBSSC_SLST_0135,WB_CENTRE_SIL_02,HALL_04,11,Q56,D,0.0
WBSSC_SLST_0135,WB_CENTRE_SIL_02,HALL_04,11,Q57,A,0.0
WBSSC_SLST_0135,WB_CENTRE_SIL_02,HALL_04,11,Q58,D,0.0
WBSSC_SLST_0135,WB_CENTRE_SIL_02,HALL_04,11,Q59,D,0.0
WBSSC_SLST_0135,WB_CENTRE_SIL_02,HALL_04,11,Q60,D,0.0
WBSSC_SLST_0136,WB_CENTRE_SIL_02,HALL_01,12,Q01,B,1.0
WBSSC_SLST_0136,WB_CENTRE_SIL_02,HALL_01,12,Q02,B,1.0
WBSSC_SLST_0136,WB_CENTRE_SIL_02,HALL_01,12,Q03,B,1.0
WBSSC_SLST_0136,WB_CENTRE_SIL_02,HALL_01,12,Q04,B,1.0
WBSSC_SLST_0136,WB_CENTRE_SIL_02,HALL_01,12,Q05,B,1.0
WBSSC_SLST_0136,WB_CENTRE_SIL_02,HALL_01,12,Q06,B,1.0
WBSSC_SLST_0136,WB_CENTRE_SIL_02,HALL_01,12,Q07,B,1.0
WBSSC_SLST_0136,WB_CENTRE_SIL_02,HALL_01,12,Q08,B,1.0
WBSSC_SLST_0136,WB_CENTRE_SIL_02,HALL_01,12,Q09,B,1.0
WBSSC_SLST_0136,WB_CENTRE_SIL_02,HALL_01,12,Q10,B,1.0
WBSSC_SLST_0136,WB_CENTRE_SIL_02,HALL_01,12,Q11,B,1.0
WBSSC_SLST_0136,WB_CENTRE_SIL_02,HALL_01,12,Q12,B,1.0
WBSSC_SLST_0136,WB_CENTRE_SIL_02,HALL_01,12,Q13,B,1.0
WBSSC_SLST_0136,WB_CENTRE_SIL_02,HALL_01,12,Q14,B,1.0
WBSSC_SLST_0136,WB_CENTRE_SIL_02,HALL_01,12,Q15,B,1.0
WBSSC_SLST_0136,WB_CENTRE_SIL_02,HALL_01,12,Q16,B,1.0
WBSSC_SLST_0136,WB_CENTRE_SIL_02,HALL_01,12,Q17,B,1.0
WBSSC_SLST_0136,WB_CENTRE_SIL_02,HALL_01,12,Q18,B,1.0
WBSSC_SLST_0136,WB_CENTRE_SIL_02,HALL_01,12,Q19,B,1.0
WBSSC_SLST_0136,WB_CENTRE_SIL_02,HALL_01,12,Q20,B,1.0
WBSSC_SLST_0136,WB_CENTRE_SIL_02,HALL_01,12,Q21,B,1.0
WBSSC_SLST_0136,WB_CENTRE_SIL_02,HALL_01,12,Q22,B,1.0
WBSSC_SLST_0136,WB_CENTRE_SIL_02,HALL_01,12,Q23,B,1.0
WBSSC_SLST_0136,WB_CENTRE_SIL_02,HALL_01,12,Q24,B,1.0
WBSSC_SLST_0136,WB_CENTRE_SIL_02,HALL_01,12,Q25,B,1.0
WBSSC_SLST_0136,WB_CENTRE_SIL_02,HALL_01,12,Q26,B,1.0
WBSSC_SLST_0136,WB_CENTRE_SIL_02,HALL_01,12,Q27,B,1.0
WBSSC_SLST_0136,WB_CENTRE_SIL_02,HALL_01,12,Q28,B,1.0
WBSSC_SLST_0136,WB_CENTRE_SIL_02,HALL_01,12,Q29,B,1.0
WBSSC_SLST_0136,WB_CENTRE_SIL_02,HALL_01,12,Q30,B,1.0
WBSSC_SLST_0136,WB_CENTRE_SIL_02,HALL_01,12,Q31,B,1.0
WBSSC_SLST_0136,WB_CENTRE_SIL_02,HALL_01,12,Q32,B,1.0
WBSSC_SLST_0136,WB_CENTRE_SIL_02,HALL_01,12,Q33,B,1.0
WBSSC_SLST_0136,WB_CENTRE_SIL_02,HALL_01,12,Q34,D,0.0
WBSSC_SLST_0136,WB_CENTRE_SIL_02,HALL_01,12,Q35,C,0.0
WBSSC_SLST_0136,WB_CENTRE_SIL_02,HALL_01,12,Q36,C,0.0
WBSSC_SLST_0136,WB_CENTRE_SIL_02,HALL_01,12,Q37,A,0.0
WBSSC_SLST_0136,WB_CENTRE_SIL_02,HALL_01,12,Q38,C,0.0
WBSSC_SLST_0136,WB_CENTRE_SIL_02,HALL_01,12,Q39,D,0.0
WBSSC_SLST_0136,WB_CENTRE_SIL_02,HALL_01,12,Q40,C,0.0
WBSSC_SLST_0136,WB_CENTRE_SIL_02,HALL_01,12,Q41,A,0.0
WBSSC_SLST_0136,WB_CENTRE_SIL_02,HALL_01,12,Q42,A,0.0
WBSSC_SLST_0136,WB_CENTRE_SIL_02,HALL_01,12,Q43,D,0.0
WBSSC_SLST_0136,WB_CENTRE_SIL_02,HALL_01,12,Q44,D,0.0
WBSSC_SLST_0136,WB_CENTRE_SIL_02,HALL_01,12,Q45,A,0.0
WBSSC_SLST_0136,WB_CENTRE_SIL_02,HALL_01,12,Q46,D,0.0
WBSSC_SLST_0136,WB_CENTRE_SIL_02,HALL_01,12,Q47,A,0.0
WBSSC_SLST_0136,WB_CENTRE_SIL_02,HALL_01,12,Q48,C,0.0
WBSSC_SLST_0136,WB_CENTRE_SIL_02,HALL_01,12,Q49,C,0.0
WBSSC_SLST_0136,WB_CENTRE_SIL_02,HALL_01,12,Q50,D,0.0
WBSSC_SLST_0136,WB_CENTRE_SIL_02,HALL_01,12,Q51,D,0.0
WBSSC_SLST_0136,WB_CENTRE_SIL_02,HALL_01,12,Q52,D,0.0
WBSSC_SLST_0136,WB_CENTRE_SIL_02,HALL_01,12,Q53,D,0.0
WBSSC_SLST_0136,WB_CENTRE_SIL_02,HALL_01,12,Q54,C,0.0
WBSSC_SLST_0136,WB_CENTRE_SIL_02,HALL_01,12,Q55,A,0.0
WBSSC_SLST_0136,WB_CENTRE_SIL_02,HALL_01,12,Q56,A,0.0
WBSSC_SLST_0136,WB_CENTRE_SIL_02,HALL_01,12,Q57,A,0.0
WBSSC_SLST_0136,WB_CENTRE_SIL_02,HALL_01,12,Q58,A,0.0
WBSSC_SLST_0136,WB_CENTRE_SIL_02,HALL_01,12,Q59,A,0.0
WBSSC_SLST_0136,WB_CENTRE_SIL_02,HALL_01,12,Q60,A,0.0
WBSSC_SLST_0137,WB_CENTRE_SIL_02,HALL_02,13,Q01,B,1.0
WBSSC_SLST_0137,WB_CENTRE_SIL_02,HALL_02,13,Q02,B,1.0
WBSSC_SLST_0137,WB_CENTRE_SIL_02,HALL_02,13,Q03,B,1.0
WBSSC_SLST_0137,WB_CENTRE_SIL_02,HALL_02,13,Q04,B,1.0
WBSSC_SLST_0137,WB_CENTRE_SIL_02,HALL_02,13,Q05,B,1.0
WBSSC_SLST_0137,WB_CENTRE_SIL_02,HALL_02,13,Q06,B,1.0
WBSSC_SLST_0137,WB_CENTRE_SIL_02,HALL_02,13,Q07,B,1.0
WBSSC_SLST_0137,WB_CENTRE_SIL_02,HALL_02,13,Q08,B,1.0
WBSSC_SLST_0137,WB_CENTRE_SIL_02,HALL_02,13,Q09,B,1.0
WBSSC_SLST_0137,WB_CENTRE_SIL_02,HALL_02,13,Q10,B,1.0
WBSSC_SLST_0137,WB_CENTRE_SIL_02,HALL_02,13,Q11,B,1.0
WBSSC_SLST_0137,WB_CENTRE_SIL_02,HALL_02,13,Q12,B,1.0
WBSSC_SLST_0137,WB_CENTRE_SIL_02,HALL_02,13,Q13,B,1.0
WBSSC_SLST_0137,WB_CENTRE_SIL_02,HALL_02,13,Q14,B,1.0
WBSSC_SLST_0137,WB_CENTRE_SIL_02,HALL_02,13,Q15,B,1.0
WBSSC_SLST_0137,WB_CENTRE_SIL_02,HALL_02,13,Q16,B,1.0
WBSSC_SLST_0137,WB_CENTRE_SIL_02,HALL_02,13,Q17,B,1.0
WBSSC_SLST_0137,WB_CENTRE_SIL_02,HALL_02,13,Q18,B,1.0
WBSSC_SLST_0137,WB_CENTRE_SIL_02,HALL_02,13,Q19,B,1.0
WBSSC_SLST_0137,WB_CENTRE_SIL_02,HALL_02,13,Q20,B,1.0
WBSSC_SLST_0137,WB_CENTRE_SIL_02,HALL_02,13,Q21,B,1.0
WBSSC_SLST_0137,WB_CENTRE_SIL_02,HALL_02,13,Q22,B,1.0
WBSSC_SLST_0137,WB_CENTRE_SIL_02,HALL_02,13,Q23,B,1.0
WBSSC_SLST_0137,WB_CENTRE_SIL_02,HALL_02,13,Q24,B,1.0
WBSSC_SLST_0137,WB_CENTRE_SIL_02,HALL_02,13,Q25,B,1.0
WBSSC_SLST_0137,WB_CENTRE_SIL_02,HALL_02,13,Q26,B,1.0
WBSSC_SLST_0137,WB_CENTRE_SIL_02,HALL_02,13,Q27,B,1.0
WBSSC_SLST_0137,WB_CENTRE_SIL_02,HALL_02,13,Q28,B,1.0
WBSSC_SLST_0137,WB_CENTRE_SIL_02,HALL_02,13,Q29,B,1.0
WBSSC_SLST_0137,WB_CENTRE_SIL_02,HALL_02,13,Q30,B,1.0
WBSSC_SLST_0137,WB_CENTRE_SIL_02,HALL_02,13,Q31,B,1.0
WBSSC_SLST_0137,WB_CENTRE_SIL_02,HALL_02,13,Q32,B,1.0
WBSSC_SLST_0137,WB_CENTRE_SIL_02,HALL_02,13,Q33,B,1.0
WBSSC_SLST_0137,WB_CENTRE_SIL_02,HALL_02,13,Q34,B,1.0
WBSSC_SLST_0137,WB_CENTRE_SIL_02,HALL_02,13,Q35,B,1.0
WBSSC_SLST_0137,WB_CENTRE_SIL_02,HALL_02,13,Q36,B,1.0
WBSSC_SLST_0137,WB_CENTRE_SIL_02,HALL_02,13,Q37,B,1.0
WBSSC_SLST_0137,WB_CENTRE_SIL_02,HALL_02,13,Q38,B,1.0
WBSSC_SLST_0137,WB_CENTRE_SIL_02,HALL_02,13,Q39,B,1.0
WBSSC_SLST_0137,WB_CENTRE_SIL_02,HALL_02,13,Q40,B,1.0
WBSSC_SLST_0137,WB_CENTRE_SIL_02,HALL_02,13,Q41,B,1.0
WBSSC_SLST_0137,WB_CENTRE_SIL_02,HALL_02,13,Q42,B,1.0
WBSSC_SLST_0137,WB_CENTRE_SIL_02,HALL_02,13,Q43,B,1.0
WBSSC_SLST_0137,WB_CENTRE_SIL_02,HALL_02,13,Q44,B,1.0
WBSSC_SLST_0137,WB_CENTRE_SIL_02,HALL_02,13,Q45,B,1.0
WBSSC_SLST_0137,WB_CENTRE_SIL_02,HALL_02,13,Q46,A,0.0
WBSSC_SLST_0137,WB_CENTRE_SIL_02,HALL_02,13,Q47,C,0.0
WBSSC_SLST_0137,WB_CENTRE_SIL_02,HALL_02,13,Q48,A,0.0
WBSSC_SLST_0137,WB_CENTRE_SIL_02,HALL_02,13,Q49,C,0.0
WBSSC_SLST_0137,WB_CENTRE_SIL_02,HALL_02,13,Q50,A,0.0
WBSSC_SLST_0137,WB_CENTRE_SIL_02,HALL_02,13,Q51,D,0.0
WBSSC_SLST_0137,WB_CENTRE_SIL_02,HALL_02,13,Q52,A,0.0
WBSSC_SLST_0137,WB_CENTRE_SIL_02,HALL_02,13,Q53,D,0.0
WBSSC_SLST_0137,WB_CENTRE_SIL_02,HALL_02,13,Q54,C,0.0
WBSSC_SLST_0137,WB_CENTRE_SIL_02,HALL_02,13,Q55,D,0.0
WBSSC_SLST_0137,WB_CENTRE_SIL_02,HALL_02,13,Q56,C,0.0
WBSSC_SLST_0137,WB_CENTRE_SIL_02,HALL_02,13,Q57,A,0.0
WBSSC_SLST_0137,WB_CENTRE_SIL_02,HALL_02,13,Q58,C,0.0
WBSSC_SLST_0137,WB_CENTRE_SIL_02,HALL_02,13,Q59,A,0.0
WBSSC_SLST_0137,WB_CENTRE_SIL_02,HALL_02,13,Q60,D,0.0
WBSSC_SLST_0138,WB_CENTRE_SIL_02,HALL_03,14,Q01,B,1.0
WBSSC_SLST_0138,WB_CENTRE_SIL_02,HALL_03,14,Q02,B,1.0
WBSSC_SLST_0138,WB_CENTRE_SIL_02,HALL_03,14,Q03,B,1.0
WBSSC_SLST_0138,WB_CENTRE_SIL_02,HALL_03,14,Q04,B,1.0
WBSSC_SLST_0138,WB_CENTRE_SIL_02,HALL_03,14,Q05,B,1.0
WBSSC_SLST_0138,WB_CENTRE_SIL_02,HALL_03,14,Q06,B,1.0
WBSSC_SLST_0138,WB_CENTRE_SIL_02,HALL_03,14,Q07,B,1.0
WBSSC_SLST_0138,WB_CENTRE_SIL_02,HALL_03,14,Q08,B,1.0
WBSSC_SLST_0138,WB_CENTRE_SIL_02,HALL_03,14,Q09,B,1.0
WBSSC_SLST_0138,WB_CENTRE_SIL_02,HALL_03,14,Q10,B,1.0
WBSSC_SLST_0138,WB_CENTRE_SIL_02,HALL_03,14,Q11,B,1.0
WBSSC_SLST_0138,WB_CENTRE_SIL_02,HALL_03,14,Q12,B,1.0
WBSSC_SLST_0138,WB_CENTRE_SIL_02,HALL_03,14,Q13,B,1.0
WBSSC_SLST_0138,WB_CENTRE_SIL_02,HALL_03,14,Q14,B,1.0
WBSSC_SLST_0138,WB_CENTRE_SIL_02,HALL_03,14,Q15,B,1.0
WBSSC_SLST_0138,WB_CENTRE_SIL_02,HALL_03,14,Q16,B,1.0
WBSSC_SLST_0138,WB_CENTRE_SIL_02,HALL_03,14,Q17,B,1.0
WBSSC_SLST_0138,WB_CENTRE_SIL_02,HALL_03,14,Q18,B,1.0
WBSSC_SLST_0138,WB_CENTRE_SIL_02,HALL_03,14,Q19,B,1.0
WBSSC_SLST_0138,WB_CENTRE_SIL_02,HALL_03,14,Q20,B,1.0
WBSSC_SLST_0138,WB_CENTRE_SIL_02,HALL_03,14,Q21,B,1.0
WBSSC_SLST_0138,WB_CENTRE_SIL_02,HALL_03,14,Q22,B,1.0
WBSSC_SLST_0138,WB_CENTRE_SIL_02,HALL_03,14,Q23,B,1.0
WBSSC_SLST_0138,WB_CENTRE_SIL_02,HALL_03,14,Q24,B,1.0
WBSSC_SLST_0138,WB_CENTRE_SIL_02,HALL_03,14,Q25,B,1.0
WBSSC_SLST_0138,WB_CENTRE_SIL_02,HALL_03,14,Q26,B,1.0
WBSSC_SLST_0138,WB_CENTRE_SIL_02,HALL_03,14,Q27,D,0.0
WBSSC_SLST_0138,WB_CENTRE_SIL_02,HALL_03,14,Q28,C,0.0
WBSSC_SLST_0138,WB_CENTRE_SIL_02,HALL_03,14,Q29,A,0.0
WBSSC_SLST_0138,WB_CENTRE_SIL_02,HALL_03,14,Q30,D,0.0
WBSSC_SLST_0138,WB_CENTRE_SIL_02,HALL_03,14,Q31,A,0.0
WBSSC_SLST_0138,WB_CENTRE_SIL_02,HALL_03,14,Q32,A,0.0
WBSSC_SLST_0138,WB_CENTRE_SIL_02,HALL_03,14,Q33,C,0.0
WBSSC_SLST_0138,WB_CENTRE_SIL_02,HALL_03,14,Q34,A,0.0
WBSSC_SLST_0138,WB_CENTRE_SIL_02,HALL_03,14,Q35,C,0.0
WBSSC_SLST_0138,WB_CENTRE_SIL_02,HALL_03,14,Q36,A,0.0
WBSSC_SLST_0138,WB_CENTRE_SIL_02,HALL_03,14,Q37,C,0.0
WBSSC_SLST_0138,WB_CENTRE_SIL_02,HALL_03,14,Q38,C,0.0
WBSSC_SLST_0138,WB_CENTRE_SIL_02,HALL_03,14,Q39,A,0.0
WBSSC_SLST_0138,WB_CENTRE_SIL_02,HALL_03,14,Q40,C,0.0
WBSSC_SLST_0138,WB_CENTRE_SIL_02,HALL_03,14,Q41,C,0.0
WBSSC_SLST_0138,WB_CENTRE_SIL_02,HALL_03,14,Q42,C,0.0
WBSSC_SLST_0138,WB_CENTRE_SIL_02,HALL_03,14,Q43,A,0.0
WBSSC_SLST_0138,WB_CENTRE_SIL_02,HALL_03,14,Q44,D,0.0
WBSSC_SLST_0138,WB_CENTRE_SIL_02,HALL_03,14,Q45,A,0.0
WBSSC_SLST_0138,WB_CENTRE_SIL_02,HALL_03,14,Q46,A,0.0
WBSSC_SLST_0138,WB_CENTRE_SIL_02,HALL_03,14,Q47,A,0.0
WBSSC_SLST_0138,WB_CENTRE_SIL_02,HALL_03,14,Q48,D,0.0
WBSSC_SLST_0138,WB_CENTRE_SIL_02,HALL_03,14,Q49,D,0.0
WBSSC_SLST_0138,WB_CENTRE_SIL_02,HALL_03,14,Q50,A,0.0
WBSSC_SLST_0138,WB_CENTRE_SIL_02,HALL_03,14,Q51,D,0.0
WBSSC_SLST_0138,WB_CENTRE_SIL_02,HALL_03,14,Q52,C,0.0
WBSSC_SLST_0138,WB_CENTRE_SIL_02,HALL_03,14,Q53,A,0.0
WBSSC_SLST_0138,WB_CENTRE_SIL_02,HALL_03,14,Q54,D,0.0
WBSSC_SLST_0138,WB_CENTRE_SIL_02,HALL_03,14,Q55,A,0.0
WBSSC_SLST_0138,WB_CENTRE_SIL_02,HALL_03,14,Q56,A,0.0
WBSSC_SLST_0138,WB_CENTRE_SIL_02,HALL_03,14,Q57,D,0.0
WBSSC_SLST_0138,WB_CENTRE_SIL_02,HALL_03,14,Q58,D,0.0
WBSSC_SLST_0138,WB_CENTRE_SIL_02,HALL_03,14,Q59,A,0.0
WBSSC_SLST_0138,WB_CENTRE_SIL_02,HALL_03,14,Q60,D,0.0
WBSSC_SLST_0139,WB_CENTRE_SIL_02,HALL_04,15,Q01,B,1.0
WBSSC_SLST_0139,WB_CENTRE_SIL_02,HALL_04,15,Q02,B,1.0
WBSSC_SLST_0139,WB_CENTRE_SIL_02,HALL_04,15,Q03,B,1.0
WBSSC_SLST_0139,WB_CENTRE_SIL_02,HALL_04,15,Q04,B,1.0
WBSSC_SLST_0139,WB_CENTRE_SIL_02,HALL_04,15,Q05,B,1.0
WBSSC_SLST_0139,WB_CENTRE_SIL_02,HALL_04,15,Q06,B,1.0
WBSSC_SLST_0139,WB_CENTRE_SIL_02,HALL_04,15,Q07,B,1.0
WBSSC_SLST_0139,WB_CENTRE_SIL_02,HALL_04,15,Q08,B,1.0
WBSSC_SLST_0139,WB_CENTRE_SIL_02,HALL_04,15,Q09,B,1.0
WBSSC_SLST_0139,WB_CENTRE_SIL_02,HALL_04,15,Q10,B,1.0
WBSSC_SLST_0139,WB_CENTRE_SIL_02,HALL_04,15,Q11,B,1.0
WBSSC_SLST_0139,WB_CENTRE_SIL_02,HALL_04,15,Q12,B,1.0
WBSSC_SLST_0139,WB_CENTRE_SIL_02,HALL_04,15,Q13,B,1.0
WBSSC_SLST_0139,WB_CENTRE_SIL_02,HALL_04,15,Q14,B,1.0
WBSSC_SLST_0139,WB_CENTRE_SIL_02,HALL_04,15,Q15,B,1.0
WBSSC_SLST_0139,WB_CENTRE_SIL_02,HALL_04,15,Q16,B,1.0
WBSSC_SLST_0139,WB_CENTRE_SIL_02,HALL_04,15,Q17,B,1.0
WBSSC_SLST_0139,WB_CENTRE_SIL_02,HALL_04,15,Q18,B,1.0
WBSSC_SLST_0139,WB_CENTRE_SIL_02,HALL_04,15,Q19,B,1.0
WBSSC_SLST_0139,WB_CENTRE_SIL_02,HALL_04,15,Q20,B,1.0
WBSSC_SLST_0139,WB_CENTRE_SIL_02,HALL_04,15,Q21,B,1.0
WBSSC_SLST_0139,WB_CENTRE_SIL_02,HALL_04,15,Q22,B,1.0
WBSSC_SLST_0139,WB_CENTRE_SIL_02,HALL_04,15,Q23,B,1.0
WBSSC_SLST_0139,WB_CENTRE_SIL_02,HALL_04,15,Q24,B,1.0
WBSSC_SLST_0139,WB_CENTRE_SIL_02,HALL_04,15,Q25,B,1.0
WBSSC_SLST_0139,WB_CENTRE_SIL_02,HALL_04,15,Q26,B,1.0
WBSSC_SLST_0139,WB_CENTRE_SIL_02,HALL_04,15,Q27,B,1.0
WBSSC_SLST_0139,WB_CENTRE_SIL_02,HALL_04,15,Q28,B,1.0
WBSSC_SLST_0139,WB_CENTRE_SIL_02,HALL_04,15,Q29,B,1.0
WBSSC_SLST_0139,WB_CENTRE_SIL_02,HALL_04,15,Q30,B,1.0
WBSSC_SLST_0139,WB_CENTRE_SIL_02,HALL_04,15,Q31,B,1.0
WBSSC_SLST_0139,WB_CENTRE_SIL_02,HALL_04,15,Q32,D,0.0
WBSSC_SLST_0139,WB_CENTRE_SIL_02,HALL_04,15,Q33,A,0.0
WBSSC_SLST_0139,WB_CENTRE_SIL_02,HALL_04,15,Q34,D,0.0
WBSSC_SLST_0139,WB_CENTRE_SIL_02,HALL_04,15,Q35,C,0.0
WBSSC_SLST_0139,WB_CENTRE_SIL_02,HALL_04,15,Q36,D,0.0
WBSSC_SLST_0139,WB_CENTRE_SIL_02,HALL_04,15,Q37,D,0.0
WBSSC_SLST_0139,WB_CENTRE_SIL_02,HALL_04,15,Q38,D,0.0
WBSSC_SLST_0139,WB_CENTRE_SIL_02,HALL_04,15,Q39,A,0.0
WBSSC_SLST_0139,WB_CENTRE_SIL_02,HALL_04,15,Q40,D,0.0
WBSSC_SLST_0139,WB_CENTRE_SIL_02,HALL_04,15,Q41,D,0.0
WBSSC_SLST_0139,WB_CENTRE_SIL_02,HALL_04,15,Q42,C,0.0
WBSSC_SLST_0139,WB_CENTRE_SIL_02,HALL_04,15,Q43,A,0.0
WBSSC_SLST_0139,WB_CENTRE_SIL_02,HALL_04,15,Q44,C,0.0
WBSSC_SLST_0139,WB_CENTRE_SIL_02,HALL_04,15,Q45,A,0.0
WBSSC_SLST_0139,WB_CENTRE_SIL_02,HALL_04,15,Q46,D,0.0
WBSSC_SLST_0139,WB_CENTRE_SIL_02,HALL_04,15,Q47,A,0.0
WBSSC_SLST_0139,WB_CENTRE_SIL_02,HALL_04,15,Q48,A,0.0
WBSSC_SLST_0139,WB_CENTRE_SIL_02,HALL_04,15,Q49,D,0.0
WBSSC_SLST_0139,WB_CENTRE_SIL_02,HALL_04,15,Q50,A,0.0
WBSSC_SLST_0139,WB_CENTRE_SIL_02,HALL_04,15,Q51,C,0.0
WBSSC_SLST_0139,WB_CENTRE_SIL_02,HALL_04,15,Q52,C,0.0
WBSSC_SLST_0139,WB_CENTRE_SIL_02,HALL_04,15,Q53,D,0.0
WBSSC_SLST_0139,WB_CENTRE_SIL_02,HALL_04,15,Q54,D,0.0
WBSSC_SLST_0139,WB_CENTRE_SIL_02,HALL_04,15,Q55,C,0.0
WBSSC_SLST_0139,WB_CENTRE_SIL_02,HALL_04,15,Q56,C,0.0
WBSSC_SLST_0139,WB_CENTRE_SIL_02,HALL_04,15,Q57,A,0.0
WBSSC_SLST_0139,WB_CENTRE_SIL_02,HALL_04,15,Q58,A,0.0
WBSSC_SLST_0139,WB_CENTRE_SIL_02,HALL_04,15,Q59,D,0.0
WBSSC_SLST_0139,WB_CENTRE_SIL_02,HALL_04,15,Q60,D,0.0
WBSSC_SLST_0140,WB_CENTRE_SIL_02,HALL_01,16,Q01,B,1.0
WBSSC_SLST_0140,WB_CENTRE_SIL_02,HALL_01,16,Q02,B,1.0
WBSSC_SLST_0140,WB_CENTRE_SIL_02,HALL_01,16,Q03,B,1.0
WBSSC_SLST_0140,WB_CENTRE_SIL_02,HALL_01,16,Q04,B,1.0
WBSSC_SLST_0140,WB_CENTRE_SIL_02,HALL_01,16,Q05,B,1.0
WBSSC_SLST_0140,WB_CENTRE_SIL_02,HALL_01,16,Q06,B,1.0
WBSSC_SLST_0140,WB_CENTRE_SIL_02,HALL_01,16,Q07,B,1.0
WBSSC_SLST_0140,WB_CENTRE_SIL_02,HALL_01,16,Q08,B,1.0
WBSSC_SLST_0140,WB_CENTRE_SIL_02,HALL_01,16,Q09,B,1.0
WBSSC_SLST_0140,WB_CENTRE_SIL_02,HALL_01,16,Q10,B,1.0
WBSSC_SLST_0140,WB_CENTRE_SIL_02,HALL_01,16,Q11,B,1.0
WBSSC_SLST_0140,WB_CENTRE_SIL_02,HALL_01,16,Q12,B,1.0
WBSSC_SLST_0140,WB_CENTRE_SIL_02,HALL_01,16,Q13,B,1.0
WBSSC_SLST_0140,WB_CENTRE_SIL_02,HALL_01,16,Q14,B,1.0
WBSSC_SLST_0140,WB_CENTRE_SIL_02,HALL_01,16,Q15,B,1.0
WBSSC_SLST_0140,WB_CENTRE_SIL_02,HALL_01,16,Q16,B,1.0
WBSSC_SLST_0140,WB_CENTRE_SIL_02,HALL_01,16,Q17,B,1.0
WBSSC_SLST_0140,WB_CENTRE_SIL_02,HALL_01,16,Q18,B,1.0
WBSSC_SLST_0140,WB_CENTRE_SIL_02,HALL_01,16,Q19,B,1.0
WBSSC_SLST_0140,WB_CENTRE_SIL_02,HALL_01,16,Q20,B,1.0
WBSSC_SLST_0140,WB_CENTRE_SIL_02,HALL_01,16,Q21,B,1.0
WBSSC_SLST_0140,WB_CENTRE_SIL_02,HALL_01,16,Q22,B,1.0
WBSSC_SLST_0140,WB_CENTRE_SIL_02,HALL_01,16,Q23,B,1.0
WBSSC_SLST_0140,WB_CENTRE_SIL_02,HALL_01,16,Q24,B,1.0
WBSSC_SLST_0140,WB_CENTRE_SIL_02,HALL_01,16,Q25,B,1.0
WBSSC_SLST_0140,WB_CENTRE_SIL_02,HALL_01,16,Q26,B,1.0
WBSSC_SLST_0140,WB_CENTRE_SIL_02,HALL_01,16,Q27,B,1.0
WBSSC_SLST_0140,WB_CENTRE_SIL_02,HALL_01,16,Q28,B,1.0
WBSSC_SLST_0140,WB_CENTRE_SIL_02,HALL_01,16,Q29,B,1.0
WBSSC_SLST_0140,WB_CENTRE_SIL_02,HALL_01,16,Q30,B,1.0
WBSSC_SLST_0140,WB_CENTRE_SIL_02,HALL_01,16,Q31,B,1.0
WBSSC_SLST_0140,WB_CENTRE_SIL_02,HALL_01,16,Q32,B,1.0
WBSSC_SLST_0140,WB_CENTRE_SIL_02,HALL_01,16,Q33,B,1.0
WBSSC_SLST_0140,WB_CENTRE_SIL_02,HALL_01,16,Q34,B,1.0
WBSSC_SLST_0140,WB_CENTRE_SIL_02,HALL_01,16,Q35,B,1.0
WBSSC_SLST_0140,WB_CENTRE_SIL_02,HALL_01,16,Q36,B,1.0
WBSSC_SLST_0140,WB_CENTRE_SIL_02,HALL_01,16,Q37,A,0.0
WBSSC_SLST_0140,WB_CENTRE_SIL_02,HALL_01,16,Q38,D,0.0
WBSSC_SLST_0140,WB_CENTRE_SIL_02,HALL_01,16,Q39,C,0.0
WBSSC_SLST_0140,WB_CENTRE_SIL_02,HALL_01,16,Q40,C,0.0
WBSSC_SLST_0140,WB_CENTRE_SIL_02,HALL_01,16,Q41,A,0.0
WBSSC_SLST_0140,WB_CENTRE_SIL_02,HALL_01,16,Q42,D,0.0
WBSSC_SLST_0140,WB_CENTRE_SIL_02,HALL_01,16,Q43,D,0.0
WBSSC_SLST_0140,WB_CENTRE_SIL_02,HALL_01,16,Q44,A,0.0
WBSSC_SLST_0140,WB_CENTRE_SIL_02,HALL_01,16,Q45,D,0.0
WBSSC_SLST_0140,WB_CENTRE_SIL_02,HALL_01,16,Q46,C,0.0
WBSSC_SLST_0140,WB_CENTRE_SIL_02,HALL_01,16,Q47,D,0.0
WBSSC_SLST_0140,WB_CENTRE_SIL_02,HALL_01,16,Q48,A,0.0
WBSSC_SLST_0140,WB_CENTRE_SIL_02,HALL_01,16,Q49,A,0.0
WBSSC_SLST_0140,WB_CENTRE_SIL_02,HALL_01,16,Q50,A,0.0
WBSSC_SLST_0140,WB_CENTRE_SIL_02,HALL_01,16,Q51,C,0.0
WBSSC_SLST_0140,WB_CENTRE_SIL_02,HALL_01,16,Q52,C,0.0
WBSSC_SLST_0140,WB_CENTRE_SIL_02,HALL_01,16,Q53,D,0.0
WBSSC_SLST_0140,WB_CENTRE_SIL_02,HALL_01,16,Q54,D,0.0
WBSSC_SLST_0140,WB_CENTRE_SIL_02,HALL_01,16,Q55,A,0.0
WBSSC_SLST_0140,WB_CENTRE_SIL_02,HALL_01,16,Q56,A,0.0
WBSSC_SLST_0140,WB_CENTRE_SIL_02,HALL_01,16,Q57,A,0.0
WBSSC_SLST_0140,WB_CENTRE_SIL_02,HALL_01,16,Q58,D,0.0
WBSSC_SLST_0140,WB_CENTRE_SIL_02,HALL_01,16,Q59,D,0.0
WBSSC_SLST_0140,WB_CENTRE_SIL_02,HALL_01,16,Q60,D,0.0
WBSSC_SLST_0141,WB_CENTRE_SIL_02,HALL_02,17,Q01,B,1.0
WBSSC_SLST_0141,WB_CENTRE_SIL_02,HALL_02,17,Q02,B,1.0
WBSSC_SLST_0141,WB_CENTRE_SIL_02,HALL_02,17,Q03,B,1.0
WBSSC_SLST_0141,WB_CENTRE_SIL_02,HALL_02,17,Q04,B,1.0
WBSSC_SLST_0141,WB_CENTRE_SIL_02,HALL_02,17,Q05,B,1.0
WBSSC_SLST_0141,WB_CENTRE_SIL_02,HALL_02,17,Q06,B,1.0
WBSSC_SLST_0141,WB_CENTRE_SIL_02,HALL_02,17,Q07,B,1.0
WBSSC_SLST_0141,WB_CENTRE_SIL_02,HALL_02,17,Q08,B,1.0
WBSSC_SLST_0141,WB_CENTRE_SIL_02,HALL_02,17,Q09,B,1.0
WBSSC_SLST_0141,WB_CENTRE_SIL_02,HALL_02,17,Q10,B,1.0
WBSSC_SLST_0141,WB_CENTRE_SIL_02,HALL_02,17,Q11,B,1.0
WBSSC_SLST_0141,WB_CENTRE_SIL_02,HALL_02,17,Q12,B,1.0
WBSSC_SLST_0141,WB_CENTRE_SIL_02,HALL_02,17,Q13,B,1.0
WBSSC_SLST_0141,WB_CENTRE_SIL_02,HALL_02,17,Q14,B,1.0
WBSSC_SLST_0141,WB_CENTRE_SIL_02,HALL_02,17,Q15,B,1.0
WBSSC_SLST_0141,WB_CENTRE_SIL_02,HALL_02,17,Q16,B,1.0
WBSSC_SLST_0141,WB_CENTRE_SIL_02,HALL_02,17,Q17,B,1.0
WBSSC_SLST_0141,WB_CENTRE_SIL_02,HALL_02,17,Q18,B,1.0
WBSSC_SLST_0141,WB_CENTRE_SIL_02,HALL_02,17,Q19,B,1.0
WBSSC_SLST_0141,WB_CENTRE_SIL_02,HALL_02,17,Q20,B,1.0
WBSSC_SLST_0141,WB_CENTRE_SIL_02,HALL_02,17,Q21,B,1.0
WBSSC_SLST_0141,WB_CENTRE_SIL_02,HALL_02,17,Q22,B,1.0
WBSSC_SLST_0141,WB_CENTRE_SIL_02,HALL_02,17,Q23,B,1.0
WBSSC_SLST_0141,WB_CENTRE_SIL_02,HALL_02,17,Q24,B,1.0
WBSSC_SLST_0141,WB_CENTRE_SIL_02,HALL_02,17,Q25,A,0.0
WBSSC_SLST_0141,WB_CENTRE_SIL_02,HALL_02,17,Q26,D,0.0
WBSSC_SLST_0141,WB_CENTRE_SIL_02,HALL_02,17,Q27,D,0.0
WBSSC_SLST_0141,WB_CENTRE_SIL_02,HALL_02,17,Q28,C,0.0
WBSSC_SLST_0141,WB_CENTRE_SIL_02,HALL_02,17,Q29,C,0.0
WBSSC_SLST_0141,WB_CENTRE_SIL_02,HALL_02,17,Q30,A,0.0
WBSSC_SLST_0141,WB_CENTRE_SIL_02,HALL_02,17,Q31,A,0.0
WBSSC_SLST_0141,WB_CENTRE_SIL_02,HALL_02,17,Q32,D,0.0
WBSSC_SLST_0141,WB_CENTRE_SIL_02,HALL_02,17,Q33,C,0.0
WBSSC_SLST_0141,WB_CENTRE_SIL_02,HALL_02,17,Q34,C,0.0
WBSSC_SLST_0141,WB_CENTRE_SIL_02,HALL_02,17,Q35,A,0.0
WBSSC_SLST_0141,WB_CENTRE_SIL_02,HALL_02,17,Q36,C,0.0
WBSSC_SLST_0141,WB_CENTRE_SIL_02,HALL_02,17,Q37,A,0.0
WBSSC_SLST_0141,WB_CENTRE_SIL_02,HALL_02,17,Q38,A,0.0
WBSSC_SLST_0141,WB_CENTRE_SIL_02,HALL_02,17,Q39,D,0.0
WBSSC_SLST_0141,WB_CENTRE_SIL_02,HALL_02,17,Q40,C,0.0
WBSSC_SLST_0141,WB_CENTRE_SIL_02,HALL_02,17,Q41,D,0.0
WBSSC_SLST_0141,WB_CENTRE_SIL_02,HALL_02,17,Q42,C,0.0
WBSSC_SLST_0141,WB_CENTRE_SIL_02,HALL_02,17,Q43,A,0.0
WBSSC_SLST_0141,WB_CENTRE_SIL_02,HALL_02,17,Q44,C,0.0
WBSSC_SLST_0141,WB_CENTRE_SIL_02,HALL_02,17,Q45,C,0.0
WBSSC_SLST_0141,WB_CENTRE_SIL_02,HALL_02,17,Q46,C,0.0
WBSSC_SLST_0141,WB_CENTRE_SIL_02,HALL_02,17,Q47,A,0.0
WBSSC_SLST_0141,WB_CENTRE_SIL_02,HALL_02,17,Q48,D,0.0
WBSSC_SLST_0141,WB_CENTRE_SIL_02,HALL_02,17,Q49,A,0.0
WBSSC_SLST_0141,WB_CENTRE_SIL_02,HALL_02,17,Q50,D,0.0
WBSSC_SLST_0141,WB_CENTRE_SIL_02,HALL_02,17,Q51,C,0.0
WBSSC_SLST_0141,WB_CENTRE_SIL_02,HALL_02,17,Q52,C,0.0
WBSSC_SLST_0141,WB_CENTRE_SIL_02,HALL_02,17,Q53,D,0.0
WBSSC_SLST_0141,WB_CENTRE_SIL_02,HALL_02,17,Q54,C,0.0
WBSSC_SLST_0141,WB_CENTRE_SIL_02,HALL_02,17,Q55,D,0.0
WBSSC_SLST_0141,WB_CENTRE_SIL_02,HALL_02,17,Q56,C,0.0
WBSSC_SLST_0141,WB_CENTRE_SIL_02,HALL_02,17,Q57,C,0.0
WBSSC_SLST_0141,WB_CENTRE_SIL_02,HALL_02,17,Q58,C,0.0
WBSSC_SLST_0141,WB_CENTRE_SIL_02,HALL_02,17,Q59,D,0.0
WBSSC_SLST_0141,WB_CENTRE_SIL_02,HALL_02,17,Q60,C,0.0
WBSSC_SLST_0142,WB_CENTRE_SIL_02,HALL_03,18,Q01,B,1.0
WBSSC_SLST_0142,WB_CENTRE_SIL_02,HALL_03,18,Q02,B,1.0
WBSSC_SLST_0142,WB_CENTRE_SIL_02,HALL_03,18,Q03,B,1.0
WBSSC_SLST_0142,WB_CENTRE_SIL_02,HALL_03,18,Q04,B,1.0
WBSSC_SLST_0142,WB_CENTRE_SIL_02,HALL_03,18,Q05,B,1.0
WBSSC_SLST_0142,WB_CENTRE_SIL_02,HALL_03,18,Q06,B,1.0
WBSSC_SLST_0142,WB_CENTRE_SIL_02,HALL_03,18,Q07,B,1.0
WBSSC_SLST_0142,WB_CENTRE_SIL_02,HALL_03,18,Q08,B,1.0
WBSSC_SLST_0142,WB_CENTRE_SIL_02,HALL_03,18,Q09,B,1.0
WBSSC_SLST_0142,WB_CENTRE_SIL_02,HALL_03,18,Q10,B,1.0
WBSSC_SLST_0142,WB_CENTRE_SIL_02,HALL_03,18,Q11,B,1.0
WBSSC_SLST_0142,WB_CENTRE_SIL_02,HALL_03,18,Q12,B,1.0
WBSSC_SLST_0142,WB_CENTRE_SIL_02,HALL_03,18,Q13,B,1.0
WBSSC_SLST_0142,WB_CENTRE_SIL_02,HALL_03,18,Q14,B,1.0
WBSSC_SLST_0142,WB_CENTRE_SIL_02,HALL_03,18,Q15,B,1.0
WBSSC_SLST_0142,WB_CENTRE_SIL_02,HALL_03,18,Q16,B,1.0
WBSSC_SLST_0142,WB_CENTRE_SIL_02,HALL_03,18,Q17,B,1.0
WBSSC_SLST_0142,WB_CENTRE_SIL_02,HALL_03,18,Q18,B,1.0
WBSSC_SLST_0142,WB_CENTRE_SIL_02,HALL_03,18,Q19,B,1.0
WBSSC_SLST_0142,WB_CENTRE_SIL_02,HALL_03,18,Q20,B,1.0
WBSSC_SLST_0142,WB_CENTRE_SIL_02,HALL_03,18,Q21,B,1.0
WBSSC_SLST_0142,WB_CENTRE_SIL_02,HALL_03,18,Q22,B,1.0
WBSSC_SLST_0142,WB_CENTRE_SIL_02,HALL_03,18,Q23,B,1.0
WBSSC_SLST_0142,WB_CENTRE_SIL_02,HALL_03,18,Q24,B,1.0
WBSSC_SLST_0142,WB_CENTRE_SIL_02,HALL_03,18,Q25,B,1.0
WBSSC_SLST_0142,WB_CENTRE_SIL_02,HALL_03,18,Q26,B,1.0
WBSSC_SLST_0142,WB_CENTRE_SIL_02,HALL_03,18,Q27,B,1.0
WBSSC_SLST_0142,WB_CENTRE_SIL_02,HALL_03,18,Q28,B,1.0
WBSSC_SLST_0142,WB_CENTRE_SIL_02,HALL_03,18,Q29,B,1.0
WBSSC_SLST_0142,WB_CENTRE_SIL_02,HALL_03,18,Q30,A,0.0
WBSSC_SLST_0142,WB_CENTRE_SIL_02,HALL_03,18,Q31,A,0.0
WBSSC_SLST_0142,WB_CENTRE_SIL_02,HALL_03,18,Q32,D,0.0
WBSSC_SLST_0142,WB_CENTRE_SIL_02,HALL_03,18,Q33,C,0.0
WBSSC_SLST_0142,WB_CENTRE_SIL_02,HALL_03,18,Q34,C,0.0
WBSSC_SLST_0142,WB_CENTRE_SIL_02,HALL_03,18,Q35,A,0.0
WBSSC_SLST_0142,WB_CENTRE_SIL_02,HALL_03,18,Q36,D,0.0
WBSSC_SLST_0142,WB_CENTRE_SIL_02,HALL_03,18,Q37,D,0.0
WBSSC_SLST_0142,WB_CENTRE_SIL_02,HALL_03,18,Q38,A,0.0
WBSSC_SLST_0142,WB_CENTRE_SIL_02,HALL_03,18,Q39,D,0.0
WBSSC_SLST_0142,WB_CENTRE_SIL_02,HALL_03,18,Q40,A,0.0
WBSSC_SLST_0142,WB_CENTRE_SIL_02,HALL_03,18,Q41,D,0.0
WBSSC_SLST_0142,WB_CENTRE_SIL_02,HALL_03,18,Q42,D,0.0
WBSSC_SLST_0142,WB_CENTRE_SIL_02,HALL_03,18,Q43,D,0.0
WBSSC_SLST_0142,WB_CENTRE_SIL_02,HALL_03,18,Q44,C,0.0
WBSSC_SLST_0142,WB_CENTRE_SIL_02,HALL_03,18,Q45,C,0.0
WBSSC_SLST_0142,WB_CENTRE_SIL_02,HALL_03,18,Q46,C,0.0
WBSSC_SLST_0142,WB_CENTRE_SIL_02,HALL_03,18,Q47,D,0.0
WBSSC_SLST_0142,WB_CENTRE_SIL_02,HALL_03,18,Q48,D,0.0
WBSSC_SLST_0142,WB_CENTRE_SIL_02,HALL_03,18,Q49,D,0.0
WBSSC_SLST_0142,WB_CENTRE_SIL_02,HALL_03,18,Q50,D,0.0
WBSSC_SLST_0142,WB_CENTRE_SIL_02,HALL_03,18,Q51,A,0.0
WBSSC_SLST_0142,WB_CENTRE_SIL_02,HALL_03,18,Q52,D,0.0
WBSSC_SLST_0142,WB_CENTRE_SIL_02,HALL_03,18,Q53,A,0.0
WBSSC_SLST_0142,WB_CENTRE_SIL_02,HALL_03,18,Q54,D,0.0
WBSSC_SLST_0142,WB_CENTRE_SIL_02,HALL_03,18,Q55,A,0.0
WBSSC_SLST_0142,WB_CENTRE_SIL_02,HALL_03,18,Q56,D,0.0
WBSSC_SLST_0142,WB_CENTRE_SIL_02,HALL_03,18,Q57,A,0.0
WBSSC_SLST_0142,WB_CENTRE_SIL_02,HALL_03,18,Q58,D,0.0
WBSSC_SLST_0142,WB_CENTRE_SIL_02,HALL_03,18,Q59,A,0.0
WBSSC_SLST_0142,WB_CENTRE_SIL_02,HALL_03,18,Q60,A,0.0
WBSSC_SLST_0143,WB_CENTRE_SIL_02,HALL_04,19,Q01,B,1.0
WBSSC_SLST_0143,WB_CENTRE_SIL_02,HALL_04,19,Q02,B,1.0
WBSSC_SLST_0143,WB_CENTRE_SIL_02,HALL_04,19,Q03,B,1.0
WBSSC_SLST_0143,WB_CENTRE_SIL_02,HALL_04,19,Q04,B,1.0
WBSSC_SLST_0143,WB_CENTRE_SIL_02,HALL_04,19,Q05,B,1.0
WBSSC_SLST_0143,WB_CENTRE_SIL_02,HALL_04,19,Q06,B,1.0
WBSSC_SLST_0143,WB_CENTRE_SIL_02,HALL_04,19,Q07,B,1.0
WBSSC_SLST_0143,WB_CENTRE_SIL_02,HALL_04,19,Q08,B,1.0
WBSSC_SLST_0143,WB_CENTRE_SIL_02,HALL_04,19,Q09,B,1.0
WBSSC_SLST_0143,WB_CENTRE_SIL_02,HALL_04,19,Q10,B,1.0
WBSSC_SLST_0143,WB_CENTRE_SIL_02,HALL_04,19,Q11,B,1.0
WBSSC_SLST_0143,WB_CENTRE_SIL_02,HALL_04,19,Q12,B,1.0
WBSSC_SLST_0143,WB_CENTRE_SIL_02,HALL_04,19,Q13,B,1.0
WBSSC_SLST_0143,WB_CENTRE_SIL_02,HALL_04,19,Q14,B,1.0
WBSSC_SLST_0143,WB_CENTRE_SIL_02,HALL_04,19,Q15,B,1.0
WBSSC_SLST_0143,WB_CENTRE_SIL_02,HALL_04,19,Q16,B,1.0
WBSSC_SLST_0143,WB_CENTRE_SIL_02,HALL_04,19,Q17,B,1.0
WBSSC_SLST_0143,WB_CENTRE_SIL_02,HALL_04,19,Q18,B,1.0
WBSSC_SLST_0143,WB_CENTRE_SIL_02,HALL_04,19,Q19,B,1.0
WBSSC_SLST_0143,WB_CENTRE_SIL_02,HALL_04,19,Q20,B,1.0
WBSSC_SLST_0143,WB_CENTRE_SIL_02,HALL_04,19,Q21,B,1.0
WBSSC_SLST_0143,WB_CENTRE_SIL_02,HALL_04,19,Q22,B,1.0
WBSSC_SLST_0143,WB_CENTRE_SIL_02,HALL_04,19,Q23,B,1.0
WBSSC_SLST_0143,WB_CENTRE_SIL_02,HALL_04,19,Q24,B,1.0
WBSSC_SLST_0143,WB_CENTRE_SIL_02,HALL_04,19,Q25,B,1.0
WBSSC_SLST_0143,WB_CENTRE_SIL_02,HALL_04,19,Q26,B,1.0
WBSSC_SLST_0143,WB_CENTRE_SIL_02,HALL_04,19,Q27,B,1.0
WBSSC_SLST_0143,WB_CENTRE_SIL_02,HALL_04,19,Q28,B,1.0
WBSSC_SLST_0143,WB_CENTRE_SIL_02,HALL_04,19,Q29,B,1.0
WBSSC_SLST_0143,WB_CENTRE_SIL_02,HALL_04,19,Q30,B,1.0
WBSSC_SLST_0143,WB_CENTRE_SIL_02,HALL_04,19,Q31,B,1.0
WBSSC_SLST_0143,WB_CENTRE_SIL_02,HALL_04,19,Q32,B,1.0
WBSSC_SLST_0143,WB_CENTRE_SIL_02,HALL_04,19,Q33,B,1.0
WBSSC_SLST_0143,WB_CENTRE_SIL_02,HALL_04,19,Q34,B,1.0
WBSSC_SLST_0143,WB_CENTRE_SIL_02,HALL_04,19,Q35,D,0.0
WBSSC_SLST_0143,WB_CENTRE_SIL_02,HALL_04,19,Q36,A,0.0
WBSSC_SLST_0143,WB_CENTRE_SIL_02,HALL_04,19,Q37,A,0.0
WBSSC_SLST_0143,WB_CENTRE_SIL_02,HALL_04,19,Q38,C,0.0
WBSSC_SLST_0143,WB_CENTRE_SIL_02,HALL_04,19,Q39,D,0.0
WBSSC_SLST_0143,WB_CENTRE_SIL_02,HALL_04,19,Q40,A,0.0
WBSSC_SLST_0143,WB_CENTRE_SIL_02,HALL_04,19,Q41,C,0.0
WBSSC_SLST_0143,WB_CENTRE_SIL_02,HALL_04,19,Q42,D,0.0
WBSSC_SLST_0143,WB_CENTRE_SIL_02,HALL_04,19,Q43,D,0.0
WBSSC_SLST_0143,WB_CENTRE_SIL_02,HALL_04,19,Q44,C,0.0
WBSSC_SLST_0143,WB_CENTRE_SIL_02,HALL_04,19,Q45,D,0.0
WBSSC_SLST_0143,WB_CENTRE_SIL_02,HALL_04,19,Q46,A,0.0
WBSSC_SLST_0143,WB_CENTRE_SIL_02,HALL_04,19,Q47,A,0.0
WBSSC_SLST_0143,WB_CENTRE_SIL_02,HALL_04,19,Q48,A,0.0
WBSSC_SLST_0143,WB_CENTRE_SIL_02,HALL_04,19,Q49,A,0.0
WBSSC_SLST_0143,WB_CENTRE_SIL_02,HALL_04,19,Q50,C,0.0
WBSSC_SLST_0143,WB_CENTRE_SIL_02,HALL_04,19,Q51,A,0.0
WBSSC_SLST_0143,WB_CENTRE_SIL_02,HALL_04,19,Q52,A,0.0
WBSSC_SLST_0143,WB_CENTRE_SIL_02,HALL_04,19,Q53,C,0.0
WBSSC_SLST_0143,WB_CENTRE_SIL_02,HALL_04,19,Q54,D,0.0
WBSSC_SLST_0143,WB_CENTRE_SIL_02,HALL_04,19,Q55,A,0.0
WBSSC_SLST_0143,WB_CENTRE_SIL_02,HALL_04,19,Q56,D,0.0
WBSSC_SLST_0143,WB_CENTRE_SIL_02,HALL_04,19,Q57,D,0.0
WBSSC_SLST_0143,WB_CENTRE_SIL_02,HALL_04,19,Q58,A,0.0
WBSSC_SLST_0143,WB_CENTRE_SIL_02,HALL_04,19,Q59,A,0.0
WBSSC_SLST_0143,WB_CENTRE_SIL_02,HALL_04,19,Q60,C,0.0
WBSSC_SLST_0144,WB_CENTRE_SIL_02,HALL_01,20,Q01,B,1.0
WBSSC_SLST_0144,WB_CENTRE_SIL_02,HALL_01,20,Q02,B,1.0
WBSSC_SLST_0144,WB_CENTRE_SIL_02,HALL_01,20,Q03,B,1.0
WBSSC_SLST_0144,WB_CENTRE_SIL_02,HALL_01,20,Q04,B,1.0
WBSSC_SLST_0144,WB_CENTRE_SIL_02,HALL_01,20,Q05,B,1.0
WBSSC_SLST_0144,WB_CENTRE_SIL_02,HALL_01,20,Q06,B,1.0
WBSSC_SLST_0144,WB_CENTRE_SIL_02,HALL_01,20,Q07,B,1.0
WBSSC_SLST_0144,WB_CENTRE_SIL_02,HALL_01,20,Q08,B,1.0
WBSSC_SLST_0144,WB_CENTRE_SIL_02,HALL_01,20,Q09,B,1.0
WBSSC_SLST_0144,WB_CENTRE_SIL_02,HALL_01,20,Q10,B,1.0
WBSSC_SLST_0144,WB_CENTRE_SIL_02,HALL_01,20,Q11,B,1.0
WBSSC_SLST_0144,WB_CENTRE_SIL_02,HALL_01,20,Q12,B,1.0
WBSSC_SLST_0144,WB_CENTRE_SIL_02,HALL_01,20,Q13,B,1.0
WBSSC_SLST_0144,WB_CENTRE_SIL_02,HALL_01,20,Q14,B,1.0
WBSSC_SLST_0144,WB_CENTRE_SIL_02,HALL_01,20,Q15,B,1.0
WBSSC_SLST_0144,WB_CENTRE_SIL_02,HALL_01,20,Q16,B,1.0
WBSSC_SLST_0144,WB_CENTRE_SIL_02,HALL_01,20,Q17,B,1.0
WBSSC_SLST_0144,WB_CENTRE_SIL_02,HALL_01,20,Q18,B,1.0
WBSSC_SLST_0144,WB_CENTRE_SIL_02,HALL_01,20,Q19,B,1.0
WBSSC_SLST_0144,WB_CENTRE_SIL_02,HALL_01,20,Q20,B,1.0
WBSSC_SLST_0144,WB_CENTRE_SIL_02,HALL_01,20,Q21,B,1.0
WBSSC_SLST_0144,WB_CENTRE_SIL_02,HALL_01,20,Q22,B,1.0
WBSSC_SLST_0144,WB_CENTRE_SIL_02,HALL_01,20,Q23,C,0.0
WBSSC_SLST_0144,WB_CENTRE_SIL_02,HALL_01,20,Q24,A,0.0
WBSSC_SLST_0144,WB_CENTRE_SIL_02,HALL_01,20,Q25,C,0.0
WBSSC_SLST_0144,WB_CENTRE_SIL_02,HALL_01,20,Q26,D,0.0
WBSSC_SLST_0144,WB_CENTRE_SIL_02,HALL_01,20,Q27,A,0.0
WBSSC_SLST_0144,WB_CENTRE_SIL_02,HALL_01,20,Q28,C,0.0
WBSSC_SLST_0144,WB_CENTRE_SIL_02,HALL_01,20,Q29,C,0.0
WBSSC_SLST_0144,WB_CENTRE_SIL_02,HALL_01,20,Q30,D,0.0
WBSSC_SLST_0144,WB_CENTRE_SIL_02,HALL_01,20,Q31,A,0.0
WBSSC_SLST_0144,WB_CENTRE_SIL_02,HALL_01,20,Q32,C,0.0
WBSSC_SLST_0144,WB_CENTRE_SIL_02,HALL_01,20,Q33,C,0.0
WBSSC_SLST_0144,WB_CENTRE_SIL_02,HALL_01,20,Q34,D,0.0
WBSSC_SLST_0144,WB_CENTRE_SIL_02,HALL_01,20,Q35,A,0.0
WBSSC_SLST_0144,WB_CENTRE_SIL_02,HALL_01,20,Q36,D,0.0
WBSSC_SLST_0144,WB_CENTRE_SIL_02,HALL_01,20,Q37,C,0.0
WBSSC_SLST_0144,WB_CENTRE_SIL_02,HALL_01,20,Q38,A,0.0
WBSSC_SLST_0144,WB_CENTRE_SIL_02,HALL_01,20,Q39,A,0.0
WBSSC_SLST_0144,WB_CENTRE_SIL_02,HALL_01,20,Q40,A,0.0
WBSSC_SLST_0144,WB_CENTRE_SIL_02,HALL_01,20,Q41,A,0.0
WBSSC_SLST_0144,WB_CENTRE_SIL_02,HALL_01,20,Q42,D,0.0
WBSSC_SLST_0144,WB_CENTRE_SIL_02,HALL_01,20,Q43,D,0.0
WBSSC_SLST_0144,WB_CENTRE_SIL_02,HALL_01,20,Q44,D,0.0
WBSSC_SLST_0144,WB_CENTRE_SIL_02,HALL_01,20,Q45,C,0.0
WBSSC_SLST_0144,WB_CENTRE_SIL_02,HALL_01,20,Q46,C,0.0
WBSSC_SLST_0144,WB_CENTRE_SIL_02,HALL_01,20,Q47,C,0.0
WBSSC_SLST_0144,WB_CENTRE_SIL_02,HALL_01,20,Q48,D,0.0
WBSSC_SLST_0144,WB_CENTRE_SIL_02,HALL_01,20,Q49,C,0.0
WBSSC_SLST_0144,WB_CENTRE_SIL_02,HALL_01,20,Q50,C,0.0
WBSSC_SLST_0144,WB_CENTRE_SIL_02,HALL_01,20,Q51,A,0.0
WBSSC_SLST_0144,WB_CENTRE_SIL_02,HALL_01,20,Q52,C,0.0
WBSSC_SLST_0144,WB_CENTRE_SIL_02,HALL_01,20,Q53,D,0.0
WBSSC_SLST_0144,WB_CENTRE_SIL_02,HALL_01,20,Q54,A,0.0
WBSSC_SLST_0144,WB_CENTRE_SIL_02,HALL_01,20,Q55,D,0.0
WBSSC_SLST_0144,WB_CENTRE_SIL_02,HALL_01,20,Q56,A,0.0
WBSSC_SLST_0144,WB_CENTRE_SIL_02,HALL_01,20,Q57,D,0.0
WBSSC_SLST_0144,WB_CENTRE_SIL_02,HALL_01,20,Q58,D,0.0
WBSSC_SLST_0144,WB_CENTRE_SIL_02,HALL_01,20,Q59,A,0.0
WBSSC_SLST_0144,WB_CENTRE_SIL_02,HALL_01,20,Q60,D,0.0
WBSSC_SLST_0145,WB_CENTRE_SIL_02,HALL_02,21,Q01,B,1.0
WBSSC_SLST_0145,WB_CENTRE_SIL_02,HALL_02,21,Q02,B,1.0
WBSSC_SLST_0145,WB_CENTRE_SIL_02,HALL_02,21,Q03,B,1.0
WBSSC_SLST_0145,WB_CENTRE_SIL_02,HALL_02,21,Q04,B,1.0
WBSSC_SLST_0145,WB_CENTRE_SIL_02,HALL_02,21,Q05,B,1.0
WBSSC_SLST_0145,WB_CENTRE_SIL_02,HALL_02,21,Q06,B,1.0
WBSSC_SLST_0145,WB_CENTRE_SIL_02,HALL_02,21,Q07,B,1.0
WBSSC_SLST_0145,WB_CENTRE_SIL_02,HALL_02,21,Q08,B,1.0
WBSSC_SLST_0145,WB_CENTRE_SIL_02,HALL_02,21,Q09,B,1.0
WBSSC_SLST_0145,WB_CENTRE_SIL_02,HALL_02,21,Q10,B,1.0
WBSSC_SLST_0145,WB_CENTRE_SIL_02,HALL_02,21,Q11,B,1.0
WBSSC_SLST_0145,WB_CENTRE_SIL_02,HALL_02,21,Q12,B,1.0
WBSSC_SLST_0145,WB_CENTRE_SIL_02,HALL_02,21,Q13,B,1.0
WBSSC_SLST_0145,WB_CENTRE_SIL_02,HALL_02,21,Q14,B,1.0
WBSSC_SLST_0145,WB_CENTRE_SIL_02,HALL_02,21,Q15,B,1.0
WBSSC_SLST_0145,WB_CENTRE_SIL_02,HALL_02,21,Q16,B,1.0
WBSSC_SLST_0145,WB_CENTRE_SIL_02,HALL_02,21,Q17,B,1.0
WBSSC_SLST_0145,WB_CENTRE_SIL_02,HALL_02,21,Q18,B,1.0
WBSSC_SLST_0145,WB_CENTRE_SIL_02,HALL_02,21,Q19,B,1.0
WBSSC_SLST_0145,WB_CENTRE_SIL_02,HALL_02,21,Q20,B,1.0
WBSSC_SLST_0145,WB_CENTRE_SIL_02,HALL_02,21,Q21,B,1.0
WBSSC_SLST_0145,WB_CENTRE_SIL_02,HALL_02,21,Q22,B,1.0
WBSSC_SLST_0145,WB_CENTRE_SIL_02,HALL_02,21,Q23,B,1.0
WBSSC_SLST_0145,WB_CENTRE_SIL_02,HALL_02,21,Q24,B,1.0
WBSSC_SLST_0145,WB_CENTRE_SIL_02,HALL_02,21,Q25,B,1.0
WBSSC_SLST_0145,WB_CENTRE_SIL_02,HALL_02,21,Q26,B,1.0
WBSSC_SLST_0145,WB_CENTRE_SIL_02,HALL_02,21,Q27,B,1.0
WBSSC_SLST_0145,WB_CENTRE_SIL_02,HALL_02,21,Q28,A,0.0
WBSSC_SLST_0145,WB_CENTRE_SIL_02,HALL_02,21,Q29,D,0.0
WBSSC_SLST_0145,WB_CENTRE_SIL_02,HALL_02,21,Q30,D,0.0
WBSSC_SLST_0145,WB_CENTRE_SIL_02,HALL_02,21,Q31,D,0.0
WBSSC_SLST_0145,WB_CENTRE_SIL_02,HALL_02,21,Q32,A,0.0
WBSSC_SLST_0145,WB_CENTRE_SIL_02,HALL_02,21,Q33,A,0.0
WBSSC_SLST_0145,WB_CENTRE_SIL_02,HALL_02,21,Q34,A,0.0
WBSSC_SLST_0145,WB_CENTRE_SIL_02,HALL_02,21,Q35,A,0.0
WBSSC_SLST_0145,WB_CENTRE_SIL_02,HALL_02,21,Q36,A,0.0
WBSSC_SLST_0145,WB_CENTRE_SIL_02,HALL_02,21,Q37,D,0.0
WBSSC_SLST_0145,WB_CENTRE_SIL_02,HALL_02,21,Q38,D,0.0
WBSSC_SLST_0145,WB_CENTRE_SIL_02,HALL_02,21,Q39,D,0.0
WBSSC_SLST_0145,WB_CENTRE_SIL_02,HALL_02,21,Q40,D,0.0
WBSSC_SLST_0145,WB_CENTRE_SIL_02,HALL_02,21,Q41,D,0.0
WBSSC_SLST_0145,WB_CENTRE_SIL_02,HALL_02,21,Q42,A,0.0
WBSSC_SLST_0145,WB_CENTRE_SIL_02,HALL_02,21,Q43,A,0.0
WBSSC_SLST_0145,WB_CENTRE_SIL_02,HALL_02,21,Q44,C,0.0
WBSSC_SLST_0145,WB_CENTRE_SIL_02,HALL_02,21,Q45,D,0.0
WBSSC_SLST_0145,WB_CENTRE_SIL_02,HALL_02,21,Q46,D,0.0
WBSSC_SLST_0145,WB_CENTRE_SIL_02,HALL_02,21,Q47,C,0.0
WBSSC_SLST_0145,WB_CENTRE_SIL_02,HALL_02,21,Q48,D,0.0
WBSSC_SLST_0145,WB_CENTRE_SIL_02,HALL_02,21,Q49,D,0.0
WBSSC_SLST_0145,WB_CENTRE_SIL_02,HALL_02,21,Q50,A,0.0
WBSSC_SLST_0145,WB_CENTRE_SIL_02,HALL_02,21,Q51,A,0.0
WBSSC_SLST_0145,WB_CENTRE_SIL_02,HALL_02,21,Q52,C,0.0
WBSSC_SLST_0145,WB_CENTRE_SIL_02,HALL_02,21,Q53,D,0.0
WBSSC_SLST_0145,WB_CENTRE_SIL_02,HALL_02,21,Q54,A,0.0
WBSSC_SLST_0145,WB_CENTRE_SIL_02,HALL_02,21,Q55,D,0.0
WBSSC_SLST_0145,WB_CENTRE_SIL_02,HALL_02,21,Q56,C,0.0
WBSSC_SLST_0145,WB_CENTRE_SIL_02,HALL_02,21,Q57,A,0.0
WBSSC_SLST_0145,WB_CENTRE_SIL_02,HALL_02,21,Q58,D,0.0
WBSSC_SLST_0145,WB_CENTRE_SIL_02,HALL_02,21,Q59,A,0.0
WBSSC_SLST_0145,WB_CENTRE_SIL_02,HALL_02,21,Q60,C,0.0
WBSSC_SLST_0146,WB_CENTRE_SIL_02,HALL_03,22,Q01,B,1.0
WBSSC_SLST_0146,WB_CENTRE_SIL_02,HALL_03,22,Q02,B,1.0
WBSSC_SLST_0146,WB_CENTRE_SIL_02,HALL_03,22,Q03,B,1.0
WBSSC_SLST_0146,WB_CENTRE_SIL_02,HALL_03,22,Q04,B,1.0
WBSSC_SLST_0146,WB_CENTRE_SIL_02,HALL_03,22,Q05,B,1.0
WBSSC_SLST_0146,WB_CENTRE_SIL_02,HALL_03,22,Q06,B,1.0
WBSSC_SLST_0146,WB_CENTRE_SIL_02,HALL_03,22,Q07,B,1.0
WBSSC_SLST_0146,WB_CENTRE_SIL_02,HALL_03,22,Q08,B,1.0
WBSSC_SLST_0146,WB_CENTRE_SIL_02,HALL_03,22,Q09,B,1.0
WBSSC_SLST_0146,WB_CENTRE_SIL_02,HALL_03,22,Q10,B,1.0
WBSSC_SLST_0146,WB_CENTRE_SIL_02,HALL_03,22,Q11,B,1.0
WBSSC_SLST_0146,WB_CENTRE_SIL_02,HALL_03,22,Q12,B,1.0
WBSSC_SLST_0146,WB_CENTRE_SIL_02,HALL_03,22,Q13,B,1.0
WBSSC_SLST_0146,WB_CENTRE_SIL_02,HALL_03,22,Q14,B,1.0
WBSSC_SLST_0146,WB_CENTRE_SIL_02,HALL_03,22,Q15,B,1.0
WBSSC_SLST_0146,WB_CENTRE_SIL_02,HALL_03,22,Q16,B,1.0
WBSSC_SLST_0146,WB_CENTRE_SIL_02,HALL_03,22,Q17,B,1.0
WBSSC_SLST_0146,WB_CENTRE_SIL_02,HALL_03,22,Q18,B,1.0
WBSSC_SLST_0146,WB_CENTRE_SIL_02,HALL_03,22,Q19,B,1.0
WBSSC_SLST_0146,WB_CENTRE_SIL_02,HALL_03,22,Q20,B,1.0
WBSSC_SLST_0146,WB_CENTRE_SIL_02,HALL_03,22,Q21,B,1.0
WBSSC_SLST_0146,WB_CENTRE_SIL_02,HALL_03,22,Q22,B,1.0
WBSSC_SLST_0146,WB_CENTRE_SIL_02,HALL_03,22,Q23,B,1.0
WBSSC_SLST_0146,WB_CENTRE_SIL_02,HALL_03,22,Q24,B,1.0
WBSSC_SLST_0146,WB_CENTRE_SIL_02,HALL_03,22,Q25,B,1.0
WBSSC_SLST_0146,WB_CENTRE_SIL_02,HALL_03,22,Q26,B,1.0
WBSSC_SLST_0146,WB_CENTRE_SIL_02,HALL_03,22,Q27,B,1.0
WBSSC_SLST_0146,WB_CENTRE_SIL_02,HALL_03,22,Q28,B,1.0
WBSSC_SLST_0146,WB_CENTRE_SIL_02,HALL_03,22,Q29,B,1.0
WBSSC_SLST_0146,WB_CENTRE_SIL_02,HALL_03,22,Q30,B,1.0
WBSSC_SLST_0146,WB_CENTRE_SIL_02,HALL_03,22,Q31,B,1.0
WBSSC_SLST_0146,WB_CENTRE_SIL_02,HALL_03,22,Q32,B,1.0
WBSSC_SLST_0146,WB_CENTRE_SIL_02,HALL_03,22,Q33,D,0.0
WBSSC_SLST_0146,WB_CENTRE_SIL_02,HALL_03,22,Q34,D,0.0
WBSSC_SLST_0146,WB_CENTRE_SIL_02,HALL_03,22,Q35,A,0.0
WBSSC_SLST_0146,WB_CENTRE_SIL_02,HALL_03,22,Q36,A,0.0
WBSSC_SLST_0146,WB_CENTRE_SIL_02,HALL_03,22,Q37,D,0.0
WBSSC_SLST_0146,WB_CENTRE_SIL_02,HALL_03,22,Q38,A,0.0
WBSSC_SLST_0146,WB_CENTRE_SIL_02,HALL_03,22,Q39,A,0.0
WBSSC_SLST_0146,WB_CENTRE_SIL_02,HALL_03,22,Q40,C,0.0
WBSSC_SLST_0146,WB_CENTRE_SIL_02,HALL_03,22,Q41,C,0.0
WBSSC_SLST_0146,WB_CENTRE_SIL_02,HALL_03,22,Q42,C,0.0
WBSSC_SLST_0146,WB_CENTRE_SIL_02,HALL_03,22,Q43,D,0.0
WBSSC_SLST_0146,WB_CENTRE_SIL_02,HALL_03,22,Q44,C,0.0
WBSSC_SLST_0146,WB_CENTRE_SIL_02,HALL_03,22,Q45,C,0.0
WBSSC_SLST_0146,WB_CENTRE_SIL_02,HALL_03,22,Q46,C,0.0
WBSSC_SLST_0146,WB_CENTRE_SIL_02,HALL_03,22,Q47,C,0.0
WBSSC_SLST_0146,WB_CENTRE_SIL_02,HALL_03,22,Q48,A,0.0
WBSSC_SLST_0146,WB_CENTRE_SIL_02,HALL_03,22,Q49,A,0.0
WBSSC_SLST_0146,WB_CENTRE_SIL_02,HALL_03,22,Q50,C,0.0
WBSSC_SLST_0146,WB_CENTRE_SIL_02,HALL_03,22,Q51,A,0.0
WBSSC_SLST_0146,WB_CENTRE_SIL_02,HALL_03,22,Q52,D,0.0
WBSSC_SLST_0146,WB_CENTRE_SIL_02,HALL_03,22,Q53,A,0.0
WBSSC_SLST_0146,WB_CENTRE_SIL_02,HALL_03,22,Q54,C,0.0
WBSSC_SLST_0146,WB_CENTRE_SIL_02,HALL_03,22,Q55,D,0.0
WBSSC_SLST_0146,WB_CENTRE_SIL_02,HALL_03,22,Q56,A,0.0
WBSSC_SLST_0146,WB_CENTRE_SIL_02,HALL_03,22,Q57,A,0.0
WBSSC_SLST_0146,WB_CENTRE_SIL_02,HALL_03,22,Q58,A,0.0
WBSSC_SLST_0146,WB_CENTRE_SIL_02,HALL_03,22,Q59,D,0.0
WBSSC_SLST_0146,WB_CENTRE_SIL_02,HALL_03,22,Q60,D,0.0
WBSSC_SLST_0147,WB_CENTRE_SIL_02,HALL_04,23,Q01,B,1.0
WBSSC_SLST_0147,WB_CENTRE_SIL_02,HALL_04,23,Q02,B,1.0
WBSSC_SLST_0147,WB_CENTRE_SIL_02,HALL_04,23,Q03,B,1.0
WBSSC_SLST_0147,WB_CENTRE_SIL_02,HALL_04,23,Q04,B,1.0
WBSSC_SLST_0147,WB_CENTRE_SIL_02,HALL_04,23,Q05,B,1.0
WBSSC_SLST_0147,WB_CENTRE_SIL_02,HALL_04,23,Q06,B,1.0
WBSSC_SLST_0147,WB_CENTRE_SIL_02,HALL_04,23,Q07,B,1.0
WBSSC_SLST_0147,WB_CENTRE_SIL_02,HALL_04,23,Q08,B,1.0
WBSSC_SLST_0147,WB_CENTRE_SIL_02,HALL_04,23,Q09,B,1.0
WBSSC_SLST_0147,WB_CENTRE_SIL_02,HALL_04,23,Q10,B,1.0
WBSSC_SLST_0147,WB_CENTRE_SIL_02,HALL_04,23,Q11,B,1.0
WBSSC_SLST_0147,WB_CENTRE_SIL_02,HALL_04,23,Q12,B,1.0
WBSSC_SLST_0147,WB_CENTRE_SIL_02,HALL_04,23,Q13,B,1.0
WBSSC_SLST_0147,WB_CENTRE_SIL_02,HALL_04,23,Q14,B,1.0
WBSSC_SLST_0147,WB_CENTRE_SIL_02,HALL_04,23,Q15,B,1.0
WBSSC_SLST_0147,WB_CENTRE_SIL_02,HALL_04,23,Q16,B,1.0
WBSSC_SLST_0147,WB_CENTRE_SIL_02,HALL_04,23,Q17,B,1.0
WBSSC_SLST_0147,WB_CENTRE_SIL_02,HALL_04,23,Q18,B,1.0
WBSSC_SLST_0147,WB_CENTRE_SIL_02,HALL_04,23,Q19,B,1.0
WBSSC_SLST_0147,WB_CENTRE_SIL_02,HALL_04,23,Q20,B,1.0
WBSSC_SLST_0147,WB_CENTRE_SIL_02,HALL_04,23,Q21,B,1.0
WBSSC_SLST_0147,WB_CENTRE_SIL_02,HALL_04,23,Q22,B,1.0
WBSSC_SLST_0147,WB_CENTRE_SIL_02,HALL_04,23,Q23,B,1.0
WBSSC_SLST_0147,WB_CENTRE_SIL_02,HALL_04,23,Q24,B,1.0
WBSSC_SLST_0147,WB_CENTRE_SIL_02,HALL_04,23,Q25,B,1.0
WBSSC_SLST_0147,WB_CENTRE_SIL_02,HALL_04,23,Q26,B,1.0
WBSSC_SLST_0147,WB_CENTRE_SIL_02,HALL_04,23,Q27,B,1.0
WBSSC_SLST_0147,WB_CENTRE_SIL_02,HALL_04,23,Q28,B,1.0
WBSSC_SLST_0147,WB_CENTRE_SIL_02,HALL_04,23,Q29,B,1.0
WBSSC_SLST_0147,WB_CENTRE_SIL_02,HALL_04,23,Q30,B,1.0
WBSSC_SLST_0147,WB_CENTRE_SIL_02,HALL_04,23,Q31,B,1.0
WBSSC_SLST_0147,WB_CENTRE_SIL_02,HALL_04,23,Q32,B,1.0
WBSSC_SLST_0147,WB_CENTRE_SIL_02,HALL_04,23,Q33,B,1.0
WBSSC_SLST_0147,WB_CENTRE_SIL_02,HALL_04,23,Q34,B,1.0
WBSSC_SLST_0147,WB_CENTRE_SIL_02,HALL_04,23,Q35,B,1.0
WBSSC_SLST_0147,WB_CENTRE_SIL_02,HALL_04,23,Q36,B,1.0
WBSSC_SLST_0147,WB_CENTRE_SIL_02,HALL_04,23,Q37,B,1.0
WBSSC_SLST_0147,WB_CENTRE_SIL_02,HALL_04,23,Q38,C,0.0
WBSSC_SLST_0147,WB_CENTRE_SIL_02,HALL_04,23,Q39,C,0.0
WBSSC_SLST_0147,WB_CENTRE_SIL_02,HALL_04,23,Q40,C,0.0
WBSSC_SLST_0147,WB_CENTRE_SIL_02,HALL_04,23,Q41,A,0.0
WBSSC_SLST_0147,WB_CENTRE_SIL_02,HALL_04,23,Q42,C,0.0
WBSSC_SLST_0147,WB_CENTRE_SIL_02,HALL_04,23,Q43,A,0.0
WBSSC_SLST_0147,WB_CENTRE_SIL_02,HALL_04,23,Q44,A,0.0
WBSSC_SLST_0147,WB_CENTRE_SIL_02,HALL_04,23,Q45,C,0.0
WBSSC_SLST_0147,WB_CENTRE_SIL_02,HALL_04,23,Q46,C,0.0
WBSSC_SLST_0147,WB_CENTRE_SIL_02,HALL_04,23,Q47,A,0.0
WBSSC_SLST_0147,WB_CENTRE_SIL_02,HALL_04,23,Q48,C,0.0
WBSSC_SLST_0147,WB_CENTRE_SIL_02,HALL_04,23,Q49,D,0.0
WBSSC_SLST_0147,WB_CENTRE_SIL_02,HALL_04,23,Q50,D,0.0
WBSSC_SLST_0147,WB_CENTRE_SIL_02,HALL_04,23,Q51,D,0.0
WBSSC_SLST_0147,WB_CENTRE_SIL_02,HALL_04,23,Q52,A,0.0
WBSSC_SLST_0147,WB_CENTRE_SIL_02,HALL_04,23,Q53,C,0.0
WBSSC_SLST_0147,WB_CENTRE_SIL_02,HALL_04,23,Q54,C,0.0
WBSSC_SLST_0147,WB_CENTRE_SIL_02,HALL_04,23,Q55,C,0.0
WBSSC_SLST_0147,WB_CENTRE_SIL_02,HALL_04,23,Q56,C,0.0
WBSSC_SLST_0147,WB_CENTRE_SIL_02,HALL_04,23,Q57,D,0.0
WBSSC_SLST_0147,WB_CENTRE_SIL_02,HALL_04,23,Q58,C,0.0
WBSSC_SLST_0147,WB_CENTRE_SIL_02,HALL_04,23,Q59,A,0.0
WBSSC_SLST_0147,WB_CENTRE_SIL_02,HALL_04,23,Q60,A,0.0
WBSSC_SLST_0148,WB_CENTRE_SIL_02,HALL_01,24,Q01,B,1.0
WBSSC_SLST_0148,WB_CENTRE_SIL_02,HALL_01,24,Q02,B,1.0
WBSSC_SLST_0148,WB_CENTRE_SIL_02,HALL_01,24,Q03,B,1.0
WBSSC_SLST_0148,WB_CENTRE_SIL_02,HALL_01,24,Q04,B,1.0
WBSSC_SLST_0148,WB_CENTRE_SIL_02,HALL_01,24,Q05,B,1.0
WBSSC_SLST_0148,WB_CENTRE_SIL_02,HALL_01,24,Q06,B,1.0
WBSSC_SLST_0148,WB_CENTRE_SIL_02,HALL_01,24,Q07,B,1.0
WBSSC_SLST_0148,WB_CENTRE_SIL_02,HALL_01,24,Q08,B,1.0
WBSSC_SLST_0148,WB_CENTRE_SIL_02,HALL_01,24,Q09,B,1.0
WBSSC_SLST_0148,WB_CENTRE_SIL_02,HALL_01,24,Q10,B,1.0
WBSSC_SLST_0148,WB_CENTRE_SIL_02,HALL_01,24,Q11,B,1.0
WBSSC_SLST_0148,WB_CENTRE_SIL_02,HALL_01,24,Q12,B,1.0
WBSSC_SLST_0148,WB_CENTRE_SIL_02,HALL_01,24,Q13,B,1.0
WBSSC_SLST_0148,WB_CENTRE_SIL_02,HALL_01,24,Q14,B,1.0
WBSSC_SLST_0148,WB_CENTRE_SIL_02,HALL_01,24,Q15,B,1.0
WBSSC_SLST_0148,WB_CENTRE_SIL_02,HALL_01,24,Q16,B,1.0
WBSSC_SLST_0148,WB_CENTRE_SIL_02,HALL_01,24,Q17,B,1.0
WBSSC_SLST_0148,WB_CENTRE_SIL_02,HALL_01,24,Q18,B,1.0
WBSSC_SLST_0148,WB_CENTRE_SIL_02,HALL_01,24,Q19,B,1.0
WBSSC_SLST_0148,WB_CENTRE_SIL_02,HALL_01,24,Q20,B,1.0
WBSSC_SLST_0148,WB_CENTRE_SIL_02,HALL_01,24,Q21,B,1.0
WBSSC_SLST_0148,WB_CENTRE_SIL_02,HALL_01,24,Q22,B,1.0
WBSSC_SLST_0148,WB_CENTRE_SIL_02,HALL_01,24,Q23,B,1.0
WBSSC_SLST_0148,WB_CENTRE_SIL_02,HALL_01,24,Q24,B,1.0
WBSSC_SLST_0148,WB_CENTRE_SIL_02,HALL_01,24,Q25,B,1.0
WBSSC_SLST_0148,WB_CENTRE_SIL_02,HALL_01,24,Q26,A,0.0
WBSSC_SLST_0148,WB_CENTRE_SIL_02,HALL_01,24,Q27,C,0.0
WBSSC_SLST_0148,WB_CENTRE_SIL_02,HALL_01,24,Q28,A,0.0
WBSSC_SLST_0148,WB_CENTRE_SIL_02,HALL_01,24,Q29,A,0.0
WBSSC_SLST_0148,WB_CENTRE_SIL_02,HALL_01,24,Q30,A,0.0
WBSSC_SLST_0148,WB_CENTRE_SIL_02,HALL_01,24,Q31,D,0.0
WBSSC_SLST_0148,WB_CENTRE_SIL_02,HALL_01,24,Q32,A,0.0
WBSSC_SLST_0148,WB_CENTRE_SIL_02,HALL_01,24,Q33,A,0.0
WBSSC_SLST_0148,WB_CENTRE_SIL_02,HALL_01,24,Q34,D,0.0
WBSSC_SLST_0148,WB_CENTRE_SIL_02,HALL_01,24,Q35,A,0.0
WBSSC_SLST_0148,WB_CENTRE_SIL_02,HALL_01,24,Q36,D,0.0
WBSSC_SLST_0148,WB_CENTRE_SIL_02,HALL_01,24,Q37,D,0.0
WBSSC_SLST_0148,WB_CENTRE_SIL_02,HALL_01,24,Q38,D,0.0
WBSSC_SLST_0148,WB_CENTRE_SIL_02,HALL_01,24,Q39,A,0.0
WBSSC_SLST_0148,WB_CENTRE_SIL_02,HALL_01,24,Q40,D,0.0
WBSSC_SLST_0148,WB_CENTRE_SIL_02,HALL_01,24,Q41,C,0.0
WBSSC_SLST_0148,WB_CENTRE_SIL_02,HALL_01,24,Q42,D,0.0
WBSSC_SLST_0148,WB_CENTRE_SIL_02,HALL_01,24,Q43,A,0.0
WBSSC_SLST_0148,WB_CENTRE_SIL_02,HALL_01,24,Q44,A,0.0
WBSSC_SLST_0148,WB_CENTRE_SIL_02,HALL_01,24,Q45,D,0.0
WBSSC_SLST_0148,WB_CENTRE_SIL_02,HALL_01,24,Q46,A,0.0
WBSSC_SLST_0148,WB_CENTRE_SIL_02,HALL_01,24,Q47,C,0.0
WBSSC_SLST_0148,WB_CENTRE_SIL_02,HALL_01,24,Q48,A,0.0
WBSSC_SLST_0148,WB_CENTRE_SIL_02,HALL_01,24,Q49,C,0.0
WBSSC_SLST_0148,WB_CENTRE_SIL_02,HALL_01,24,Q50,A,0.0
WBSSC_SLST_0148,WB_CENTRE_SIL_02,HALL_01,24,Q51,A,0.0
WBSSC_SLST_0148,WB_CENTRE_SIL_02,HALL_01,24,Q52,A,0.0
WBSSC_SLST_0148,WB_CENTRE_SIL_02,HALL_01,24,Q53,D,0.0
WBSSC_SLST_0148,WB_CENTRE_SIL_02,HALL_01,24,Q54,C,0.0
WBSSC_SLST_0148,WB_CENTRE_SIL_02,HALL_01,24,Q55,A,0.0
WBSSC_SLST_0148,WB_CENTRE_SIL_02,HALL_01,24,Q56,D,0.0
WBSSC_SLST_0148,WB_CENTRE_SIL_02,HALL_01,24,Q57,C,0.0
WBSSC_SLST_0148,WB_CENTRE_SIL_02,HALL_01,24,Q58,C,0.0
WBSSC_SLST_0148,WB_CENTRE_SIL_02,HALL_01,24,Q59,C,0.0
WBSSC_SLST_0148,WB_CENTRE_SIL_02,HALL_01,24,Q60,D,0.0
WBSSC_SLST_0149,WB_CENTRE_SIL_02,HALL_02,25,Q01,B,1.0
WBSSC_SLST_0149,WB_CENTRE_SIL_02,HALL_02,25,Q02,B,1.0
WBSSC_SLST_0149,WB_CENTRE_SIL_02,HALL_02,25,Q03,B,1.0
WBSSC_SLST_0149,WB_CENTRE_SIL_02,HALL_02,25,Q04,B,1.0
WBSSC_SLST_0149,WB_CENTRE_SIL_02,HALL_02,25,Q05,B,1.0
WBSSC_SLST_0149,WB_CENTRE_SIL_02,HALL_02,25,Q06,B,1.0
WBSSC_SLST_0149,WB_CENTRE_SIL_02,HALL_02,25,Q07,B,1.0
WBSSC_SLST_0149,WB_CENTRE_SIL_02,HALL_02,25,Q08,B,1.0
WBSSC_SLST_0149,WB_CENTRE_SIL_02,HALL_02,25,Q09,B,1.0
WBSSC_SLST_0149,WB_CENTRE_SIL_02,HALL_02,25,Q10,B,1.0
WBSSC_SLST_0149,WB_CENTRE_SIL_02,HALL_02,25,Q11,B,1.0
WBSSC_SLST_0149,WB_CENTRE_SIL_02,HALL_02,25,Q12,B,1.0
WBSSC_SLST_0149,WB_CENTRE_SIL_02,HALL_02,25,Q13,B,1.0
WBSSC_SLST_0149,WB_CENTRE_SIL_02,HALL_02,25,Q14,B,1.0
WBSSC_SLST_0149,WB_CENTRE_SIL_02,HALL_02,25,Q15,B,1.0
WBSSC_SLST_0149,WB_CENTRE_SIL_02,HALL_02,25,Q16,B,1.0
WBSSC_SLST_0149,WB_CENTRE_SIL_02,HALL_02,25,Q17,B,1.0
WBSSC_SLST_0149,WB_CENTRE_SIL_02,HALL_02,25,Q18,B,1.0
WBSSC_SLST_0149,WB_CENTRE_SIL_02,HALL_02,25,Q19,B,1.0
WBSSC_SLST_0149,WB_CENTRE_SIL_02,HALL_02,25,Q20,B,1.0
WBSSC_SLST_0149,WB_CENTRE_SIL_02,HALL_02,25,Q21,B,1.0
WBSSC_SLST_0149,WB_CENTRE_SIL_02,HALL_02,25,Q22,B,1.0
WBSSC_SLST_0149,WB_CENTRE_SIL_02,HALL_02,25,Q23,B,1.0
WBSSC_SLST_0149,WB_CENTRE_SIL_02,HALL_02,25,Q24,B,1.0
WBSSC_SLST_0149,WB_CENTRE_SIL_02,HALL_02,25,Q25,B,1.0
WBSSC_SLST_0149,WB_CENTRE_SIL_02,HALL_02,25,Q26,B,1.0
WBSSC_SLST_0149,WB_CENTRE_SIL_02,HALL_02,25,Q27,B,1.0
WBSSC_SLST_0149,WB_CENTRE_SIL_02,HALL_02,25,Q28,B,1.0
WBSSC_SLST_0149,WB_CENTRE_SIL_02,HALL_02,25,Q29,B,1.0
WBSSC_SLST_0149,WB_CENTRE_SIL_02,HALL_02,25,Q30,B,1.0
WBSSC_SLST_0149,WB_CENTRE_SIL_02,HALL_02,25,Q31,A,0.0
WBSSC_SLST_0149,WB_CENTRE_SIL_02,HALL_02,25,Q32,A,0.0
WBSSC_SLST_0149,WB_CENTRE_SIL_02,HALL_02,25,Q33,C,0.0
WBSSC_SLST_0149,WB_CENTRE_SIL_02,HALL_02,25,Q34,D,0.0
WBSSC_SLST_0149,WB_CENTRE_SIL_02,HALL_02,25,Q35,D,0.0
WBSSC_SLST_0149,WB_CENTRE_SIL_02,HALL_02,25,Q36,C,0.0
WBSSC_SLST_0149,WB_CENTRE_SIL_02,HALL_02,25,Q37,D,0.0
WBSSC_SLST_0149,WB_CENTRE_SIL_02,HALL_02,25,Q38,C,0.0
WBSSC_SLST_0149,WB_CENTRE_SIL_02,HALL_02,25,Q39,C,0.0
WBSSC_SLST_0149,WB_CENTRE_SIL_02,HALL_02,25,Q40,A,0.0
WBSSC_SLST_0149,WB_CENTRE_SIL_02,HALL_02,25,Q41,D,0.0
WBSSC_SLST_0149,WB_CENTRE_SIL_02,HALL_02,25,Q42,D,0.0
WBSSC_SLST_0149,WB_CENTRE_SIL_02,HALL_02,25,Q43,D,0.0
WBSSC_SLST_0149,WB_CENTRE_SIL_02,HALL_02,25,Q44,D,0.0
WBSSC_SLST_0149,WB_CENTRE_SIL_02,HALL_02,25,Q45,A,0.0
WBSSC_SLST_0149,WB_CENTRE_SIL_02,HALL_02,25,Q46,D,0.0
WBSSC_SLST_0149,WB_CENTRE_SIL_02,HALL_02,25,Q47,A,0.0
WBSSC_SLST_0149,WB_CENTRE_SIL_02,HALL_02,25,Q48,D,0.0
WBSSC_SLST_0149,WB_CENTRE_SIL_02,HALL_02,25,Q49,A,0.0
WBSSC_SLST_0149,WB_CENTRE_SIL_02,HALL_02,25,Q50,A,0.0
WBSSC_SLST_0149,WB_CENTRE_SIL_02,HALL_02,25,Q51,A,0.0
WBSSC_SLST_0149,WB_CENTRE_SIL_02,HALL_02,25,Q52,D,0.0
WBSSC_SLST_0149,WB_CENTRE_SIL_02,HALL_02,25,Q53,D,0.0
WBSSC_SLST_0149,WB_CENTRE_SIL_02,HALL_02,25,Q54,D,0.0
WBSSC_SLST_0149,WB_CENTRE_SIL_02,HALL_02,25,Q55,C,0.0
WBSSC_SLST_0149,WB_CENTRE_SIL_02,HALL_02,25,Q56,A,0.0
WBSSC_SLST_0149,WB_CENTRE_SIL_02,HALL_02,25,Q57,C,0.0
WBSSC_SLST_0149,WB_CENTRE_SIL_02,HALL_02,25,Q58,A,0.0
WBSSC_SLST_0149,WB_CENTRE_SIL_02,HALL_02,25,Q59,C,0.0
WBSSC_SLST_0149,WB_CENTRE_SIL_02,HALL_02,25,Q60,C,0.0
WBSSC_SLST_0150,WB_CENTRE_SIL_02,HALL_03,1,Q01,B,1.0
WBSSC_SLST_0150,WB_CENTRE_SIL_02,HALL_03,1,Q02,B,1.0
WBSSC_SLST_0150,WB_CENTRE_SIL_02,HALL_03,1,Q03,B,1.0
WBSSC_SLST_0150,WB_CENTRE_SIL_02,HALL_03,1,Q04,B,1.0
WBSSC_SLST_0150,WB_CENTRE_SIL_02,HALL_03,1,Q05,B,1.0
WBSSC_SLST_0150,WB_CENTRE_SIL_02,HALL_03,1,Q06,B,1.0
WBSSC_SLST_0150,WB_CENTRE_SIL_02,HALL_03,1,Q07,B,1.0
WBSSC_SLST_0150,WB_CENTRE_SIL_02,HALL_03,1,Q08,B,1.0
WBSSC_SLST_0150,WB_CENTRE_SIL_02,HALL_03,1,Q09,B,1.0
WBSSC_SLST_0150,WB_CENTRE_SIL_02,HALL_03,1,Q10,B,1.0
WBSSC_SLST_0150,WB_CENTRE_SIL_02,HALL_03,1,Q11,B,1.0
WBSSC_SLST_0150,WB_CENTRE_SIL_02,HALL_03,1,Q12,B,1.0
WBSSC_SLST_0150,WB_CENTRE_SIL_02,HALL_03,1,Q13,B,1.0
WBSSC_SLST_0150,WB_CENTRE_SIL_02,HALL_03,1,Q14,B,1.0
WBSSC_SLST_0150,WB_CENTRE_SIL_02,HALL_03,1,Q15,B,1.0
WBSSC_SLST_0150,WB_CENTRE_SIL_02,HALL_03,1,Q16,B,1.0
WBSSC_SLST_0150,WB_CENTRE_SIL_02,HALL_03,1,Q17,B,1.0
WBSSC_SLST_0150,WB_CENTRE_SIL_02,HALL_03,1,Q18,B,1.0
WBSSC_SLST_0150,WB_CENTRE_SIL_02,HALL_03,1,Q19,B,1.0
WBSSC_SLST_0150,WB_CENTRE_SIL_02,HALL_03,1,Q20,B,1.0
WBSSC_SLST_0150,WB_CENTRE_SIL_02,HALL_03,1,Q21,B,1.0
WBSSC_SLST_0150,WB_CENTRE_SIL_02,HALL_03,1,Q22,B,1.0
WBSSC_SLST_0150,WB_CENTRE_SIL_02,HALL_03,1,Q23,B,1.0
WBSSC_SLST_0150,WB_CENTRE_SIL_02,HALL_03,1,Q24,B,1.0
WBSSC_SLST_0150,WB_CENTRE_SIL_02,HALL_03,1,Q25,B,1.0
WBSSC_SLST_0150,WB_CENTRE_SIL_02,HALL_03,1,Q26,B,1.0
WBSSC_SLST_0150,WB_CENTRE_SIL_02,HALL_03,1,Q27,B,1.0
WBSSC_SLST_0150,WB_CENTRE_SIL_02,HALL_03,1,Q28,B,1.0
WBSSC_SLST_0150,WB_CENTRE_SIL_02,HALL_03,1,Q29,B,1.0
WBSSC_SLST_0150,WB_CENTRE_SIL_02,HALL_03,1,Q30,B,1.0
WBSSC_SLST_0150,WB_CENTRE_SIL_02,HALL_03,1,Q31,B,1.0
WBSSC_SLST_0150,WB_CENTRE_SIL_02,HALL_03,1,Q32,B,1.0
WBSSC_SLST_0150,WB_CENTRE_SIL_02,HALL_03,1,Q33,B,1.0
WBSSC_SLST_0150,WB_CENTRE_SIL_02,HALL_03,1,Q34,B,1.0
WBSSC_SLST_0150,WB_CENTRE_SIL_02,HALL_03,1,Q35,B,1.0
WBSSC_SLST_0150,WB_CENTRE_SIL_02,HALL_03,1,Q36,A,0.0
WBSSC_SLST_0150,WB_CENTRE_SIL_02,HALL_03,1,Q37,C,0.0
WBSSC_SLST_0150,WB_CENTRE_SIL_02,HALL_03,1,Q38,C,0.0
WBSSC_SLST_0150,WB_CENTRE_SIL_02,HALL_03,1,Q39,D,0.0
WBSSC_SLST_0150,WB_CENTRE_SIL_02,HALL_03,1,Q40,A,0.0
WBSSC_SLST_0150,WB_CENTRE_SIL_02,HALL_03,1,Q41,A,0.0
WBSSC_SLST_0150,WB_CENTRE_SIL_02,HALL_03,1,Q42,A,0.0
WBSSC_SLST_0150,WB_CENTRE_SIL_02,HALL_03,1,Q43,C,0.0
WBSSC_SLST_0150,WB_CENTRE_SIL_02,HALL_03,1,Q44,D,0.0
WBSSC_SLST_0150,WB_CENTRE_SIL_02,HALL_03,1,Q45,C,0.0
WBSSC_SLST_0150,WB_CENTRE_SIL_02,HALL_03,1,Q46,A,0.0
WBSSC_SLST_0150,WB_CENTRE_SIL_02,HALL_03,1,Q47,C,0.0
WBSSC_SLST_0150,WB_CENTRE_SIL_02,HALL_03,1,Q48,D,0.0
WBSSC_SLST_0150,WB_CENTRE_SIL_02,HALL_03,1,Q49,D,0.0
WBSSC_SLST_0150,WB_CENTRE_SIL_02,HALL_03,1,Q50,C,0.0
WBSSC_SLST_0150,WB_CENTRE_SIL_02,HALL_03,1,Q51,C,0.0
WBSSC_SLST_0150,WB_CENTRE_SIL_02,HALL_03,1,Q52,D,0.0
WBSSC_SLST_0150,WB_CENTRE_SIL_02,HALL_03,1,Q53,D,0.0
WBSSC_SLST_0150,WB_CENTRE_SIL_02,HALL_03,1,Q54,A,0.0
WBSSC_SLST_0150,WB_CENTRE_SIL_02,HALL_03,1,Q55,A,0.0
WBSSC_SLST_0150,WB_CENTRE_SIL_02,HALL_03,1,Q56,D,0.0
WBSSC_SLST_0150,WB_CENTRE_SIL_02,HALL_03,1,Q57,A,0.0
WBSSC_SLST_0150,WB_CENTRE_SIL_02,HALL_03,1,Q58,C,0.0
WBSSC_SLST_0150,WB_CENTRE_SIL_02,HALL_03,1,Q59,C,0.0
WBSSC_SLST_0150,WB_CENTRE_SIL_02,HALL_03,1,Q60,D,0.0
WBSSC_SLST_0151,WB_CENTRE_SIL_02,HALL_04,2,Q01,B,1.0
WBSSC_SLST_0151,WB_CENTRE_SIL_02,HALL_04,2,Q02,B,1.0
WBSSC_SLST_0151,WB_CENTRE_SIL_02,HALL_04,2,Q03,B,1.0
WBSSC_SLST_0151,WB_CENTRE_SIL_02,HALL_04,2,Q04,B,1.0
WBSSC_SLST_0151,WB_CENTRE_SIL_02,HALL_04,2,Q05,B,1.0
WBSSC_SLST_0151,WB_CENTRE_SIL_02,HALL_04,2,Q06,B,1.0
WBSSC_SLST_0151,WB_CENTRE_SIL_02,HALL_04,2,Q07,B,1.0
WBSSC_SLST_0151,WB_CENTRE_SIL_02,HALL_04,2,Q08,B,1.0
WBSSC_SLST_0151,WB_CENTRE_SIL_02,HALL_04,2,Q09,B,1.0
WBSSC_SLST_0151,WB_CENTRE_SIL_02,HALL_04,2,Q10,B,1.0
WBSSC_SLST_0151,WB_CENTRE_SIL_02,HALL_04,2,Q11,B,1.0
WBSSC_SLST_0151,WB_CENTRE_SIL_02,HALL_04,2,Q12,B,1.0
WBSSC_SLST_0151,WB_CENTRE_SIL_02,HALL_04,2,Q13,B,1.0
WBSSC_SLST_0151,WB_CENTRE_SIL_02,HALL_04,2,Q14,B,1.0
WBSSC_SLST_0151,WB_CENTRE_SIL_02,HALL_04,2,Q15,B,1.0
WBSSC_SLST_0151,WB_CENTRE_SIL_02,HALL_04,2,Q16,B,1.0
WBSSC_SLST_0151,WB_CENTRE_SIL_02,HALL_04,2,Q17,B,1.0
WBSSC_SLST_0151,WB_CENTRE_SIL_02,HALL_04,2,Q18,B,1.0
WBSSC_SLST_0151,WB_CENTRE_SIL_02,HALL_04,2,Q19,B,1.0
WBSSC_SLST_0151,WB_CENTRE_SIL_02,HALL_04,2,Q20,B,1.0
WBSSC_SLST_0151,WB_CENTRE_SIL_02,HALL_04,2,Q21,B,1.0
WBSSC_SLST_0151,WB_CENTRE_SIL_02,HALL_04,2,Q22,B,1.0
WBSSC_SLST_0151,WB_CENTRE_SIL_02,HALL_04,2,Q23,B,1.0
WBSSC_SLST_0151,WB_CENTRE_SIL_02,HALL_04,2,Q24,D,0.0
WBSSC_SLST_0151,WB_CENTRE_SIL_02,HALL_04,2,Q25,A,0.0
WBSSC_SLST_0151,WB_CENTRE_SIL_02,HALL_04,2,Q26,A,0.0
WBSSC_SLST_0151,WB_CENTRE_SIL_02,HALL_04,2,Q27,A,0.0
WBSSC_SLST_0151,WB_CENTRE_SIL_02,HALL_04,2,Q28,C,0.0
WBSSC_SLST_0151,WB_CENTRE_SIL_02,HALL_04,2,Q29,D,0.0
WBSSC_SLST_0151,WB_CENTRE_SIL_02,HALL_04,2,Q30,D,0.0
WBSSC_SLST_0151,WB_CENTRE_SIL_02,HALL_04,2,Q31,D,0.0
WBSSC_SLST_0151,WB_CENTRE_SIL_02,HALL_04,2,Q32,C,0.0
WBSSC_SLST_0151,WB_CENTRE_SIL_02,HALL_04,2,Q33,A,0.0
WBSSC_SLST_0151,WB_CENTRE_SIL_02,HALL_04,2,Q34,C,0.0
WBSSC_SLST_0151,WB_CENTRE_SIL_02,HALL_04,2,Q35,C,0.0
WBSSC_SLST_0151,WB_CENTRE_SIL_02,HALL_04,2,Q36,D,0.0
WBSSC_SLST_0151,WB_CENTRE_SIL_02,HALL_04,2,Q37,C,0.0
WBSSC_SLST_0151,WB_CENTRE_SIL_02,HALL_04,2,Q38,D,0.0
WBSSC_SLST_0151,WB_CENTRE_SIL_02,HALL_04,2,Q39,D,0.0
WBSSC_SLST_0151,WB_CENTRE_SIL_02,HALL_04,2,Q40,C,0.0
WBSSC_SLST_0151,WB_CENTRE_SIL_02,HALL_04,2,Q41,D,0.0
WBSSC_SLST_0151,WB_CENTRE_SIL_02,HALL_04,2,Q42,A,0.0
WBSSC_SLST_0151,WB_CENTRE_SIL_02,HALL_04,2,Q43,A,0.0
WBSSC_SLST_0151,WB_CENTRE_SIL_02,HALL_04,2,Q44,D,0.0
WBSSC_SLST_0151,WB_CENTRE_SIL_02,HALL_04,2,Q45,A,0.0
WBSSC_SLST_0151,WB_CENTRE_SIL_02,HALL_04,2,Q46,C,0.0
WBSSC_SLST_0151,WB_CENTRE_SIL_02,HALL_04,2,Q47,A,0.0
WBSSC_SLST_0151,WB_CENTRE_SIL_02,HALL_04,2,Q48,D,0.0
WBSSC_SLST_0151,WB_CENTRE_SIL_02,HALL_04,2,Q49,C,0.0
WBSSC_SLST_0151,WB_CENTRE_SIL_02,HALL_04,2,Q50,D,0.0
WBSSC_SLST_0151,WB_CENTRE_SIL_02,HALL_04,2,Q51,C,0.0
WBSSC_SLST_0151,WB_CENTRE_SIL_02,HALL_04,2,Q52,A,0.0
WBSSC_SLST_0151,WB_CENTRE_SIL_02,HALL_04,2,Q53,C,0.0
WBSSC_SLST_0151,WB_CENTRE_SIL_02,HALL_04,2,Q54,C,0.0
WBSSC_SLST_0151,WB_CENTRE_SIL_02,HALL_04,2,Q55,C,0.0
WBSSC_SLST_0151,WB_CENTRE_SIL_02,HALL_04,2,Q56,A,0.0
WBSSC_SLST_0151,WB_CENTRE_SIL_02,HALL_04,2,Q57,C,0.0
WBSSC_SLST_0151,WB_CENTRE_SIL_02,HALL_04,2,Q58,D,0.0
WBSSC_SLST_0151,WB_CENTRE_SIL_02,HALL_04,2,Q59,C,0.0
WBSSC_SLST_0151,WB_CENTRE_SIL_02,HALL_04,2,Q60,D,0.0
WBSSC_SLST_0152,WB_CENTRE_SIL_02,HALL_01,3,Q01,B,1.0
WBSSC_SLST_0152,WB_CENTRE_SIL_02,HALL_01,3,Q02,B,1.0
WBSSC_SLST_0152,WB_CENTRE_SIL_02,HALL_01,3,Q03,B,1.0
WBSSC_SLST_0152,WB_CENTRE_SIL_02,HALL_01,3,Q04,B,1.0
WBSSC_SLST_0152,WB_CENTRE_SIL_02,HALL_01,3,Q05,B,1.0
WBSSC_SLST_0152,WB_CENTRE_SIL_02,HALL_01,3,Q06,B,1.0
WBSSC_SLST_0152,WB_CENTRE_SIL_02,HALL_01,3,Q07,B,1.0
WBSSC_SLST_0152,WB_CENTRE_SIL_02,HALL_01,3,Q08,B,1.0
WBSSC_SLST_0152,WB_CENTRE_SIL_02,HALL_01,3,Q09,B,1.0
WBSSC_SLST_0152,WB_CENTRE_SIL_02,HALL_01,3,Q10,B,1.0
WBSSC_SLST_0152,WB_CENTRE_SIL_02,HALL_01,3,Q11,B,1.0
WBSSC_SLST_0152,WB_CENTRE_SIL_02,HALL_01,3,Q12,B,1.0
WBSSC_SLST_0152,WB_CENTRE_SIL_02,HALL_01,3,Q13,B,1.0
WBSSC_SLST_0152,WB_CENTRE_SIL_02,HALL_01,3,Q14,B,1.0
WBSSC_SLST_0152,WB_CENTRE_SIL_02,HALL_01,3,Q15,B,1.0
WBSSC_SLST_0152,WB_CENTRE_SIL_02,HALL_01,3,Q16,B,1.0
WBSSC_SLST_0152,WB_CENTRE_SIL_02,HALL_01,3,Q17,B,1.0
WBSSC_SLST_0152,WB_CENTRE_SIL_02,HALL_01,3,Q18,B,1.0
WBSSC_SLST_0152,WB_CENTRE_SIL_02,HALL_01,3,Q19,B,1.0
WBSSC_SLST_0152,WB_CENTRE_SIL_02,HALL_01,3,Q20,B,1.0
WBSSC_SLST_0152,WB_CENTRE_SIL_02,HALL_01,3,Q21,B,1.0
WBSSC_SLST_0152,WB_CENTRE_SIL_02,HALL_01,3,Q22,B,1.0
WBSSC_SLST_0152,WB_CENTRE_SIL_02,HALL_01,3,Q23,B,1.0
WBSSC_SLST_0152,WB_CENTRE_SIL_02,HALL_01,3,Q24,B,1.0
WBSSC_SLST_0152,WB_CENTRE_SIL_02,HALL_01,3,Q25,B,1.0
WBSSC_SLST_0152,WB_CENTRE_SIL_02,HALL_01,3,Q26,B,1.0
WBSSC_SLST_0152,WB_CENTRE_SIL_02,HALL_01,3,Q27,B,1.0
WBSSC_SLST_0152,WB_CENTRE_SIL_02,HALL_01,3,Q28,B,1.0
WBSSC_SLST_0152,WB_CENTRE_SIL_02,HALL_01,3,Q29,D,0.0
WBSSC_SLST_0152,WB_CENTRE_SIL_02,HALL_01,3,Q30,C,0.0
WBSSC_SLST_0152,WB_CENTRE_SIL_02,HALL_01,3,Q31,D,0.0
WBSSC_SLST_0152,WB_CENTRE_SIL_02,HALL_01,3,Q32,D,0.0
WBSSC_SLST_0152,WB_CENTRE_SIL_02,HALL_01,3,Q33,A,0.0
WBSSC_SLST_0152,WB_CENTRE_SIL_02,HALL_01,3,Q34,C,0.0
WBSSC_SLST_0152,WB_CENTRE_SIL_02,HALL_01,3,Q35,D,0.0
WBSSC_SLST_0152,WB_CENTRE_SIL_02,HALL_01,3,Q36,D,0.0
WBSSC_SLST_0152,WB_CENTRE_SIL_02,HALL_01,3,Q37,D,0.0
WBSSC_SLST_0152,WB_CENTRE_SIL_02,HALL_01,3,Q38,C,0.0
WBSSC_SLST_0152,WB_CENTRE_SIL_02,HALL_01,3,Q39,D,0.0
WBSSC_SLST_0152,WB_CENTRE_SIL_02,HALL_01,3,Q40,A,0.0
WBSSC_SLST_0152,WB_CENTRE_SIL_02,HALL_01,3,Q41,A,0.0
WBSSC_SLST_0152,WB_CENTRE_SIL_02,HALL_01,3,Q42,C,0.0
WBSSC_SLST_0152,WB_CENTRE_SIL_02,HALL_01,3,Q43,A,0.0
WBSSC_SLST_0152,WB_CENTRE_SIL_02,HALL_01,3,Q44,A,0.0
WBSSC_SLST_0152,WB_CENTRE_SIL_02,HALL_01,3,Q45,C,0.0
WBSSC_SLST_0152,WB_CENTRE_SIL_02,HALL_01,3,Q46,A,0.0
WBSSC_SLST_0152,WB_CENTRE_SIL_02,HALL_01,3,Q47,A,0.0
WBSSC_SLST_0152,WB_CENTRE_SIL_02,HALL_01,3,Q48,C,0.0
WBSSC_SLST_0152,WB_CENTRE_SIL_02,HALL_01,3,Q49,C,0.0
WBSSC_SLST_0152,WB_CENTRE_SIL_02,HALL_01,3,Q50,A,0.0
WBSSC_SLST_0152,WB_CENTRE_SIL_02,HALL_01,3,Q51,A,0.0
WBSSC_SLST_0152,WB_CENTRE_SIL_02,HALL_01,3,Q52,D,0.0
WBSSC_SLST_0152,WB_CENTRE_SIL_02,HALL_01,3,Q53,C,0.0
WBSSC_SLST_0152,WB_CENTRE_SIL_02,HALL_01,3,Q54,A,0.0
WBSSC_SLST_0152,WB_CENTRE_SIL_02,HALL_01,3,Q55,C,0.0
WBSSC_SLST_0152,WB_CENTRE_SIL_02,HALL_01,3,Q56,D,0.0
WBSSC_SLST_0152,WB_CENTRE_SIL_02,HALL_01,3,Q57,D,0.0
WBSSC_SLST_0152,WB_CENTRE_SIL_02,HALL_01,3,Q58,D,0.0
WBSSC_SLST_0152,WB_CENTRE_SIL_02,HALL_01,3,Q59,D,0.0
WBSSC_SLST_0152,WB_CENTRE_SIL_02,HALL_01,3,Q60,A,0.0
WBSSC_SLST_0153,WB_CENTRE_SIL_02,HALL_02,4,Q01,B,1.0
WBSSC_SLST_0153,WB_CENTRE_SIL_02,HALL_02,4,Q02,B,1.0
WBSSC_SLST_0153,WB_CENTRE_SIL_02,HALL_02,4,Q03,B,1.0
WBSSC_SLST_0153,WB_CENTRE_SIL_02,HALL_02,4,Q04,B,1.0
WBSSC_SLST_0153,WB_CENTRE_SIL_02,HALL_02,4,Q05,B,1.0
WBSSC_SLST_0153,WB_CENTRE_SIL_02,HALL_02,4,Q06,B,1.0
WBSSC_SLST_0153,WB_CENTRE_SIL_02,HALL_02,4,Q07,B,1.0
WBSSC_SLST_0153,WB_CENTRE_SIL_02,HALL_02,4,Q08,B,1.0
WBSSC_SLST_0153,WB_CENTRE_SIL_02,HALL_02,4,Q09,B,1.0
WBSSC_SLST_0153,WB_CENTRE_SIL_02,HALL_02,4,Q10,B,1.0
WBSSC_SLST_0153,WB_CENTRE_SIL_02,HALL_02,4,Q11,B,1.0
WBSSC_SLST_0153,WB_CENTRE_SIL_02,HALL_02,4,Q12,B,1.0
WBSSC_SLST_0153,WB_CENTRE_SIL_02,HALL_02,4,Q13,B,1.0
WBSSC_SLST_0153,WB_CENTRE_SIL_02,HALL_02,4,Q14,B,1.0
WBSSC_SLST_0153,WB_CENTRE_SIL_02,HALL_02,4,Q15,B,1.0
WBSSC_SLST_0153,WB_CENTRE_SIL_02,HALL_02,4,Q16,B,1.0
WBSSC_SLST_0153,WB_CENTRE_SIL_02,HALL_02,4,Q17,B,1.0
WBSSC_SLST_0153,WB_CENTRE_SIL_02,HALL_02,4,Q18,B,1.0
WBSSC_SLST_0153,WB_CENTRE_SIL_02,HALL_02,4,Q19,B,1.0
WBSSC_SLST_0153,WB_CENTRE_SIL_02,HALL_02,4,Q20,B,1.0
WBSSC_SLST_0153,WB_CENTRE_SIL_02,HALL_02,4,Q21,B,1.0
WBSSC_SLST_0153,WB_CENTRE_SIL_02,HALL_02,4,Q22,B,1.0
WBSSC_SLST_0153,WB_CENTRE_SIL_02,HALL_02,4,Q23,B,1.0
WBSSC_SLST_0153,WB_CENTRE_SIL_02,HALL_02,4,Q24,B,1.0
WBSSC_SLST_0153,WB_CENTRE_SIL_02,HALL_02,4,Q25,B,1.0
WBSSC_SLST_0153,WB_CENTRE_SIL_02,HALL_02,4,Q26,B,1.0
WBSSC_SLST_0153,WB_CENTRE_SIL_02,HALL_02,4,Q27,B,1.0
WBSSC_SLST_0153,WB_CENTRE_SIL_02,HALL_02,4,Q28,B,1.0
WBSSC_SLST_0153,WB_CENTRE_SIL_02,HALL_02,4,Q29,B,1.0
WBSSC_SLST_0153,WB_CENTRE_SIL_02,HALL_02,4,Q30,B,1.0
WBSSC_SLST_0153,WB_CENTRE_SIL_02,HALL_02,4,Q31,B,1.0
WBSSC_SLST_0153,WB_CENTRE_SIL_02,HALL_02,4,Q32,B,1.0
WBSSC_SLST_0153,WB_CENTRE_SIL_02,HALL_02,4,Q33,B,1.0
WBSSC_SLST_0153,WB_CENTRE_SIL_02,HALL_02,4,Q34,D,0.0
WBSSC_SLST_0153,WB_CENTRE_SIL_02,HALL_02,4,Q35,D,0.0
WBSSC_SLST_0153,WB_CENTRE_SIL_02,HALL_02,4,Q36,D,0.0
WBSSC_SLST_0153,WB_CENTRE_SIL_02,HALL_02,4,Q37,C,0.0
WBSSC_SLST_0153,WB_CENTRE_SIL_02,HALL_02,4,Q38,D,0.0
WBSSC_SLST_0153,WB_CENTRE_SIL_02,HALL_02,4,Q39,D,0.0
WBSSC_SLST_0153,WB_CENTRE_SIL_02,HALL_02,4,Q40,A,0.0
WBSSC_SLST_0153,WB_CENTRE_SIL_02,HALL_02,4,Q41,A,0.0
WBSSC_SLST_0153,WB_CENTRE_SIL_02,HALL_02,4,Q42,C,0.0
WBSSC_SLST_0153,WB_CENTRE_SIL_02,HALL_02,4,Q43,C,0.0
WBSSC_SLST_0153,WB_CENTRE_SIL_02,HALL_02,4,Q44,C,0.0
WBSSC_SLST_0153,WB_CENTRE_SIL_02,HALL_02,4,Q45,C,0.0
WBSSC_SLST_0153,WB_CENTRE_SIL_02,HALL_02,4,Q46,D,0.0
WBSSC_SLST_0153,WB_CENTRE_SIL_02,HALL_02,4,Q47,C,0.0
WBSSC_SLST_0153,WB_CENTRE_SIL_02,HALL_02,4,Q48,A,0.0
WBSSC_SLST_0153,WB_CENTRE_SIL_02,HALL_02,4,Q49,C,0.0
WBSSC_SLST_0153,WB_CENTRE_SIL_02,HALL_02,4,Q50,D,0.0
WBSSC_SLST_0153,WB_CENTRE_SIL_02,HALL_02,4,Q51,A,0.0
WBSSC_SLST_0153,WB_CENTRE_SIL_02,HALL_02,4,Q52,D,0.0
WBSSC_SLST_0153,WB_CENTRE_SIL_02,HALL_02,4,Q53,C,0.0
WBSSC_SLST_0153,WB_CENTRE_SIL_02,HALL_02,4,Q54,A,0.0
WBSSC_SLST_0153,WB_CENTRE_SIL_02,HALL_02,4,Q55,C,0.0
WBSSC_SLST_0153,WB_CENTRE_SIL_02,HALL_02,4,Q56,D,0.0
WBSSC_SLST_0153,WB_CENTRE_SIL_02,HALL_02,4,Q57,C,0.0
WBSSC_SLST_0153,WB_CENTRE_SIL_02,HALL_02,4,Q58,A,0.0
WBSSC_SLST_0153,WB_CENTRE_SIL_02,HALL_02,4,Q59,A,0.0
WBSSC_SLST_0153,WB_CENTRE_SIL_02,HALL_02,4,Q60,A,0.0
WBSSC_SLST_0154,WB_CENTRE_SIL_02,HALL_03,5,Q01,B,1.0
WBSSC_SLST_0154,WB_CENTRE_SIL_02,HALL_03,5,Q02,B,1.0
WBSSC_SLST_0154,WB_CENTRE_SIL_02,HALL_03,5,Q03,B,1.0
WBSSC_SLST_0154,WB_CENTRE_SIL_02,HALL_03,5,Q04,B,1.0
WBSSC_SLST_0154,WB_CENTRE_SIL_02,HALL_03,5,Q05,B,1.0
WBSSC_SLST_0154,WB_CENTRE_SIL_02,HALL_03,5,Q06,B,1.0
WBSSC_SLST_0154,WB_CENTRE_SIL_02,HALL_03,5,Q07,B,1.0
WBSSC_SLST_0154,WB_CENTRE_SIL_02,HALL_03,5,Q08,B,1.0
WBSSC_SLST_0154,WB_CENTRE_SIL_02,HALL_03,5,Q09,B,1.0
WBSSC_SLST_0154,WB_CENTRE_SIL_02,HALL_03,5,Q10,B,1.0
WBSSC_SLST_0154,WB_CENTRE_SIL_02,HALL_03,5,Q11,B,1.0
WBSSC_SLST_0154,WB_CENTRE_SIL_02,HALL_03,5,Q12,B,1.0
WBSSC_SLST_0154,WB_CENTRE_SIL_02,HALL_03,5,Q13,B,1.0
WBSSC_SLST_0154,WB_CENTRE_SIL_02,HALL_03,5,Q14,B,1.0
WBSSC_SLST_0154,WB_CENTRE_SIL_02,HALL_03,5,Q15,B,1.0
WBSSC_SLST_0154,WB_CENTRE_SIL_02,HALL_03,5,Q16,B,1.0
WBSSC_SLST_0154,WB_CENTRE_SIL_02,HALL_03,5,Q17,B,1.0
WBSSC_SLST_0154,WB_CENTRE_SIL_02,HALL_03,5,Q18,B,1.0
WBSSC_SLST_0154,WB_CENTRE_SIL_02,HALL_03,5,Q19,B,1.0
WBSSC_SLST_0154,WB_CENTRE_SIL_02,HALL_03,5,Q20,B,1.0
WBSSC_SLST_0154,WB_CENTRE_SIL_02,HALL_03,5,Q21,B,1.0
WBSSC_SLST_0154,WB_CENTRE_SIL_02,HALL_03,5,Q22,B,1.0
WBSSC_SLST_0154,WB_CENTRE_SIL_02,HALL_03,5,Q23,B,1.0
WBSSC_SLST_0154,WB_CENTRE_SIL_02,HALL_03,5,Q24,B,1.0
WBSSC_SLST_0154,WB_CENTRE_SIL_02,HALL_03,5,Q25,B,1.0
WBSSC_SLST_0154,WB_CENTRE_SIL_02,HALL_03,5,Q26,B,1.0
WBSSC_SLST_0154,WB_CENTRE_SIL_02,HALL_03,5,Q27,B,1.0
WBSSC_SLST_0154,WB_CENTRE_SIL_02,HALL_03,5,Q28,B,1.0
WBSSC_SLST_0154,WB_CENTRE_SIL_02,HALL_03,5,Q29,B,1.0
WBSSC_SLST_0154,WB_CENTRE_SIL_02,HALL_03,5,Q30,B,1.0
WBSSC_SLST_0154,WB_CENTRE_SIL_02,HALL_03,5,Q31,B,1.0
WBSSC_SLST_0154,WB_CENTRE_SIL_02,HALL_03,5,Q32,B,1.0
WBSSC_SLST_0154,WB_CENTRE_SIL_02,HALL_03,5,Q33,B,1.0
WBSSC_SLST_0154,WB_CENTRE_SIL_02,HALL_03,5,Q34,B,1.0
WBSSC_SLST_0154,WB_CENTRE_SIL_02,HALL_03,5,Q35,B,1.0
WBSSC_SLST_0154,WB_CENTRE_SIL_02,HALL_03,5,Q36,B,1.0
WBSSC_SLST_0154,WB_CENTRE_SIL_02,HALL_03,5,Q37,B,1.0
WBSSC_SLST_0154,WB_CENTRE_SIL_02,HALL_03,5,Q38,B,1.0
WBSSC_SLST_0154,WB_CENTRE_SIL_02,HALL_03,5,Q39,D,0.0
WBSSC_SLST_0154,WB_CENTRE_SIL_02,HALL_03,5,Q40,C,0.0
WBSSC_SLST_0154,WB_CENTRE_SIL_02,HALL_03,5,Q41,A,0.0
WBSSC_SLST_0154,WB_CENTRE_SIL_02,HALL_03,5,Q42,A,0.0
WBSSC_SLST_0154,WB_CENTRE_SIL_02,HALL_03,5,Q43,D,0.0
WBSSC_SLST_0154,WB_CENTRE_SIL_02,HALL_03,5,Q44,C,0.0
WBSSC_SLST_0154,WB_CENTRE_SIL_02,HALL_03,5,Q45,A,0.0
WBSSC_SLST_0154,WB_CENTRE_SIL_02,HALL_03,5,Q46,D,0.0
WBSSC_SLST_0154,WB_CENTRE_SIL_02,HALL_03,5,Q47,D,0.0
WBSSC_SLST_0154,WB_CENTRE_SIL_02,HALL_03,5,Q48,D,0.0
WBSSC_SLST_0154,WB_CENTRE_SIL_02,HALL_03,5,Q49,A,0.0
WBSSC_SLST_0154,WB_CENTRE_SIL_02,HALL_03,5,Q50,D,0.0
WBSSC_SLST_0154,WB_CENTRE_SIL_02,HALL_03,5,Q51,D,0.0
WBSSC_SLST_0154,WB_CENTRE_SIL_02,HALL_03,5,Q52,C,0.0
WBSSC_SLST_0154,WB_CENTRE_SIL_02,HALL_03,5,Q53,D,0.0
WBSSC_SLST_0154,WB_CENTRE_SIL_02,HALL_03,5,Q54,D,0.0
WBSSC_SLST_0154,WB_CENTRE_SIL_02,HALL_03,5,Q55,D,0.0
WBSSC_SLST_0154,WB_CENTRE_SIL_02,HALL_03,5,Q56,C,0.0
WBSSC_SLST_0154,WB_CENTRE_SIL_02,HALL_03,5,Q57,D,0.0
WBSSC_SLST_0154,WB_CENTRE_SIL_02,HALL_03,5,Q58,D,0.0
WBSSC_SLST_0154,WB_CENTRE_SIL_02,HALL_03,5,Q59,C,0.0
WBSSC_SLST_0154,WB_CENTRE_SIL_02,HALL_03,5,Q60,D,0.0
WBSSC_SLST_0155,WB_CENTRE_SIL_02,HALL_04,6,Q01,B,1.0
WBSSC_SLST_0155,WB_CENTRE_SIL_02,HALL_04,6,Q02,B,1.0
WBSSC_SLST_0155,WB_CENTRE_SIL_02,HALL_04,6,Q03,B,1.0
WBSSC_SLST_0155,WB_CENTRE_SIL_02,HALL_04,6,Q04,B,1.0
WBSSC_SLST_0155,WB_CENTRE_SIL_02,HALL_04,6,Q05,B,1.0
WBSSC_SLST_0155,WB_CENTRE_SIL_02,HALL_04,6,Q06,B,1.0
WBSSC_SLST_0155,WB_CENTRE_SIL_02,HALL_04,6,Q07,B,1.0
WBSSC_SLST_0155,WB_CENTRE_SIL_02,HALL_04,6,Q08,B,1.0
WBSSC_SLST_0155,WB_CENTRE_SIL_02,HALL_04,6,Q09,B,1.0
WBSSC_SLST_0155,WB_CENTRE_SIL_02,HALL_04,6,Q10,B,1.0
WBSSC_SLST_0155,WB_CENTRE_SIL_02,HALL_04,6,Q11,B,1.0
WBSSC_SLST_0155,WB_CENTRE_SIL_02,HALL_04,6,Q12,B,1.0
WBSSC_SLST_0155,WB_CENTRE_SIL_02,HALL_04,6,Q13,B,1.0
WBSSC_SLST_0155,WB_CENTRE_SIL_02,HALL_04,6,Q14,B,1.0
WBSSC_SLST_0155,WB_CENTRE_SIL_02,HALL_04,6,Q15,B,1.0
WBSSC_SLST_0155,WB_CENTRE_SIL_02,HALL_04,6,Q16,B,1.0
WBSSC_SLST_0155,WB_CENTRE_SIL_02,HALL_04,6,Q17,B,1.0
WBSSC_SLST_0155,WB_CENTRE_SIL_02,HALL_04,6,Q18,B,1.0
WBSSC_SLST_0155,WB_CENTRE_SIL_02,HALL_04,6,Q19,B,1.0
WBSSC_SLST_0155,WB_CENTRE_SIL_02,HALL_04,6,Q20,B,1.0
WBSSC_SLST_0155,WB_CENTRE_SIL_02,HALL_04,6,Q21,B,1.0
WBSSC_SLST_0155,WB_CENTRE_SIL_02,HALL_04,6,Q22,B,1.0
WBSSC_SLST_0155,WB_CENTRE_SIL_02,HALL_04,6,Q23,B,1.0
WBSSC_SLST_0155,WB_CENTRE_SIL_02,HALL_04,6,Q24,B,1.0
WBSSC_SLST_0155,WB_CENTRE_SIL_02,HALL_04,6,Q25,B,1.0
WBSSC_SLST_0155,WB_CENTRE_SIL_02,HALL_04,6,Q26,B,1.0
WBSSC_SLST_0155,WB_CENTRE_SIL_02,HALL_04,6,Q27,A,0.0
WBSSC_SLST_0155,WB_CENTRE_SIL_02,HALL_04,6,Q28,A,0.0
WBSSC_SLST_0155,WB_CENTRE_SIL_02,HALL_04,6,Q29,C,0.0
WBSSC_SLST_0155,WB_CENTRE_SIL_02,HALL_04,6,Q30,C,0.0
WBSSC_SLST_0155,WB_CENTRE_SIL_02,HALL_04,6,Q31,A,0.0
WBSSC_SLST_0155,WB_CENTRE_SIL_02,HALL_04,6,Q32,C,0.0
WBSSC_SLST_0155,WB_CENTRE_SIL_02,HALL_04,6,Q33,D,0.0
WBSSC_SLST_0155,WB_CENTRE_SIL_02,HALL_04,6,Q34,C,0.0
WBSSC_SLST_0155,WB_CENTRE_SIL_02,HALL_04,6,Q35,A,0.0
WBSSC_SLST_0155,WB_CENTRE_SIL_02,HALL_04,6,Q36,C,0.0
WBSSC_SLST_0155,WB_CENTRE_SIL_02,HALL_04,6,Q37,D,0.0
WBSSC_SLST_0155,WB_CENTRE_SIL_02,HALL_04,6,Q38,D,0.0
WBSSC_SLST_0155,WB_CENTRE_SIL_02,HALL_04,6,Q39,D,0.0
WBSSC_SLST_0155,WB_CENTRE_SIL_02,HALL_04,6,Q40,A,0.0
WBSSC_SLST_0155,WB_CENTRE_SIL_02,HALL_04,6,Q41,A,0.0
WBSSC_SLST_0155,WB_CENTRE_SIL_02,HALL_04,6,Q42,D,0.0
WBSSC_SLST_0155,WB_CENTRE_SIL_02,HALL_04,6,Q43,A,0.0
WBSSC_SLST_0155,WB_CENTRE_SIL_02,HALL_04,6,Q44,C,0.0
WBSSC_SLST_0155,WB_CENTRE_SIL_02,HALL_04,6,Q45,A,0.0
WBSSC_SLST_0155,WB_CENTRE_SIL_02,HALL_04,6,Q46,D,0.0
WBSSC_SLST_0155,WB_CENTRE_SIL_02,HALL_04,6,Q47,C,0.0
WBSSC_SLST_0155,WB_CENTRE_SIL_02,HALL_04,6,Q48,C,0.0
WBSSC_SLST_0155,WB_CENTRE_SIL_02,HALL_04,6,Q49,A,0.0
WBSSC_SLST_0155,WB_CENTRE_SIL_02,HALL_04,6,Q50,A,0.0
WBSSC_SLST_0155,WB_CENTRE_SIL_02,HALL_04,6,Q51,C,0.0
WBSSC_SLST_0155,WB_CENTRE_SIL_02,HALL_04,6,Q52,A,0.0
WBSSC_SLST_0155,WB_CENTRE_SIL_02,HALL_04,6,Q53,A,0.0
WBSSC_SLST_0155,WB_CENTRE_SIL_02,HALL_04,6,Q54,D,0.0
WBSSC_SLST_0155,WB_CENTRE_SIL_02,HALL_04,6,Q55,A,0.0
WBSSC_SLST_0155,WB_CENTRE_SIL_02,HALL_04,6,Q56,D,0.0
WBSSC_SLST_0155,WB_CENTRE_SIL_02,HALL_04,6,Q57,C,0.0
WBSSC_SLST_0155,WB_CENTRE_SIL_02,HALL_04,6,Q58,A,0.0
WBSSC_SLST_0155,WB_CENTRE_SIL_02,HALL_04,6,Q59,D,0.0
WBSSC_SLST_0155,WB_CENTRE_SIL_02,HALL_04,6,Q60,D,0.0
WBSSC_SLST_0156,WB_CENTRE_SIL_02,HALL_01,7,Q01,B,1.0
WBSSC_SLST_0156,WB_CENTRE_SIL_02,HALL_01,7,Q02,B,1.0
WBSSC_SLST_0156,WB_CENTRE_SIL_02,HALL_01,7,Q03,B,1.0
WBSSC_SLST_0156,WB_CENTRE_SIL_02,HALL_01,7,Q04,B,1.0
WBSSC_SLST_0156,WB_CENTRE_SIL_02,HALL_01,7,Q05,B,1.0
WBSSC_SLST_0156,WB_CENTRE_SIL_02,HALL_01,7,Q06,B,1.0
WBSSC_SLST_0156,WB_CENTRE_SIL_02,HALL_01,7,Q07,B,1.0
WBSSC_SLST_0156,WB_CENTRE_SIL_02,HALL_01,7,Q08,B,1.0
WBSSC_SLST_0156,WB_CENTRE_SIL_02,HALL_01,7,Q09,B,1.0
WBSSC_SLST_0156,WB_CENTRE_SIL_02,HALL_01,7,Q10,B,1.0
WBSSC_SLST_0156,WB_CENTRE_SIL_02,HALL_01,7,Q11,B,1.0
WBSSC_SLST_0156,WB_CENTRE_SIL_02,HALL_01,7,Q12,B,1.0
WBSSC_SLST_0156,WB_CENTRE_SIL_02,HALL_01,7,Q13,B,1.0
WBSSC_SLST_0156,WB_CENTRE_SIL_02,HALL_01,7,Q14,B,1.0
WBSSC_SLST_0156,WB_CENTRE_SIL_02,HALL_01,7,Q15,B,1.0
WBSSC_SLST_0156,WB_CENTRE_SIL_02,HALL_01,7,Q16,B,1.0
WBSSC_SLST_0156,WB_CENTRE_SIL_02,HALL_01,7,Q17,B,1.0
WBSSC_SLST_0156,WB_CENTRE_SIL_02,HALL_01,7,Q18,B,1.0
WBSSC_SLST_0156,WB_CENTRE_SIL_02,HALL_01,7,Q19,B,1.0
WBSSC_SLST_0156,WB_CENTRE_SIL_02,HALL_01,7,Q20,B,1.0
WBSSC_SLST_0156,WB_CENTRE_SIL_02,HALL_01,7,Q21,B,1.0
WBSSC_SLST_0156,WB_CENTRE_SIL_02,HALL_01,7,Q22,B,1.0
WBSSC_SLST_0156,WB_CENTRE_SIL_02,HALL_01,7,Q23,B,1.0
WBSSC_SLST_0156,WB_CENTRE_SIL_02,HALL_01,7,Q24,B,1.0
WBSSC_SLST_0156,WB_CENTRE_SIL_02,HALL_01,7,Q25,B,1.0
WBSSC_SLST_0156,WB_CENTRE_SIL_02,HALL_01,7,Q26,B,1.0
WBSSC_SLST_0156,WB_CENTRE_SIL_02,HALL_01,7,Q27,B,1.0
WBSSC_SLST_0156,WB_CENTRE_SIL_02,HALL_01,7,Q28,B,1.0
WBSSC_SLST_0156,WB_CENTRE_SIL_02,HALL_01,7,Q29,B,1.0
WBSSC_SLST_0156,WB_CENTRE_SIL_02,HALL_01,7,Q30,B,1.0
WBSSC_SLST_0156,WB_CENTRE_SIL_02,HALL_01,7,Q31,B,1.0
WBSSC_SLST_0156,WB_CENTRE_SIL_02,HALL_01,7,Q32,C,0.0
WBSSC_SLST_0156,WB_CENTRE_SIL_02,HALL_01,7,Q33,C,0.0
WBSSC_SLST_0156,WB_CENTRE_SIL_02,HALL_01,7,Q34,D,0.0
WBSSC_SLST_0156,WB_CENTRE_SIL_02,HALL_01,7,Q35,A,0.0
WBSSC_SLST_0156,WB_CENTRE_SIL_02,HALL_01,7,Q36,C,0.0
WBSSC_SLST_0156,WB_CENTRE_SIL_02,HALL_01,7,Q37,A,0.0
WBSSC_SLST_0156,WB_CENTRE_SIL_02,HALL_01,7,Q38,D,0.0
WBSSC_SLST_0156,WB_CENTRE_SIL_02,HALL_01,7,Q39,A,0.0
WBSSC_SLST_0156,WB_CENTRE_SIL_02,HALL_01,7,Q40,C,0.0
WBSSC_SLST_0156,WB_CENTRE_SIL_02,HALL_01,7,Q41,D,0.0
WBSSC_SLST_0156,WB_CENTRE_SIL_02,HALL_01,7,Q42,D,0.0
WBSSC_SLST_0156,WB_CENTRE_SIL_02,HALL_01,7,Q43,D,0.0
WBSSC_SLST_0156,WB_CENTRE_SIL_02,HALL_01,7,Q44,C,0.0
WBSSC_SLST_0156,WB_CENTRE_SIL_02,HALL_01,7,Q45,C,0.0
WBSSC_SLST_0156,WB_CENTRE_SIL_02,HALL_01,7,Q46,D,0.0
WBSSC_SLST_0156,WB_CENTRE_SIL_02,HALL_01,7,Q47,C,0.0
WBSSC_SLST_0156,WB_CENTRE_SIL_02,HALL_01,7,Q48,A,0.0
WBSSC_SLST_0156,WB_CENTRE_SIL_02,HALL_01,7,Q49,C,0.0
WBSSC_SLST_0156,WB_CENTRE_SIL_02,HALL_01,7,Q50,A,0.0
WBSSC_SLST_0156,WB_CENTRE_SIL_02,HALL_01,7,Q51,C,0.0
WBSSC_SLST_0156,WB_CENTRE_SIL_02,HALL_01,7,Q52,C,0.0
WBSSC_SLST_0156,WB_CENTRE_SIL_02,HALL_01,7,Q53,D,0.0
WBSSC_SLST_0156,WB_CENTRE_SIL_02,HALL_01,7,Q54,A,0.0
WBSSC_SLST_0156,WB_CENTRE_SIL_02,HALL_01,7,Q55,D,0.0
WBSSC_SLST_0156,WB_CENTRE_SIL_02,HALL_01,7,Q56,A,0.0
WBSSC_SLST_0156,WB_CENTRE_SIL_02,HALL_01,7,Q57,C,0.0
WBSSC_SLST_0156,WB_CENTRE_SIL_02,HALL_01,7,Q58,D,0.0
WBSSC_SLST_0156,WB_CENTRE_SIL_02,HALL_01,7,Q59,C,0.0
WBSSC_SLST_0156,WB_CENTRE_SIL_02,HALL_01,7,Q60,D,0.0
WBSSC_SLST_0157,WB_CENTRE_SIL_02,HALL_02,8,Q01,B,1.0
WBSSC_SLST_0157,WB_CENTRE_SIL_02,HALL_02,8,Q02,B,1.0
WBSSC_SLST_0157,WB_CENTRE_SIL_02,HALL_02,8,Q03,B,1.0
WBSSC_SLST_0157,WB_CENTRE_SIL_02,HALL_02,8,Q04,B,1.0
WBSSC_SLST_0157,WB_CENTRE_SIL_02,HALL_02,8,Q05,B,1.0
WBSSC_SLST_0157,WB_CENTRE_SIL_02,HALL_02,8,Q06,B,1.0
WBSSC_SLST_0157,WB_CENTRE_SIL_02,HALL_02,8,Q07,B,1.0
WBSSC_SLST_0157,WB_CENTRE_SIL_02,HALL_02,8,Q08,B,1.0
WBSSC_SLST_0157,WB_CENTRE_SIL_02,HALL_02,8,Q09,B,1.0
WBSSC_SLST_0157,WB_CENTRE_SIL_02,HALL_02,8,Q10,B,1.0
WBSSC_SLST_0157,WB_CENTRE_SIL_02,HALL_02,8,Q11,B,1.0
WBSSC_SLST_0157,WB_CENTRE_SIL_02,HALL_02,8,Q12,B,1.0
WBSSC_SLST_0157,WB_CENTRE_SIL_02,HALL_02,8,Q13,B,1.0
WBSSC_SLST_0157,WB_CENTRE_SIL_02,HALL_02,8,Q14,B,1.0
WBSSC_SLST_0157,WB_CENTRE_SIL_02,HALL_02,8,Q15,B,1.0
WBSSC_SLST_0157,WB_CENTRE_SIL_02,HALL_02,8,Q16,B,1.0
WBSSC_SLST_0157,WB_CENTRE_SIL_02,HALL_02,8,Q17,B,1.0
WBSSC_SLST_0157,WB_CENTRE_SIL_02,HALL_02,8,Q18,B,1.0
WBSSC_SLST_0157,WB_CENTRE_SIL_02,HALL_02,8,Q19,B,1.0
WBSSC_SLST_0157,WB_CENTRE_SIL_02,HALL_02,8,Q20,B,1.0
WBSSC_SLST_0157,WB_CENTRE_SIL_02,HALL_02,8,Q21,B,1.0
WBSSC_SLST_0157,WB_CENTRE_SIL_02,HALL_02,8,Q22,B,1.0
WBSSC_SLST_0157,WB_CENTRE_SIL_02,HALL_02,8,Q23,B,1.0
WBSSC_SLST_0157,WB_CENTRE_SIL_02,HALL_02,8,Q24,B,1.0
WBSSC_SLST_0157,WB_CENTRE_SIL_02,HALL_02,8,Q25,B,1.0
WBSSC_SLST_0157,WB_CENTRE_SIL_02,HALL_02,8,Q26,B,1.0
WBSSC_SLST_0157,WB_CENTRE_SIL_02,HALL_02,8,Q27,B,1.0
WBSSC_SLST_0157,WB_CENTRE_SIL_02,HALL_02,8,Q28,B,1.0
WBSSC_SLST_0157,WB_CENTRE_SIL_02,HALL_02,8,Q29,B,1.0
WBSSC_SLST_0157,WB_CENTRE_SIL_02,HALL_02,8,Q30,B,1.0
WBSSC_SLST_0157,WB_CENTRE_SIL_02,HALL_02,8,Q31,B,1.0
WBSSC_SLST_0157,WB_CENTRE_SIL_02,HALL_02,8,Q32,B,1.0
WBSSC_SLST_0157,WB_CENTRE_SIL_02,HALL_02,8,Q33,B,1.0
WBSSC_SLST_0157,WB_CENTRE_SIL_02,HALL_02,8,Q34,B,1.0
WBSSC_SLST_0157,WB_CENTRE_SIL_02,HALL_02,8,Q35,B,1.0
WBSSC_SLST_0157,WB_CENTRE_SIL_02,HALL_02,8,Q36,B,1.0
WBSSC_SLST_0157,WB_CENTRE_SIL_02,HALL_02,8,Q37,C,0.0
WBSSC_SLST_0157,WB_CENTRE_SIL_02,HALL_02,8,Q38,C,0.0
WBSSC_SLST_0157,WB_CENTRE_SIL_02,HALL_02,8,Q39,C,0.0
WBSSC_SLST_0157,WB_CENTRE_SIL_02,HALL_02,8,Q40,D,0.0
WBSSC_SLST_0157,WB_CENTRE_SIL_02,HALL_02,8,Q41,A,0.0
WBSSC_SLST_0157,WB_CENTRE_SIL_02,HALL_02,8,Q42,C,0.0
WBSSC_SLST_0157,WB_CENTRE_SIL_02,HALL_02,8,Q43,D,0.0
WBSSC_SLST_0157,WB_CENTRE_SIL_02,HALL_02,8,Q44,A,0.0
WBSSC_SLST_0157,WB_CENTRE_SIL_02,HALL_02,8,Q45,D,0.0
WBSSC_SLST_0157,WB_CENTRE_SIL_02,HALL_02,8,Q46,C,0.0
WBSSC_SLST_0157,WB_CENTRE_SIL_02,HALL_02,8,Q47,D,0.0
WBSSC_SLST_0157,WB_CENTRE_SIL_02,HALL_02,8,Q48,D,0.0
WBSSC_SLST_0157,WB_CENTRE_SIL_02,HALL_02,8,Q49,A,0.0
WBSSC_SLST_0157,WB_CENTRE_SIL_02,HALL_02,8,Q50,A,0.0
WBSSC_SLST_0157,WB_CENTRE_SIL_02,HALL_02,8,Q51,C,0.0
WBSSC_SLST_0157,WB_CENTRE_SIL_02,HALL_02,8,Q52,D,0.0
WBSSC_SLST_0157,WB_CENTRE_SIL_02,HALL_02,8,Q53,C,0.0
WBSSC_SLST_0157,WB_CENTRE_SIL_02,HALL_02,8,Q54,A,0.0
WBSSC_SLST_0157,WB_CENTRE_SIL_02,HALL_02,8,Q55,D,0.0
WBSSC_SLST_0157,WB_CENTRE_SIL_02,HALL_02,8,Q56,A,0.0
WBSSC_SLST_0157,WB_CENTRE_SIL_02,HALL_02,8,Q57,A,0.0
WBSSC_SLST_0157,WB_CENTRE_SIL_02,HALL_02,8,Q58,C,0.0
WBSSC_SLST_0157,WB_CENTRE_SIL_02,HALL_02,8,Q59,A,0.0
WBSSC_SLST_0157,WB_CENTRE_SIL_02,HALL_02,8,Q60,C,0.0
WBSSC_SLST_0158,WB_CENTRE_SIL_02,HALL_03,9,Q01,B,1.0
WBSSC_SLST_0158,WB_CENTRE_SIL_02,HALL_03,9,Q02,B,1.0
WBSSC_SLST_0158,WB_CENTRE_SIL_02,HALL_03,9,Q03,B,1.0
WBSSC_SLST_0158,WB_CENTRE_SIL_02,HALL_03,9,Q04,B,1.0
WBSSC_SLST_0158,WB_CENTRE_SIL_02,HALL_03,9,Q05,B,1.0
WBSSC_SLST_0158,WB_CENTRE_SIL_02,HALL_03,9,Q06,B,1.0
WBSSC_SLST_0158,WB_CENTRE_SIL_02,HALL_03,9,Q07,B,1.0
WBSSC_SLST_0158,WB_CENTRE_SIL_02,HALL_03,9,Q08,B,1.0
WBSSC_SLST_0158,WB_CENTRE_SIL_02,HALL_03,9,Q09,B,1.0
WBSSC_SLST_0158,WB_CENTRE_SIL_02,HALL_03,9,Q10,B,1.0
WBSSC_SLST_0158,WB_CENTRE_SIL_02,HALL_03,9,Q11,B,1.0
WBSSC_SLST_0158,WB_CENTRE_SIL_02,HALL_03,9,Q12,B,1.0
WBSSC_SLST_0158,WB_CENTRE_SIL_02,HALL_03,9,Q13,B,1.0
WBSSC_SLST_0158,WB_CENTRE_SIL_02,HALL_03,9,Q14,B,1.0
WBSSC_SLST_0158,WB_CENTRE_SIL_02,HALL_03,9,Q15,B,1.0
WBSSC_SLST_0158,WB_CENTRE_SIL_02,HALL_03,9,Q16,B,1.0
WBSSC_SLST_0158,WB_CENTRE_SIL_02,HALL_03,9,Q17,B,1.0
WBSSC_SLST_0158,WB_CENTRE_SIL_02,HALL_03,9,Q18,B,1.0
WBSSC_SLST_0158,WB_CENTRE_SIL_02,HALL_03,9,Q19,B,1.0
WBSSC_SLST_0158,WB_CENTRE_SIL_02,HALL_03,9,Q20,B,1.0
WBSSC_SLST_0158,WB_CENTRE_SIL_02,HALL_03,9,Q21,B,1.0
WBSSC_SLST_0158,WB_CENTRE_SIL_02,HALL_03,9,Q22,B,1.0
WBSSC_SLST_0158,WB_CENTRE_SIL_02,HALL_03,9,Q23,B,1.0
WBSSC_SLST_0158,WB_CENTRE_SIL_02,HALL_03,9,Q24,B,1.0
WBSSC_SLST_0158,WB_CENTRE_SIL_02,HALL_03,9,Q25,D,0.0
WBSSC_SLST_0158,WB_CENTRE_SIL_02,HALL_03,9,Q26,D,0.0
WBSSC_SLST_0158,WB_CENTRE_SIL_02,HALL_03,9,Q27,C,0.0
WBSSC_SLST_0158,WB_CENTRE_SIL_02,HALL_03,9,Q28,D,0.0
WBSSC_SLST_0158,WB_CENTRE_SIL_02,HALL_03,9,Q29,C,0.0
WBSSC_SLST_0158,WB_CENTRE_SIL_02,HALL_03,9,Q30,A,0.0
WBSSC_SLST_0158,WB_CENTRE_SIL_02,HALL_03,9,Q31,A,0.0
WBSSC_SLST_0158,WB_CENTRE_SIL_02,HALL_03,9,Q32,A,0.0
WBSSC_SLST_0158,WB_CENTRE_SIL_02,HALL_03,9,Q33,C,0.0
WBSSC_SLST_0158,WB_CENTRE_SIL_02,HALL_03,9,Q34,C,0.0
WBSSC_SLST_0158,WB_CENTRE_SIL_02,HALL_03,9,Q35,C,0.0
WBSSC_SLST_0158,WB_CENTRE_SIL_02,HALL_03,9,Q36,D,0.0
WBSSC_SLST_0158,WB_CENTRE_SIL_02,HALL_03,9,Q37,D,0.0
WBSSC_SLST_0158,WB_CENTRE_SIL_02,HALL_03,9,Q38,C,0.0
WBSSC_SLST_0158,WB_CENTRE_SIL_02,HALL_03,9,Q39,A,0.0
WBSSC_SLST_0158,WB_CENTRE_SIL_02,HALL_03,9,Q40,A,0.0
WBSSC_SLST_0158,WB_CENTRE_SIL_02,HALL_03,9,Q41,D,0.0
WBSSC_SLST_0158,WB_CENTRE_SIL_02,HALL_03,9,Q42,D,0.0
WBSSC_SLST_0158,WB_CENTRE_SIL_02,HALL_03,9,Q43,A,0.0
WBSSC_SLST_0158,WB_CENTRE_SIL_02,HALL_03,9,Q44,D,0.0
WBSSC_SLST_0158,WB_CENTRE_SIL_02,HALL_03,9,Q45,D,0.0
WBSSC_SLST_0158,WB_CENTRE_SIL_02,HALL_03,9,Q46,D,0.0
WBSSC_SLST_0158,WB_CENTRE_SIL_02,HALL_03,9,Q47,A,0.0
WBSSC_SLST_0158,WB_CENTRE_SIL_02,HALL_03,9,Q48,D,0.0
WBSSC_SLST_0158,WB_CENTRE_SIL_02,HALL_03,9,Q49,A,0.0
WBSSC_SLST_0158,WB_CENTRE_SIL_02,HALL_03,9,Q50,C,0.0
WBSSC_SLST_0158,WB_CENTRE_SIL_02,HALL_03,9,Q51,C,0.0
WBSSC_SLST_0158,WB_CENTRE_SIL_02,HALL_03,9,Q52,D,0.0
WBSSC_SLST_0158,WB_CENTRE_SIL_02,HALL_03,9,Q53,C,0.0
WBSSC_SLST_0158,WB_CENTRE_SIL_02,HALL_03,9,Q54,A,0.0
WBSSC_SLST_0158,WB_CENTRE_SIL_02,HALL_03,9,Q55,A,0.0
WBSSC_SLST_0158,WB_CENTRE_SIL_02,HALL_03,9,Q56,A,0.0
WBSSC_SLST_0158,WB_CENTRE_SIL_02,HALL_03,9,Q57,D,0.0
WBSSC_SLST_0158,WB_CENTRE_SIL_02,HALL_03,9,Q58,D,0.0
WBSSC_SLST_0158,WB_CENTRE_SIL_02,HALL_03,9,Q59,A,0.0
WBSSC_SLST_0158,WB_CENTRE_SIL_02,HALL_03,9,Q60,D,0.0
WBSSC_SLST_0159,WB_CENTRE_SIL_02,HALL_04,10,Q01,B,1.0
WBSSC_SLST_0159,WB_CENTRE_SIL_02,HALL_04,10,Q02,B,1.0
WBSSC_SLST_0159,WB_CENTRE_SIL_02,HALL_04,10,Q03,B,1.0
WBSSC_SLST_0159,WB_CENTRE_SIL_02,HALL_04,10,Q04,B,1.0
WBSSC_SLST_0159,WB_CENTRE_SIL_02,HALL_04,10,Q05,B,1.0
WBSSC_SLST_0159,WB_CENTRE_SIL_02,HALL_04,10,Q06,B,1.0
WBSSC_SLST_0159,WB_CENTRE_SIL_02,HALL_04,10,Q07,B,1.0
WBSSC_SLST_0159,WB_CENTRE_SIL_02,HALL_04,10,Q08,B,1.0
WBSSC_SLST_0159,WB_CENTRE_SIL_02,HALL_04,10,Q09,B,1.0
WBSSC_SLST_0159,WB_CENTRE_SIL_02,HALL_04,10,Q10,B,1.0
WBSSC_SLST_0159,WB_CENTRE_SIL_02,HALL_04,10,Q11,B,1.0
WBSSC_SLST_0159,WB_CENTRE_SIL_02,HALL_04,10,Q12,B,1.0
WBSSC_SLST_0159,WB_CENTRE_SIL_02,HALL_04,10,Q13,B,1.0
WBSSC_SLST_0159,WB_CENTRE_SIL_02,HALL_04,10,Q14,B,1.0
WBSSC_SLST_0159,WB_CENTRE_SIL_02,HALL_04,10,Q15,B,1.0
WBSSC_SLST_0159,WB_CENTRE_SIL_02,HALL_04,10,Q16,B,1.0
WBSSC_SLST_0159,WB_CENTRE_SIL_02,HALL_04,10,Q17,B,1.0
WBSSC_SLST_0159,WB_CENTRE_SIL_02,HALL_04,10,Q18,B,1.0
WBSSC_SLST_0159,WB_CENTRE_SIL_02,HALL_04,10,Q19,B,1.0
WBSSC_SLST_0159,WB_CENTRE_SIL_02,HALL_04,10,Q20,B,1.0
WBSSC_SLST_0159,WB_CENTRE_SIL_02,HALL_04,10,Q21,B,1.0
WBSSC_SLST_0159,WB_CENTRE_SIL_02,HALL_04,10,Q22,B,1.0
WBSSC_SLST_0159,WB_CENTRE_SIL_02,HALL_04,10,Q23,B,1.0
WBSSC_SLST_0159,WB_CENTRE_SIL_02,HALL_04,10,Q24,B,1.0
WBSSC_SLST_0159,WB_CENTRE_SIL_02,HALL_04,10,Q25,B,1.0
WBSSC_SLST_0159,WB_CENTRE_SIL_02,HALL_04,10,Q26,B,1.0
WBSSC_SLST_0159,WB_CENTRE_SIL_02,HALL_04,10,Q27,B,1.0
WBSSC_SLST_0159,WB_CENTRE_SIL_02,HALL_04,10,Q28,B,1.0
WBSSC_SLST_0159,WB_CENTRE_SIL_02,HALL_04,10,Q29,B,1.0
WBSSC_SLST_0159,WB_CENTRE_SIL_02,HALL_04,10,Q30,D,0.0
WBSSC_SLST_0159,WB_CENTRE_SIL_02,HALL_04,10,Q31,A,0.0
WBSSC_SLST_0159,WB_CENTRE_SIL_02,HALL_04,10,Q32,D,0.0
WBSSC_SLST_0159,WB_CENTRE_SIL_02,HALL_04,10,Q33,D,0.0
WBSSC_SLST_0159,WB_CENTRE_SIL_02,HALL_04,10,Q34,C,0.0
WBSSC_SLST_0159,WB_CENTRE_SIL_02,HALL_04,10,Q35,C,0.0
WBSSC_SLST_0159,WB_CENTRE_SIL_02,HALL_04,10,Q36,D,0.0
WBSSC_SLST_0159,WB_CENTRE_SIL_02,HALL_04,10,Q37,D,0.0
WBSSC_SLST_0159,WB_CENTRE_SIL_02,HALL_04,10,Q38,C,0.0
WBSSC_SLST_0159,WB_CENTRE_SIL_02,HALL_04,10,Q39,D,0.0
WBSSC_SLST_0159,WB_CENTRE_SIL_02,HALL_04,10,Q40,C,0.0
WBSSC_SLST_0159,WB_CENTRE_SIL_02,HALL_04,10,Q41,D,0.0
WBSSC_SLST_0159,WB_CENTRE_SIL_02,HALL_04,10,Q42,A,0.0
WBSSC_SLST_0159,WB_CENTRE_SIL_02,HALL_04,10,Q43,A,0.0
WBSSC_SLST_0159,WB_CENTRE_SIL_02,HALL_04,10,Q44,A,0.0
WBSSC_SLST_0159,WB_CENTRE_SIL_02,HALL_04,10,Q45,A,0.0
WBSSC_SLST_0159,WB_CENTRE_SIL_02,HALL_04,10,Q46,A,0.0
WBSSC_SLST_0159,WB_CENTRE_SIL_02,HALL_04,10,Q47,C,0.0
WBSSC_SLST_0159,WB_CENTRE_SIL_02,HALL_04,10,Q48,D,0.0
WBSSC_SLST_0159,WB_CENTRE_SIL_02,HALL_04,10,Q49,A,0.0
WBSSC_SLST_0159,WB_CENTRE_SIL_02,HALL_04,10,Q50,D,0.0
WBSSC_SLST_0159,WB_CENTRE_SIL_02,HALL_04,10,Q51,D,0.0
WBSSC_SLST_0159,WB_CENTRE_SIL_02,HALL_04,10,Q52,C,0.0
WBSSC_SLST_0159,WB_CENTRE_SIL_02,HALL_04,10,Q53,D,0.0
WBSSC_SLST_0159,WB_CENTRE_SIL_02,HALL_04,10,Q54,D,0.0
WBSSC_SLST_0159,WB_CENTRE_SIL_02,HALL_04,10,Q55,D,0.0
WBSSC_SLST_0159,WB_CENTRE_SIL_02,HALL_04,10,Q56,A,0.0
WBSSC_SLST_0159,WB_CENTRE_SIL_02,HALL_04,10,Q57,C,0.0
WBSSC_SLST_0159,WB_CENTRE_SIL_02,HALL_04,10,Q58,D,0.0
WBSSC_SLST_0159,WB_CENTRE_SIL_02,HALL_04,10,Q59,C,0.0
WBSSC_SLST_0159,WB_CENTRE_SIL_02,HALL_04,10,Q60,A,0.0
WBSSC_SLST_0160,WB_CENTRE_SIL_02,HALL_01,11,Q01,B,1.0
WBSSC_SLST_0160,WB_CENTRE_SIL_02,HALL_01,11,Q02,B,1.0
WBSSC_SLST_0160,WB_CENTRE_SIL_02,HALL_01,11,Q03,B,1.0
WBSSC_SLST_0160,WB_CENTRE_SIL_02,HALL_01,11,Q04,B,1.0
WBSSC_SLST_0160,WB_CENTRE_SIL_02,HALL_01,11,Q05,B,1.0
WBSSC_SLST_0160,WB_CENTRE_SIL_02,HALL_01,11,Q06,B,1.0
WBSSC_SLST_0160,WB_CENTRE_SIL_02,HALL_01,11,Q07,B,1.0
WBSSC_SLST_0160,WB_CENTRE_SIL_02,HALL_01,11,Q08,B,1.0
WBSSC_SLST_0160,WB_CENTRE_SIL_02,HALL_01,11,Q09,B,1.0
WBSSC_SLST_0160,WB_CENTRE_SIL_02,HALL_01,11,Q10,B,1.0
WBSSC_SLST_0160,WB_CENTRE_SIL_02,HALL_01,11,Q11,B,1.0
WBSSC_SLST_0160,WB_CENTRE_SIL_02,HALL_01,11,Q12,B,1.0
WBSSC_SLST_0160,WB_CENTRE_SIL_02,HALL_01,11,Q13,B,1.0
WBSSC_SLST_0160,WB_CENTRE_SIL_02,HALL_01,11,Q14,B,1.0
WBSSC_SLST_0160,WB_CENTRE_SIL_02,HALL_01,11,Q15,B,1.0
WBSSC_SLST_0160,WB_CENTRE_SIL_02,HALL_01,11,Q16,B,1.0
WBSSC_SLST_0160,WB_CENTRE_SIL_02,HALL_01,11,Q17,B,1.0
WBSSC_SLST_0160,WB_CENTRE_SIL_02,HALL_01,11,Q18,B,1.0
WBSSC_SLST_0160,WB_CENTRE_SIL_02,HALL_01,11,Q19,B,1.0
WBSSC_SLST_0160,WB_CENTRE_SIL_02,HALL_01,11,Q20,B,1.0
WBSSC_SLST_0160,WB_CENTRE_SIL_02,HALL_01,11,Q21,B,1.0
WBSSC_SLST_0160,WB_CENTRE_SIL_02,HALL_01,11,Q22,B,1.0
WBSSC_SLST_0160,WB_CENTRE_SIL_02,HALL_01,11,Q23,B,1.0
WBSSC_SLST_0160,WB_CENTRE_SIL_02,HALL_01,11,Q24,B,1.0
WBSSC_SLST_0160,WB_CENTRE_SIL_02,HALL_01,11,Q25,B,1.0
WBSSC_SLST_0160,WB_CENTRE_SIL_02,HALL_01,11,Q26,B,1.0
WBSSC_SLST_0160,WB_CENTRE_SIL_02,HALL_01,11,Q27,B,1.0
WBSSC_SLST_0160,WB_CENTRE_SIL_02,HALL_01,11,Q28,B,1.0
WBSSC_SLST_0160,WB_CENTRE_SIL_02,HALL_01,11,Q29,B,1.0
WBSSC_SLST_0160,WB_CENTRE_SIL_02,HALL_01,11,Q30,B,1.0
WBSSC_SLST_0160,WB_CENTRE_SIL_02,HALL_01,11,Q31,B,1.0
WBSSC_SLST_0160,WB_CENTRE_SIL_02,HALL_01,11,Q32,B,1.0
WBSSC_SLST_0160,WB_CENTRE_SIL_02,HALL_01,11,Q33,B,1.0
WBSSC_SLST_0160,WB_CENTRE_SIL_02,HALL_01,11,Q34,B,1.0
WBSSC_SLST_0160,WB_CENTRE_SIL_02,HALL_01,11,Q35,D,0.0
WBSSC_SLST_0160,WB_CENTRE_SIL_02,HALL_01,11,Q36,D,0.0
WBSSC_SLST_0160,WB_CENTRE_SIL_02,HALL_01,11,Q37,D,0.0
WBSSC_SLST_0160,WB_CENTRE_SIL_02,HALL_01,11,Q38,C,0.0
WBSSC_SLST_0160,WB_CENTRE_SIL_02,HALL_01,11,Q39,A,0.0
WBSSC_SLST_0160,WB_CENTRE_SIL_02,HALL_01,11,Q40,C,0.0
WBSSC_SLST_0160,WB_CENTRE_SIL_02,HALL_01,11,Q41,C,0.0
WBSSC_SLST_0160,WB_CENTRE_SIL_02,HALL_01,11,Q42,C,0.0
WBSSC_SLST_0160,WB_CENTRE_SIL_02,HALL_01,11,Q43,C,0.0
WBSSC_SLST_0160,WB_CENTRE_SIL_02,HALL_01,11,Q44,D,0.0
WBSSC_SLST_0160,WB_CENTRE_SIL_02,HALL_01,11,Q45,A,0.0
WBSSC_SLST_0160,WB_CENTRE_SIL_02,HALL_01,11,Q46,D,0.0
WBSSC_SLST_0160,WB_CENTRE_SIL_02,HALL_01,11,Q47,C,0.0
WBSSC_SLST_0160,WB_CENTRE_SIL_02,HALL_01,11,Q48,A,0.0
WBSSC_SLST_0160,WB_CENTRE_SIL_02,HALL_01,11,Q49,C,0.0
WBSSC_SLST_0160,WB_CENTRE_SIL_02,HALL_01,11,Q50,A,0.0
WBSSC_SLST_0160,WB_CENTRE_SIL_02,HALL_01,11,Q51,C,0.0
WBSSC_SLST_0160,WB_CENTRE_SIL_02,HALL_01,11,Q52,A,0.0
WBSSC_SLST_0160,WB_CENTRE_SIL_02,HALL_01,11,Q53,D,0.0
WBSSC_SLST_0160,WB_CENTRE_SIL_02,HALL_01,11,Q54,A,0.0
WBSSC_SLST_0160,WB_CENTRE_SIL_02,HALL_01,11,Q55,C,0.0
WBSSC_SLST_0160,WB_CENTRE_SIL_02,HALL_01,11,Q56,C,0.0
WBSSC_SLST_0160,WB_CENTRE_SIL_02,HALL_01,11,Q57,A,0.0
WBSSC_SLST_0160,WB_CENTRE_SIL_02,HALL_01,11,Q58,D,0.0
WBSSC_SLST_0160,WB_CENTRE_SIL_02,HALL_01,11,Q59,D,0.0
WBSSC_SLST_0160,WB_CENTRE_SIL_02,HALL_01,11,Q60,A,0.0
WBSSC_SLST_0161,WB_CENTRE_SIL_02,HALL_02,12,Q01,B,1.0
WBSSC_SLST_0161,WB_CENTRE_SIL_02,HALL_02,12,Q02,B,1.0
WBSSC_SLST_0161,WB_CENTRE_SIL_02,HALL_02,12,Q03,B,1.0
WBSSC_SLST_0161,WB_CENTRE_SIL_02,HALL_02,12,Q04,B,1.0
WBSSC_SLST_0161,WB_CENTRE_SIL_02,HALL_02,12,Q05,B,1.0
WBSSC_SLST_0161,WB_CENTRE_SIL_02,HALL_02,12,Q06,B,1.0
WBSSC_SLST_0161,WB_CENTRE_SIL_02,HALL_02,12,Q07,B,1.0
WBSSC_SLST_0161,WB_CENTRE_SIL_02,HALL_02,12,Q08,B,1.0
WBSSC_SLST_0161,WB_CENTRE_SIL_02,HALL_02,12,Q09,B,1.0
WBSSC_SLST_0161,WB_CENTRE_SIL_02,HALL_02,12,Q10,B,1.0
WBSSC_SLST_0161,WB_CENTRE_SIL_02,HALL_02,12,Q11,B,1.0
WBSSC_SLST_0161,WB_CENTRE_SIL_02,HALL_02,12,Q12,B,1.0
WBSSC_SLST_0161,WB_CENTRE_SIL_02,HALL_02,12,Q13,B,1.0
WBSSC_SLST_0161,WB_CENTRE_SIL_02,HALL_02,12,Q14,B,1.0
WBSSC_SLST_0161,WB_CENTRE_SIL_02,HALL_02,12,Q15,B,1.0
WBSSC_SLST_0161,WB_CENTRE_SIL_02,HALL_02,12,Q16,B,1.0
WBSSC_SLST_0161,WB_CENTRE_SIL_02,HALL_02,12,Q17,B,1.0
WBSSC_SLST_0161,WB_CENTRE_SIL_02,HALL_02,12,Q18,B,1.0
WBSSC_SLST_0161,WB_CENTRE_SIL_02,HALL_02,12,Q19,B,1.0
WBSSC_SLST_0161,WB_CENTRE_SIL_02,HALL_02,12,Q20,B,1.0
WBSSC_SLST_0161,WB_CENTRE_SIL_02,HALL_02,12,Q21,B,1.0
WBSSC_SLST_0161,WB_CENTRE_SIL_02,HALL_02,12,Q22,B,1.0
WBSSC_SLST_0161,WB_CENTRE_SIL_02,HALL_02,12,Q23,B,1.0
WBSSC_SLST_0161,WB_CENTRE_SIL_02,HALL_02,12,Q24,B,1.0
WBSSC_SLST_0161,WB_CENTRE_SIL_02,HALL_02,12,Q25,B,1.0
WBSSC_SLST_0161,WB_CENTRE_SIL_02,HALL_02,12,Q26,B,1.0
WBSSC_SLST_0161,WB_CENTRE_SIL_02,HALL_02,12,Q27,B,1.0
WBSSC_SLST_0161,WB_CENTRE_SIL_02,HALL_02,12,Q28,B,1.0
WBSSC_SLST_0161,WB_CENTRE_SIL_02,HALL_02,12,Q29,B,1.0
WBSSC_SLST_0161,WB_CENTRE_SIL_02,HALL_02,12,Q30,B,1.0
WBSSC_SLST_0161,WB_CENTRE_SIL_02,HALL_02,12,Q31,B,1.0
WBSSC_SLST_0161,WB_CENTRE_SIL_02,HALL_02,12,Q32,B,1.0
WBSSC_SLST_0161,WB_CENTRE_SIL_02,HALL_02,12,Q33,B,1.0
WBSSC_SLST_0161,WB_CENTRE_SIL_02,HALL_02,12,Q34,B,1.0
WBSSC_SLST_0161,WB_CENTRE_SIL_02,HALL_02,12,Q35,B,1.0
WBSSC_SLST_0161,WB_CENTRE_SIL_02,HALL_02,12,Q36,B,1.0
WBSSC_SLST_0161,WB_CENTRE_SIL_02,HALL_02,12,Q37,B,1.0
WBSSC_SLST_0161,WB_CENTRE_SIL_02,HALL_02,12,Q38,B,1.0
WBSSC_SLST_0161,WB_CENTRE_SIL_02,HALL_02,12,Q39,B,1.0
WBSSC_SLST_0161,WB_CENTRE_SIL_02,HALL_02,12,Q40,D,0.0
WBSSC_SLST_0161,WB_CENTRE_SIL_02,HALL_02,12,Q41,D,0.0
WBSSC_SLST_0161,WB_CENTRE_SIL_02,HALL_02,12,Q42,A,0.0
WBSSC_SLST_0161,WB_CENTRE_SIL_02,HALL_02,12,Q43,D,0.0
WBSSC_SLST_0161,WB_CENTRE_SIL_02,HALL_02,12,Q44,D,0.0
WBSSC_SLST_0161,WB_CENTRE_SIL_02,HALL_02,12,Q45,A,0.0
WBSSC_SLST_0161,WB_CENTRE_SIL_02,HALL_02,12,Q46,C,0.0
WBSSC_SLST_0161,WB_CENTRE_SIL_02,HALL_02,12,Q47,A,0.0
WBSSC_SLST_0161,WB_CENTRE_SIL_02,HALL_02,12,Q48,C,0.0
WBSSC_SLST_0161,WB_CENTRE_SIL_02,HALL_02,12,Q49,C,0.0
WBSSC_SLST_0161,WB_CENTRE_SIL_02,HALL_02,12,Q50,C,0.0
WBSSC_SLST_0161,WB_CENTRE_SIL_02,HALL_02,12,Q51,A,0.0
WBSSC_SLST_0161,WB_CENTRE_SIL_02,HALL_02,12,Q52,D,0.0
WBSSC_SLST_0161,WB_CENTRE_SIL_02,HALL_02,12,Q53,C,0.0
WBSSC_SLST_0161,WB_CENTRE_SIL_02,HALL_02,12,Q54,A,0.0
WBSSC_SLST_0161,WB_CENTRE_SIL_02,HALL_02,12,Q55,C,0.0
WBSSC_SLST_0161,WB_CENTRE_SIL_02,HALL_02,12,Q56,C,0.0
WBSSC_SLST_0161,WB_CENTRE_SIL_02,HALL_02,12,Q57,A,0.0
WBSSC_SLST_0161,WB_CENTRE_SIL_02,HALL_02,12,Q58,A,0.0
WBSSC_SLST_0161,WB_CENTRE_SIL_02,HALL_02,12,Q59,A,0.0
WBSSC_SLST_0161,WB_CENTRE_SIL_02,HALL_02,12,Q60,C,0.0
WBSSC_SLST_0162,WB_CENTRE_SIL_02,HALL_03,13,Q01,B,1.0
WBSSC_SLST_0162,WB_CENTRE_SIL_02,HALL_03,13,Q02,B,1.0
WBSSC_SLST_0162,WB_CENTRE_SIL_02,HALL_03,13,Q03,B,1.0
WBSSC_SLST_0162,WB_CENTRE_SIL_02,HALL_03,13,Q04,B,1.0
WBSSC_SLST_0162,WB_CENTRE_SIL_02,HALL_03,13,Q05,B,1.0
WBSSC_SLST_0162,WB_CENTRE_SIL_02,HALL_03,13,Q06,B,1.0
WBSSC_SLST_0162,WB_CENTRE_SIL_02,HALL_03,13,Q07,B,1.0
WBSSC_SLST_0162,WB_CENTRE_SIL_02,HALL_03,13,Q08,B,1.0
WBSSC_SLST_0162,WB_CENTRE_SIL_02,HALL_03,13,Q09,B,1.0
WBSSC_SLST_0162,WB_CENTRE_SIL_02,HALL_03,13,Q10,B,1.0
WBSSC_SLST_0162,WB_CENTRE_SIL_02,HALL_03,13,Q11,B,1.0
WBSSC_SLST_0162,WB_CENTRE_SIL_02,HALL_03,13,Q12,B,1.0
WBSSC_SLST_0162,WB_CENTRE_SIL_02,HALL_03,13,Q13,B,1.0
WBSSC_SLST_0162,WB_CENTRE_SIL_02,HALL_03,13,Q14,B,1.0
WBSSC_SLST_0162,WB_CENTRE_SIL_02,HALL_03,13,Q15,B,1.0
WBSSC_SLST_0162,WB_CENTRE_SIL_02,HALL_03,13,Q16,B,1.0
WBSSC_SLST_0162,WB_CENTRE_SIL_02,HALL_03,13,Q17,B,1.0
WBSSC_SLST_0162,WB_CENTRE_SIL_02,HALL_03,13,Q18,B,1.0
WBSSC_SLST_0162,WB_CENTRE_SIL_02,HALL_03,13,Q19,B,1.0
WBSSC_SLST_0162,WB_CENTRE_SIL_02,HALL_03,13,Q20,B,1.0
WBSSC_SLST_0162,WB_CENTRE_SIL_02,HALL_03,13,Q21,B,1.0
WBSSC_SLST_0162,WB_CENTRE_SIL_02,HALL_03,13,Q22,B,1.0
WBSSC_SLST_0162,WB_CENTRE_SIL_02,HALL_03,13,Q23,B,1.0
WBSSC_SLST_0162,WB_CENTRE_SIL_02,HALL_03,13,Q24,B,1.0
WBSSC_SLST_0162,WB_CENTRE_SIL_02,HALL_03,13,Q25,B,1.0
WBSSC_SLST_0162,WB_CENTRE_SIL_02,HALL_03,13,Q26,B,1.0
WBSSC_SLST_0162,WB_CENTRE_SIL_02,HALL_03,13,Q27,B,1.0
WBSSC_SLST_0162,WB_CENTRE_SIL_02,HALL_03,13,Q28,D,0.0
WBSSC_SLST_0162,WB_CENTRE_SIL_02,HALL_03,13,Q29,D,0.0
WBSSC_SLST_0162,WB_CENTRE_SIL_02,HALL_03,13,Q30,D,0.0
WBSSC_SLST_0162,WB_CENTRE_SIL_02,HALL_03,13,Q31,D,0.0
WBSSC_SLST_0162,WB_CENTRE_SIL_02,HALL_03,13,Q32,C,0.0
WBSSC_SLST_0162,WB_CENTRE_SIL_02,HALL_03,13,Q33,A,0.0
WBSSC_SLST_0162,WB_CENTRE_SIL_02,HALL_03,13,Q34,D,0.0
WBSSC_SLST_0162,WB_CENTRE_SIL_02,HALL_03,13,Q35,D,0.0
WBSSC_SLST_0162,WB_CENTRE_SIL_02,HALL_03,13,Q36,D,0.0
WBSSC_SLST_0162,WB_CENTRE_SIL_02,HALL_03,13,Q37,C,0.0
WBSSC_SLST_0162,WB_CENTRE_SIL_02,HALL_03,13,Q38,C,0.0
WBSSC_SLST_0162,WB_CENTRE_SIL_02,HALL_03,13,Q39,D,0.0
WBSSC_SLST_0162,WB_CENTRE_SIL_02,HALL_03,13,Q40,C,0.0
WBSSC_SLST_0162,WB_CENTRE_SIL_02,HALL_03,13,Q41,A,0.0
WBSSC_SLST_0162,WB_CENTRE_SIL_02,HALL_03,13,Q42,A,0.0
WBSSC_SLST_0162,WB_CENTRE_SIL_02,HALL_03,13,Q43,D,0.0
WBSSC_SLST_0162,WB_CENTRE_SIL_02,HALL_03,13,Q44,C,0.0
WBSSC_SLST_0162,WB_CENTRE_SIL_02,HALL_03,13,Q45,A,0.0
WBSSC_SLST_0162,WB_CENTRE_SIL_02,HALL_03,13,Q46,C,0.0
WBSSC_SLST_0162,WB_CENTRE_SIL_02,HALL_03,13,Q47,D,0.0
WBSSC_SLST_0162,WB_CENTRE_SIL_02,HALL_03,13,Q48,C,0.0
WBSSC_SLST_0162,WB_CENTRE_SIL_02,HALL_03,13,Q49,D,0.0
WBSSC_SLST_0162,WB_CENTRE_SIL_02,HALL_03,13,Q50,C,0.0
WBSSC_SLST_0162,WB_CENTRE_SIL_02,HALL_03,13,Q51,A,0.0
WBSSC_SLST_0162,WB_CENTRE_SIL_02,HALL_03,13,Q52,C,0.0
WBSSC_SLST_0162,WB_CENTRE_SIL_02,HALL_03,13,Q53,C,0.0
WBSSC_SLST_0162,WB_CENTRE_SIL_02,HALL_03,13,Q54,C,0.0
WBSSC_SLST_0162,WB_CENTRE_SIL_02,HALL_03,13,Q55,A,0.0
WBSSC_SLST_0162,WB_CENTRE_SIL_02,HALL_03,13,Q56,D,0.0
WBSSC_SLST_0162,WB_CENTRE_SIL_02,HALL_03,13,Q57,D,0.0
WBSSC_SLST_0162,WB_CENTRE_SIL_02,HALL_03,13,Q58,D,0.0
WBSSC_SLST_0162,WB_CENTRE_SIL_02,HALL_03,13,Q59,A,0.0
WBSSC_SLST_0162,WB_CENTRE_SIL_02,HALL_03,13,Q60,C,0.0
WBSSC_SLST_0163,WB_CENTRE_SIL_02,HALL_04,14,Q01,B,1.0
WBSSC_SLST_0163,WB_CENTRE_SIL_02,HALL_04,14,Q02,B,1.0
WBSSC_SLST_0163,WB_CENTRE_SIL_02,HALL_04,14,Q03,B,1.0
WBSSC_SLST_0163,WB_CENTRE_SIL_02,HALL_04,14,Q04,B,1.0
WBSSC_SLST_0163,WB_CENTRE_SIL_02,HALL_04,14,Q05,B,1.0
WBSSC_SLST_0163,WB_CENTRE_SIL_02,HALL_04,14,Q06,B,1.0
WBSSC_SLST_0163,WB_CENTRE_SIL_02,HALL_04,14,Q07,B,1.0
WBSSC_SLST_0163,WB_CENTRE_SIL_02,HALL_04,14,Q08,B,1.0
WBSSC_SLST_0163,WB_CENTRE_SIL_02,HALL_04,14,Q09,B,1.0
WBSSC_SLST_0163,WB_CENTRE_SIL_02,HALL_04,14,Q10,B,1.0
WBSSC_SLST_0163,WB_CENTRE_SIL_02,HALL_04,14,Q11,B,1.0
WBSSC_SLST_0163,WB_CENTRE_SIL_02,HALL_04,14,Q12,B,1.0
WBSSC_SLST_0163,WB_CENTRE_SIL_02,HALL_04,14,Q13,B,1.0
WBSSC_SLST_0163,WB_CENTRE_SIL_02,HALL_04,14,Q14,B,1.0
WBSSC_SLST_0163,WB_CENTRE_SIL_02,HALL_04,14,Q15,B,1.0
WBSSC_SLST_0163,WB_CENTRE_SIL_02,HALL_04,14,Q16,B,1.0
WBSSC_SLST_0163,WB_CENTRE_SIL_02,HALL_04,14,Q17,B,1.0
WBSSC_SLST_0163,WB_CENTRE_SIL_02,HALL_04,14,Q18,B,1.0
WBSSC_SLST_0163,WB_CENTRE_SIL_02,HALL_04,14,Q19,B,1.0
WBSSC_SLST_0163,WB_CENTRE_SIL_02,HALL_04,14,Q20,B,1.0
WBSSC_SLST_0163,WB_CENTRE_SIL_02,HALL_04,14,Q21,B,1.0
WBSSC_SLST_0163,WB_CENTRE_SIL_02,HALL_04,14,Q22,B,1.0
WBSSC_SLST_0163,WB_CENTRE_SIL_02,HALL_04,14,Q23,B,1.0
WBSSC_SLST_0163,WB_CENTRE_SIL_02,HALL_04,14,Q24,B,1.0
WBSSC_SLST_0163,WB_CENTRE_SIL_02,HALL_04,14,Q25,B,1.0
WBSSC_SLST_0163,WB_CENTRE_SIL_02,HALL_04,14,Q26,B,1.0
WBSSC_SLST_0163,WB_CENTRE_SIL_02,HALL_04,14,Q27,B,1.0
WBSSC_SLST_0163,WB_CENTRE_SIL_02,HALL_04,14,Q28,B,1.0
WBSSC_SLST_0163,WB_CENTRE_SIL_02,HALL_04,14,Q29,B,1.0
WBSSC_SLST_0163,WB_CENTRE_SIL_02,HALL_04,14,Q30,B,1.0
WBSSC_SLST_0163,WB_CENTRE_SIL_02,HALL_04,14,Q31,B,1.0
WBSSC_SLST_0163,WB_CENTRE_SIL_02,HALL_04,14,Q32,B,1.0
WBSSC_SLST_0163,WB_CENTRE_SIL_02,HALL_04,14,Q33,D,0.0
WBSSC_SLST_0163,WB_CENTRE_SIL_02,HALL_04,14,Q34,D,0.0
WBSSC_SLST_0163,WB_CENTRE_SIL_02,HALL_04,14,Q35,C,0.0
WBSSC_SLST_0163,WB_CENTRE_SIL_02,HALL_04,14,Q36,C,0.0
WBSSC_SLST_0163,WB_CENTRE_SIL_02,HALL_04,14,Q37,C,0.0
WBSSC_SLST_0163,WB_CENTRE_SIL_02,HALL_04,14,Q38,A,0.0
WBSSC_SLST_0163,WB_CENTRE_SIL_02,HALL_04,14,Q39,A,0.0
WBSSC_SLST_0163,WB_CENTRE_SIL_02,HALL_04,14,Q40,D,0.0
WBSSC_SLST_0163,WB_CENTRE_SIL_02,HALL_04,14,Q41,A,0.0
WBSSC_SLST_0163,WB_CENTRE_SIL_02,HALL_04,14,Q42,C,0.0
WBSSC_SLST_0163,WB_CENTRE_SIL_02,HALL_04,14,Q43,C,0.0
WBSSC_SLST_0163,WB_CENTRE_SIL_02,HALL_04,14,Q44,D,0.0
WBSSC_SLST_0163,WB_CENTRE_SIL_02,HALL_04,14,Q45,D,0.0
WBSSC_SLST_0163,WB_CENTRE_SIL_02,HALL_04,14,Q46,C,0.0
WBSSC_SLST_0163,WB_CENTRE_SIL_02,HALL_04,14,Q47,A,0.0
WBSSC_SLST_0163,WB_CENTRE_SIL_02,HALL_04,14,Q48,D,0.0
WBSSC_SLST_0163,WB_CENTRE_SIL_02,HALL_04,14,Q49,C,0.0
WBSSC_SLST_0163,WB_CENTRE_SIL_02,HALL_04,14,Q50,D,0.0
WBSSC_SLST_0163,WB_CENTRE_SIL_02,HALL_04,14,Q51,C,0.0
WBSSC_SLST_0163,WB_CENTRE_SIL_02,HALL_04,14,Q52,A,0.0
WBSSC_SLST_0163,WB_CENTRE_SIL_02,HALL_04,14,Q53,D,0.0
WBSSC_SLST_0163,WB_CENTRE_SIL_02,HALL_04,14,Q54,D,0.0
WBSSC_SLST_0163,WB_CENTRE_SIL_02,HALL_04,14,Q55,D,0.0
WBSSC_SLST_0163,WB_CENTRE_SIL_02,HALL_04,14,Q56,A,0.0
WBSSC_SLST_0163,WB_CENTRE_SIL_02,HALL_04,14,Q57,C,0.0
WBSSC_SLST_0163,WB_CENTRE_SIL_02,HALL_04,14,Q58,C,0.0
WBSSC_SLST_0163,WB_CENTRE_SIL_02,HALL_04,14,Q59,C,0.0
WBSSC_SLST_0163,WB_CENTRE_SIL_02,HALL_04,14,Q60,A,0.0
WBSSC_SLST_0164,WB_CENTRE_SIL_02,HALL_01,15,Q01,B,1.0
WBSSC_SLST_0164,WB_CENTRE_SIL_02,HALL_01,15,Q02,B,1.0
WBSSC_SLST_0164,WB_CENTRE_SIL_02,HALL_01,15,Q03,B,1.0
WBSSC_SLST_0164,WB_CENTRE_SIL_02,HALL_01,15,Q04,B,1.0
WBSSC_SLST_0164,WB_CENTRE_SIL_02,HALL_01,15,Q05,B,1.0
WBSSC_SLST_0164,WB_CENTRE_SIL_02,HALL_01,15,Q06,B,1.0
WBSSC_SLST_0164,WB_CENTRE_SIL_02,HALL_01,15,Q07,B,1.0
WBSSC_SLST_0164,WB_CENTRE_SIL_02,HALL_01,15,Q08,B,1.0
WBSSC_SLST_0164,WB_CENTRE_SIL_02,HALL_01,15,Q09,B,1.0
WBSSC_SLST_0164,WB_CENTRE_SIL_02,HALL_01,15,Q10,B,1.0
WBSSC_SLST_0164,WB_CENTRE_SIL_02,HALL_01,15,Q11,B,1.0
WBSSC_SLST_0164,WB_CENTRE_SIL_02,HALL_01,15,Q12,B,1.0
WBSSC_SLST_0164,WB_CENTRE_SIL_02,HALL_01,15,Q13,B,1.0
WBSSC_SLST_0164,WB_CENTRE_SIL_02,HALL_01,15,Q14,B,1.0
WBSSC_SLST_0164,WB_CENTRE_SIL_02,HALL_01,15,Q15,B,1.0
WBSSC_SLST_0164,WB_CENTRE_SIL_02,HALL_01,15,Q16,B,1.0
WBSSC_SLST_0164,WB_CENTRE_SIL_02,HALL_01,15,Q17,B,1.0
WBSSC_SLST_0164,WB_CENTRE_SIL_02,HALL_01,15,Q18,B,1.0
WBSSC_SLST_0164,WB_CENTRE_SIL_02,HALL_01,15,Q19,B,1.0
WBSSC_SLST_0164,WB_CENTRE_SIL_02,HALL_01,15,Q20,B,1.0
WBSSC_SLST_0164,WB_CENTRE_SIL_02,HALL_01,15,Q21,B,1.0
WBSSC_SLST_0164,WB_CENTRE_SIL_02,HALL_01,15,Q22,B,1.0
WBSSC_SLST_0164,WB_CENTRE_SIL_02,HALL_01,15,Q23,B,1.0
WBSSC_SLST_0164,WB_CENTRE_SIL_02,HALL_01,15,Q24,B,1.0
WBSSC_SLST_0164,WB_CENTRE_SIL_02,HALL_01,15,Q25,B,1.0
WBSSC_SLST_0164,WB_CENTRE_SIL_02,HALL_01,15,Q26,B,1.0
WBSSC_SLST_0164,WB_CENTRE_SIL_02,HALL_01,15,Q27,B,1.0
WBSSC_SLST_0164,WB_CENTRE_SIL_02,HALL_01,15,Q28,B,1.0
WBSSC_SLST_0164,WB_CENTRE_SIL_02,HALL_01,15,Q29,B,1.0
WBSSC_SLST_0164,WB_CENTRE_SIL_02,HALL_01,15,Q30,B,1.0
WBSSC_SLST_0164,WB_CENTRE_SIL_02,HALL_01,15,Q31,B,1.0
WBSSC_SLST_0164,WB_CENTRE_SIL_02,HALL_01,15,Q32,B,1.0
WBSSC_SLST_0164,WB_CENTRE_SIL_02,HALL_01,15,Q33,B,1.0
WBSSC_SLST_0164,WB_CENTRE_SIL_02,HALL_01,15,Q34,B,1.0
WBSSC_SLST_0164,WB_CENTRE_SIL_02,HALL_01,15,Q35,B,1.0
WBSSC_SLST_0164,WB_CENTRE_SIL_02,HALL_01,15,Q36,B,1.0
WBSSC_SLST_0164,WB_CENTRE_SIL_02,HALL_01,15,Q37,B,1.0
WBSSC_SLST_0164,WB_CENTRE_SIL_02,HALL_01,15,Q38,D,0.0
WBSSC_SLST_0164,WB_CENTRE_SIL_02,HALL_01,15,Q39,A,0.0
WBSSC_SLST_0164,WB_CENTRE_SIL_02,HALL_01,15,Q40,D,0.0
WBSSC_SLST_0164,WB_CENTRE_SIL_02,HALL_01,15,Q41,D,0.0
WBSSC_SLST_0164,WB_CENTRE_SIL_02,HALL_01,15,Q42,C,0.0
WBSSC_SLST_0164,WB_CENTRE_SIL_02,HALL_01,15,Q43,C,0.0
WBSSC_SLST_0164,WB_CENTRE_SIL_02,HALL_01,15,Q44,D,0.0
WBSSC_SLST_0164,WB_CENTRE_SIL_02,HALL_01,15,Q45,A,0.0
WBSSC_SLST_0164,WB_CENTRE_SIL_02,HALL_01,15,Q46,D,0.0
WBSSC_SLST_0164,WB_CENTRE_SIL_02,HALL_01,15,Q47,A,0.0
WBSSC_SLST_0164,WB_CENTRE_SIL_02,HALL_01,15,Q48,C,0.0
WBSSC_SLST_0164,WB_CENTRE_SIL_02,HALL_01,15,Q49,C,0.0
WBSSC_SLST_0164,WB_CENTRE_SIL_02,HALL_01,15,Q50,A,0.0
WBSSC_SLST_0164,WB_CENTRE_SIL_02,HALL_01,15,Q51,A,0.0
WBSSC_SLST_0164,WB_CENTRE_SIL_02,HALL_01,15,Q52,C,0.0
WBSSC_SLST_0164,WB_CENTRE_SIL_02,HALL_01,15,Q53,A,0.0
WBSSC_SLST_0164,WB_CENTRE_SIL_02,HALL_01,15,Q54,C,0.0
WBSSC_SLST_0164,WB_CENTRE_SIL_02,HALL_01,15,Q55,A,0.0
WBSSC_SLST_0164,WB_CENTRE_SIL_02,HALL_01,15,Q56,C,0.0
WBSSC_SLST_0164,WB_CENTRE_SIL_02,HALL_01,15,Q57,D,0.0
WBSSC_SLST_0164,WB_CENTRE_SIL_02,HALL_01,15,Q58,D,0.0
WBSSC_SLST_0164,WB_CENTRE_SIL_02,HALL_01,15,Q59,A,0.0
WBSSC_SLST_0164,WB_CENTRE_SIL_02,HALL_01,15,Q60,D,0.0
WBSSC_SLST_0165,WB_CENTRE_SIL_02,HALL_02,16,Q01,B,1.0
WBSSC_SLST_0165,WB_CENTRE_SIL_02,HALL_02,16,Q02,B,1.0
WBSSC_SLST_0165,WB_CENTRE_SIL_02,HALL_02,16,Q03,B,1.0
WBSSC_SLST_0165,WB_CENTRE_SIL_02,HALL_02,16,Q04,B,1.0
WBSSC_SLST_0165,WB_CENTRE_SIL_02,HALL_02,16,Q05,B,1.0
WBSSC_SLST_0165,WB_CENTRE_SIL_02,HALL_02,16,Q06,B,1.0
WBSSC_SLST_0165,WB_CENTRE_SIL_02,HALL_02,16,Q07,B,1.0
WBSSC_SLST_0165,WB_CENTRE_SIL_02,HALL_02,16,Q08,B,1.0
WBSSC_SLST_0165,WB_CENTRE_SIL_02,HALL_02,16,Q09,B,1.0
WBSSC_SLST_0165,WB_CENTRE_SIL_02,HALL_02,16,Q10,B,1.0
WBSSC_SLST_0165,WB_CENTRE_SIL_02,HALL_02,16,Q11,B,1.0
WBSSC_SLST_0165,WB_CENTRE_SIL_02,HALL_02,16,Q12,B,1.0
WBSSC_SLST_0165,WB_CENTRE_SIL_02,HALL_02,16,Q13,B,1.0
WBSSC_SLST_0165,WB_CENTRE_SIL_02,HALL_02,16,Q14,B,1.0
WBSSC_SLST_0165,WB_CENTRE_SIL_02,HALL_02,16,Q15,B,1.0
WBSSC_SLST_0165,WB_CENTRE_SIL_02,HALL_02,16,Q16,B,1.0
WBSSC_SLST_0165,WB_CENTRE_SIL_02,HALL_02,16,Q17,B,1.0
WBSSC_SLST_0165,WB_CENTRE_SIL_02,HALL_02,16,Q18,B,1.0
WBSSC_SLST_0165,WB_CENTRE_SIL_02,HALL_02,16,Q19,B,1.0
WBSSC_SLST_0165,WB_CENTRE_SIL_02,HALL_02,16,Q20,B,1.0
WBSSC_SLST_0165,WB_CENTRE_SIL_02,HALL_02,16,Q21,B,1.0
WBSSC_SLST_0165,WB_CENTRE_SIL_02,HALL_02,16,Q22,B,1.0
WBSSC_SLST_0165,WB_CENTRE_SIL_02,HALL_02,16,Q23,B,1.0
WBSSC_SLST_0165,WB_CENTRE_SIL_02,HALL_02,16,Q24,B,1.0
WBSSC_SLST_0165,WB_CENTRE_SIL_02,HALL_02,16,Q25,B,1.0
WBSSC_SLST_0165,WB_CENTRE_SIL_02,HALL_02,16,Q26,D,0.0
WBSSC_SLST_0165,WB_CENTRE_SIL_02,HALL_02,16,Q27,D,0.0
WBSSC_SLST_0165,WB_CENTRE_SIL_02,HALL_02,16,Q28,A,0.0
WBSSC_SLST_0165,WB_CENTRE_SIL_02,HALL_02,16,Q29,D,0.0
WBSSC_SLST_0165,WB_CENTRE_SIL_02,HALL_02,16,Q30,D,0.0
WBSSC_SLST_0165,WB_CENTRE_SIL_02,HALL_02,16,Q31,C,0.0
WBSSC_SLST_0165,WB_CENTRE_SIL_02,HALL_02,16,Q32,D,0.0
WBSSC_SLST_0165,WB_CENTRE_SIL_02,HALL_02,16,Q33,C,0.0
WBSSC_SLST_0165,WB_CENTRE_SIL_02,HALL_02,16,Q34,D,0.0
WBSSC_SLST_0165,WB_CENTRE_SIL_02,HALL_02,16,Q35,A,0.0
WBSSC_SLST_0165,WB_CENTRE_SIL_02,HALL_02,16,Q36,C,0.0
WBSSC_SLST_0165,WB_CENTRE_SIL_02,HALL_02,16,Q37,A,0.0
WBSSC_SLST_0165,WB_CENTRE_SIL_02,HALL_02,16,Q38,A,0.0
WBSSC_SLST_0165,WB_CENTRE_SIL_02,HALL_02,16,Q39,C,0.0
WBSSC_SLST_0165,WB_CENTRE_SIL_02,HALL_02,16,Q40,A,0.0
WBSSC_SLST_0165,WB_CENTRE_SIL_02,HALL_02,16,Q41,A,0.0
WBSSC_SLST_0165,WB_CENTRE_SIL_02,HALL_02,16,Q42,D,0.0
WBSSC_SLST_0165,WB_CENTRE_SIL_02,HALL_02,16,Q43,A,0.0
WBSSC_SLST_0165,WB_CENTRE_SIL_02,HALL_02,16,Q44,A,0.0
WBSSC_SLST_0165,WB_CENTRE_SIL_02,HALL_02,16,Q45,A,0.0
WBSSC_SLST_0165,WB_CENTRE_SIL_02,HALL_02,16,Q46,A,0.0
WBSSC_SLST_0165,WB_CENTRE_SIL_02,HALL_02,16,Q47,D,0.0
WBSSC_SLST_0165,WB_CENTRE_SIL_02,HALL_02,16,Q48,C,0.0
WBSSC_SLST_0165,WB_CENTRE_SIL_02,HALL_02,16,Q49,A,0.0
WBSSC_SLST_0165,WB_CENTRE_SIL_02,HALL_02,16,Q50,A,0.0
WBSSC_SLST_0165,WB_CENTRE_SIL_02,HALL_02,16,Q51,C,0.0
WBSSC_SLST_0165,WB_CENTRE_SIL_02,HALL_02,16,Q52,A,0.0
WBSSC_SLST_0165,WB_CENTRE_SIL_02,HALL_02,16,Q53,D,0.0
WBSSC_SLST_0165,WB_CENTRE_SIL_02,HALL_02,16,Q54,C,0.0
WBSSC_SLST_0165,WB_CENTRE_SIL_02,HALL_02,16,Q55,A,0.0
WBSSC_SLST_0165,WB_CENTRE_SIL_02,HALL_02,16,Q56,C,0.0
WBSSC_SLST_0165,WB_CENTRE_SIL_02,HALL_02,16,Q57,C,0.0
WBSSC_SLST_0165,WB_CENTRE_SIL_02,HALL_02,16,Q58,D,0.0
WBSSC_SLST_0165,WB_CENTRE_SIL_02,HALL_02,16,Q59,D,0.0
WBSSC_SLST_0165,WB_CENTRE_SIL_02,HALL_02,16,Q60,A,0.0
WBSSC_SLST_0166,WB_CENTRE_SIL_02,HALL_03,17,Q01,B,1.0
WBSSC_SLST_0166,WB_CENTRE_SIL_02,HALL_03,17,Q02,B,1.0
WBSSC_SLST_0166,WB_CENTRE_SIL_02,HALL_03,17,Q03,B,1.0
WBSSC_SLST_0166,WB_CENTRE_SIL_02,HALL_03,17,Q04,B,1.0
WBSSC_SLST_0166,WB_CENTRE_SIL_02,HALL_03,17,Q05,B,1.0
WBSSC_SLST_0166,WB_CENTRE_SIL_02,HALL_03,17,Q06,B,1.0
WBSSC_SLST_0166,WB_CENTRE_SIL_02,HALL_03,17,Q07,B,1.0
WBSSC_SLST_0166,WB_CENTRE_SIL_02,HALL_03,17,Q08,B,1.0
WBSSC_SLST_0166,WB_CENTRE_SIL_02,HALL_03,17,Q09,B,1.0
WBSSC_SLST_0166,WB_CENTRE_SIL_02,HALL_03,17,Q10,B,1.0
WBSSC_SLST_0166,WB_CENTRE_SIL_02,HALL_03,17,Q11,B,1.0
WBSSC_SLST_0166,WB_CENTRE_SIL_02,HALL_03,17,Q12,B,1.0
WBSSC_SLST_0166,WB_CENTRE_SIL_02,HALL_03,17,Q13,B,1.0
WBSSC_SLST_0166,WB_CENTRE_SIL_02,HALL_03,17,Q14,B,1.0
WBSSC_SLST_0166,WB_CENTRE_SIL_02,HALL_03,17,Q15,B,1.0
WBSSC_SLST_0166,WB_CENTRE_SIL_02,HALL_03,17,Q16,B,1.0
WBSSC_SLST_0166,WB_CENTRE_SIL_02,HALL_03,17,Q17,B,1.0
WBSSC_SLST_0166,WB_CENTRE_SIL_02,HALL_03,17,Q18,B,1.0
WBSSC_SLST_0166,WB_CENTRE_SIL_02,HALL_03,17,Q19,B,1.0
WBSSC_SLST_0166,WB_CENTRE_SIL_02,HALL_03,17,Q20,B,1.0
WBSSC_SLST_0166,WB_CENTRE_SIL_02,HALL_03,17,Q21,B,1.0
WBSSC_SLST_0166,WB_CENTRE_SIL_02,HALL_03,17,Q22,B,1.0
WBSSC_SLST_0166,WB_CENTRE_SIL_02,HALL_03,17,Q23,B,1.0
WBSSC_SLST_0166,WB_CENTRE_SIL_02,HALL_03,17,Q24,B,1.0
WBSSC_SLST_0166,WB_CENTRE_SIL_02,HALL_03,17,Q25,B,1.0
WBSSC_SLST_0166,WB_CENTRE_SIL_02,HALL_03,17,Q26,B,1.0
WBSSC_SLST_0166,WB_CENTRE_SIL_02,HALL_03,17,Q27,B,1.0
WBSSC_SLST_0166,WB_CENTRE_SIL_02,HALL_03,17,Q28,B,1.0
WBSSC_SLST_0166,WB_CENTRE_SIL_02,HALL_03,17,Q29,B,1.0
WBSSC_SLST_0166,WB_CENTRE_SIL_02,HALL_03,17,Q30,B,1.0
WBSSC_SLST_0166,WB_CENTRE_SIL_02,HALL_03,17,Q31,A,0.0
WBSSC_SLST_0166,WB_CENTRE_SIL_02,HALL_03,17,Q32,A,0.0
WBSSC_SLST_0166,WB_CENTRE_SIL_02,HALL_03,17,Q33,C,0.0
WBSSC_SLST_0166,WB_CENTRE_SIL_02,HALL_03,17,Q34,A,0.0
WBSSC_SLST_0166,WB_CENTRE_SIL_02,HALL_03,17,Q35,A,0.0
WBSSC_SLST_0166,WB_CENTRE_SIL_02,HALL_03,17,Q36,D,0.0
WBSSC_SLST_0166,WB_CENTRE_SIL_02,HALL_03,17,Q37,A,0.0
WBSSC_SLST_0166,WB_CENTRE_SIL_02,HALL_03,17,Q38,D,0.0
WBSSC_SLST_0166,WB_CENTRE_SIL_02,HALL_03,17,Q39,D,0.0
WBSSC_SLST_0166,WB_CENTRE_SIL_02,HALL_03,17,Q40,A,0.0
WBSSC_SLST_0166,WB_CENTRE_SIL_02,HALL_03,17,Q41,C,0.0
WBSSC_SLST_0166,WB_CENTRE_SIL_02,HALL_03,17,Q42,A,0.0
WBSSC_SLST_0166,WB_CENTRE_SIL_02,HALL_03,17,Q43,A,0.0
WBSSC_SLST_0166,WB_CENTRE_SIL_02,HALL_03,17,Q44,A,0.0
WBSSC_SLST_0166,WB_CENTRE_SIL_02,HALL_03,17,Q45,D,0.0
WBSSC_SLST_0166,WB_CENTRE_SIL_02,HALL_03,17,Q46,A,0.0
WBSSC_SLST_0166,WB_CENTRE_SIL_02,HALL_03,17,Q47,D,0.0
WBSSC_SLST_0166,WB_CENTRE_SIL_02,HALL_03,17,Q48,C,0.0
WBSSC_SLST_0166,WB_CENTRE_SIL_02,HALL_03,17,Q49,D,0.0
WBSSC_SLST_0166,WB_CENTRE_SIL_02,HALL_03,17,Q50,A,0.0
WBSSC_SLST_0166,WB_CENTRE_SIL_02,HALL_03,17,Q51,A,0.0
WBSSC_SLST_0166,WB_CENTRE_SIL_02,HALL_03,17,Q52,C,0.0
WBSSC_SLST_0166,WB_CENTRE_SIL_02,HALL_03,17,Q53,A,0.0
WBSSC_SLST_0166,WB_CENTRE_SIL_02,HALL_03,17,Q54,D,0.0
WBSSC_SLST_0166,WB_CENTRE_SIL_02,HALL_03,17,Q55,C,0.0
WBSSC_SLST_0166,WB_CENTRE_SIL_02,HALL_03,17,Q56,A,0.0
WBSSC_SLST_0166,WB_CENTRE_SIL_02,HALL_03,17,Q57,C,0.0
WBSSC_SLST_0166,WB_CENTRE_SIL_02,HALL_03,17,Q58,D,0.0
WBSSC_SLST_0166,WB_CENTRE_SIL_02,HALL_03,17,Q59,D,0.0
WBSSC_SLST_0166,WB_CENTRE_SIL_02,HALL_03,17,Q60,C,0.0
WBSSC_SLST_0167,WB_CENTRE_SIL_02,HALL_04,18,Q01,B,1.0
WBSSC_SLST_0167,WB_CENTRE_SIL_02,HALL_04,18,Q02,B,1.0
WBSSC_SLST_0167,WB_CENTRE_SIL_02,HALL_04,18,Q03,B,1.0
WBSSC_SLST_0167,WB_CENTRE_SIL_02,HALL_04,18,Q04,B,1.0
WBSSC_SLST_0167,WB_CENTRE_SIL_02,HALL_04,18,Q05,B,1.0
WBSSC_SLST_0167,WB_CENTRE_SIL_02,HALL_04,18,Q06,B,1.0
WBSSC_SLST_0167,WB_CENTRE_SIL_02,HALL_04,18,Q07,B,1.0
WBSSC_SLST_0167,WB_CENTRE_SIL_02,HALL_04,18,Q08,B,1.0
WBSSC_SLST_0167,WB_CENTRE_SIL_02,HALL_04,18,Q09,B,1.0
WBSSC_SLST_0167,WB_CENTRE_SIL_02,HALL_04,18,Q10,B,1.0
WBSSC_SLST_0167,WB_CENTRE_SIL_02,HALL_04,18,Q11,B,1.0
WBSSC_SLST_0167,WB_CENTRE_SIL_02,HALL_04,18,Q12,B,1.0
WBSSC_SLST_0167,WB_CENTRE_SIL_02,HALL_04,18,Q13,B,1.0
WBSSC_SLST_0167,WB_CENTRE_SIL_02,HALL_04,18,Q14,B,1.0
WBSSC_SLST_0167,WB_CENTRE_SIL_02,HALL_04,18,Q15,B,1.0
WBSSC_SLST_0167,WB_CENTRE_SIL_02,HALL_04,18,Q16,B,1.0
WBSSC_SLST_0167,WB_CENTRE_SIL_02,HALL_04,18,Q17,B,1.0
WBSSC_SLST_0167,WB_CENTRE_SIL_02,HALL_04,18,Q18,B,1.0
WBSSC_SLST_0167,WB_CENTRE_SIL_02,HALL_04,18,Q19,B,1.0
WBSSC_SLST_0167,WB_CENTRE_SIL_02,HALL_04,18,Q20,B,1.0
WBSSC_SLST_0167,WB_CENTRE_SIL_02,HALL_04,18,Q21,B,1.0
WBSSC_SLST_0167,WB_CENTRE_SIL_02,HALL_04,18,Q22,B,1.0
WBSSC_SLST_0167,WB_CENTRE_SIL_02,HALL_04,18,Q23,B,1.0
WBSSC_SLST_0167,WB_CENTRE_SIL_02,HALL_04,18,Q24,B,1.0
WBSSC_SLST_0167,WB_CENTRE_SIL_02,HALL_04,18,Q25,B,1.0
WBSSC_SLST_0167,WB_CENTRE_SIL_02,HALL_04,18,Q26,B,1.0
WBSSC_SLST_0167,WB_CENTRE_SIL_02,HALL_04,18,Q27,B,1.0
WBSSC_SLST_0167,WB_CENTRE_SIL_02,HALL_04,18,Q28,B,1.0
WBSSC_SLST_0167,WB_CENTRE_SIL_02,HALL_04,18,Q29,B,1.0
WBSSC_SLST_0167,WB_CENTRE_SIL_02,HALL_04,18,Q30,B,1.0
WBSSC_SLST_0167,WB_CENTRE_SIL_02,HALL_04,18,Q31,B,1.0
WBSSC_SLST_0167,WB_CENTRE_SIL_02,HALL_04,18,Q32,B,1.0
WBSSC_SLST_0167,WB_CENTRE_SIL_02,HALL_04,18,Q33,B,1.0
WBSSC_SLST_0167,WB_CENTRE_SIL_02,HALL_04,18,Q34,B,1.0
WBSSC_SLST_0167,WB_CENTRE_SIL_02,HALL_04,18,Q35,B,1.0
WBSSC_SLST_0167,WB_CENTRE_SIL_02,HALL_04,18,Q36,A,0.0
WBSSC_SLST_0167,WB_CENTRE_SIL_02,HALL_04,18,Q37,D,0.0
WBSSC_SLST_0167,WB_CENTRE_SIL_02,HALL_04,18,Q38,C,0.0
WBSSC_SLST_0167,WB_CENTRE_SIL_02,HALL_04,18,Q39,C,0.0
WBSSC_SLST_0167,WB_CENTRE_SIL_02,HALL_04,18,Q40,D,0.0
WBSSC_SLST_0167,WB_CENTRE_SIL_02,HALL_04,18,Q41,A,0.0
WBSSC_SLST_0167,WB_CENTRE_SIL_02,HALL_04,18,Q42,C,0.0
WBSSC_SLST_0167,WB_CENTRE_SIL_02,HALL_04,18,Q43,C,0.0
WBSSC_SLST_0167,WB_CENTRE_SIL_02,HALL_04,18,Q44,A,0.0
WBSSC_SLST_0167,WB_CENTRE_SIL_02,HALL_04,18,Q45,C,0.0
WBSSC_SLST_0167,WB_CENTRE_SIL_02,HALL_04,18,Q46,C,0.0
WBSSC_SLST_0167,WB_CENTRE_SIL_02,HALL_04,18,Q47,A,0.0
WBSSC_SLST_0167,WB_CENTRE_SIL_02,HALL_04,18,Q48,C,0.0
WBSSC_SLST_0167,WB_CENTRE_SIL_02,HALL_04,18,Q49,D,0.0
WBSSC_SLST_0167,WB_CENTRE_SIL_02,HALL_04,18,Q50,C,0.0
WBSSC_SLST_0167,WB_CENTRE_SIL_02,HALL_04,18,Q51,C,0.0
WBSSC_SLST_0167,WB_CENTRE_SIL_02,HALL_04,18,Q52,A,0.0
WBSSC_SLST_0167,WB_CENTRE_SIL_02,HALL_04,18,Q53,C,0.0
WBSSC_SLST_0167,WB_CENTRE_SIL_02,HALL_04,18,Q54,D,0.0
WBSSC_SLST_0167,WB_CENTRE_SIL_02,HALL_04,18,Q55,D,0.0
WBSSC_SLST_0167,WB_CENTRE_SIL_02,HALL_04,18,Q56,C,0.0
WBSSC_SLST_0167,WB_CENTRE_SIL_02,HALL_04,18,Q57,A,0.0
WBSSC_SLST_0167,WB_CENTRE_SIL_02,HALL_04,18,Q58,A,0.0
WBSSC_SLST_0167,WB_CENTRE_SIL_02,HALL_04,18,Q59,D,0.0
WBSSC_SLST_0167,WB_CENTRE_SIL_02,HALL_04,18,Q60,A,0.0
WBSSC_SLST_0168,WB_CENTRE_SIL_02,HALL_01,19,Q01,B,1.0
WBSSC_SLST_0168,WB_CENTRE_SIL_02,HALL_01,19,Q02,B,1.0
WBSSC_SLST_0168,WB_CENTRE_SIL_02,HALL_01,19,Q03,B,1.0
WBSSC_SLST_0168,WB_CENTRE_SIL_02,HALL_01,19,Q04,B,1.0
WBSSC_SLST_0168,WB_CENTRE_SIL_02,HALL_01,19,Q05,B,1.0
WBSSC_SLST_0168,WB_CENTRE_SIL_02,HALL_01,19,Q06,B,1.0
WBSSC_SLST_0168,WB_CENTRE_SIL_02,HALL_01,19,Q07,B,1.0
WBSSC_SLST_0168,WB_CENTRE_SIL_02,HALL_01,19,Q08,B,1.0
WBSSC_SLST_0168,WB_CENTRE_SIL_02,HALL_01,19,Q09,B,1.0
WBSSC_SLST_0168,WB_CENTRE_SIL_02,HALL_01,19,Q10,B,1.0
WBSSC_SLST_0168,WB_CENTRE_SIL_02,HALL_01,19,Q11,B,1.0
WBSSC_SLST_0168,WB_CENTRE_SIL_02,HALL_01,19,Q12,B,1.0
WBSSC_SLST_0168,WB_CENTRE_SIL_02,HALL_01,19,Q13,B,1.0
WBSSC_SLST_0168,WB_CENTRE_SIL_02,HALL_01,19,Q14,B,1.0
WBSSC_SLST_0168,WB_CENTRE_SIL_02,HALL_01,19,Q15,B,1.0
WBSSC_SLST_0168,WB_CENTRE_SIL_02,HALL_01,19,Q16,B,1.0
WBSSC_SLST_0168,WB_CENTRE_SIL_02,HALL_01,19,Q17,D,0.0
WBSSC_SLST_0168,WB_CENTRE_SIL_02,HALL_01,19,Q18,D,0.0
WBSSC_SLST_0168,WB_CENTRE_SIL_02,HALL_01,19,Q19,A,0.0
WBSSC_SLST_0168,WB_CENTRE_SIL_02,HALL_01,19,Q20,C,0.0
WBSSC_SLST_0168,WB_CENTRE_SIL_02,HALL_01,19,Q21,C,0.0
WBSSC_SLST_0168,WB_CENTRE_SIL_02,HALL_01,19,Q22,C,0.0
WBSSC_SLST_0168,WB_CENTRE_SIL_02,HALL_01,19,Q23,C,0.0
WBSSC_SLST_0168,WB_CENTRE_SIL_02,HALL_01,19,Q24,C,0.0
WBSSC_SLST_0168,WB_CENTRE_SIL_02,HALL_01,19,Q25,A,0.0
WBSSC_SLST_0168,WB_CENTRE_SIL_02,HALL_01,19,Q26,D,0.0
WBSSC_SLST_0168,WB_CENTRE_SIL_02,HALL_01,19,Q27,D,0.0
WBSSC_SLST_0168,WB_CENTRE_SIL_02,HALL_01,19,Q28,D,0.0
WBSSC_SLST_0168,WB_CENTRE_SIL_02,HALL_01,19,Q29,C,0.0
WBSSC_SLST_0168,WB_CENTRE_SIL_02,HALL_01,19,Q30,A,0.0
WBSSC_SLST_0168,WB_CENTRE_SIL_02,HALL_01,19,Q31,C,0.0
WBSSC_SLST_0168,WB_CENTRE_SIL_02,HALL_01,19,Q32,D,0.0
WBSSC_SLST_0168,WB_CENTRE_SIL_02,HALL_01,19,Q33,C,0.0
WBSSC_SLST_0168,WB_CENTRE_SIL_02,HALL_01,19,Q34,C,0.0
WBSSC_SLST_0168,WB_CENTRE_SIL_02,HALL_01,19,Q35,C,0.0
WBSSC_SLST_0168,WB_CENTRE_SIL_02,HALL_01,19,Q36,A,0.0
WBSSC_SLST_0168,WB_CENTRE_SIL_02,HALL_01,19,Q37,A,0.0
WBSSC_SLST_0168,WB_CENTRE_SIL_02,HALL_01,19,Q38,D,0.0
WBSSC_SLST_0168,WB_CENTRE_SIL_02,HALL_01,19,Q39,A,0.0
WBSSC_SLST_0168,WB_CENTRE_SIL_02,HALL_01,19,Q40,A,0.0
WBSSC_SLST_0168,WB_CENTRE_SIL_02,HALL_01,19,Q41,D,0.0
WBSSC_SLST_0168,WB_CENTRE_SIL_02,HALL_01,19,Q42,A,0.0
WBSSC_SLST_0168,WB_CENTRE_SIL_02,HALL_01,19,Q43,D,0.0
WBSSC_SLST_0168,WB_CENTRE_SIL_02,HALL_01,19,Q44,A,0.0
WBSSC_SLST_0168,WB_CENTRE_SIL_02,HALL_01,19,Q45,A,0.0
WBSSC_SLST_0168,WB_CENTRE_SIL_02,HALL_01,19,Q46,A,0.0
WBSSC_SLST_0168,WB_CENTRE_SIL_02,HALL_01,19,Q47,A,0.0
WBSSC_SLST_0168,WB_CENTRE_SIL_02,HALL_01,19,Q48,C,0.0
WBSSC_SLST_0168,WB_CENTRE_SIL_02,HALL_01,19,Q49,C,0.0
WBSSC_SLST_0168,WB_CENTRE_SIL_02,HALL_01,19,Q50,D,0.0
WBSSC_SLST_0168,WB_CENTRE_SIL_02,HALL_01,19,Q51,A,0.0
WBSSC_SLST_0168,WB_CENTRE_SIL_02,HALL_01,19,Q52,D,0.0
WBSSC_SLST_0168,WB_CENTRE_SIL_02,HALL_01,19,Q53,C,0.0
WBSSC_SLST_0168,WB_CENTRE_SIL_02,HALL_01,19,Q54,C,0.0
WBSSC_SLST_0168,WB_CENTRE_SIL_02,HALL_01,19,Q55,C,0.0
WBSSC_SLST_0168,WB_CENTRE_SIL_02,HALL_01,19,Q56,C,0.0
WBSSC_SLST_0168,WB_CENTRE_SIL_02,HALL_01,19,Q57,D,0.0
WBSSC_SLST_0168,WB_CENTRE_SIL_02,HALL_01,19,Q58,C,0.0
WBSSC_SLST_0168,WB_CENTRE_SIL_02,HALL_01,19,Q59,C,0.0
WBSSC_SLST_0168,WB_CENTRE_SIL_02,HALL_01,19,Q60,A,0.0
WBSSC_SLST_0169,WB_CENTRE_SIL_02,HALL_02,20,Q01,B,1.0
WBSSC_SLST_0169,WB_CENTRE_SIL_02,HALL_02,20,Q02,B,1.0
WBSSC_SLST_0169,WB_CENTRE_SIL_02,HALL_02,20,Q03,B,1.0
WBSSC_SLST_0169,WB_CENTRE_SIL_02,HALL_02,20,Q04,B,1.0
WBSSC_SLST_0169,WB_CENTRE_SIL_02,HALL_02,20,Q05,B,1.0
WBSSC_SLST_0169,WB_CENTRE_SIL_02,HALL_02,20,Q06,B,1.0
WBSSC_SLST_0169,WB_CENTRE_SIL_02,HALL_02,20,Q07,B,1.0
WBSSC_SLST_0169,WB_CENTRE_SIL_02,HALL_02,20,Q08,B,1.0
WBSSC_SLST_0169,WB_CENTRE_SIL_02,HALL_02,20,Q09,B,1.0
WBSSC_SLST_0169,WB_CENTRE_SIL_02,HALL_02,20,Q10,B,1.0
WBSSC_SLST_0169,WB_CENTRE_SIL_02,HALL_02,20,Q11,B,1.0
WBSSC_SLST_0169,WB_CENTRE_SIL_02,HALL_02,20,Q12,B,1.0
WBSSC_SLST_0169,WB_CENTRE_SIL_02,HALL_02,20,Q13,B,1.0
WBSSC_SLST_0169,WB_CENTRE_SIL_02,HALL_02,20,Q14,B,1.0
WBSSC_SLST_0169,WB_CENTRE_SIL_02,HALL_02,20,Q15,B,1.0
WBSSC_SLST_0169,WB_CENTRE_SIL_02,HALL_02,20,Q16,B,1.0
WBSSC_SLST_0169,WB_CENTRE_SIL_02,HALL_02,20,Q17,B,1.0
WBSSC_SLST_0169,WB_CENTRE_SIL_02,HALL_02,20,Q18,B,1.0
WBSSC_SLST_0169,WB_CENTRE_SIL_02,HALL_02,20,Q19,B,1.0
WBSSC_SLST_0169,WB_CENTRE_SIL_02,HALL_02,20,Q20,B,1.0
WBSSC_SLST_0169,WB_CENTRE_SIL_02,HALL_02,20,Q21,B,1.0
WBSSC_SLST_0169,WB_CENTRE_SIL_02,HALL_02,20,Q22,B,1.0
WBSSC_SLST_0169,WB_CENTRE_SIL_02,HALL_02,20,Q23,B,1.0
WBSSC_SLST_0169,WB_CENTRE_SIL_02,HALL_02,20,Q24,B,1.0
WBSSC_SLST_0169,WB_CENTRE_SIL_02,HALL_02,20,Q25,B,1.0
WBSSC_SLST_0169,WB_CENTRE_SIL_02,HALL_02,20,Q26,B,1.0
WBSSC_SLST_0169,WB_CENTRE_SIL_02,HALL_02,20,Q27,B,1.0
WBSSC_SLST_0169,WB_CENTRE_SIL_02,HALL_02,20,Q28,B,1.0
WBSSC_SLST_0169,WB_CENTRE_SIL_02,HALL_02,20,Q29,D,0.0
WBSSC_SLST_0169,WB_CENTRE_SIL_02,HALL_02,20,Q30,D,0.0
WBSSC_SLST_0169,WB_CENTRE_SIL_02,HALL_02,20,Q31,A,0.0
WBSSC_SLST_0169,WB_CENTRE_SIL_02,HALL_02,20,Q32,D,0.0
WBSSC_SLST_0169,WB_CENTRE_SIL_02,HALL_02,20,Q33,C,0.0
WBSSC_SLST_0169,WB_CENTRE_SIL_02,HALL_02,20,Q34,D,0.0
WBSSC_SLST_0169,WB_CENTRE_SIL_02,HALL_02,20,Q35,C,0.0
WBSSC_SLST_0169,WB_CENTRE_SIL_02,HALL_02,20,Q36,C,0.0
WBSSC_SLST_0169,WB_CENTRE_SIL_02,HALL_02,20,Q37,C,0.0
WBSSC_SLST_0169,WB_CENTRE_SIL_02,HALL_02,20,Q38,D,0.0
WBSSC_SLST_0169,WB_CENTRE_SIL_02,HALL_02,20,Q39,A,0.0
WBSSC_SLST_0169,WB_CENTRE_SIL_02,HALL_02,20,Q40,C,0.0
WBSSC_SLST_0169,WB_CENTRE_SIL_02,HALL_02,20,Q41,A,0.0
WBSSC_SLST_0169,WB_CENTRE_SIL_02,HALL_02,20,Q42,A,0.0
WBSSC_SLST_0169,WB_CENTRE_SIL_02,HALL_02,20,Q43,A,0.0
WBSSC_SLST_0169,WB_CENTRE_SIL_02,HALL_02,20,Q44,D,0.0
WBSSC_SLST_0169,WB_CENTRE_SIL_02,HALL_02,20,Q45,A,0.0
WBSSC_SLST_0169,WB_CENTRE_SIL_02,HALL_02,20,Q46,A,0.0
WBSSC_SLST_0169,WB_CENTRE_SIL_02,HALL_02,20,Q47,A,0.0
WBSSC_SLST_0169,WB_CENTRE_SIL_02,HALL_02,20,Q48,A,0.0
WBSSC_SLST_0169,WB_CENTRE_SIL_02,HALL_02,20,Q49,D,0.0
WBSSC_SLST_0169,WB_CENTRE_SIL_02,HALL_02,20,Q50,D,0.0
WBSSC_SLST_0169,WB_CENTRE_SIL_02,HALL_02,20,Q51,D,0.0
WBSSC_SLST_0169,WB_CENTRE_SIL_02,HALL_02,20,Q52,D,0.0
WBSSC_SLST_0169,WB_CENTRE_SIL_02,HALL_02,20,Q53,A,0.0
WBSSC_SLST_0169,WB_CENTRE_SIL_02,HALL_02,20,Q54,D,0.0
WBSSC_SLST_0169,WB_CENTRE_SIL_02,HALL_02,20,Q55,C,0.0
WBSSC_SLST_0169,WB_CENTRE_SIL_02,HALL_02,20,Q56,C,0.0
WBSSC_SLST_0169,WB_CENTRE_SIL_02,HALL_02,20,Q57,C,0.0
WBSSC_SLST_0169,WB_CENTRE_SIL_02,HALL_02,20,Q58,C,0.0
WBSSC_SLST_0169,WB_CENTRE_SIL_02,HALL_02,20,Q59,A,0.0
WBSSC_SLST_0169,WB_CENTRE_SIL_02,HALL_02,20,Q60,A,0.0
WBSSC_SLST_0170,WB_CENTRE_SIL_02,HALL_03,21,Q01,B,1.0
WBSSC_SLST_0170,WB_CENTRE_SIL_02,HALL_03,21,Q02,B,1.0
WBSSC_SLST_0170,WB_CENTRE_SIL_02,HALL_03,21,Q03,B,1.0
WBSSC_SLST_0170,WB_CENTRE_SIL_02,HALL_03,21,Q04,B,1.0
WBSSC_SLST_0170,WB_CENTRE_SIL_02,HALL_03,21,Q05,B,1.0
WBSSC_SLST_0170,WB_CENTRE_SIL_02,HALL_03,21,Q06,B,1.0
WBSSC_SLST_0170,WB_CENTRE_SIL_02,HALL_03,21,Q07,B,1.0
WBSSC_SLST_0170,WB_CENTRE_SIL_02,HALL_03,21,Q08,B,1.0
WBSSC_SLST_0170,WB_CENTRE_SIL_02,HALL_03,21,Q09,B,1.0
WBSSC_SLST_0170,WB_CENTRE_SIL_02,HALL_03,21,Q10,B,1.0
WBSSC_SLST_0170,WB_CENTRE_SIL_02,HALL_03,21,Q11,B,1.0
WBSSC_SLST_0170,WB_CENTRE_SIL_02,HALL_03,21,Q12,B,1.0
WBSSC_SLST_0170,WB_CENTRE_SIL_02,HALL_03,21,Q13,B,1.0
WBSSC_SLST_0170,WB_CENTRE_SIL_02,HALL_03,21,Q14,B,1.0
WBSSC_SLST_0170,WB_CENTRE_SIL_02,HALL_03,21,Q15,B,1.0
WBSSC_SLST_0170,WB_CENTRE_SIL_02,HALL_03,21,Q16,B,1.0
WBSSC_SLST_0170,WB_CENTRE_SIL_02,HALL_03,21,Q17,B,1.0
WBSSC_SLST_0170,WB_CENTRE_SIL_02,HALL_03,21,Q18,B,1.0
WBSSC_SLST_0170,WB_CENTRE_SIL_02,HALL_03,21,Q19,B,1.0
WBSSC_SLST_0170,WB_CENTRE_SIL_02,HALL_03,21,Q20,B,1.0
WBSSC_SLST_0170,WB_CENTRE_SIL_02,HALL_03,21,Q21,B,1.0
WBSSC_SLST_0170,WB_CENTRE_SIL_02,HALL_03,21,Q22,B,1.0
WBSSC_SLST_0170,WB_CENTRE_SIL_02,HALL_03,21,Q23,B,1.0
WBSSC_SLST_0170,WB_CENTRE_SIL_02,HALL_03,21,Q24,B,1.0
WBSSC_SLST_0170,WB_CENTRE_SIL_02,HALL_03,21,Q25,B,1.0
WBSSC_SLST_0170,WB_CENTRE_SIL_02,HALL_03,21,Q26,B,1.0
WBSSC_SLST_0170,WB_CENTRE_SIL_02,HALL_03,21,Q27,B,1.0
WBSSC_SLST_0170,WB_CENTRE_SIL_02,HALL_03,21,Q28,B,1.0
WBSSC_SLST_0170,WB_CENTRE_SIL_02,HALL_03,21,Q29,B,1.0
WBSSC_SLST_0170,WB_CENTRE_SIL_02,HALL_03,21,Q30,B,1.0
WBSSC_SLST_0170,WB_CENTRE_SIL_02,HALL_03,21,Q31,B,1.0
WBSSC_SLST_0170,WB_CENTRE_SIL_02,HALL_03,21,Q32,B,1.0
WBSSC_SLST_0170,WB_CENTRE_SIL_02,HALL_03,21,Q33,B,1.0
WBSSC_SLST_0170,WB_CENTRE_SIL_02,HALL_03,21,Q34,D,0.0
WBSSC_SLST_0170,WB_CENTRE_SIL_02,HALL_03,21,Q35,D,0.0
WBSSC_SLST_0170,WB_CENTRE_SIL_02,HALL_03,21,Q36,A,0.0
WBSSC_SLST_0170,WB_CENTRE_SIL_02,HALL_03,21,Q37,C,0.0
WBSSC_SLST_0170,WB_CENTRE_SIL_02,HALL_03,21,Q38,A,0.0
WBSSC_SLST_0170,WB_CENTRE_SIL_02,HALL_03,21,Q39,C,0.0
WBSSC_SLST_0170,WB_CENTRE_SIL_02,HALL_03,21,Q40,A,0.0
WBSSC_SLST_0170,WB_CENTRE_SIL_02,HALL_03,21,Q41,A,0.0
WBSSC_SLST_0170,WB_CENTRE_SIL_02,HALL_03,21,Q42,D,0.0
WBSSC_SLST_0170,WB_CENTRE_SIL_02,HALL_03,21,Q43,D,0.0
WBSSC_SLST_0170,WB_CENTRE_SIL_02,HALL_03,21,Q44,C,0.0
WBSSC_SLST_0170,WB_CENTRE_SIL_02,HALL_03,21,Q45,A,0.0
WBSSC_SLST_0170,WB_CENTRE_SIL_02,HALL_03,21,Q46,A,0.0
WBSSC_SLST_0170,WB_CENTRE_SIL_02,HALL_03,21,Q47,A,0.0
WBSSC_SLST_0170,WB_CENTRE_SIL_02,HALL_03,21,Q48,A,0.0
WBSSC_SLST_0170,WB_CENTRE_SIL_02,HALL_03,21,Q49,D,0.0
WBSSC_SLST_0170,WB_CENTRE_SIL_02,HALL_03,21,Q50,A,0.0
WBSSC_SLST_0170,WB_CENTRE_SIL_02,HALL_03,21,Q51,C,0.0
WBSSC_SLST_0170,WB_CENTRE_SIL_02,HALL_03,21,Q52,C,0.0
WBSSC_SLST_0170,WB_CENTRE_SIL_02,HALL_03,21,Q53,C,0.0
WBSSC_SLST_0170,WB_CENTRE_SIL_02,HALL_03,21,Q54,D,0.0
WBSSC_SLST_0170,WB_CENTRE_SIL_02,HALL_03,21,Q55,D,0.0
WBSSC_SLST_0170,WB_CENTRE_SIL_02,HALL_03,21,Q56,D,0.0
WBSSC_SLST_0170,WB_CENTRE_SIL_02,HALL_03,21,Q57,D,0.0
WBSSC_SLST_0170,WB_CENTRE_SIL_02,HALL_03,21,Q58,C,0.0
WBSSC_SLST_0170,WB_CENTRE_SIL_02,HALL_03,21,Q59,C,0.0
WBSSC_SLST_0170,WB_CENTRE_SIL_02,HALL_03,21,Q60,C,0.0
WBSSC_SLST_0171,WB_CENTRE_SIL_02,HALL_04,22,Q01,B,1.0
WBSSC_SLST_0171,WB_CENTRE_SIL_02,HALL_04,22,Q02,B,1.0
WBSSC_SLST_0171,WB_CENTRE_SIL_02,HALL_04,22,Q03,B,1.0
WBSSC_SLST_0171,WB_CENTRE_SIL_02,HALL_04,22,Q04,B,1.0
WBSSC_SLST_0171,WB_CENTRE_SIL_02,HALL_04,22,Q05,B,1.0
WBSSC_SLST_0171,WB_CENTRE_SIL_02,HALL_04,22,Q06,B,1.0
WBSSC_SLST_0171,WB_CENTRE_SIL_02,HALL_04,22,Q07,B,1.0
WBSSC_SLST_0171,WB_CENTRE_SIL_02,HALL_04,22,Q08,B,1.0
WBSSC_SLST_0171,WB_CENTRE_SIL_02,HALL_04,22,Q09,B,1.0
WBSSC_SLST_0171,WB_CENTRE_SIL_02,HALL_04,22,Q10,B,1.0
WBSSC_SLST_0171,WB_CENTRE_SIL_02,HALL_04,22,Q11,B,1.0
WBSSC_SLST_0171,WB_CENTRE_SIL_02,HALL_04,22,Q12,B,1.0
WBSSC_SLST_0171,WB_CENTRE_SIL_02,HALL_04,22,Q13,B,1.0
WBSSC_SLST_0171,WB_CENTRE_SIL_02,HALL_04,22,Q14,B,1.0
WBSSC_SLST_0171,WB_CENTRE_SIL_02,HALL_04,22,Q15,B,1.0
WBSSC_SLST_0171,WB_CENTRE_SIL_02,HALL_04,22,Q16,B,1.0
WBSSC_SLST_0171,WB_CENTRE_SIL_02,HALL_04,22,Q17,B,1.0
WBSSC_SLST_0171,WB_CENTRE_SIL_02,HALL_04,22,Q18,B,1.0
WBSSC_SLST_0171,WB_CENTRE_SIL_02,HALL_04,22,Q19,B,1.0
WBSSC_SLST_0171,WB_CENTRE_SIL_02,HALL_04,22,Q20,B,1.0
WBSSC_SLST_0171,WB_CENTRE_SIL_02,HALL_04,22,Q21,B,1.0
WBSSC_SLST_0171,WB_CENTRE_SIL_02,HALL_04,22,Q22,B,1.0
WBSSC_SLST_0171,WB_CENTRE_SIL_02,HALL_04,22,Q23,B,1.0
WBSSC_SLST_0171,WB_CENTRE_SIL_02,HALL_04,22,Q24,B,1.0
WBSSC_SLST_0171,WB_CENTRE_SIL_02,HALL_04,22,Q25,B,1.0
WBSSC_SLST_0171,WB_CENTRE_SIL_02,HALL_04,22,Q26,B,1.0
WBSSC_SLST_0171,WB_CENTRE_SIL_02,HALL_04,22,Q27,B,1.0
WBSSC_SLST_0171,WB_CENTRE_SIL_02,HALL_04,22,Q28,B,1.0
WBSSC_SLST_0171,WB_CENTRE_SIL_02,HALL_04,22,Q29,B,1.0
WBSSC_SLST_0171,WB_CENTRE_SIL_02,HALL_04,22,Q30,B,1.0
WBSSC_SLST_0171,WB_CENTRE_SIL_02,HALL_04,22,Q31,B,1.0
WBSSC_SLST_0171,WB_CENTRE_SIL_02,HALL_04,22,Q32,B,1.0
WBSSC_SLST_0171,WB_CENTRE_SIL_02,HALL_04,22,Q33,B,1.0
WBSSC_SLST_0171,WB_CENTRE_SIL_02,HALL_04,22,Q34,B,1.0
WBSSC_SLST_0171,WB_CENTRE_SIL_02,HALL_04,22,Q35,B,1.0
WBSSC_SLST_0171,WB_CENTRE_SIL_02,HALL_04,22,Q36,B,1.0
WBSSC_SLST_0171,WB_CENTRE_SIL_02,HALL_04,22,Q37,B,1.0
WBSSC_SLST_0171,WB_CENTRE_SIL_02,HALL_04,22,Q38,B,1.0
WBSSC_SLST_0171,WB_CENTRE_SIL_02,HALL_04,22,Q39,C,0.0
WBSSC_SLST_0171,WB_CENTRE_SIL_02,HALL_04,22,Q40,D,0.0
WBSSC_SLST_0171,WB_CENTRE_SIL_02,HALL_04,22,Q41,C,0.0
WBSSC_SLST_0171,WB_CENTRE_SIL_02,HALL_04,22,Q42,C,0.0
WBSSC_SLST_0171,WB_CENTRE_SIL_02,HALL_04,22,Q43,D,0.0
WBSSC_SLST_0171,WB_CENTRE_SIL_02,HALL_04,22,Q44,A,0.0
WBSSC_SLST_0171,WB_CENTRE_SIL_02,HALL_04,22,Q45,D,0.0
WBSSC_SLST_0171,WB_CENTRE_SIL_02,HALL_04,22,Q46,D,0.0
WBSSC_SLST_0171,WB_CENTRE_SIL_02,HALL_04,22,Q47,D,0.0
WBSSC_SLST_0171,WB_CENTRE_SIL_02,HALL_04,22,Q48,D,0.0
WBSSC_SLST_0171,WB_CENTRE_SIL_02,HALL_04,22,Q49,A,0.0
WBSSC_SLST_0171,WB_CENTRE_SIL_02,HALL_04,22,Q50,A,0.0
WBSSC_SLST_0171,WB_CENTRE_SIL_02,HALL_04,22,Q51,C,0.0
WBSSC_SLST_0171,WB_CENTRE_SIL_02,HALL_04,22,Q52,D,0.0
WBSSC_SLST_0171,WB_CENTRE_SIL_02,HALL_04,22,Q53,A,0.0
WBSSC_SLST_0171,WB_CENTRE_SIL_02,HALL_04,22,Q54,A,0.0
WBSSC_SLST_0171,WB_CENTRE_SIL_02,HALL_04,22,Q55,D,0.0
WBSSC_SLST_0171,WB_CENTRE_SIL_02,HALL_04,22,Q56,C,0.0
WBSSC_SLST_0171,WB_CENTRE_SIL_02,HALL_04,22,Q57,C,0.0
WBSSC_SLST_0171,WB_CENTRE_SIL_02,HALL_04,22,Q58,C,0.0
WBSSC_SLST_0171,WB_CENTRE_SIL_02,HALL_04,22,Q59,D,0.0
WBSSC_SLST_0171,WB_CENTRE_SIL_02,HALL_04,22,Q60,A,0.0
WBSSC_SLST_0172,WB_CENTRE_SIL_02,HALL_01,23,Q01,B,1.0
WBSSC_SLST_0172,WB_CENTRE_SIL_02,HALL_01,23,Q02,B,1.0
WBSSC_SLST_0172,WB_CENTRE_SIL_02,HALL_01,23,Q03,B,1.0
WBSSC_SLST_0172,WB_CENTRE_SIL_02,HALL_01,23,Q04,B,1.0
WBSSC_SLST_0172,WB_CENTRE_SIL_02,HALL_01,23,Q05,B,1.0
WBSSC_SLST_0172,WB_CENTRE_SIL_02,HALL_01,23,Q06,B,1.0
WBSSC_SLST_0172,WB_CENTRE_SIL_02,HALL_01,23,Q07,B,1.0
WBSSC_SLST_0172,WB_CENTRE_SIL_02,HALL_01,23,Q08,B,1.0
WBSSC_SLST_0172,WB_CENTRE_SIL_02,HALL_01,23,Q09,B,1.0
WBSSC_SLST_0172,WB_CENTRE_SIL_02,HALL_01,23,Q10,B,1.0
WBSSC_SLST_0172,WB_CENTRE_SIL_02,HALL_01,23,Q11,B,1.0
WBSSC_SLST_0172,WB_CENTRE_SIL_02,HALL_01,23,Q12,B,1.0
WBSSC_SLST_0172,WB_CENTRE_SIL_02,HALL_01,23,Q13,B,1.0
WBSSC_SLST_0172,WB_CENTRE_SIL_02,HALL_01,23,Q14,B,1.0
WBSSC_SLST_0172,WB_CENTRE_SIL_02,HALL_01,23,Q15,B,1.0
WBSSC_SLST_0172,WB_CENTRE_SIL_02,HALL_01,23,Q16,B,1.0
WBSSC_SLST_0172,WB_CENTRE_SIL_02,HALL_01,23,Q17,B,1.0
WBSSC_SLST_0172,WB_CENTRE_SIL_02,HALL_01,23,Q18,B,1.0
WBSSC_SLST_0172,WB_CENTRE_SIL_02,HALL_01,23,Q19,B,1.0
WBSSC_SLST_0172,WB_CENTRE_SIL_02,HALL_01,23,Q20,B,1.0
WBSSC_SLST_0172,WB_CENTRE_SIL_02,HALL_01,23,Q21,B,1.0
WBSSC_SLST_0172,WB_CENTRE_SIL_02,HALL_01,23,Q22,B,1.0
WBSSC_SLST_0172,WB_CENTRE_SIL_02,HALL_01,23,Q23,B,1.0
WBSSC_SLST_0172,WB_CENTRE_SIL_02,HALL_01,23,Q24,B,1.0
WBSSC_SLST_0172,WB_CENTRE_SIL_02,HALL_01,23,Q25,B,1.0
WBSSC_SLST_0172,WB_CENTRE_SIL_02,HALL_01,23,Q26,B,1.0
WBSSC_SLST_0172,WB_CENTRE_SIL_02,HALL_01,23,Q27,C,0.0
WBSSC_SLST_0172,WB_CENTRE_SIL_02,HALL_01,23,Q28,D,0.0
WBSSC_SLST_0172,WB_CENTRE_SIL_02,HALL_01,23,Q29,D,0.0
WBSSC_SLST_0172,WB_CENTRE_SIL_02,HALL_01,23,Q30,A,0.0
WBSSC_SLST_0172,WB_CENTRE_SIL_02,HALL_01,23,Q31,A,0.0
WBSSC_SLST_0172,WB_CENTRE_SIL_02,HALL_01,23,Q32,A,0.0
WBSSC_SLST_0172,WB_CENTRE_SIL_02,HALL_01,23,Q33,A,0.0
WBSSC_SLST_0172,WB_CENTRE_SIL_02,HALL_01,23,Q34,C,0.0
WBSSC_SLST_0172,WB_CENTRE_SIL_02,HALL_01,23,Q35,A,0.0
WBSSC_SLST_0172,WB_CENTRE_SIL_02,HALL_01,23,Q36,D,0.0
WBSSC_SLST_0172,WB_CENTRE_SIL_02,HALL_01,23,Q37,C,0.0
WBSSC_SLST_0172,WB_CENTRE_SIL_02,HALL_01,23,Q38,C,0.0
WBSSC_SLST_0172,WB_CENTRE_SIL_02,HALL_01,23,Q39,C,0.0
WBSSC_SLST_0172,WB_CENTRE_SIL_02,HALL_01,23,Q40,A,0.0
WBSSC_SLST_0172,WB_CENTRE_SIL_02,HALL_01,23,Q41,A,0.0
WBSSC_SLST_0172,WB_CENTRE_SIL_02,HALL_01,23,Q42,D,0.0
WBSSC_SLST_0172,WB_CENTRE_SIL_02,HALL_01,23,Q43,A,0.0
WBSSC_SLST_0172,WB_CENTRE_SIL_02,HALL_01,23,Q44,A,0.0
WBSSC_SLST_0172,WB_CENTRE_SIL_02,HALL_01,23,Q45,A,0.0
WBSSC_SLST_0172,WB_CENTRE_SIL_02,HALL_01,23,Q46,A,0.0
WBSSC_SLST_0172,WB_CENTRE_SIL_02,HALL_01,23,Q47,C,0.0
WBSSC_SLST_0172,WB_CENTRE_SIL_02,HALL_01,23,Q48,A,0.0
WBSSC_SLST_0172,WB_CENTRE_SIL_02,HALL_01,23,Q49,A,0.0
WBSSC_SLST_0172,WB_CENTRE_SIL_02,HALL_01,23,Q50,A,0.0
WBSSC_SLST_0172,WB_CENTRE_SIL_02,HALL_01,23,Q51,C,0.0
WBSSC_SLST_0172,WB_CENTRE_SIL_02,HALL_01,23,Q52,C,0.0
WBSSC_SLST_0172,WB_CENTRE_SIL_02,HALL_01,23,Q53,C,0.0
WBSSC_SLST_0172,WB_CENTRE_SIL_02,HALL_01,23,Q54,C,0.0
WBSSC_SLST_0172,WB_CENTRE_SIL_02,HALL_01,23,Q55,C,0.0
WBSSC_SLST_0172,WB_CENTRE_SIL_02,HALL_01,23,Q56,D,0.0
WBSSC_SLST_0172,WB_CENTRE_SIL_02,HALL_01,23,Q57,C,0.0
WBSSC_SLST_0172,WB_CENTRE_SIL_02,HALL_01,23,Q58,C,0.0
WBSSC_SLST_0172,WB_CENTRE_SIL_02,HALL_01,23,Q59,A,0.0
WBSSC_SLST_0172,WB_CENTRE_SIL_02,HALL_01,23,Q60,D,0.0
WBSSC_SLST_0173,WB_CENTRE_SIL_02,HALL_02,24,Q01,B,1.0
WBSSC_SLST_0173,WB_CENTRE_SIL_02,HALL_02,24,Q02,B,1.0
WBSSC_SLST_0173,WB_CENTRE_SIL_02,HALL_02,24,Q03,B,1.0
WBSSC_SLST_0173,WB_CENTRE_SIL_02,HALL_02,24,Q04,B,1.0
WBSSC_SLST_0173,WB_CENTRE_SIL_02,HALL_02,24,Q05,B,1.0
WBSSC_SLST_0173,WB_CENTRE_SIL_02,HALL_02,24,Q06,B,1.0
WBSSC_SLST_0173,WB_CENTRE_SIL_02,HALL_02,24,Q07,B,1.0
WBSSC_SLST_0173,WB_CENTRE_SIL_02,HALL_02,24,Q08,B,1.0
WBSSC_SLST_0173,WB_CENTRE_SIL_02,HALL_02,24,Q09,B,1.0
WBSSC_SLST_0173,WB_CENTRE_SIL_02,HALL_02,24,Q10,B,1.0
WBSSC_SLST_0173,WB_CENTRE_SIL_02,HALL_02,24,Q11,B,1.0
WBSSC_SLST_0173,WB_CENTRE_SIL_02,HALL_02,24,Q12,B,1.0
WBSSC_SLST_0173,WB_CENTRE_SIL_02,HALL_02,24,Q13,B,1.0
WBSSC_SLST_0173,WB_CENTRE_SIL_02,HALL_02,24,Q14,B,1.0
WBSSC_SLST_0173,WB_CENTRE_SIL_02,HALL_02,24,Q15,B,1.0
WBSSC_SLST_0173,WB_CENTRE_SIL_02,HALL_02,24,Q16,B,1.0
WBSSC_SLST_0173,WB_CENTRE_SIL_02,HALL_02,24,Q17,B,1.0
WBSSC_SLST_0173,WB_CENTRE_SIL_02,HALL_02,24,Q18,B,1.0
WBSSC_SLST_0173,WB_CENTRE_SIL_02,HALL_02,24,Q19,B,1.0
WBSSC_SLST_0173,WB_CENTRE_SIL_02,HALL_02,24,Q20,B,1.0
WBSSC_SLST_0173,WB_CENTRE_SIL_02,HALL_02,24,Q21,B,1.0
WBSSC_SLST_0173,WB_CENTRE_SIL_02,HALL_02,24,Q22,B,1.0
WBSSC_SLST_0173,WB_CENTRE_SIL_02,HALL_02,24,Q23,B,1.0
WBSSC_SLST_0173,WB_CENTRE_SIL_02,HALL_02,24,Q24,B,1.0
WBSSC_SLST_0173,WB_CENTRE_SIL_02,HALL_02,24,Q25,B,1.0
WBSSC_SLST_0173,WB_CENTRE_SIL_02,HALL_02,24,Q26,B,1.0
WBSSC_SLST_0173,WB_CENTRE_SIL_02,HALL_02,24,Q27,B,1.0
WBSSC_SLST_0173,WB_CENTRE_SIL_02,HALL_02,24,Q28,B,1.0
WBSSC_SLST_0173,WB_CENTRE_SIL_02,HALL_02,24,Q29,B,1.0
WBSSC_SLST_0173,WB_CENTRE_SIL_02,HALL_02,24,Q30,B,1.0
WBSSC_SLST_0173,WB_CENTRE_SIL_02,HALL_02,24,Q31,B,1.0
WBSSC_SLST_0173,WB_CENTRE_SIL_02,HALL_02,24,Q32,D,0.0
WBSSC_SLST_0173,WB_CENTRE_SIL_02,HALL_02,24,Q33,D,0.0
WBSSC_SLST_0173,WB_CENTRE_SIL_02,HALL_02,24,Q34,A,0.0
WBSSC_SLST_0173,WB_CENTRE_SIL_02,HALL_02,24,Q35,C,0.0
WBSSC_SLST_0173,WB_CENTRE_SIL_02,HALL_02,24,Q36,D,0.0
WBSSC_SLST_0173,WB_CENTRE_SIL_02,HALL_02,24,Q37,A,0.0
WBSSC_SLST_0173,WB_CENTRE_SIL_02,HALL_02,24,Q38,D,0.0
WBSSC_SLST_0173,WB_CENTRE_SIL_02,HALL_02,24,Q39,A,0.0
WBSSC_SLST_0173,WB_CENTRE_SIL_02,HALL_02,24,Q40,D,0.0
WBSSC_SLST_0173,WB_CENTRE_SIL_02,HALL_02,24,Q41,D,0.0
WBSSC_SLST_0173,WB_CENTRE_SIL_02,HALL_02,24,Q42,D,0.0
WBSSC_SLST_0173,WB_CENTRE_SIL_02,HALL_02,24,Q43,D,0.0
WBSSC_SLST_0173,WB_CENTRE_SIL_02,HALL_02,24,Q44,D,0.0
WBSSC_SLST_0173,WB_CENTRE_SIL_02,HALL_02,24,Q45,D,0.0
WBSSC_SLST_0173,WB_CENTRE_SIL_02,HALL_02,24,Q46,A,0.0
WBSSC_SLST_0173,WB_CENTRE_SIL_02,HALL_02,24,Q47,D,0.0
WBSSC_SLST_0173,WB_CENTRE_SIL_02,HALL_02,24,Q48,A,0.0
WBSSC_SLST_0173,WB_CENTRE_SIL_02,HALL_02,24,Q49,A,0.0
WBSSC_SLST_0173,WB_CENTRE_SIL_02,HALL_02,24,Q50,A,0.0
WBSSC_SLST_0173,WB_CENTRE_SIL_02,HALL_02,24,Q51,C,0.0
WBSSC_SLST_0173,WB_CENTRE_SIL_02,HALL_02,24,Q52,A,0.0
WBSSC_SLST_0173,WB_CENTRE_SIL_02,HALL_02,24,Q53,A,0.0
WBSSC_SLST_0173,WB_CENTRE_SIL_02,HALL_02,24,Q54,D,0.0
WBSSC_SLST_0173,WB_CENTRE_SIL_02,HALL_02,24,Q55,A,0.0
WBSSC_SLST_0173,WB_CENTRE_SIL_02,HALL_02,24,Q56,A,0.0
WBSSC_SLST_0173,WB_CENTRE_SIL_02,HALL_02,24,Q57,A,0.0
WBSSC_SLST_0173,WB_CENTRE_SIL_02,HALL_02,24,Q58,C,0.0
WBSSC_SLST_0173,WB_CENTRE_SIL_02,HALL_02,24,Q59,A,0.0
WBSSC_SLST_0173,WB_CENTRE_SIL_02,HALL_02,24,Q60,D,0.0
WBSSC_SLST_0174,WB_CENTRE_SIL_02,HALL_03,25,Q01,B,1.0
WBSSC_SLST_0174,WB_CENTRE_SIL_02,HALL_03,25,Q02,B,1.0
WBSSC_SLST_0174,WB_CENTRE_SIL_02,HALL_03,25,Q03,B,1.0
WBSSC_SLST_0174,WB_CENTRE_SIL_02,HALL_03,25,Q04,B,1.0
WBSSC_SLST_0174,WB_CENTRE_SIL_02,HALL_03,25,Q05,B,1.0
WBSSC_SLST_0174,WB_CENTRE_SIL_02,HALL_03,25,Q06,B,1.0
WBSSC_SLST_0174,WB_CENTRE_SIL_02,HALL_03,25,Q07,B,1.0
WBSSC_SLST_0174,WB_CENTRE_SIL_02,HALL_03,25,Q08,B,1.0
WBSSC_SLST_0174,WB_CENTRE_SIL_02,HALL_03,25,Q09,B,1.0
WBSSC_SLST_0174,WB_CENTRE_SIL_02,HALL_03,25,Q10,B,1.0
WBSSC_SLST_0174,WB_CENTRE_SIL_02,HALL_03,25,Q11,B,1.0
WBSSC_SLST_0174,WB_CENTRE_SIL_02,HALL_03,25,Q12,B,1.0
WBSSC_SLST_0174,WB_CENTRE_SIL_02,HALL_03,25,Q13,B,1.0
WBSSC_SLST_0174,WB_CENTRE_SIL_02,HALL_03,25,Q14,B,1.0
WBSSC_SLST_0174,WB_CENTRE_SIL_02,HALL_03,25,Q15,B,1.0
WBSSC_SLST_0174,WB_CENTRE_SIL_02,HALL_03,25,Q16,B,1.0
WBSSC_SLST_0174,WB_CENTRE_SIL_02,HALL_03,25,Q17,B,1.0
WBSSC_SLST_0174,WB_CENTRE_SIL_02,HALL_03,25,Q18,B,1.0
WBSSC_SLST_0174,WB_CENTRE_SIL_02,HALL_03,25,Q19,B,1.0
WBSSC_SLST_0174,WB_CENTRE_SIL_02,HALL_03,25,Q20,B,1.0
WBSSC_SLST_0174,WB_CENTRE_SIL_02,HALL_03,25,Q21,B,1.0
WBSSC_SLST_0174,WB_CENTRE_SIL_02,HALL_03,25,Q22,B,1.0
WBSSC_SLST_0174,WB_CENTRE_SIL_02,HALL_03,25,Q23,B,1.0
WBSSC_SLST_0174,WB_CENTRE_SIL_02,HALL_03,25,Q24,B,1.0
WBSSC_SLST_0174,WB_CENTRE_SIL_02,HALL_03,25,Q25,B,1.0
WBSSC_SLST_0174,WB_CENTRE_SIL_02,HALL_03,25,Q26,B,1.0
WBSSC_SLST_0174,WB_CENTRE_SIL_02,HALL_03,25,Q27,B,1.0
WBSSC_SLST_0174,WB_CENTRE_SIL_02,HALL_03,25,Q28,B,1.0
WBSSC_SLST_0174,WB_CENTRE_SIL_02,HALL_03,25,Q29,B,1.0
WBSSC_SLST_0174,WB_CENTRE_SIL_02,HALL_03,25,Q30,B,1.0
WBSSC_SLST_0174,WB_CENTRE_SIL_02,HALL_03,25,Q31,B,1.0
WBSSC_SLST_0174,WB_CENTRE_SIL_02,HALL_03,25,Q32,B,1.0
WBSSC_SLST_0174,WB_CENTRE_SIL_02,HALL_03,25,Q33,B,1.0
WBSSC_SLST_0174,WB_CENTRE_SIL_02,HALL_03,25,Q34,B,1.0
WBSSC_SLST_0174,WB_CENTRE_SIL_02,HALL_03,25,Q35,B,1.0
WBSSC_SLST_0174,WB_CENTRE_SIL_02,HALL_03,25,Q36,B,1.0
WBSSC_SLST_0174,WB_CENTRE_SIL_02,HALL_03,25,Q37,D,0.0
WBSSC_SLST_0174,WB_CENTRE_SIL_02,HALL_03,25,Q38,C,0.0
WBSSC_SLST_0174,WB_CENTRE_SIL_02,HALL_03,25,Q39,D,0.0
WBSSC_SLST_0174,WB_CENTRE_SIL_02,HALL_03,25,Q40,C,0.0
WBSSC_SLST_0174,WB_CENTRE_SIL_02,HALL_03,25,Q41,D,0.0
WBSSC_SLST_0174,WB_CENTRE_SIL_02,HALL_03,25,Q42,D,0.0
WBSSC_SLST_0174,WB_CENTRE_SIL_02,HALL_03,25,Q43,A,0.0
WBSSC_SLST_0174,WB_CENTRE_SIL_02,HALL_03,25,Q44,D,0.0
WBSSC_SLST_0174,WB_CENTRE_SIL_02,HALL_03,25,Q45,C,0.0
WBSSC_SLST_0174,WB_CENTRE_SIL_02,HALL_03,25,Q46,C,0.0
WBSSC_SLST_0174,WB_CENTRE_SIL_02,HALL_03,25,Q47,D,0.0
WBSSC_SLST_0174,WB_CENTRE_SIL_02,HALL_03,25,Q48,D,0.0
WBSSC_SLST_0174,WB_CENTRE_SIL_02,HALL_03,25,Q49,C,0.0
WBSSC_SLST_0174,WB_CENTRE_SIL_02,HALL_03,25,Q50,D,0.0
WBSSC_SLST_0174,WB_CENTRE_SIL_02,HALL_03,25,Q51,C,0.0
WBSSC_SLST_0174,WB_CENTRE_SIL_02,HALL_03,25,Q52,D,0.0
WBSSC_SLST_0174,WB_CENTRE_SIL_02,HALL_03,25,Q53,D,0.0
WBSSC_SLST_0174,WB_CENTRE_SIL_02,HALL_03,25,Q54,C,0.0
WBSSC_SLST_0174,WB_CENTRE_SIL_02,HALL_03,25,Q55,C,0.0
WBSSC_SLST_0174,WB_CENTRE_SIL_02,HALL_03,25,Q56,C,0.0
WBSSC_SLST_0174,WB_CENTRE_SIL_02,HALL_03,25,Q57,D,0.0
WBSSC_SLST_0174,WB_CENTRE_SIL_02,HALL_03,25,Q58,A,0.0
WBSSC_SLST_0174,WB_CENTRE_SIL_02,HALL_03,25,Q59,D,0.0
WBSSC_SLST_0174,WB_CENTRE_SIL_02,HALL_03,25,Q60,A,0.0
WBSSC_SLST_0175,WB_CENTRE_SIL_02,HALL_04,1,Q01,B,1.0
WBSSC_SLST_0175,WB_CENTRE_SIL_02,HALL_04,1,Q02,B,1.0
WBSSC_SLST_0175,WB_CENTRE_SIL_02,HALL_04,1,Q03,B,1.0
WBSSC_SLST_0175,WB_CENTRE_SIL_02,HALL_04,1,Q04,B,1.0
WBSSC_SLST_0175,WB_CENTRE_SIL_02,HALL_04,1,Q05,B,1.0
WBSSC_SLST_0175,WB_CENTRE_SIL_02,HALL_04,1,Q06,B,1.0
WBSSC_SLST_0175,WB_CENTRE_SIL_02,HALL_04,1,Q07,B,1.0
WBSSC_SLST_0175,WB_CENTRE_SIL_02,HALL_04,1,Q08,B,1.0
WBSSC_SLST_0175,WB_CENTRE_SIL_02,HALL_04,1,Q09,B,1.0
WBSSC_SLST_0175,WB_CENTRE_SIL_02,HALL_04,1,Q10,B,1.0
WBSSC_SLST_0175,WB_CENTRE_SIL_02,HALL_04,1,Q11,B,1.0
WBSSC_SLST_0175,WB_CENTRE_SIL_02,HALL_04,1,Q12,B,1.0
WBSSC_SLST_0175,WB_CENTRE_SIL_02,HALL_04,1,Q13,B,1.0
WBSSC_SLST_0175,WB_CENTRE_SIL_02,HALL_04,1,Q14,B,1.0
WBSSC_SLST_0175,WB_CENTRE_SIL_02,HALL_04,1,Q15,B,1.0
WBSSC_SLST_0175,WB_CENTRE_SIL_02,HALL_04,1,Q16,B,1.0
WBSSC_SLST_0175,WB_CENTRE_SIL_02,HALL_04,1,Q17,B,1.0
WBSSC_SLST_0175,WB_CENTRE_SIL_02,HALL_04,1,Q18,C,0.0
WBSSC_SLST_0175,WB_CENTRE_SIL_02,HALL_04,1,Q19,D,0.0
WBSSC_SLST_0175,WB_CENTRE_SIL_02,HALL_04,1,Q20,C,0.0
WBSSC_SLST_0175,WB_CENTRE_SIL_02,HALL_04,1,Q21,D,0.0
WBSSC_SLST_0175,WB_CENTRE_SIL_02,HALL_04,1,Q22,D,0.0
WBSSC_SLST_0175,WB_CENTRE_SIL_02,HALL_04,1,Q23,C,0.0
WBSSC_SLST_0175,WB_CENTRE_SIL_02,HALL_04,1,Q24,A,0.0
WBSSC_SLST_0175,WB_CENTRE_SIL_02,HALL_04,1,Q25,C,0.0
WBSSC_SLST_0175,WB_CENTRE_SIL_02,HALL_04,1,Q26,A,0.0
WBSSC_SLST_0175,WB_CENTRE_SIL_02,HALL_04,1,Q27,D,0.0
WBSSC_SLST_0175,WB_CENTRE_SIL_02,HALL_04,1,Q28,C,0.0
WBSSC_SLST_0175,WB_CENTRE_SIL_02,HALL_04,1,Q29,D,0.0
WBSSC_SLST_0175,WB_CENTRE_SIL_02,HALL_04,1,Q30,D,0.0
WBSSC_SLST_0175,WB_CENTRE_SIL_02,HALL_04,1,Q31,D,0.0
WBSSC_SLST_0175,WB_CENTRE_SIL_02,HALL_04,1,Q32,A,0.0
WBSSC_SLST_0175,WB_CENTRE_SIL_02,HALL_04,1,Q33,A,0.0
WBSSC_SLST_0175,WB_CENTRE_SIL_02,HALL_04,1,Q34,C,0.0
WBSSC_SLST_0175,WB_CENTRE_SIL_02,HALL_04,1,Q35,A,0.0
WBSSC_SLST_0175,WB_CENTRE_SIL_02,HALL_04,1,Q36,C,0.0
WBSSC_SLST_0175,WB_CENTRE_SIL_02,HALL_04,1,Q37,A,0.0
WBSSC_SLST_0175,WB_CENTRE_SIL_02,HALL_04,1,Q38,C,0.0
WBSSC_SLST_0175,WB_CENTRE_SIL_02,HALL_04,1,Q39,D,0.0
WBSSC_SLST_0175,WB_CENTRE_SIL_02,HALL_04,1,Q40,A,0.0
WBSSC_SLST_0175,WB_CENTRE_SIL_02,HALL_04,1,Q41,A,0.0
WBSSC_SLST_0175,WB_CENTRE_SIL_02,HALL_04,1,Q42,D,0.0
WBSSC_SLST_0175,WB_CENTRE_SIL_02,HALL_04,1,Q43,A,0.0
WBSSC_SLST_0175,WB_CENTRE_SIL_02,HALL_04,1,Q44,D,0.0
WBSSC_SLST_0175,WB_CENTRE_SIL_02,HALL_04,1,Q45,D,0.0
WBSSC_SLST_0175,WB_CENTRE_SIL_02,HALL_04,1,Q46,A,0.0
WBSSC_SLST_0175,WB_CENTRE_SIL_02,HALL_04,1,Q47,D,0.0
WBSSC_SLST_0175,WB_CENTRE_SIL_02,HALL_04,1,Q48,A,0.0
WBSSC_SLST_0175,WB_CENTRE_SIL_02,HALL_04,1,Q49,D,0.0
WBSSC_SLST_0175,WB_CENTRE_SIL_02,HALL_04,1,Q50,C,0.0
WBSSC_SLST_0175,WB_CENTRE_SIL_02,HALL_04,1,Q51,C,0.0
WBSSC_SLST_0175,WB_CENTRE_SIL_02,HALL_04,1,Q52,D,0.0
WBSSC_SLST_0175,WB_CENTRE_SIL_02,HALL_04,1,Q53,D,0.0
WBSSC_SLST_0175,WB_CENTRE_SIL_02,HALL_04,1,Q54,C,0.0
WBSSC_SLST_0175,WB_CENTRE_SIL_02,HALL_04,1,Q55,A,0.0
WBSSC_SLST_0175,WB_CENTRE_SIL_02,HALL_04,1,Q56,C,0.0
WBSSC_SLST_0175,WB_CENTRE_SIL_02,HALL_04,1,Q57,C,0.0
WBSSC_SLST_0175,WB_CENTRE_SIL_02,HALL_04,1,Q58,A,0.0
WBSSC_SLST_0175,WB_CENTRE_SIL_02,HALL_04,1,Q59,C,0.0
WBSSC_SLST_0175,WB_CENTRE_SIL_02,HALL_04,1,Q60,D,0.0
WBSSC_SLST_0176,WB_CENTRE_SIL_02,HALL_01,2,Q01,B,1.0
WBSSC_SLST_0176,WB_CENTRE_SIL_02,HALL_01,2,Q02,B,1.0
WBSSC_SLST_0176,WB_CENTRE_SIL_02,HALL_01,2,Q03,B,1.0
WBSSC_SLST_0176,WB_CENTRE_SIL_02,HALL_01,2,Q04,B,1.0
WBSSC_SLST_0176,WB_CENTRE_SIL_02,HALL_01,2,Q05,B,1.0
WBSSC_SLST_0176,WB_CENTRE_SIL_02,HALL_01,2,Q06,B,1.0
WBSSC_SLST_0176,WB_CENTRE_SIL_02,HALL_01,2,Q07,B,1.0
WBSSC_SLST_0176,WB_CENTRE_SIL_02,HALL_01,2,Q08,B,1.0
WBSSC_SLST_0176,WB_CENTRE_SIL_02,HALL_01,2,Q09,B,1.0
WBSSC_SLST_0176,WB_CENTRE_SIL_02,HALL_01,2,Q10,B,1.0
WBSSC_SLST_0176,WB_CENTRE_SIL_02,HALL_01,2,Q11,B,1.0
WBSSC_SLST_0176,WB_CENTRE_SIL_02,HALL_01,2,Q12,B,1.0
WBSSC_SLST_0176,WB_CENTRE_SIL_02,HALL_01,2,Q13,B,1.0
WBSSC_SLST_0176,WB_CENTRE_SIL_02,HALL_01,2,Q14,B,1.0
WBSSC_SLST_0176,WB_CENTRE_SIL_02,HALL_01,2,Q15,B,1.0
WBSSC_SLST_0176,WB_CENTRE_SIL_02,HALL_01,2,Q16,B,1.0
WBSSC_SLST_0176,WB_CENTRE_SIL_02,HALL_01,2,Q17,B,1.0
WBSSC_SLST_0176,WB_CENTRE_SIL_02,HALL_01,2,Q18,B,1.0
WBSSC_SLST_0176,WB_CENTRE_SIL_02,HALL_01,2,Q19,B,1.0
WBSSC_SLST_0176,WB_CENTRE_SIL_02,HALL_01,2,Q20,B,1.0
WBSSC_SLST_0176,WB_CENTRE_SIL_02,HALL_01,2,Q21,B,1.0
WBSSC_SLST_0176,WB_CENTRE_SIL_02,HALL_01,2,Q22,B,1.0
WBSSC_SLST_0176,WB_CENTRE_SIL_02,HALL_01,2,Q23,B,1.0
WBSSC_SLST_0176,WB_CENTRE_SIL_02,HALL_01,2,Q24,B,1.0
WBSSC_SLST_0176,WB_CENTRE_SIL_02,HALL_01,2,Q25,B,1.0
WBSSC_SLST_0176,WB_CENTRE_SIL_02,HALL_01,2,Q26,B,1.0
WBSSC_SLST_0176,WB_CENTRE_SIL_02,HALL_01,2,Q27,B,1.0
WBSSC_SLST_0176,WB_CENTRE_SIL_02,HALL_01,2,Q28,B,1.0
WBSSC_SLST_0176,WB_CENTRE_SIL_02,HALL_01,2,Q29,B,1.0
WBSSC_SLST_0176,WB_CENTRE_SIL_02,HALL_01,2,Q30,C,0.0
WBSSC_SLST_0176,WB_CENTRE_SIL_02,HALL_01,2,Q31,A,0.0
WBSSC_SLST_0176,WB_CENTRE_SIL_02,HALL_01,2,Q32,A,0.0
WBSSC_SLST_0176,WB_CENTRE_SIL_02,HALL_01,2,Q33,D,0.0
WBSSC_SLST_0176,WB_CENTRE_SIL_02,HALL_01,2,Q34,D,0.0
WBSSC_SLST_0176,WB_CENTRE_SIL_02,HALL_01,2,Q35,D,0.0
WBSSC_SLST_0176,WB_CENTRE_SIL_02,HALL_01,2,Q36,D,0.0
WBSSC_SLST_0176,WB_CENTRE_SIL_02,HALL_01,2,Q37,A,0.0
WBSSC_SLST_0176,WB_CENTRE_SIL_02,HALL_01,2,Q38,C,0.0
WBSSC_SLST_0176,WB_CENTRE_SIL_02,HALL_01,2,Q39,C,0.0
WBSSC_SLST_0176,WB_CENTRE_SIL_02,HALL_01,2,Q40,A,0.0
WBSSC_SLST_0176,WB_CENTRE_SIL_02,HALL_01,2,Q41,A,0.0
WBSSC_SLST_0176,WB_CENTRE_SIL_02,HALL_01,2,Q42,D,0.0
WBSSC_SLST_0176,WB_CENTRE_SIL_02,HALL_01,2,Q43,A,0.0
WBSSC_SLST_0176,WB_CENTRE_SIL_02,HALL_01,2,Q44,C,0.0
WBSSC_SLST_0176,WB_CENTRE_SIL_02,HALL_01,2,Q45,D,0.0
WBSSC_SLST_0176,WB_CENTRE_SIL_02,HALL_01,2,Q46,A,0.0
WBSSC_SLST_0176,WB_CENTRE_SIL_02,HALL_01,2,Q47,A,0.0
WBSSC_SLST_0176,WB_CENTRE_SIL_02,HALL_01,2,Q48,C,0.0
WBSSC_SLST_0176,WB_CENTRE_SIL_02,HALL_01,2,Q49,D,0.0
WBSSC_SLST_0176,WB_CENTRE_SIL_02,HALL_01,2,Q50,D,0.0
WBSSC_SLST_0176,WB_CENTRE_SIL_02,HALL_01,2,Q51,D,0.0
WBSSC_SLST_0176,WB_CENTRE_SIL_02,HALL_01,2,Q52,A,0.0
WBSSC_SLST_0176,WB_CENTRE_SIL_02,HALL_01,2,Q53,D,0.0
WBSSC_SLST_0176,WB_CENTRE_SIL_02,HALL_01,2,Q54,C,0.0
WBSSC_SLST_0176,WB_CENTRE_SIL_02,HALL_01,2,Q55,C,0.0
WBSSC_SLST_0176,WB_CENTRE_SIL_02,HALL_01,2,Q56,D,0.0
WBSSC_SLST_0176,WB_CENTRE_SIL_02,HALL_01,2,Q57,A,0.0
WBSSC_SLST_0176,WB_CENTRE_SIL_02,HALL_01,2,Q58,A,0.0
WBSSC_SLST_0176,WB_CENTRE_SIL_02,HALL_01,2,Q59,A,0.0
WBSSC_SLST_0176,WB_CENTRE_SIL_02,HALL_01,2,Q60,D,0.0
WBSSC_SLST_0177,WB_CENTRE_SIL_02,HALL_02,3,Q01,B,1.0
WBSSC_SLST_0177,WB_CENTRE_SIL_02,HALL_02,3,Q02,B,1.0
WBSSC_SLST_0177,WB_CENTRE_SIL_02,HALL_02,3,Q03,B,1.0
WBSSC_SLST_0177,WB_CENTRE_SIL_02,HALL_02,3,Q04,B,1.0
WBSSC_SLST_0177,WB_CENTRE_SIL_02,HALL_02,3,Q05,B,1.0
WBSSC_SLST_0177,WB_CENTRE_SIL_02,HALL_02,3,Q06,B,1.0
WBSSC_SLST_0177,WB_CENTRE_SIL_02,HALL_02,3,Q07,B,1.0
WBSSC_SLST_0177,WB_CENTRE_SIL_02,HALL_02,3,Q08,B,1.0
WBSSC_SLST_0177,WB_CENTRE_SIL_02,HALL_02,3,Q09,B,1.0
WBSSC_SLST_0177,WB_CENTRE_SIL_02,HALL_02,3,Q10,B,1.0
WBSSC_SLST_0177,WB_CENTRE_SIL_02,HALL_02,3,Q11,B,1.0
WBSSC_SLST_0177,WB_CENTRE_SIL_02,HALL_02,3,Q12,B,1.0
WBSSC_SLST_0177,WB_CENTRE_SIL_02,HALL_02,3,Q13,B,1.0
WBSSC_SLST_0177,WB_CENTRE_SIL_02,HALL_02,3,Q14,B,1.0
WBSSC_SLST_0177,WB_CENTRE_SIL_02,HALL_02,3,Q15,B,1.0
WBSSC_SLST_0177,WB_CENTRE_SIL_02,HALL_02,3,Q16,B,1.0
WBSSC_SLST_0177,WB_CENTRE_SIL_02,HALL_02,3,Q17,B,1.0
WBSSC_SLST_0177,WB_CENTRE_SIL_02,HALL_02,3,Q18,B,1.0
WBSSC_SLST_0177,WB_CENTRE_SIL_02,HALL_02,3,Q19,B,1.0
WBSSC_SLST_0177,WB_CENTRE_SIL_02,HALL_02,3,Q20,B,1.0
WBSSC_SLST_0177,WB_CENTRE_SIL_02,HALL_02,3,Q21,B,1.0
WBSSC_SLST_0177,WB_CENTRE_SIL_02,HALL_02,3,Q22,B,1.0
WBSSC_SLST_0177,WB_CENTRE_SIL_02,HALL_02,3,Q23,B,1.0
WBSSC_SLST_0177,WB_CENTRE_SIL_02,HALL_02,3,Q24,B,1.0
WBSSC_SLST_0177,WB_CENTRE_SIL_02,HALL_02,3,Q25,B,1.0
WBSSC_SLST_0177,WB_CENTRE_SIL_02,HALL_02,3,Q26,B,1.0
WBSSC_SLST_0177,WB_CENTRE_SIL_02,HALL_02,3,Q27,B,1.0
WBSSC_SLST_0177,WB_CENTRE_SIL_02,HALL_02,3,Q28,B,1.0
WBSSC_SLST_0177,WB_CENTRE_SIL_02,HALL_02,3,Q29,B,1.0
WBSSC_SLST_0177,WB_CENTRE_SIL_02,HALL_02,3,Q30,B,1.0
WBSSC_SLST_0177,WB_CENTRE_SIL_02,HALL_02,3,Q31,B,1.0
WBSSC_SLST_0177,WB_CENTRE_SIL_02,HALL_02,3,Q32,B,1.0
WBSSC_SLST_0177,WB_CENTRE_SIL_02,HALL_02,3,Q33,B,1.0
WBSSC_SLST_0177,WB_CENTRE_SIL_02,HALL_02,3,Q34,B,1.0
WBSSC_SLST_0177,WB_CENTRE_SIL_02,HALL_02,3,Q35,D,0.0
WBSSC_SLST_0177,WB_CENTRE_SIL_02,HALL_02,3,Q36,D,0.0
WBSSC_SLST_0177,WB_CENTRE_SIL_02,HALL_02,3,Q37,A,0.0
WBSSC_SLST_0177,WB_CENTRE_SIL_02,HALL_02,3,Q38,D,0.0
WBSSC_SLST_0177,WB_CENTRE_SIL_02,HALL_02,3,Q39,C,0.0
WBSSC_SLST_0177,WB_CENTRE_SIL_02,HALL_02,3,Q40,C,0.0
WBSSC_SLST_0177,WB_CENTRE_SIL_02,HALL_02,3,Q41,D,0.0
WBSSC_SLST_0177,WB_CENTRE_SIL_02,HALL_02,3,Q42,C,0.0
WBSSC_SLST_0177,WB_CENTRE_SIL_02,HALL_02,3,Q43,D,0.0
WBSSC_SLST_0177,WB_CENTRE_SIL_02,HALL_02,3,Q44,C,0.0
WBSSC_SLST_0177,WB_CENTRE_SIL_02,HALL_02,3,Q45,C,0.0
WBSSC_SLST_0177,WB_CENTRE_SIL_02,HALL_02,3,Q46,D,0.0
WBSSC_SLST_0177,WB_CENTRE_SIL_02,HALL_02,3,Q47,D,0.0
WBSSC_SLST_0177,WB_CENTRE_SIL_02,HALL_02,3,Q48,D,0.0
WBSSC_SLST_0177,WB_CENTRE_SIL_02,HALL_02,3,Q49,A,0.0
WBSSC_SLST_0177,WB_CENTRE_SIL_02,HALL_02,3,Q50,C,0.0
WBSSC_SLST_0177,WB_CENTRE_SIL_02,HALL_02,3,Q51,C,0.0
WBSSC_SLST_0177,WB_CENTRE_SIL_02,HALL_02,3,Q52,D,0.0
WBSSC_SLST_0177,WB_CENTRE_SIL_02,HALL_02,3,Q53,C,0.0
WBSSC_SLST_0177,WB_CENTRE_SIL_02,HALL_02,3,Q54,A,0.0
WBSSC_SLST_0177,WB_CENTRE_SIL_02,HALL_02,3,Q55,C,0.0
WBSSC_SLST_0177,WB_CENTRE_SIL_02,HALL_02,3,Q56,D,0.0
WBSSC_SLST_0177,WB_CENTRE_SIL_02,HALL_02,3,Q57,A,0.0
WBSSC_SLST_0177,WB_CENTRE_SIL_02,HALL_02,3,Q58,D,0.0
WBSSC_SLST_0177,WB_CENTRE_SIL_02,HALL_02,3,Q59,C,0.0
WBSSC_SLST_0177,WB_CENTRE_SIL_02,HALL_02,3,Q60,C,0.0
WBSSC_SLST_0178,WB_CENTRE_SIL_02,HALL_03,4,Q01,B,1.0
WBSSC_SLST_0178,WB_CENTRE_SIL_02,HALL_03,4,Q02,B,1.0
WBSSC_SLST_0178,WB_CENTRE_SIL_02,HALL_03,4,Q03,B,1.0
WBSSC_SLST_0178,WB_CENTRE_SIL_02,HALL_03,4,Q04,B,1.0
WBSSC_SLST_0178,WB_CENTRE_SIL_02,HALL_03,4,Q05,B,1.0
WBSSC_SLST_0178,WB_CENTRE_SIL_02,HALL_03,4,Q06,B,1.0
WBSSC_SLST_0178,WB_CENTRE_SIL_02,HALL_03,4,Q07,B,1.0
WBSSC_SLST_0178,WB_CENTRE_SIL_02,HALL_03,4,Q08,B,1.0
WBSSC_SLST_0178,WB_CENTRE_SIL_02,HALL_03,4,Q09,B,1.0
WBSSC_SLST_0178,WB_CENTRE_SIL_02,HALL_03,4,Q10,B,1.0
WBSSC_SLST_0178,WB_CENTRE_SIL_02,HALL_03,4,Q11,B,1.0
WBSSC_SLST_0178,WB_CENTRE_SIL_02,HALL_03,4,Q12,B,1.0
WBSSC_SLST_0178,WB_CENTRE_SIL_02,HALL_03,4,Q13,B,1.0
WBSSC_SLST_0178,WB_CENTRE_SIL_02,HALL_03,4,Q14,B,1.0
WBSSC_SLST_0178,WB_CENTRE_SIL_02,HALL_03,4,Q15,B,1.0
WBSSC_SLST_0178,WB_CENTRE_SIL_02,HALL_03,4,Q16,B,1.0
WBSSC_SLST_0178,WB_CENTRE_SIL_02,HALL_03,4,Q17,B,1.0
WBSSC_SLST_0178,WB_CENTRE_SIL_02,HALL_03,4,Q18,B,1.0
WBSSC_SLST_0178,WB_CENTRE_SIL_02,HALL_03,4,Q19,B,1.0
WBSSC_SLST_0178,WB_CENTRE_SIL_02,HALL_03,4,Q20,B,1.0
WBSSC_SLST_0178,WB_CENTRE_SIL_02,HALL_03,4,Q21,B,1.0
WBSSC_SLST_0178,WB_CENTRE_SIL_02,HALL_03,4,Q22,B,1.0
WBSSC_SLST_0178,WB_CENTRE_SIL_02,HALL_03,4,Q23,B,1.0
WBSSC_SLST_0178,WB_CENTRE_SIL_02,HALL_03,4,Q24,B,1.0
WBSSC_SLST_0178,WB_CENTRE_SIL_02,HALL_03,4,Q25,B,1.0
WBSSC_SLST_0178,WB_CENTRE_SIL_02,HALL_03,4,Q26,B,1.0
WBSSC_SLST_0178,WB_CENTRE_SIL_02,HALL_03,4,Q27,B,1.0
WBSSC_SLST_0178,WB_CENTRE_SIL_02,HALL_03,4,Q28,B,1.0
WBSSC_SLST_0178,WB_CENTRE_SIL_02,HALL_03,4,Q29,B,1.0
WBSSC_SLST_0178,WB_CENTRE_SIL_02,HALL_03,4,Q30,B,1.0
WBSSC_SLST_0178,WB_CENTRE_SIL_02,HALL_03,4,Q31,B,1.0
WBSSC_SLST_0178,WB_CENTRE_SIL_02,HALL_03,4,Q32,B,1.0
WBSSC_SLST_0178,WB_CENTRE_SIL_02,HALL_03,4,Q33,B,1.0
WBSSC_SLST_0178,WB_CENTRE_SIL_02,HALL_03,4,Q34,B,1.0
WBSSC_SLST_0178,WB_CENTRE_SIL_02,HALL_03,4,Q35,B,1.0
WBSSC_SLST_0178,WB_CENTRE_SIL_02,HALL_03,4,Q36,B,1.0
WBSSC_SLST_0178,WB_CENTRE_SIL_02,HALL_03,4,Q37,B,1.0
WBSSC_SLST_0178,WB_CENTRE_SIL_02,HALL_03,4,Q38,B,1.0
WBSSC_SLST_0178,WB_CENTRE_SIL_02,HALL_03,4,Q39,B,1.0
WBSSC_SLST_0178,WB_CENTRE_SIL_02,HALL_03,4,Q40,A,0.0
WBSSC_SLST_0178,WB_CENTRE_SIL_02,HALL_03,4,Q41,A,0.0
WBSSC_SLST_0178,WB_CENTRE_SIL_02,HALL_03,4,Q42,C,0.0
WBSSC_SLST_0178,WB_CENTRE_SIL_02,HALL_03,4,Q43,A,0.0
WBSSC_SLST_0178,WB_CENTRE_SIL_02,HALL_03,4,Q44,D,0.0
WBSSC_SLST_0178,WB_CENTRE_SIL_02,HALL_03,4,Q45,A,0.0
WBSSC_SLST_0178,WB_CENTRE_SIL_02,HALL_03,4,Q46,C,0.0
WBSSC_SLST_0178,WB_CENTRE_SIL_02,HALL_03,4,Q47,C,0.0
WBSSC_SLST_0178,WB_CENTRE_SIL_02,HALL_03,4,Q48,A,0.0
WBSSC_SLST_0178,WB_CENTRE_SIL_02,HALL_03,4,Q49,D,0.0
WBSSC_SLST_0178,WB_CENTRE_SIL_02,HALL_03,4,Q50,D,0.0
WBSSC_SLST_0178,WB_CENTRE_SIL_02,HALL_03,4,Q51,A,0.0
WBSSC_SLST_0178,WB_CENTRE_SIL_02,HALL_03,4,Q52,D,0.0
WBSSC_SLST_0178,WB_CENTRE_SIL_02,HALL_03,4,Q53,A,0.0
WBSSC_SLST_0178,WB_CENTRE_SIL_02,HALL_03,4,Q54,A,0.0
WBSSC_SLST_0178,WB_CENTRE_SIL_02,HALL_03,4,Q55,C,0.0
WBSSC_SLST_0178,WB_CENTRE_SIL_02,HALL_03,4,Q56,C,0.0
WBSSC_SLST_0178,WB_CENTRE_SIL_02,HALL_03,4,Q57,A,0.0
WBSSC_SLST_0178,WB_CENTRE_SIL_02,HALL_03,4,Q58,A,0.0
WBSSC_SLST_0178,WB_CENTRE_SIL_02,HALL_03,4,Q59,A,0.0
WBSSC_SLST_0178,WB_CENTRE_SIL_02,HALL_03,4,Q60,A,0.0
WBSSC_SLST_0179,WB_CENTRE_SIL_02,HALL_04,5,Q01,B,1.0
WBSSC_SLST_0179,WB_CENTRE_SIL_02,HALL_04,5,Q02,B,1.0
WBSSC_SLST_0179,WB_CENTRE_SIL_02,HALL_04,5,Q03,B,1.0
WBSSC_SLST_0179,WB_CENTRE_SIL_02,HALL_04,5,Q04,B,1.0
WBSSC_SLST_0179,WB_CENTRE_SIL_02,HALL_04,5,Q05,B,1.0
WBSSC_SLST_0179,WB_CENTRE_SIL_02,HALL_04,5,Q06,B,1.0
WBSSC_SLST_0179,WB_CENTRE_SIL_02,HALL_04,5,Q07,B,1.0
WBSSC_SLST_0179,WB_CENTRE_SIL_02,HALL_04,5,Q08,B,1.0
WBSSC_SLST_0179,WB_CENTRE_SIL_02,HALL_04,5,Q09,B,1.0
WBSSC_SLST_0179,WB_CENTRE_SIL_02,HALL_04,5,Q10,B,1.0
WBSSC_SLST_0179,WB_CENTRE_SIL_02,HALL_04,5,Q11,B,1.0
WBSSC_SLST_0179,WB_CENTRE_SIL_02,HALL_04,5,Q12,B,1.0
WBSSC_SLST_0179,WB_CENTRE_SIL_02,HALL_04,5,Q13,B,1.0
WBSSC_SLST_0179,WB_CENTRE_SIL_02,HALL_04,5,Q14,B,1.0
WBSSC_SLST_0179,WB_CENTRE_SIL_02,HALL_04,5,Q15,B,1.0
WBSSC_SLST_0179,WB_CENTRE_SIL_02,HALL_04,5,Q16,B,1.0
WBSSC_SLST_0179,WB_CENTRE_SIL_02,HALL_04,5,Q17,B,1.0
WBSSC_SLST_0179,WB_CENTRE_SIL_02,HALL_04,5,Q18,B,1.0
WBSSC_SLST_0179,WB_CENTRE_SIL_02,HALL_04,5,Q19,B,1.0
WBSSC_SLST_0179,WB_CENTRE_SIL_02,HALL_04,5,Q20,B,1.0
WBSSC_SLST_0179,WB_CENTRE_SIL_02,HALL_04,5,Q21,B,1.0
WBSSC_SLST_0179,WB_CENTRE_SIL_02,HALL_04,5,Q22,B,1.0
WBSSC_SLST_0179,WB_CENTRE_SIL_02,HALL_04,5,Q23,B,1.0
WBSSC_SLST_0179,WB_CENTRE_SIL_02,HALL_04,5,Q24,B,1.0
WBSSC_SLST_0179,WB_CENTRE_SIL_02,HALL_04,5,Q25,B,1.0
WBSSC_SLST_0179,WB_CENTRE_SIL_02,HALL_04,5,Q26,B,1.0
WBSSC_SLST_0179,WB_CENTRE_SIL_02,HALL_04,5,Q27,B,1.0
WBSSC_SLST_0179,WB_CENTRE_SIL_02,HALL_04,5,Q28,C,0.0
WBSSC_SLST_0179,WB_CENTRE_SIL_02,HALL_04,5,Q29,D,0.0
WBSSC_SLST_0179,WB_CENTRE_SIL_02,HALL_04,5,Q30,A,0.0
WBSSC_SLST_0179,WB_CENTRE_SIL_02,HALL_04,5,Q31,A,0.0
WBSSC_SLST_0179,WB_CENTRE_SIL_02,HALL_04,5,Q32,A,0.0
WBSSC_SLST_0179,WB_CENTRE_SIL_02,HALL_04,5,Q33,D,0.0
WBSSC_SLST_0179,WB_CENTRE_SIL_02,HALL_04,5,Q34,A,0.0
WBSSC_SLST_0179,WB_CENTRE_SIL_02,HALL_04,5,Q35,C,0.0
WBSSC_SLST_0179,WB_CENTRE_SIL_02,HALL_04,5,Q36,C,0.0
WBSSC_SLST_0179,WB_CENTRE_SIL_02,HALL_04,5,Q37,D,0.0
WBSSC_SLST_0179,WB_CENTRE_SIL_02,HALL_04,5,Q38,D,0.0
WBSSC_SLST_0179,WB_CENTRE_SIL_02,HALL_04,5,Q39,C,0.0
WBSSC_SLST_0179,WB_CENTRE_SIL_02,HALL_04,5,Q40,C,0.0
WBSSC_SLST_0179,WB_CENTRE_SIL_02,HALL_04,5,Q41,A,0.0
WBSSC_SLST_0179,WB_CENTRE_SIL_02,HALL_04,5,Q42,D,0.0
WBSSC_SLST_0179,WB_CENTRE_SIL_02,HALL_04,5,Q43,C,0.0
WBSSC_SLST_0179,WB_CENTRE_SIL_02,HALL_04,5,Q44,C,0.0
WBSSC_SLST_0179,WB_CENTRE_SIL_02,HALL_04,5,Q45,C,0.0
WBSSC_SLST_0179,WB_CENTRE_SIL_02,HALL_04,5,Q46,D,0.0
WBSSC_SLST_0179,WB_CENTRE_SIL_02,HALL_04,5,Q47,D,0.0
WBSSC_SLST_0179,WB_CENTRE_SIL_02,HALL_04,5,Q48,C,0.0
WBSSC_SLST_0179,WB_CENTRE_SIL_02,HALL_04,5,Q49,A,0.0
WBSSC_SLST_0179,WB_CENTRE_SIL_02,HALL_04,5,Q50,D,0.0
WBSSC_SLST_0179,WB_CENTRE_SIL_02,HALL_04,5,Q51,D,0.0
WBSSC_SLST_0179,WB_CENTRE_SIL_02,HALL_04,5,Q52,D,0.0
WBSSC_SLST_0179,WB_CENTRE_SIL_02,HALL_04,5,Q53,C,0.0
WBSSC_SLST_0179,WB_CENTRE_SIL_02,HALL_04,5,Q54,A,0.0
WBSSC_SLST_0179,WB_CENTRE_SIL_02,HALL_04,5,Q55,C,0.0
WBSSC_SLST_0179,WB_CENTRE_SIL_02,HALL_04,5,Q56,A,0.0
WBSSC_SLST_0179,WB_CENTRE_SIL_02,HALL_04,5,Q57,D,0.0
WBSSC_SLST_0179,WB_CENTRE_SIL_02,HALL_04,5,Q58,C,0.0
WBSSC_SLST_0179,WB_CENTRE_SIL_02,HALL_04,5,Q59,D,0.0
WBSSC_SLST_0179,WB_CENTRE_SIL_02,HALL_04,5,Q60,D,0.0
WBSSC_SLST_0180,WB_CENTRE_SIL_02,HALL_01,6,Q01,B,1.0
WBSSC_SLST_0180,WB_CENTRE_SIL_02,HALL_01,6,Q02,B,1.0
WBSSC_SLST_0180,WB_CENTRE_SIL_02,HALL_01,6,Q03,B,1.0
WBSSC_SLST_0180,WB_CENTRE_SIL_02,HALL_01,6,Q04,B,1.0
WBSSC_SLST_0180,WB_CENTRE_SIL_02,HALL_01,6,Q05,B,1.0
WBSSC_SLST_0180,WB_CENTRE_SIL_02,HALL_01,6,Q06,B,1.0
WBSSC_SLST_0180,WB_CENTRE_SIL_02,HALL_01,6,Q07,B,1.0
WBSSC_SLST_0180,WB_CENTRE_SIL_02,HALL_01,6,Q08,B,1.0
WBSSC_SLST_0180,WB_CENTRE_SIL_02,HALL_01,6,Q09,B,1.0
WBSSC_SLST_0180,WB_CENTRE_SIL_02,HALL_01,6,Q10,B,1.0
WBSSC_SLST_0180,WB_CENTRE_SIL_02,HALL_01,6,Q11,B,1.0
WBSSC_SLST_0180,WB_CENTRE_SIL_02,HALL_01,6,Q12,B,1.0
WBSSC_SLST_0180,WB_CENTRE_SIL_02,HALL_01,6,Q13,B,1.0
WBSSC_SLST_0180,WB_CENTRE_SIL_02,HALL_01,6,Q14,B,1.0
WBSSC_SLST_0180,WB_CENTRE_SIL_02,HALL_01,6,Q15,B,1.0
WBSSC_SLST_0180,WB_CENTRE_SIL_02,HALL_01,6,Q16,B,1.0
WBSSC_SLST_0180,WB_CENTRE_SIL_02,HALL_01,6,Q17,B,1.0
WBSSC_SLST_0180,WB_CENTRE_SIL_02,HALL_01,6,Q18,B,1.0
WBSSC_SLST_0180,WB_CENTRE_SIL_02,HALL_01,6,Q19,B,1.0
WBSSC_SLST_0180,WB_CENTRE_SIL_02,HALL_01,6,Q20,B,1.0
WBSSC_SLST_0180,WB_CENTRE_SIL_02,HALL_01,6,Q21,B,1.0
WBSSC_SLST_0180,WB_CENTRE_SIL_02,HALL_01,6,Q22,B,1.0
WBSSC_SLST_0180,WB_CENTRE_SIL_02,HALL_01,6,Q23,B,1.0
WBSSC_SLST_0180,WB_CENTRE_SIL_02,HALL_01,6,Q24,B,1.0
WBSSC_SLST_0180,WB_CENTRE_SIL_02,HALL_01,6,Q25,B,1.0
WBSSC_SLST_0180,WB_CENTRE_SIL_02,HALL_01,6,Q26,B,1.0
WBSSC_SLST_0180,WB_CENTRE_SIL_02,HALL_01,6,Q27,B,1.0
WBSSC_SLST_0180,WB_CENTRE_SIL_02,HALL_01,6,Q28,B,1.0
WBSSC_SLST_0180,WB_CENTRE_SIL_02,HALL_01,6,Q29,B,1.0
WBSSC_SLST_0180,WB_CENTRE_SIL_02,HALL_01,6,Q30,B,1.0
WBSSC_SLST_0180,WB_CENTRE_SIL_02,HALL_01,6,Q31,B,1.0
WBSSC_SLST_0180,WB_CENTRE_SIL_02,HALL_01,6,Q32,B,1.0
WBSSC_SLST_0180,WB_CENTRE_SIL_02,HALL_01,6,Q33,C,0.0
WBSSC_SLST_0180,WB_CENTRE_SIL_02,HALL_01,6,Q34,A,0.0
WBSSC_SLST_0180,WB_CENTRE_SIL_02,HALL_01,6,Q35,A,0.0
WBSSC_SLST_0180,WB_CENTRE_SIL_02,HALL_01,6,Q36,A,0.0
WBSSC_SLST_0180,WB_CENTRE_SIL_02,HALL_01,6,Q37,D,0.0
WBSSC_SLST_0180,WB_CENTRE_SIL_02,HALL_01,6,Q38,C,0.0
WBSSC_SLST_0180,WB_CENTRE_SIL_02,HALL_01,6,Q39,A,0.0
WBSSC_SLST_0180,WB_CENTRE_SIL_02,HALL_01,6,Q40,A,0.0
WBSSC_SLST_0180,WB_CENTRE_SIL_02,HALL_01,6,Q41,C,0.0
WBSSC_SLST_0180,WB_CENTRE_SIL_02,HALL_01,6,Q42,A,0.0
WBSSC_SLST_0180,WB_CENTRE_SIL_02,HALL_01,6,Q43,A,0.0
WBSSC_SLST_0180,WB_CENTRE_SIL_02,HALL_01,6,Q44,D,0.0
WBSSC_SLST_0180,WB_CENTRE_SIL_02,HALL_01,6,Q45,D,0.0
WBSSC_SLST_0180,WB_CENTRE_SIL_02,HALL_01,6,Q46,D,0.0
WBSSC_SLST_0180,WB_CENTRE_SIL_02,HALL_01,6,Q47,C,0.0
WBSSC_SLST_0180,WB_CENTRE_SIL_02,HALL_01,6,Q48,A,0.0
WBSSC_SLST_0180,WB_CENTRE_SIL_02,HALL_01,6,Q49,A,0.0
WBSSC_SLST_0180,WB_CENTRE_SIL_02,HALL_01,6,Q50,A,0.0
WBSSC_SLST_0180,WB_CENTRE_SIL_02,HALL_01,6,Q51,C,0.0
WBSSC_SLST_0180,WB_CENTRE_SIL_02,HALL_01,6,Q52,C,0.0
WBSSC_SLST_0180,WB_CENTRE_SIL_02,HALL_01,6,Q53,D,0.0
WBSSC_SLST_0180,WB_CENTRE_SIL_02,HALL_01,6,Q54,D,0.0
WBSSC_SLST_0180,WB_CENTRE_SIL_02,HALL_01,6,Q55,C,0.0
WBSSC_SLST_0180,WB_CENTRE_SIL_02,HALL_01,6,Q56,D,0.0
WBSSC_SLST_0180,WB_CENTRE_SIL_02,HALL_01,6,Q57,C,0.0
WBSSC_SLST_0180,WB_CENTRE_SIL_02,HALL_01,6,Q58,A,0.0
WBSSC_SLST_0180,WB_CENTRE_SIL_02,HALL_01,6,Q59,C,0.0
WBSSC_SLST_0180,WB_CENTRE_SIL_02,HALL_01,6,Q60,C,0.0
WBSSC_SLST_0181,WB_CENTRE_SIL_02,HALL_02,7,Q01,B,1.0
WBSSC_SLST_0181,WB_CENTRE_SIL_02,HALL_02,7,Q02,B,1.0
WBSSC_SLST_0181,WB_CENTRE_SIL_02,HALL_02,7,Q03,B,1.0
WBSSC_SLST_0181,WB_CENTRE_SIL_02,HALL_02,7,Q04,B,1.0
WBSSC_SLST_0181,WB_CENTRE_SIL_02,HALL_02,7,Q05,B,1.0
WBSSC_SLST_0181,WB_CENTRE_SIL_02,HALL_02,7,Q06,B,1.0
WBSSC_SLST_0181,WB_CENTRE_SIL_02,HALL_02,7,Q07,B,1.0
WBSSC_SLST_0181,WB_CENTRE_SIL_02,HALL_02,7,Q08,B,1.0
WBSSC_SLST_0181,WB_CENTRE_SIL_02,HALL_02,7,Q09,B,1.0
WBSSC_SLST_0181,WB_CENTRE_SIL_02,HALL_02,7,Q10,B,1.0
WBSSC_SLST_0181,WB_CENTRE_SIL_02,HALL_02,7,Q11,B,1.0
WBSSC_SLST_0181,WB_CENTRE_SIL_02,HALL_02,7,Q12,B,1.0
WBSSC_SLST_0181,WB_CENTRE_SIL_02,HALL_02,7,Q13,B,1.0
WBSSC_SLST_0181,WB_CENTRE_SIL_02,HALL_02,7,Q14,B,1.0
WBSSC_SLST_0181,WB_CENTRE_SIL_02,HALL_02,7,Q15,B,1.0
WBSSC_SLST_0181,WB_CENTRE_SIL_02,HALL_02,7,Q16,B,1.0
WBSSC_SLST_0181,WB_CENTRE_SIL_02,HALL_02,7,Q17,B,1.0
WBSSC_SLST_0181,WB_CENTRE_SIL_02,HALL_02,7,Q18,B,1.0
WBSSC_SLST_0181,WB_CENTRE_SIL_02,HALL_02,7,Q19,B,1.0
WBSSC_SLST_0181,WB_CENTRE_SIL_02,HALL_02,7,Q20,B,1.0
WBSSC_SLST_0181,WB_CENTRE_SIL_02,HALL_02,7,Q21,B,1.0
WBSSC_SLST_0181,WB_CENTRE_SIL_02,HALL_02,7,Q22,B,1.0
WBSSC_SLST_0181,WB_CENTRE_SIL_02,HALL_02,7,Q23,B,1.0
WBSSC_SLST_0181,WB_CENTRE_SIL_02,HALL_02,7,Q24,B,1.0
WBSSC_SLST_0181,WB_CENTRE_SIL_02,HALL_02,7,Q25,B,1.0
WBSSC_SLST_0181,WB_CENTRE_SIL_02,HALL_02,7,Q26,B,1.0
WBSSC_SLST_0181,WB_CENTRE_SIL_02,HALL_02,7,Q27,B,1.0
WBSSC_SLST_0181,WB_CENTRE_SIL_02,HALL_02,7,Q28,B,1.0
WBSSC_SLST_0181,WB_CENTRE_SIL_02,HALL_02,7,Q29,B,1.0
WBSSC_SLST_0181,WB_CENTRE_SIL_02,HALL_02,7,Q30,B,1.0
WBSSC_SLST_0181,WB_CENTRE_SIL_02,HALL_02,7,Q31,B,1.0
WBSSC_SLST_0181,WB_CENTRE_SIL_02,HALL_02,7,Q32,B,1.0
WBSSC_SLST_0181,WB_CENTRE_SIL_02,HALL_02,7,Q33,B,1.0
WBSSC_SLST_0181,WB_CENTRE_SIL_02,HALL_02,7,Q34,B,1.0
WBSSC_SLST_0181,WB_CENTRE_SIL_02,HALL_02,7,Q35,B,1.0
WBSSC_SLST_0181,WB_CENTRE_SIL_02,HALL_02,7,Q36,B,1.0
WBSSC_SLST_0181,WB_CENTRE_SIL_02,HALL_02,7,Q37,B,1.0
WBSSC_SLST_0181,WB_CENTRE_SIL_02,HALL_02,7,Q38,A,0.0
WBSSC_SLST_0181,WB_CENTRE_SIL_02,HALL_02,7,Q39,C,0.0
WBSSC_SLST_0181,WB_CENTRE_SIL_02,HALL_02,7,Q40,D,0.0
WBSSC_SLST_0181,WB_CENTRE_SIL_02,HALL_02,7,Q41,D,0.0
WBSSC_SLST_0181,WB_CENTRE_SIL_02,HALL_02,7,Q42,A,0.0
WBSSC_SLST_0181,WB_CENTRE_SIL_02,HALL_02,7,Q43,D,0.0
WBSSC_SLST_0181,WB_CENTRE_SIL_02,HALL_02,7,Q44,A,0.0
WBSSC_SLST_0181,WB_CENTRE_SIL_02,HALL_02,7,Q45,C,0.0
WBSSC_SLST_0181,WB_CENTRE_SIL_02,HALL_02,7,Q46,A,0.0
WBSSC_SLST_0181,WB_CENTRE_SIL_02,HALL_02,7,Q47,C,0.0
WBSSC_SLST_0181,WB_CENTRE_SIL_02,HALL_02,7,Q48,D,0.0
WBSSC_SLST_0181,WB_CENTRE_SIL_02,HALL_02,7,Q49,C,0.0
WBSSC_SLST_0181,WB_CENTRE_SIL_02,HALL_02,7,Q50,A,0.0
WBSSC_SLST_0181,WB_CENTRE_SIL_02,HALL_02,7,Q51,A,0.0
WBSSC_SLST_0181,WB_CENTRE_SIL_02,HALL_02,7,Q52,D,0.0
WBSSC_SLST_0181,WB_CENTRE_SIL_02,HALL_02,7,Q53,A,0.0
WBSSC_SLST_0181,WB_CENTRE_SIL_02,HALL_02,7,Q54,A,0.0
WBSSC_SLST_0181,WB_CENTRE_SIL_02,HALL_02,7,Q55,A,0.0
WBSSC_SLST_0181,WB_CENTRE_SIL_02,HALL_02,7,Q56,D,0.0
WBSSC_SLST_0181,WB_CENTRE_SIL_02,HALL_02,7,Q57,C,0.0
WBSSC_SLST_0181,WB_CENTRE_SIL_02,HALL_02,7,Q58,A,0.0
WBSSC_SLST_0181,WB_CENTRE_SIL_02,HALL_02,7,Q59,D,0.0
WBSSC_SLST_0181,WB_CENTRE_SIL_02,HALL_02,7,Q60,D,0.0
WBSSC_SLST_0182,WB_CENTRE_SIL_02,HALL_03,8,Q01,B,1.0
WBSSC_SLST_0182,WB_CENTRE_SIL_02,HALL_03,8,Q02,B,1.0
WBSSC_SLST_0182,WB_CENTRE_SIL_02,HALL_03,8,Q03,B,1.0
WBSSC_SLST_0182,WB_CENTRE_SIL_02,HALL_03,8,Q04,B,1.0
WBSSC_SLST_0182,WB_CENTRE_SIL_02,HALL_03,8,Q05,B,1.0
WBSSC_SLST_0182,WB_CENTRE_SIL_02,HALL_03,8,Q06,B,1.0
WBSSC_SLST_0182,WB_CENTRE_SIL_02,HALL_03,8,Q07,B,1.0
WBSSC_SLST_0182,WB_CENTRE_SIL_02,HALL_03,8,Q08,B,1.0
WBSSC_SLST_0182,WB_CENTRE_SIL_02,HALL_03,8,Q09,B,1.0
WBSSC_SLST_0182,WB_CENTRE_SIL_02,HALL_03,8,Q10,B,1.0
WBSSC_SLST_0182,WB_CENTRE_SIL_02,HALL_03,8,Q11,B,1.0
WBSSC_SLST_0182,WB_CENTRE_SIL_02,HALL_03,8,Q12,B,1.0
WBSSC_SLST_0182,WB_CENTRE_SIL_02,HALL_03,8,Q13,B,1.0
WBSSC_SLST_0182,WB_CENTRE_SIL_02,HALL_03,8,Q14,B,1.0
WBSSC_SLST_0182,WB_CENTRE_SIL_02,HALL_03,8,Q15,B,1.0
WBSSC_SLST_0182,WB_CENTRE_SIL_02,HALL_03,8,Q16,B,1.0
WBSSC_SLST_0182,WB_CENTRE_SIL_02,HALL_03,8,Q17,B,1.0
WBSSC_SLST_0182,WB_CENTRE_SIL_02,HALL_03,8,Q18,B,1.0
WBSSC_SLST_0182,WB_CENTRE_SIL_02,HALL_03,8,Q19,D,0.0
WBSSC_SLST_0182,WB_CENTRE_SIL_02,HALL_03,8,Q20,A,0.0
WBSSC_SLST_0182,WB_CENTRE_SIL_02,HALL_03,8,Q21,D,0.0
WBSSC_SLST_0182,WB_CENTRE_SIL_02,HALL_03,8,Q22,C,0.0
WBSSC_SLST_0182,WB_CENTRE_SIL_02,HALL_03,8,Q23,D,0.0
WBSSC_SLST_0182,WB_CENTRE_SIL_02,HALL_03,8,Q24,D,0.0
WBSSC_SLST_0182,WB_CENTRE_SIL_02,HALL_03,8,Q25,C,0.0
WBSSC_SLST_0182,WB_CENTRE_SIL_02,HALL_03,8,Q26,C,0.0
WBSSC_SLST_0182,WB_CENTRE_SIL_02,HALL_03,8,Q27,D,0.0
WBSSC_SLST_0182,WB_CENTRE_SIL_02,HALL_03,8,Q28,C,0.0
WBSSC_SLST_0182,WB_CENTRE_SIL_02,HALL_03,8,Q29,C,0.0
WBSSC_SLST_0182,WB_CENTRE_SIL_02,HALL_03,8,Q30,A,0.0
WBSSC_SLST_0182,WB_CENTRE_SIL_02,HALL_03,8,Q31,A,0.0
WBSSC_SLST_0182,WB_CENTRE_SIL_02,HALL_03,8,Q32,C,0.0
WBSSC_SLST_0182,WB_CENTRE_SIL_02,HALL_03,8,Q33,A,0.0
WBSSC_SLST_0182,WB_CENTRE_SIL_02,HALL_03,8,Q34,D,0.0
WBSSC_SLST_0182,WB_CENTRE_SIL_02,HALL_03,8,Q35,D,0.0
WBSSC_SLST_0182,WB_CENTRE_SIL_02,HALL_03,8,Q36,C,0.0
WBSSC_SLST_0182,WB_CENTRE_SIL_02,HALL_03,8,Q37,C,0.0
WBSSC_SLST_0182,WB_CENTRE_SIL_02,HALL_03,8,Q38,D,0.0
WBSSC_SLST_0182,WB_CENTRE_SIL_02,HALL_03,8,Q39,C,0.0
WBSSC_SLST_0182,WB_CENTRE_SIL_02,HALL_03,8,Q40,A,0.0
WBSSC_SLST_0182,WB_CENTRE_SIL_02,HALL_03,8,Q41,A,0.0
WBSSC_SLST_0182,WB_CENTRE_SIL_02,HALL_03,8,Q42,D,0.0
WBSSC_SLST_0182,WB_CENTRE_SIL_02,HALL_03,8,Q43,A,0.0
WBSSC_SLST_0182,WB_CENTRE_SIL_02,HALL_03,8,Q44,D,0.0
WBSSC_SLST_0182,WB_CENTRE_SIL_02,HALL_03,8,Q45,C,0.0
WBSSC_SLST_0182,WB_CENTRE_SIL_02,HALL_03,8,Q46,D,0.0
WBSSC_SLST_0182,WB_CENTRE_SIL_02,HALL_03,8,Q47,D,0.0
WBSSC_SLST_0182,WB_CENTRE_SIL_02,HALL_03,8,Q48,C,0.0
WBSSC_SLST_0182,WB_CENTRE_SIL_02,HALL_03,8,Q49,D,0.0
WBSSC_SLST_0182,WB_CENTRE_SIL_02,HALL_03,8,Q50,A,0.0
WBSSC_SLST_0182,WB_CENTRE_SIL_02,HALL_03,8,Q51,C,0.0
WBSSC_SLST_0182,WB_CENTRE_SIL_02,HALL_03,8,Q52,A,0.0
WBSSC_SLST_0182,WB_CENTRE_SIL_02,HALL_03,8,Q53,D,0.0
WBSSC_SLST_0182,WB_CENTRE_SIL_02,HALL_03,8,Q54,A,0.0
WBSSC_SLST_0182,WB_CENTRE_SIL_02,HALL_03,8,Q55,C,0.0
WBSSC_SLST_0182,WB_CENTRE_SIL_02,HALL_03,8,Q56,D,0.0
WBSSC_SLST_0182,WB_CENTRE_SIL_02,HALL_03,8,Q57,C,0.0
WBSSC_SLST_0182,WB_CENTRE_SIL_02,HALL_03,8,Q58,A,0.0
WBSSC_SLST_0182,WB_CENTRE_SIL_02,HALL_03,8,Q59,A,0.0
WBSSC_SLST_0182,WB_CENTRE_SIL_02,HALL_03,8,Q60,D,0.0
WBSSC_SLST_0183,WB_CENTRE_SIL_02,HALL_04,9,Q01,B,1.0
WBSSC_SLST_0183,WB_CENTRE_SIL_02,HALL_04,9,Q02,B,1.0
WBSSC_SLST_0183,WB_CENTRE_SIL_02,HALL_04,9,Q03,B,1.0
WBSSC_SLST_0183,WB_CENTRE_SIL_02,HALL_04,9,Q04,B,1.0
WBSSC_SLST_0183,WB_CENTRE_SIL_02,HALL_04,9,Q05,B,1.0
WBSSC_SLST_0183,WB_CENTRE_SIL_02,HALL_04,9,Q06,B,1.0
WBSSC_SLST_0183,WB_CENTRE_SIL_02,HALL_04,9,Q07,B,1.0
WBSSC_SLST_0183,WB_CENTRE_SIL_02,HALL_04,9,Q08,B,1.0
WBSSC_SLST_0183,WB_CENTRE_SIL_02,HALL_04,9,Q09,B,1.0
WBSSC_SLST_0183,WB_CENTRE_SIL_02,HALL_04,9,Q10,B,1.0
WBSSC_SLST_0183,WB_CENTRE_SIL_02,HALL_04,9,Q11,B,1.0
WBSSC_SLST_0183,WB_CENTRE_SIL_02,HALL_04,9,Q12,B,1.0
WBSSC_SLST_0183,WB_CENTRE_SIL_02,HALL_04,9,Q13,B,1.0
WBSSC_SLST_0183,WB_CENTRE_SIL_02,HALL_04,9,Q14,B,1.0
WBSSC_SLST_0183,WB_CENTRE_SIL_02,HALL_04,9,Q15,B,1.0
WBSSC_SLST_0183,WB_CENTRE_SIL_02,HALL_04,9,Q16,B,1.0
WBSSC_SLST_0183,WB_CENTRE_SIL_02,HALL_04,9,Q17,B,1.0
WBSSC_SLST_0183,WB_CENTRE_SIL_02,HALL_04,9,Q18,B,1.0
WBSSC_SLST_0183,WB_CENTRE_SIL_02,HALL_04,9,Q19,B,1.0
WBSSC_SLST_0183,WB_CENTRE_SIL_02,HALL_04,9,Q20,B,1.0
WBSSC_SLST_0183,WB_CENTRE_SIL_02,HALL_04,9,Q21,B,1.0
WBSSC_SLST_0183,WB_CENTRE_SIL_02,HALL_04,9,Q22,B,1.0
WBSSC_SLST_0183,WB_CENTRE_SIL_02,HALL_04,9,Q23,B,1.0
WBSSC_SLST_0183,WB_CENTRE_SIL_02,HALL_04,9,Q24,B,1.0
WBSSC_SLST_0183,WB_CENTRE_SIL_02,HALL_04,9,Q25,B,1.0
WBSSC_SLST_0183,WB_CENTRE_SIL_02,HALL_04,9,Q26,B,1.0
WBSSC_SLST_0183,WB_CENTRE_SIL_02,HALL_04,9,Q27,B,1.0
WBSSC_SLST_0183,WB_CENTRE_SIL_02,HALL_04,9,Q28,B,1.0
WBSSC_SLST_0183,WB_CENTRE_SIL_02,HALL_04,9,Q29,B,1.0
WBSSC_SLST_0183,WB_CENTRE_SIL_02,HALL_04,9,Q30,B,1.0
WBSSC_SLST_0183,WB_CENTRE_SIL_02,HALL_04,9,Q31,C,0.0
WBSSC_SLST_0183,WB_CENTRE_SIL_02,HALL_04,9,Q32,A,0.0
WBSSC_SLST_0183,WB_CENTRE_SIL_02,HALL_04,9,Q33,C,0.0
WBSSC_SLST_0183,WB_CENTRE_SIL_02,HALL_04,9,Q34,D,0.0
WBSSC_SLST_0183,WB_CENTRE_SIL_02,HALL_04,9,Q35,D,0.0
WBSSC_SLST_0183,WB_CENTRE_SIL_02,HALL_04,9,Q36,D,0.0
WBSSC_SLST_0183,WB_CENTRE_SIL_02,HALL_04,9,Q37,C,0.0
WBSSC_SLST_0183,WB_CENTRE_SIL_02,HALL_04,9,Q38,D,0.0
WBSSC_SLST_0183,WB_CENTRE_SIL_02,HALL_04,9,Q39,D,0.0
WBSSC_SLST_0183,WB_CENTRE_SIL_02,HALL_04,9,Q40,C,0.0
WBSSC_SLST_0183,WB_CENTRE_SIL_02,HALL_04,9,Q41,A,0.0
WBSSC_SLST_0183,WB_CENTRE_SIL_02,HALL_04,9,Q42,A,0.0
WBSSC_SLST_0183,WB_CENTRE_SIL_02,HALL_04,9,Q43,C,0.0
WBSSC_SLST_0183,WB_CENTRE_SIL_02,HALL_04,9,Q44,D,0.0
WBSSC_SLST_0183,WB_CENTRE_SIL_02,HALL_04,9,Q45,A,0.0
WBSSC_SLST_0183,WB_CENTRE_SIL_02,HALL_04,9,Q46,A,0.0
WBSSC_SLST_0183,WB_CENTRE_SIL_02,HALL_04,9,Q47,A,0.0
WBSSC_SLST_0183,WB_CENTRE_SIL_02,HALL_04,9,Q48,C,0.0
WBSSC_SLST_0183,WB_CENTRE_SIL_02,HALL_04,9,Q49,C,0.0
WBSSC_SLST_0183,WB_CENTRE_SIL_02,HALL_04,9,Q50,C,0.0
WBSSC_SLST_0183,WB_CENTRE_SIL_02,HALL_04,9,Q51,D,0.0
WBSSC_SLST_0183,WB_CENTRE_SIL_02,HALL_04,9,Q52,C,0.0
WBSSC_SLST_0183,WB_CENTRE_SIL_02,HALL_04,9,Q53,A,0.0
WBSSC_SLST_0183,WB_CENTRE_SIL_02,HALL_04,9,Q54,A,0.0
WBSSC_SLST_0183,WB_CENTRE_SIL_02,HALL_04,9,Q55,C,0.0
WBSSC_SLST_0183,WB_CENTRE_SIL_02,HALL_04,9,Q56,C,0.0
WBSSC_SLST_0183,WB_CENTRE_SIL_02,HALL_04,9,Q57,A,0.0
WBSSC_SLST_0183,WB_CENTRE_SIL_02,HALL_04,9,Q58,C,0.0
WBSSC_SLST_0183,WB_CENTRE_SIL_02,HALL_04,9,Q59,D,0.0
WBSSC_SLST_0183,WB_CENTRE_SIL_02,HALL_04,9,Q60,A,0.0
WBSSC_SLST_0184,WB_CENTRE_SIL_02,HALL_01,10,Q01,B,1.0
WBSSC_SLST_0184,WB_CENTRE_SIL_02,HALL_01,10,Q02,B,1.0
WBSSC_SLST_0184,WB_CENTRE_SIL_02,HALL_01,10,Q03,B,1.0
WBSSC_SLST_0184,WB_CENTRE_SIL_02,HALL_01,10,Q04,B,1.0
WBSSC_SLST_0184,WB_CENTRE_SIL_02,HALL_01,10,Q05,B,1.0
WBSSC_SLST_0184,WB_CENTRE_SIL_02,HALL_01,10,Q06,B,1.0
WBSSC_SLST_0184,WB_CENTRE_SIL_02,HALL_01,10,Q07,B,1.0
WBSSC_SLST_0184,WB_CENTRE_SIL_02,HALL_01,10,Q08,B,1.0
WBSSC_SLST_0184,WB_CENTRE_SIL_02,HALL_01,10,Q09,B,1.0
WBSSC_SLST_0184,WB_CENTRE_SIL_02,HALL_01,10,Q10,B,1.0
WBSSC_SLST_0184,WB_CENTRE_SIL_02,HALL_01,10,Q11,B,1.0
WBSSC_SLST_0184,WB_CENTRE_SIL_02,HALL_01,10,Q12,B,1.0
WBSSC_SLST_0184,WB_CENTRE_SIL_02,HALL_01,10,Q13,B,1.0
WBSSC_SLST_0184,WB_CENTRE_SIL_02,HALL_01,10,Q14,B,1.0
WBSSC_SLST_0184,WB_CENTRE_SIL_02,HALL_01,10,Q15,B,1.0
WBSSC_SLST_0184,WB_CENTRE_SIL_02,HALL_01,10,Q16,B,1.0
WBSSC_SLST_0184,WB_CENTRE_SIL_02,HALL_01,10,Q17,B,1.0
WBSSC_SLST_0184,WB_CENTRE_SIL_02,HALL_01,10,Q18,B,1.0
WBSSC_SLST_0184,WB_CENTRE_SIL_02,HALL_01,10,Q19,B,1.0
WBSSC_SLST_0184,WB_CENTRE_SIL_02,HALL_01,10,Q20,B,1.0
WBSSC_SLST_0184,WB_CENTRE_SIL_02,HALL_01,10,Q21,B,1.0
WBSSC_SLST_0184,WB_CENTRE_SIL_02,HALL_01,10,Q22,B,1.0
WBSSC_SLST_0184,WB_CENTRE_SIL_02,HALL_01,10,Q23,B,1.0
WBSSC_SLST_0184,WB_CENTRE_SIL_02,HALL_01,10,Q24,B,1.0
WBSSC_SLST_0184,WB_CENTRE_SIL_02,HALL_01,10,Q25,B,1.0
WBSSC_SLST_0184,WB_CENTRE_SIL_02,HALL_01,10,Q26,B,1.0
WBSSC_SLST_0184,WB_CENTRE_SIL_02,HALL_01,10,Q27,B,1.0
WBSSC_SLST_0184,WB_CENTRE_SIL_02,HALL_01,10,Q28,B,1.0
WBSSC_SLST_0184,WB_CENTRE_SIL_02,HALL_01,10,Q29,B,1.0
WBSSC_SLST_0184,WB_CENTRE_SIL_02,HALL_01,10,Q30,B,1.0
WBSSC_SLST_0184,WB_CENTRE_SIL_02,HALL_01,10,Q31,B,1.0
WBSSC_SLST_0184,WB_CENTRE_SIL_02,HALL_01,10,Q32,B,1.0
WBSSC_SLST_0184,WB_CENTRE_SIL_02,HALL_01,10,Q33,B,1.0
WBSSC_SLST_0184,WB_CENTRE_SIL_02,HALL_01,10,Q34,B,1.0
WBSSC_SLST_0184,WB_CENTRE_SIL_02,HALL_01,10,Q35,B,1.0
WBSSC_SLST_0184,WB_CENTRE_SIL_02,HALL_01,10,Q36,C,0.0
WBSSC_SLST_0184,WB_CENTRE_SIL_02,HALL_01,10,Q37,C,0.0
WBSSC_SLST_0184,WB_CENTRE_SIL_02,HALL_01,10,Q38,D,0.0
WBSSC_SLST_0184,WB_CENTRE_SIL_02,HALL_01,10,Q39,A,0.0
WBSSC_SLST_0184,WB_CENTRE_SIL_02,HALL_01,10,Q40,A,0.0
WBSSC_SLST_0184,WB_CENTRE_SIL_02,HALL_01,10,Q41,A,0.0
WBSSC_SLST_0184,WB_CENTRE_SIL_02,HALL_01,10,Q42,C,0.0
WBSSC_SLST_0184,WB_CENTRE_SIL_02,HALL_01,10,Q43,C,0.0
WBSSC_SLST_0184,WB_CENTRE_SIL_02,HALL_01,10,Q44,D,0.0
WBSSC_SLST_0184,WB_CENTRE_SIL_02,HALL_01,10,Q45,A,0.0
WBSSC_SLST_0184,WB_CENTRE_SIL_02,HALL_01,10,Q46,C,0.0
WBSSC_SLST_0184,WB_CENTRE_SIL_02,HALL_01,10,Q47,D,0.0
WBSSC_SLST_0184,WB_CENTRE_SIL_02,HALL_01,10,Q48,C,0.0
WBSSC_SLST_0184,WB_CENTRE_SIL_02,HALL_01,10,Q49,A,0.0
WBSSC_SLST_0184,WB_CENTRE_SIL_02,HALL_01,10,Q50,D,0.0
WBSSC_SLST_0184,WB_CENTRE_SIL_02,HALL_01,10,Q51,D,0.0
WBSSC_SLST_0184,WB_CENTRE_SIL_02,HALL_01,10,Q52,A,0.0
WBSSC_SLST_0184,WB_CENTRE_SIL_02,HALL_01,10,Q53,D,0.0
WBSSC_SLST_0184,WB_CENTRE_SIL_02,HALL_01,10,Q54,A,0.0
WBSSC_SLST_0184,WB_CENTRE_SIL_02,HALL_01,10,Q55,C,0.0
WBSSC_SLST_0184,WB_CENTRE_SIL_02,HALL_01,10,Q56,C,0.0
WBSSC_SLST_0184,WB_CENTRE_SIL_02,HALL_01,10,Q57,C,0.0
WBSSC_SLST_0184,WB_CENTRE_SIL_02,HALL_01,10,Q58,D,0.0
WBSSC_SLST_0184,WB_CENTRE_SIL_02,HALL_01,10,Q59,A,0.0
WBSSC_SLST_0184,WB_CENTRE_SIL_02,HALL_01,10,Q60,C,0.0
WBSSC_SLST_0185,WB_CENTRE_SIL_02,HALL_02,11,Q01,B,1.0
WBSSC_SLST_0185,WB_CENTRE_SIL_02,HALL_02,11,Q02,B,1.0
WBSSC_SLST_0185,WB_CENTRE_SIL_02,HALL_02,11,Q03,B,1.0
WBSSC_SLST_0185,WB_CENTRE_SIL_02,HALL_02,11,Q04,B,1.0
WBSSC_SLST_0185,WB_CENTRE_SIL_02,HALL_02,11,Q05,B,1.0
WBSSC_SLST_0185,WB_CENTRE_SIL_02,HALL_02,11,Q06,B,1.0
WBSSC_SLST_0185,WB_CENTRE_SIL_02,HALL_02,11,Q07,B,1.0
WBSSC_SLST_0185,WB_CENTRE_SIL_02,HALL_02,11,Q08,B,1.0
WBSSC_SLST_0185,WB_CENTRE_SIL_02,HALL_02,11,Q09,B,1.0
WBSSC_SLST_0185,WB_CENTRE_SIL_02,HALL_02,11,Q10,B,1.0
WBSSC_SLST_0185,WB_CENTRE_SIL_02,HALL_02,11,Q11,B,1.0
WBSSC_SLST_0185,WB_CENTRE_SIL_02,HALL_02,11,Q12,B,1.0
WBSSC_SLST_0185,WB_CENTRE_SIL_02,HALL_02,11,Q13,B,1.0
WBSSC_SLST_0185,WB_CENTRE_SIL_02,HALL_02,11,Q14,B,1.0
WBSSC_SLST_0185,WB_CENTRE_SIL_02,HALL_02,11,Q15,B,1.0
WBSSC_SLST_0185,WB_CENTRE_SIL_02,HALL_02,11,Q16,B,1.0
WBSSC_SLST_0185,WB_CENTRE_SIL_02,HALL_02,11,Q17,B,1.0
WBSSC_SLST_0185,WB_CENTRE_SIL_02,HALL_02,11,Q18,B,1.0
WBSSC_SLST_0185,WB_CENTRE_SIL_02,HALL_02,11,Q19,B,1.0
WBSSC_SLST_0185,WB_CENTRE_SIL_02,HALL_02,11,Q20,B,1.0
WBSSC_SLST_0185,WB_CENTRE_SIL_02,HALL_02,11,Q21,B,1.0
WBSSC_SLST_0185,WB_CENTRE_SIL_02,HALL_02,11,Q22,B,1.0
WBSSC_SLST_0185,WB_CENTRE_SIL_02,HALL_02,11,Q23,B,1.0
WBSSC_SLST_0185,WB_CENTRE_SIL_02,HALL_02,11,Q24,B,1.0
WBSSC_SLST_0185,WB_CENTRE_SIL_02,HALL_02,11,Q25,B,1.0
WBSSC_SLST_0185,WB_CENTRE_SIL_02,HALL_02,11,Q26,B,1.0
WBSSC_SLST_0185,WB_CENTRE_SIL_02,HALL_02,11,Q27,B,1.0
WBSSC_SLST_0185,WB_CENTRE_SIL_02,HALL_02,11,Q28,B,1.0
WBSSC_SLST_0185,WB_CENTRE_SIL_02,HALL_02,11,Q29,B,1.0
WBSSC_SLST_0185,WB_CENTRE_SIL_02,HALL_02,11,Q30,B,1.0
WBSSC_SLST_0185,WB_CENTRE_SIL_02,HALL_02,11,Q31,B,1.0
WBSSC_SLST_0185,WB_CENTRE_SIL_02,HALL_02,11,Q32,B,1.0
WBSSC_SLST_0185,WB_CENTRE_SIL_02,HALL_02,11,Q33,B,1.0
WBSSC_SLST_0185,WB_CENTRE_SIL_02,HALL_02,11,Q34,B,1.0
WBSSC_SLST_0185,WB_CENTRE_SIL_02,HALL_02,11,Q35,B,1.0
WBSSC_SLST_0185,WB_CENTRE_SIL_02,HALL_02,11,Q36,B,1.0
WBSSC_SLST_0185,WB_CENTRE_SIL_02,HALL_02,11,Q37,B,1.0
WBSSC_SLST_0185,WB_CENTRE_SIL_02,HALL_02,11,Q38,B,1.0
WBSSC_SLST_0185,WB_CENTRE_SIL_02,HALL_02,11,Q39,B,1.0
WBSSC_SLST_0185,WB_CENTRE_SIL_02,HALL_02,11,Q40,B,1.0
WBSSC_SLST_0185,WB_CENTRE_SIL_02,HALL_02,11,Q41,A,0.0
WBSSC_SLST_0185,WB_CENTRE_SIL_02,HALL_02,11,Q42,C,0.0
WBSSC_SLST_0185,WB_CENTRE_SIL_02,HALL_02,11,Q43,D,0.0
WBSSC_SLST_0185,WB_CENTRE_SIL_02,HALL_02,11,Q44,A,0.0
WBSSC_SLST_0185,WB_CENTRE_SIL_02,HALL_02,11,Q45,D,0.0
WBSSC_SLST_0185,WB_CENTRE_SIL_02,HALL_02,11,Q46,D,0.0
WBSSC_SLST_0185,WB_CENTRE_SIL_02,HALL_02,11,Q47,D,0.0
WBSSC_SLST_0185,WB_CENTRE_SIL_02,HALL_02,11,Q48,D,0.0
WBSSC_SLST_0185,WB_CENTRE_SIL_02,HALL_02,11,Q49,D,0.0
WBSSC_SLST_0185,WB_CENTRE_SIL_02,HALL_02,11,Q50,A,0.0
WBSSC_SLST_0185,WB_CENTRE_SIL_02,HALL_02,11,Q51,C,0.0
WBSSC_SLST_0185,WB_CENTRE_SIL_02,HALL_02,11,Q52,A,0.0
WBSSC_SLST_0185,WB_CENTRE_SIL_02,HALL_02,11,Q53,D,0.0
WBSSC_SLST_0185,WB_CENTRE_SIL_02,HALL_02,11,Q54,C,0.0
WBSSC_SLST_0185,WB_CENTRE_SIL_02,HALL_02,11,Q55,A,0.0
WBSSC_SLST_0185,WB_CENTRE_SIL_02,HALL_02,11,Q56,C,0.0
WBSSC_SLST_0185,WB_CENTRE_SIL_02,HALL_02,11,Q57,D,0.0
WBSSC_SLST_0185,WB_CENTRE_SIL_02,HALL_02,11,Q58,D,0.0
WBSSC_SLST_0185,WB_CENTRE_SIL_02,HALL_02,11,Q59,A,0.0
WBSSC_SLST_0185,WB_CENTRE_SIL_02,HALL_02,11,Q60,D,0.0
WBSSC_SLST_0186,WB_CENTRE_SIL_02,HALL_03,12,Q01,B,1.0
WBSSC_SLST_0186,WB_CENTRE_SIL_02,HALL_03,12,Q02,B,1.0
WBSSC_SLST_0186,WB_CENTRE_SIL_02,HALL_03,12,Q03,B,1.0
WBSSC_SLST_0186,WB_CENTRE_SIL_02,HALL_03,12,Q04,B,1.0
WBSSC_SLST_0186,WB_CENTRE_SIL_02,HALL_03,12,Q05,B,1.0
WBSSC_SLST_0186,WB_CENTRE_SIL_02,HALL_03,12,Q06,B,1.0
WBSSC_SLST_0186,WB_CENTRE_SIL_02,HALL_03,12,Q07,B,1.0
WBSSC_SLST_0186,WB_CENTRE_SIL_02,HALL_03,12,Q08,B,1.0
WBSSC_SLST_0186,WB_CENTRE_SIL_02,HALL_03,12,Q09,B,1.0
WBSSC_SLST_0186,WB_CENTRE_SIL_02,HALL_03,12,Q10,B,1.0
WBSSC_SLST_0186,WB_CENTRE_SIL_02,HALL_03,12,Q11,B,1.0
WBSSC_SLST_0186,WB_CENTRE_SIL_02,HALL_03,12,Q12,B,1.0
WBSSC_SLST_0186,WB_CENTRE_SIL_02,HALL_03,12,Q13,B,1.0
WBSSC_SLST_0186,WB_CENTRE_SIL_02,HALL_03,12,Q14,B,1.0
WBSSC_SLST_0186,WB_CENTRE_SIL_02,HALL_03,12,Q15,B,1.0
WBSSC_SLST_0186,WB_CENTRE_SIL_02,HALL_03,12,Q16,B,1.0
WBSSC_SLST_0186,WB_CENTRE_SIL_02,HALL_03,12,Q17,B,1.0
WBSSC_SLST_0186,WB_CENTRE_SIL_02,HALL_03,12,Q18,B,1.0
WBSSC_SLST_0186,WB_CENTRE_SIL_02,HALL_03,12,Q19,B,1.0
WBSSC_SLST_0186,WB_CENTRE_SIL_02,HALL_03,12,Q20,B,1.0
WBSSC_SLST_0186,WB_CENTRE_SIL_02,HALL_03,12,Q21,B,1.0
WBSSC_SLST_0186,WB_CENTRE_SIL_02,HALL_03,12,Q22,B,1.0
WBSSC_SLST_0186,WB_CENTRE_SIL_02,HALL_03,12,Q23,B,1.0
WBSSC_SLST_0186,WB_CENTRE_SIL_02,HALL_03,12,Q24,B,1.0
WBSSC_SLST_0186,WB_CENTRE_SIL_02,HALL_03,12,Q25,B,1.0
WBSSC_SLST_0186,WB_CENTRE_SIL_02,HALL_03,12,Q26,B,1.0
WBSSC_SLST_0186,WB_CENTRE_SIL_02,HALL_03,12,Q27,B,1.0
WBSSC_SLST_0186,WB_CENTRE_SIL_02,HALL_03,12,Q28,B,1.0
WBSSC_SLST_0186,WB_CENTRE_SIL_02,HALL_03,12,Q29,D,0.0
WBSSC_SLST_0186,WB_CENTRE_SIL_02,HALL_03,12,Q30,C,0.0
WBSSC_SLST_0186,WB_CENTRE_SIL_02,HALL_03,12,Q31,C,0.0
WBSSC_SLST_0186,WB_CENTRE_SIL_02,HALL_03,12,Q32,A,0.0
WBSSC_SLST_0186,WB_CENTRE_SIL_02,HALL_03,12,Q33,A,0.0
WBSSC_SLST_0186,WB_CENTRE_SIL_02,HALL_03,12,Q34,C,0.0
WBSSC_SLST_0186,WB_CENTRE_SIL_02,HALL_03,12,Q35,C,0.0
WBSSC_SLST_0186,WB_CENTRE_SIL_02,HALL_03,12,Q36,D,0.0
WBSSC_SLST_0186,WB_CENTRE_SIL_02,HALL_03,12,Q37,C,0.0
WBSSC_SLST_0186,WB_CENTRE_SIL_02,HALL_03,12,Q38,D,0.0
WBSSC_SLST_0186,WB_CENTRE_SIL_02,HALL_03,12,Q39,A,0.0
WBSSC_SLST_0186,WB_CENTRE_SIL_02,HALL_03,12,Q40,D,0.0
WBSSC_SLST_0186,WB_CENTRE_SIL_02,HALL_03,12,Q41,D,0.0
WBSSC_SLST_0186,WB_CENTRE_SIL_02,HALL_03,12,Q42,C,0.0
WBSSC_SLST_0186,WB_CENTRE_SIL_02,HALL_03,12,Q43,D,0.0
WBSSC_SLST_0186,WB_CENTRE_SIL_02,HALL_03,12,Q44,A,0.0
WBSSC_SLST_0186,WB_CENTRE_SIL_02,HALL_03,12,Q45,D,0.0
WBSSC_SLST_0186,WB_CENTRE_SIL_02,HALL_03,12,Q46,D,0.0
WBSSC_SLST_0186,WB_CENTRE_SIL_02,HALL_03,12,Q47,D,0.0
WBSSC_SLST_0186,WB_CENTRE_SIL_02,HALL_03,12,Q48,D,0.0
WBSSC_SLST_0186,WB_CENTRE_SIL_02,HALL_03,12,Q49,A,0.0
WBSSC_SLST_0186,WB_CENTRE_SIL_02,HALL_03,12,Q50,A,0.0
WBSSC_SLST_0186,WB_CENTRE_SIL_02,HALL_03,12,Q51,C,0.0
WBSSC_SLST_0186,WB_CENTRE_SIL_02,HALL_03,12,Q52,C,0.0
WBSSC_SLST_0186,WB_CENTRE_SIL_02,HALL_03,12,Q53,C,0.0
WBSSC_SLST_0186,WB_CENTRE_SIL_02,HALL_03,12,Q54,C,0.0
WBSSC_SLST_0186,WB_CENTRE_SIL_02,HALL_03,12,Q55,D,0.0
WBSSC_SLST_0186,WB_CENTRE_SIL_02,HALL_03,12,Q56,A,0.0
WBSSC_SLST_0186,WB_CENTRE_SIL_02,HALL_03,12,Q57,D,0.0
WBSSC_SLST_0186,WB_CENTRE_SIL_02,HALL_03,12,Q58,A,0.0
WBSSC_SLST_0186,WB_CENTRE_SIL_02,HALL_03,12,Q59,C,0.0
WBSSC_SLST_0186,WB_CENTRE_SIL_02,HALL_03,12,Q60,C,0.0
WBSSC_SLST_0187,WB_CENTRE_SIL_02,HALL_04,13,Q01,B,1.0
WBSSC_SLST_0187,WB_CENTRE_SIL_02,HALL_04,13,Q02,B,1.0
WBSSC_SLST_0187,WB_CENTRE_SIL_02,HALL_04,13,Q03,B,1.0
WBSSC_SLST_0187,WB_CENTRE_SIL_02,HALL_04,13,Q04,B,1.0
WBSSC_SLST_0187,WB_CENTRE_SIL_02,HALL_04,13,Q05,B,1.0
WBSSC_SLST_0187,WB_CENTRE_SIL_02,HALL_04,13,Q06,B,1.0
WBSSC_SLST_0187,WB_CENTRE_SIL_02,HALL_04,13,Q07,B,1.0
WBSSC_SLST_0187,WB_CENTRE_SIL_02,HALL_04,13,Q08,B,1.0
WBSSC_SLST_0187,WB_CENTRE_SIL_02,HALL_04,13,Q09,B,1.0
WBSSC_SLST_0187,WB_CENTRE_SIL_02,HALL_04,13,Q10,B,1.0
WBSSC_SLST_0187,WB_CENTRE_SIL_02,HALL_04,13,Q11,B,1.0
WBSSC_SLST_0187,WB_CENTRE_SIL_02,HALL_04,13,Q12,B,1.0
WBSSC_SLST_0187,WB_CENTRE_SIL_02,HALL_04,13,Q13,B,1.0
WBSSC_SLST_0187,WB_CENTRE_SIL_02,HALL_04,13,Q14,B,1.0
WBSSC_SLST_0187,WB_CENTRE_SIL_02,HALL_04,13,Q15,B,1.0
WBSSC_SLST_0187,WB_CENTRE_SIL_02,HALL_04,13,Q16,B,1.0
WBSSC_SLST_0187,WB_CENTRE_SIL_02,HALL_04,13,Q17,B,1.0
WBSSC_SLST_0187,WB_CENTRE_SIL_02,HALL_04,13,Q18,B,1.0
WBSSC_SLST_0187,WB_CENTRE_SIL_02,HALL_04,13,Q19,B,1.0
WBSSC_SLST_0187,WB_CENTRE_SIL_02,HALL_04,13,Q20,B,1.0
WBSSC_SLST_0187,WB_CENTRE_SIL_02,HALL_04,13,Q21,B,1.0
WBSSC_SLST_0187,WB_CENTRE_SIL_02,HALL_04,13,Q22,B,1.0
WBSSC_SLST_0187,WB_CENTRE_SIL_02,HALL_04,13,Q23,B,1.0
WBSSC_SLST_0187,WB_CENTRE_SIL_02,HALL_04,13,Q24,B,1.0
WBSSC_SLST_0187,WB_CENTRE_SIL_02,HALL_04,13,Q25,B,1.0
WBSSC_SLST_0187,WB_CENTRE_SIL_02,HALL_04,13,Q26,B,1.0
WBSSC_SLST_0187,WB_CENTRE_SIL_02,HALL_04,13,Q27,B,1.0
WBSSC_SLST_0187,WB_CENTRE_SIL_02,HALL_04,13,Q28,B,1.0
WBSSC_SLST_0187,WB_CENTRE_SIL_02,HALL_04,13,Q29,B,1.0
WBSSC_SLST_0187,WB_CENTRE_SIL_02,HALL_04,13,Q30,B,1.0
WBSSC_SLST_0187,WB_CENTRE_SIL_02,HALL_04,13,Q31,B,1.0
WBSSC_SLST_0187,WB_CENTRE_SIL_02,HALL_04,13,Q32,B,1.0
WBSSC_SLST_0187,WB_CENTRE_SIL_02,HALL_04,13,Q33,B,1.0
WBSSC_SLST_0187,WB_CENTRE_SIL_02,HALL_04,13,Q34,A,0.0
WBSSC_SLST_0187,WB_CENTRE_SIL_02,HALL_04,13,Q35,A,0.0
WBSSC_SLST_0187,WB_CENTRE_SIL_02,HALL_04,13,Q36,C,0.0
WBSSC_SLST_0187,WB_CENTRE_SIL_02,HALL_04,13,Q37,A,0.0
WBSSC_SLST_0187,WB_CENTRE_SIL_02,HALL_04,13,Q38,A,0.0
WBSSC_SLST_0187,WB_CENTRE_SIL_02,HALL_04,13,Q39,D,0.0
WBSSC_SLST_0187,WB_CENTRE_SIL_02,HALL_04,13,Q40,D,0.0
WBSSC_SLST_0187,WB_CENTRE_SIL_02,HALL_04,13,Q41,A,0.0
WBSSC_SLST_0187,WB_CENTRE_SIL_02,HALL_04,13,Q42,C,0.0
WBSSC_SLST_0187,WB_CENTRE_SIL_02,HALL_04,13,Q43,D,0.0
WBSSC_SLST_0187,WB_CENTRE_SIL_02,HALL_04,13,Q44,A,0.0
WBSSC_SLST_0187,WB_CENTRE_SIL_02,HALL_04,13,Q45,D,0.0
WBSSC_SLST_0187,WB_CENTRE_SIL_02,HALL_04,13,Q46,A,0.0
WBSSC_SLST_0187,WB_CENTRE_SIL_02,HALL_04,13,Q47,D,0.0
WBSSC_SLST_0187,WB_CENTRE_SIL_02,HALL_04,13,Q48,A,0.0
WBSSC_SLST_0187,WB_CENTRE_SIL_02,HALL_04,13,Q49,C,0.0
WBSSC_SLST_0187,WB_CENTRE_SIL_02,HALL_04,13,Q50,D,0.0
WBSSC_SLST_0187,WB_CENTRE_SIL_02,HALL_04,13,Q51,D,0.0
WBSSC_SLST_0187,WB_CENTRE_SIL_02,HALL_04,13,Q52,D,0.0
WBSSC_SLST_0187,WB_CENTRE_SIL_02,HALL_04,13,Q53,A,0.0
WBSSC_SLST_0187,WB_CENTRE_SIL_02,HALL_04,13,Q54,D,0.0
WBSSC_SLST_0187,WB_CENTRE_SIL_02,HALL_04,13,Q55,A,0.0
WBSSC_SLST_0187,WB_CENTRE_SIL_02,HALL_04,13,Q56,A,0.0
WBSSC_SLST_0187,WB_CENTRE_SIL_02,HALL_04,13,Q57,A,0.0
WBSSC_SLST_0187,WB_CENTRE_SIL_02,HALL_04,13,Q58,C,0.0
WBSSC_SLST_0187,WB_CENTRE_SIL_02,HALL_04,13,Q59,C,0.0
WBSSC_SLST_0187,WB_CENTRE_SIL_02,HALL_04,13,Q60,C,0.0
WBSSC_SLST_0188,WB_CENTRE_SIL_02,HALL_01,14,Q01,B,1.0
WBSSC_SLST_0188,WB_CENTRE_SIL_02,HALL_01,14,Q02,B,1.0
WBSSC_SLST_0188,WB_CENTRE_SIL_02,HALL_01,14,Q03,B,1.0
WBSSC_SLST_0188,WB_CENTRE_SIL_02,HALL_01,14,Q04,B,1.0
WBSSC_SLST_0188,WB_CENTRE_SIL_02,HALL_01,14,Q05,B,1.0
WBSSC_SLST_0188,WB_CENTRE_SIL_02,HALL_01,14,Q06,B,1.0
WBSSC_SLST_0188,WB_CENTRE_SIL_02,HALL_01,14,Q07,B,1.0
WBSSC_SLST_0188,WB_CENTRE_SIL_02,HALL_01,14,Q08,B,1.0
WBSSC_SLST_0188,WB_CENTRE_SIL_02,HALL_01,14,Q09,B,1.0
WBSSC_SLST_0188,WB_CENTRE_SIL_02,HALL_01,14,Q10,B,1.0
WBSSC_SLST_0188,WB_CENTRE_SIL_02,HALL_01,14,Q11,B,1.0
WBSSC_SLST_0188,WB_CENTRE_SIL_02,HALL_01,14,Q12,B,1.0
WBSSC_SLST_0188,WB_CENTRE_SIL_02,HALL_01,14,Q13,B,1.0
WBSSC_SLST_0188,WB_CENTRE_SIL_02,HALL_01,14,Q14,B,1.0
WBSSC_SLST_0188,WB_CENTRE_SIL_02,HALL_01,14,Q15,B,1.0
WBSSC_SLST_0188,WB_CENTRE_SIL_02,HALL_01,14,Q16,B,1.0
WBSSC_SLST_0188,WB_CENTRE_SIL_02,HALL_01,14,Q17,B,1.0
WBSSC_SLST_0188,WB_CENTRE_SIL_02,HALL_01,14,Q18,B,1.0
WBSSC_SLST_0188,WB_CENTRE_SIL_02,HALL_01,14,Q19,B,1.0
WBSSC_SLST_0188,WB_CENTRE_SIL_02,HALL_01,14,Q20,B,1.0
WBSSC_SLST_0188,WB_CENTRE_SIL_02,HALL_01,14,Q21,B,1.0
WBSSC_SLST_0188,WB_CENTRE_SIL_02,HALL_01,14,Q22,B,1.0
WBSSC_SLST_0188,WB_CENTRE_SIL_02,HALL_01,14,Q23,B,1.0
WBSSC_SLST_0188,WB_CENTRE_SIL_02,HALL_01,14,Q24,B,1.0
WBSSC_SLST_0188,WB_CENTRE_SIL_02,HALL_01,14,Q25,B,1.0
WBSSC_SLST_0188,WB_CENTRE_SIL_02,HALL_01,14,Q26,B,1.0
WBSSC_SLST_0188,WB_CENTRE_SIL_02,HALL_01,14,Q27,B,1.0
WBSSC_SLST_0188,WB_CENTRE_SIL_02,HALL_01,14,Q28,B,1.0
WBSSC_SLST_0188,WB_CENTRE_SIL_02,HALL_01,14,Q29,B,1.0
WBSSC_SLST_0188,WB_CENTRE_SIL_02,HALL_01,14,Q30,B,1.0
WBSSC_SLST_0188,WB_CENTRE_SIL_02,HALL_01,14,Q31,B,1.0
WBSSC_SLST_0188,WB_CENTRE_SIL_02,HALL_01,14,Q32,B,1.0
WBSSC_SLST_0188,WB_CENTRE_SIL_02,HALL_01,14,Q33,B,1.0
WBSSC_SLST_0188,WB_CENTRE_SIL_02,HALL_01,14,Q34,B,1.0
WBSSC_SLST_0188,WB_CENTRE_SIL_02,HALL_01,14,Q35,B,1.0
WBSSC_SLST_0188,WB_CENTRE_SIL_02,HALL_01,14,Q36,B,1.0
WBSSC_SLST_0188,WB_CENTRE_SIL_02,HALL_01,14,Q37,B,1.0
WBSSC_SLST_0188,WB_CENTRE_SIL_02,HALL_01,14,Q38,B,1.0
WBSSC_SLST_0188,WB_CENTRE_SIL_02,HALL_01,14,Q39,D,0.0
WBSSC_SLST_0188,WB_CENTRE_SIL_02,HALL_01,14,Q40,A,0.0
WBSSC_SLST_0188,WB_CENTRE_SIL_02,HALL_01,14,Q41,A,0.0
WBSSC_SLST_0188,WB_CENTRE_SIL_02,HALL_01,14,Q42,D,0.0
WBSSC_SLST_0188,WB_CENTRE_SIL_02,HALL_01,14,Q43,A,0.0
WBSSC_SLST_0188,WB_CENTRE_SIL_02,HALL_01,14,Q44,C,0.0
WBSSC_SLST_0188,WB_CENTRE_SIL_02,HALL_01,14,Q45,D,0.0
WBSSC_SLST_0188,WB_CENTRE_SIL_02,HALL_01,14,Q46,A,0.0
WBSSC_SLST_0188,WB_CENTRE_SIL_02,HALL_01,14,Q47,D,0.0
WBSSC_SLST_0188,WB_CENTRE_SIL_02,HALL_01,14,Q48,A,0.0
WBSSC_SLST_0188,WB_CENTRE_SIL_02,HALL_01,14,Q49,A,0.0
WBSSC_SLST_0188,WB_CENTRE_SIL_02,HALL_01,14,Q50,A,0.0
WBSSC_SLST_0188,WB_CENTRE_SIL_02,HALL_01,14,Q51,D,0.0
WBSSC_SLST_0188,WB_CENTRE_SIL_02,HALL_01,14,Q52,C,0.0
WBSSC_SLST_0188,WB_CENTRE_SIL_02,HALL_01,14,Q53,A,0.0
WBSSC_SLST_0188,WB_CENTRE_SIL_02,HALL_01,14,Q54,D,0.0
WBSSC_SLST_0188,WB_CENTRE_SIL_02,HALL_01,14,Q55,C,0.0
WBSSC_SLST_0188,WB_CENTRE_SIL_02,HALL_01,14,Q56,C,0.0
WBSSC_SLST_0188,WB_CENTRE_SIL_02,HALL_01,14,Q57,D,0.0
WBSSC_SLST_0188,WB_CENTRE_SIL_02,HALL_01,14,Q58,C,0.0
WBSSC_SLST_0188,WB_CENTRE_SIL_02,HALL_01,14,Q59,D,0.0
WBSSC_SLST_0188,WB_CENTRE_SIL_02,HALL_01,14,Q60,C,0.0
WBSSC_SLST_0189,WB_CENTRE_SIL_02,HALL_02,15,Q01,B,1.0
WBSSC_SLST_0189,WB_CENTRE_SIL_02,HALL_02,15,Q02,B,1.0
WBSSC_SLST_0189,WB_CENTRE_SIL_02,HALL_02,15,Q03,B,1.0
WBSSC_SLST_0189,WB_CENTRE_SIL_02,HALL_02,15,Q04,B,1.0
WBSSC_SLST_0189,WB_CENTRE_SIL_02,HALL_02,15,Q05,B,1.0
WBSSC_SLST_0189,WB_CENTRE_SIL_02,HALL_02,15,Q06,B,1.0
WBSSC_SLST_0189,WB_CENTRE_SIL_02,HALL_02,15,Q07,B,1.0
WBSSC_SLST_0189,WB_CENTRE_SIL_02,HALL_02,15,Q08,B,1.0
WBSSC_SLST_0189,WB_CENTRE_SIL_02,HALL_02,15,Q09,B,1.0
WBSSC_SLST_0189,WB_CENTRE_SIL_02,HALL_02,15,Q10,B,1.0
WBSSC_SLST_0189,WB_CENTRE_SIL_02,HALL_02,15,Q11,B,1.0
WBSSC_SLST_0189,WB_CENTRE_SIL_02,HALL_02,15,Q12,B,1.0
WBSSC_SLST_0189,WB_CENTRE_SIL_02,HALL_02,15,Q13,B,1.0
WBSSC_SLST_0189,WB_CENTRE_SIL_02,HALL_02,15,Q14,B,1.0
WBSSC_SLST_0189,WB_CENTRE_SIL_02,HALL_02,15,Q15,B,1.0
WBSSC_SLST_0189,WB_CENTRE_SIL_02,HALL_02,15,Q16,B,1.0
WBSSC_SLST_0189,WB_CENTRE_SIL_02,HALL_02,15,Q17,B,1.0
WBSSC_SLST_0189,WB_CENTRE_SIL_02,HALL_02,15,Q18,B,1.0
WBSSC_SLST_0189,WB_CENTRE_SIL_02,HALL_02,15,Q19,B,1.0
WBSSC_SLST_0189,WB_CENTRE_SIL_02,HALL_02,15,Q20,C,0.0
WBSSC_SLST_0189,WB_CENTRE_SIL_02,HALL_02,15,Q21,D,0.0
WBSSC_SLST_0189,WB_CENTRE_SIL_02,HALL_02,15,Q22,A,0.0
WBSSC_SLST_0189,WB_CENTRE_SIL_02,HALL_02,15,Q23,A,0.0
WBSSC_SLST_0189,WB_CENTRE_SIL_02,HALL_02,15,Q24,A,0.0
WBSSC_SLST_0189,WB_CENTRE_SIL_02,HALL_02,15,Q25,A,0.0
WBSSC_SLST_0189,WB_CENTRE_SIL_02,HALL_02,15,Q26,C,0.0
WBSSC_SLST_0189,WB_CENTRE_SIL_02,HALL_02,15,Q27,D,0.0
WBSSC_SLST_0189,WB_CENTRE_SIL_02,HALL_02,15,Q28,C,0.0
WBSSC_SLST_0189,WB_CENTRE_SIL_02,HALL_02,15,Q29,C,0.0
WBSSC_SLST_0189,WB_CENTRE_SIL_02,HALL_02,15,Q30,A,0.0
WBSSC_SLST_0189,WB_CENTRE_SIL_02,HALL_02,15,Q31,A,0.0
WBSSC_SLST_0189,WB_CENTRE_SIL_02,HALL_02,15,Q32,C,0.0
WBSSC_SLST_0189,WB_CENTRE_SIL_02,HALL_02,15,Q33,C,0.0
WBSSC_SLST_0189,WB_CENTRE_SIL_02,HALL_02,15,Q34,D,0.0
WBSSC_SLST_0189,WB_CENTRE_SIL_02,HALL_02,15,Q35,A,0.0
WBSSC_SLST_0189,WB_CENTRE_SIL_02,HALL_02,15,Q36,A,0.0
WBSSC_SLST_0189,WB_CENTRE_SIL_02,HALL_02,15,Q37,A,0.0
WBSSC_SLST_0189,WB_CENTRE_SIL_02,HALL_02,15,Q38,C,0.0
WBSSC_SLST_0189,WB_CENTRE_SIL_02,HALL_02,15,Q39,D,0.0
WBSSC_SLST_0189,WB_CENTRE_SIL_02,HALL_02,15,Q40,A,0.0
WBSSC_SLST_0189,WB_CENTRE_SIL_02,HALL_02,15,Q41,C,0.0
WBSSC_SLST_0189,WB_CENTRE_SIL_02,HALL_02,15,Q42,C,0.0
WBSSC_SLST_0189,WB_CENTRE_SIL_02,HALL_02,15,Q43,A,0.0
WBSSC_SLST_0189,WB_CENTRE_SIL_02,HALL_02,15,Q44,A,0.0
WBSSC_SLST_0189,WB_CENTRE_SIL_02,HALL_02,15,Q45,D,0.0
WBSSC_SLST_0189,WB_CENTRE_SIL_02,HALL_02,15,Q46,D,0.0
WBSSC_SLST_0189,WB_CENTRE_SIL_02,HALL_02,15,Q47,C,0.0
WBSSC_SLST_0189,WB_CENTRE_SIL_02,HALL_02,15,Q48,D,0.0
WBSSC_SLST_0189,WB_CENTRE_SIL_02,HALL_02,15,Q49,A,0.0
WBSSC_SLST_0189,WB_CENTRE_SIL_02,HALL_02,15,Q50,C,0.0
WBSSC_SLST_0189,WB_CENTRE_SIL_02,HALL_02,15,Q51,A,0.0
WBSSC_SLST_0189,WB_CENTRE_SIL_02,HALL_02,15,Q52,D,0.0
WBSSC_SLST_0189,WB_CENTRE_SIL_02,HALL_02,15,Q53,A,0.0
WBSSC_SLST_0189,WB_CENTRE_SIL_02,HALL_02,15,Q54,A,0.0
WBSSC_SLST_0189,WB_CENTRE_SIL_02,HALL_02,15,Q55,D,0.0
WBSSC_SLST_0189,WB_CENTRE_SIL_02,HALL_02,15,Q56,D,0.0
WBSSC_SLST_0189,WB_CENTRE_SIL_02,HALL_02,15,Q57,C,0.0
WBSSC_SLST_0189,WB_CENTRE_SIL_02,HALL_02,15,Q58,D,0.0
WBSSC_SLST_0189,WB_CENTRE_SIL_02,HALL_02,15,Q59,C,0.0
WBSSC_SLST_0189,WB_CENTRE_SIL_02,HALL_02,15,Q60,A,0.0
WBSSC_SLST_0190,WB_CENTRE_SIL_02,HALL_03,16,Q01,B,1.0
WBSSC_SLST_0190,WB_CENTRE_SIL_02,HALL_03,16,Q02,B,1.0
WBSSC_SLST_0190,WB_CENTRE_SIL_02,HALL_03,16,Q03,B,1.0
WBSSC_SLST_0190,WB_CENTRE_SIL_02,HALL_03,16,Q04,B,1.0
WBSSC_SLST_0190,WB_CENTRE_SIL_02,HALL_03,16,Q05,B,1.0
WBSSC_SLST_0190,WB_CENTRE_SIL_02,HALL_03,16,Q06,B,1.0
WBSSC_SLST_0190,WB_CENTRE_SIL_02,HALL_03,16,Q07,B,1.0
WBSSC_SLST_0190,WB_CENTRE_SIL_02,HALL_03,16,Q08,B,1.0
WBSSC_SLST_0190,WB_CENTRE_SIL_02,HALL_03,16,Q09,B,1.0
WBSSC_SLST_0190,WB_CENTRE_SIL_02,HALL_03,16,Q10,B,1.0
WBSSC_SLST_0190,WB_CENTRE_SIL_02,HALL_03,16,Q11,B,1.0
WBSSC_SLST_0190,WB_CENTRE_SIL_02,HALL_03,16,Q12,B,1.0
WBSSC_SLST_0190,WB_CENTRE_SIL_02,HALL_03,16,Q13,B,1.0
WBSSC_SLST_0190,WB_CENTRE_SIL_02,HALL_03,16,Q14,B,1.0
WBSSC_SLST_0190,WB_CENTRE_SIL_02,HALL_03,16,Q15,B,1.0
WBSSC_SLST_0190,WB_CENTRE_SIL_02,HALL_03,16,Q16,B,1.0
WBSSC_SLST_0190,WB_CENTRE_SIL_02,HALL_03,16,Q17,B,1.0
WBSSC_SLST_0190,WB_CENTRE_SIL_02,HALL_03,16,Q18,B,1.0
WBSSC_SLST_0190,WB_CENTRE_SIL_02,HALL_03,16,Q19,B,1.0
WBSSC_SLST_0190,WB_CENTRE_SIL_02,HALL_03,16,Q20,B,1.0
WBSSC_SLST_0190,WB_CENTRE_SIL_02,HALL_03,16,Q21,B,1.0
WBSSC_SLST_0190,WB_CENTRE_SIL_02,HALL_03,16,Q22,B,1.0
WBSSC_SLST_0190,WB_CENTRE_SIL_02,HALL_03,16,Q23,B,1.0
WBSSC_SLST_0190,WB_CENTRE_SIL_02,HALL_03,16,Q24,B,1.0
WBSSC_SLST_0190,WB_CENTRE_SIL_02,HALL_03,16,Q25,B,1.0
WBSSC_SLST_0190,WB_CENTRE_SIL_02,HALL_03,16,Q26,B,1.0
WBSSC_SLST_0190,WB_CENTRE_SIL_02,HALL_03,16,Q27,B,1.0
WBSSC_SLST_0190,WB_CENTRE_SIL_02,HALL_03,16,Q28,B,1.0
WBSSC_SLST_0190,WB_CENTRE_SIL_02,HALL_03,16,Q29,B,1.0
WBSSC_SLST_0190,WB_CENTRE_SIL_02,HALL_03,16,Q30,B,1.0
WBSSC_SLST_0190,WB_CENTRE_SIL_02,HALL_03,16,Q31,B,1.0
WBSSC_SLST_0190,WB_CENTRE_SIL_02,HALL_03,16,Q32,D,0.0
WBSSC_SLST_0190,WB_CENTRE_SIL_02,HALL_03,16,Q33,D,0.0
WBSSC_SLST_0190,WB_CENTRE_SIL_02,HALL_03,16,Q34,A,0.0
WBSSC_SLST_0190,WB_CENTRE_SIL_02,HALL_03,16,Q35,A,0.0
WBSSC_SLST_0190,WB_CENTRE_SIL_02,HALL_03,16,Q36,A,0.0
WBSSC_SLST_0190,WB_CENTRE_SIL_02,HALL_03,16,Q37,A,0.0
WBSSC_SLST_0190,WB_CENTRE_SIL_02,HALL_03,16,Q38,A,0.0
WBSSC_SLST_0190,WB_CENTRE_SIL_02,HALL_03,16,Q39,C,0.0
WBSSC_SLST_0190,WB_CENTRE_SIL_02,HALL_03,16,Q40,D,0.0
WBSSC_SLST_0190,WB_CENTRE_SIL_02,HALL_03,16,Q41,A,0.0
WBSSC_SLST_0190,WB_CENTRE_SIL_02,HALL_03,16,Q42,A,0.0
WBSSC_SLST_0190,WB_CENTRE_SIL_02,HALL_03,16,Q43,D,0.0
WBSSC_SLST_0190,WB_CENTRE_SIL_02,HALL_03,16,Q44,C,0.0
WBSSC_SLST_0190,WB_CENTRE_SIL_02,HALL_03,16,Q45,A,0.0
WBSSC_SLST_0190,WB_CENTRE_SIL_02,HALL_03,16,Q46,C,0.0
WBSSC_SLST_0190,WB_CENTRE_SIL_02,HALL_03,16,Q47,D,0.0
WBSSC_SLST_0190,WB_CENTRE_SIL_02,HALL_03,16,Q48,A,0.0
WBSSC_SLST_0190,WB_CENTRE_SIL_02,HALL_03,16,Q49,C,0.0
WBSSC_SLST_0190,WB_CENTRE_SIL_02,HALL_03,16,Q50,A,0.0
WBSSC_SLST_0190,WB_CENTRE_SIL_02,HALL_03,16,Q51,A,0.0
WBSSC_SLST_0190,WB_CENTRE_SIL_02,HALL_03,16,Q52,A,0.0
WBSSC_SLST_0190,WB_CENTRE_SIL_02,HALL_03,16,Q53,D,0.0
WBSSC_SLST_0190,WB_CENTRE_SIL_02,HALL_03,16,Q54,A,0.0
WBSSC_SLST_0190,WB_CENTRE_SIL_02,HALL_03,16,Q55,C,0.0
WBSSC_SLST_0190,WB_CENTRE_SIL_02,HALL_03,16,Q56,D,0.0
WBSSC_SLST_0190,WB_CENTRE_SIL_02,HALL_03,16,Q57,A,0.0
WBSSC_SLST_0190,WB_CENTRE_SIL_02,HALL_03,16,Q58,C,0.0
WBSSC_SLST_0190,WB_CENTRE_SIL_02,HALL_03,16,Q59,A,0.0
WBSSC_SLST_0190,WB_CENTRE_SIL_02,HALL_03,16,Q60,C,0.0
WBSSC_SLST_0191,WB_CENTRE_SIL_02,HALL_04,17,Q01,B,1.0
WBSSC_SLST_0191,WB_CENTRE_SIL_02,HALL_04,17,Q02,B,1.0
WBSSC_SLST_0191,WB_CENTRE_SIL_02,HALL_04,17,Q03,B,1.0
WBSSC_SLST_0191,WB_CENTRE_SIL_02,HALL_04,17,Q04,B,1.0
WBSSC_SLST_0191,WB_CENTRE_SIL_02,HALL_04,17,Q05,B,1.0
WBSSC_SLST_0191,WB_CENTRE_SIL_02,HALL_04,17,Q06,B,1.0
WBSSC_SLST_0191,WB_CENTRE_SIL_02,HALL_04,17,Q07,B,1.0
WBSSC_SLST_0191,WB_CENTRE_SIL_02,HALL_04,17,Q08,B,1.0
WBSSC_SLST_0191,WB_CENTRE_SIL_02,HALL_04,17,Q09,B,1.0
WBSSC_SLST_0191,WB_CENTRE_SIL_02,HALL_04,17,Q10,B,1.0
WBSSC_SLST_0191,WB_CENTRE_SIL_02,HALL_04,17,Q11,B,1.0
WBSSC_SLST_0191,WB_CENTRE_SIL_02,HALL_04,17,Q12,B,1.0
WBSSC_SLST_0191,WB_CENTRE_SIL_02,HALL_04,17,Q13,B,1.0
WBSSC_SLST_0191,WB_CENTRE_SIL_02,HALL_04,17,Q14,B,1.0
WBSSC_SLST_0191,WB_CENTRE_SIL_02,HALL_04,17,Q15,B,1.0
WBSSC_SLST_0191,WB_CENTRE_SIL_02,HALL_04,17,Q16,B,1.0
WBSSC_SLST_0191,WB_CENTRE_SIL_02,HALL_04,17,Q17,B,1.0
WBSSC_SLST_0191,WB_CENTRE_SIL_02,HALL_04,17,Q18,B,1.0
WBSSC_SLST_0191,WB_CENTRE_SIL_02,HALL_04,17,Q19,B,1.0
WBSSC_SLST_0191,WB_CENTRE_SIL_02,HALL_04,17,Q20,B,1.0
WBSSC_SLST_0191,WB_CENTRE_SIL_02,HALL_04,17,Q21,B,1.0
WBSSC_SLST_0191,WB_CENTRE_SIL_02,HALL_04,17,Q22,B,1.0
WBSSC_SLST_0191,WB_CENTRE_SIL_02,HALL_04,17,Q23,B,1.0
WBSSC_SLST_0191,WB_CENTRE_SIL_02,HALL_04,17,Q24,B,1.0
WBSSC_SLST_0191,WB_CENTRE_SIL_02,HALL_04,17,Q25,B,1.0
WBSSC_SLST_0191,WB_CENTRE_SIL_02,HALL_04,17,Q26,B,1.0
WBSSC_SLST_0191,WB_CENTRE_SIL_02,HALL_04,17,Q27,B,1.0
WBSSC_SLST_0191,WB_CENTRE_SIL_02,HALL_04,17,Q28,B,1.0
WBSSC_SLST_0191,WB_CENTRE_SIL_02,HALL_04,17,Q29,B,1.0
WBSSC_SLST_0191,WB_CENTRE_SIL_02,HALL_04,17,Q30,B,1.0
WBSSC_SLST_0191,WB_CENTRE_SIL_02,HALL_04,17,Q31,B,1.0
WBSSC_SLST_0191,WB_CENTRE_SIL_02,HALL_04,17,Q32,B,1.0
WBSSC_SLST_0191,WB_CENTRE_SIL_02,HALL_04,17,Q33,B,1.0
WBSSC_SLST_0191,WB_CENTRE_SIL_02,HALL_04,17,Q34,B,1.0
WBSSC_SLST_0191,WB_CENTRE_SIL_02,HALL_04,17,Q35,B,1.0
WBSSC_SLST_0191,WB_CENTRE_SIL_02,HALL_04,17,Q36,B,1.0
WBSSC_SLST_0191,WB_CENTRE_SIL_02,HALL_04,17,Q37,C,0.0
WBSSC_SLST_0191,WB_CENTRE_SIL_02,HALL_04,17,Q38,D,0.0
WBSSC_SLST_0191,WB_CENTRE_SIL_02,HALL_04,17,Q39,D,0.0
WBSSC_SLST_0191,WB_CENTRE_SIL_02,HALL_04,17,Q40,D,0.0
WBSSC_SLST_0191,WB_CENTRE_SIL_02,HALL_04,17,Q41,A,0.0
WBSSC_SLST_0191,WB_CENTRE_SIL_02,HALL_04,17,Q42,D,0.0
WBSSC_SLST_0191,WB_CENTRE_SIL_02,HALL_04,17,Q43,A,0.0
WBSSC_SLST_0191,WB_CENTRE_SIL_02,HALL_04,17,Q44,D,0.0
WBSSC_SLST_0191,WB_CENTRE_SIL_02,HALL_04,17,Q45,D,0.0
WBSSC_SLST_0191,WB_CENTRE_SIL_02,HALL_04,17,Q46,C,0.0
WBSSC_SLST_0191,WB_CENTRE_SIL_02,HALL_04,17,Q47,C,0.0
WBSSC_SLST_0191,WB_CENTRE_SIL_02,HALL_04,17,Q48,D,0.0
WBSSC_SLST_0191,WB_CENTRE_SIL_02,HALL_04,17,Q49,A,0.0
WBSSC_SLST_0191,WB_CENTRE_SIL_02,HALL_04,17,Q50,D,0.0
WBSSC_SLST_0191,WB_CENTRE_SIL_02,HALL_04,17,Q51,C,0.0
WBSSC_SLST_0191,WB_CENTRE_SIL_02,HALL_04,17,Q52,D,0.0
WBSSC_SLST_0191,WB_CENTRE_SIL_02,HALL_04,17,Q53,D,0.0
WBSSC_SLST_0191,WB_CENTRE_SIL_02,HALL_04,17,Q54,A,0.0
WBSSC_SLST_0191,WB_CENTRE_SIL_02,HALL_04,17,Q55,A,0.0
WBSSC_SLST_0191,WB_CENTRE_SIL_02,HALL_04,17,Q56,A,0.0
WBSSC_SLST_0191,WB_CENTRE_SIL_02,HALL_04,17,Q57,A,0.0
WBSSC_SLST_0191,WB_CENTRE_SIL_02,HALL_04,17,Q58,C,0.0
WBSSC_SLST_0191,WB_CENTRE_SIL_02,HALL_04,17,Q59,A,0.0
WBSSC_SLST_0191,WB_CENTRE_SIL_02,HALL_04,17,Q60,D,0.0
WBSSC_SLST_0192,WB_CENTRE_SIL_02,HALL_01,18,Q01,B,1.0
WBSSC_SLST_0192,WB_CENTRE_SIL_02,HALL_01,18,Q02,B,1.0
WBSSC_SLST_0192,WB_CENTRE_SIL_02,HALL_01,18,Q03,B,1.0
WBSSC_SLST_0192,WB_CENTRE_SIL_02,HALL_01,18,Q04,B,1.0
WBSSC_SLST_0192,WB_CENTRE_SIL_02,HALL_01,18,Q05,B,1.0
WBSSC_SLST_0192,WB_CENTRE_SIL_02,HALL_01,18,Q06,B,1.0
WBSSC_SLST_0192,WB_CENTRE_SIL_02,HALL_01,18,Q07,B,1.0
WBSSC_SLST_0192,WB_CENTRE_SIL_02,HALL_01,18,Q08,B,1.0
WBSSC_SLST_0192,WB_CENTRE_SIL_02,HALL_01,18,Q09,B,1.0
WBSSC_SLST_0192,WB_CENTRE_SIL_02,HALL_01,18,Q10,B,1.0
WBSSC_SLST_0192,WB_CENTRE_SIL_02,HALL_01,18,Q11,B,1.0
WBSSC_SLST_0192,WB_CENTRE_SIL_02,HALL_01,18,Q12,B,1.0
WBSSC_SLST_0192,WB_CENTRE_SIL_02,HALL_01,18,Q13,B,1.0
WBSSC_SLST_0192,WB_CENTRE_SIL_02,HALL_01,18,Q14,B,1.0
WBSSC_SLST_0192,WB_CENTRE_SIL_02,HALL_01,18,Q15,B,1.0
WBSSC_SLST_0192,WB_CENTRE_SIL_02,HALL_01,18,Q16,B,1.0
WBSSC_SLST_0192,WB_CENTRE_SIL_02,HALL_01,18,Q17,B,1.0
WBSSC_SLST_0192,WB_CENTRE_SIL_02,HALL_01,18,Q18,A,0.0
WBSSC_SLST_0192,WB_CENTRE_SIL_02,HALL_01,18,Q19,A,0.0
WBSSC_SLST_0192,WB_CENTRE_SIL_02,HALL_01,18,Q20,D,0.0
WBSSC_SLST_0192,WB_CENTRE_SIL_02,HALL_01,18,Q21,C,0.0
WBSSC_SLST_0192,WB_CENTRE_SIL_02,HALL_01,18,Q22,D,0.0
WBSSC_SLST_0192,WB_CENTRE_SIL_02,HALL_01,18,Q23,C,0.0
WBSSC_SLST_0192,WB_CENTRE_SIL_02,HALL_01,18,Q24,C,0.0
WBSSC_SLST_0192,WB_CENTRE_SIL_02,HALL_01,18,Q25,C,0.0
WBSSC_SLST_0192,WB_CENTRE_SIL_02,HALL_01,18,Q26,C,0.0
WBSSC_SLST_0192,WB_CENTRE_SIL_02,HALL_01,18,Q27,C,0.0
WBSSC_SLST_0192,WB_CENTRE_SIL_02,HALL_01,18,Q28,A,0.0
WBSSC_SLST_0192,WB_CENTRE_SIL_02,HALL_01,18,Q29,C,0.0
WBSSC_SLST_0192,WB_CENTRE_SIL_02,HALL_01,18,Q30,A,0.0
WBSSC_SLST_0192,WB_CENTRE_SIL_02,HALL_01,18,Q31,A,0.0
WBSSC_SLST_0192,WB_CENTRE_SIL_02,HALL_01,18,Q32,A,0.0
WBSSC_SLST_0192,WB_CENTRE_SIL_02,HALL_01,18,Q33,A,0.0
WBSSC_SLST_0192,WB_CENTRE_SIL_02,HALL_01,18,Q34,A,0.0
WBSSC_SLST_0192,WB_CENTRE_SIL_02,HALL_01,18,Q35,A,0.0
WBSSC_SLST_0192,WB_CENTRE_SIL_02,HALL_01,18,Q36,A,0.0
WBSSC_SLST_0192,WB_CENTRE_SIL_02,HALL_01,18,Q37,D,0.0
WBSSC_SLST_0192,WB_CENTRE_SIL_02,HALL_01,18,Q38,A,0.0
WBSSC_SLST_0192,WB_CENTRE_SIL_02,HALL_01,18,Q39,A,0.0
WBSSC_SLST_0192,WB_CENTRE_SIL_02,HALL_01,18,Q40,A,0.0
WBSSC_SLST_0192,WB_CENTRE_SIL_02,HALL_01,18,Q41,C,0.0
WBSSC_SLST_0192,WB_CENTRE_SIL_02,HALL_01,18,Q42,C,0.0
WBSSC_SLST_0192,WB_CENTRE_SIL_02,HALL_01,18,Q43,A,0.0
WBSSC_SLST_0192,WB_CENTRE_SIL_02,HALL_01,18,Q44,D,0.0
WBSSC_SLST_0192,WB_CENTRE_SIL_02,HALL_01,18,Q45,C,0.0
WBSSC_SLST_0192,WB_CENTRE_SIL_02,HALL_01,18,Q46,A,0.0
WBSSC_SLST_0192,WB_CENTRE_SIL_02,HALL_01,18,Q47,A,0.0
WBSSC_SLST_0192,WB_CENTRE_SIL_02,HALL_01,18,Q48,A,0.0
WBSSC_SLST_0192,WB_CENTRE_SIL_02,HALL_01,18,Q49,C,0.0
WBSSC_SLST_0192,WB_CENTRE_SIL_02,HALL_01,18,Q50,A,0.0
WBSSC_SLST_0192,WB_CENTRE_SIL_02,HALL_01,18,Q51,A,0.0
WBSSC_SLST_0192,WB_CENTRE_SIL_02,HALL_01,18,Q52,A,0.0
WBSSC_SLST_0192,WB_CENTRE_SIL_02,HALL_01,18,Q53,A,0.0
WBSSC_SLST_0192,WB_CENTRE_SIL_02,HALL_01,18,Q54,D,0.0
WBSSC_SLST_0192,WB_CENTRE_SIL_02,HALL_01,18,Q55,D,0.0
WBSSC_SLST_0192,WB_CENTRE_SIL_02,HALL_01,18,Q56,A,0.0
WBSSC_SLST_0192,WB_CENTRE_SIL_02,HALL_01,18,Q57,A,0.0
WBSSC_SLST_0192,WB_CENTRE_SIL_02,HALL_01,18,Q58,A,0.0
WBSSC_SLST_0192,WB_CENTRE_SIL_02,HALL_01,18,Q59,C,0.0
WBSSC_SLST_0192,WB_CENTRE_SIL_02,HALL_01,18,Q60,C,0.0
WBSSC_SLST_0193,WB_CENTRE_SIL_02,HALL_02,19,Q01,B,1.0
WBSSC_SLST_0193,WB_CENTRE_SIL_02,HALL_02,19,Q02,B,1.0
WBSSC_SLST_0193,WB_CENTRE_SIL_02,HALL_02,19,Q03,B,1.0
WBSSC_SLST_0193,WB_CENTRE_SIL_02,HALL_02,19,Q04,B,1.0
WBSSC_SLST_0193,WB_CENTRE_SIL_02,HALL_02,19,Q05,B,1.0
WBSSC_SLST_0193,WB_CENTRE_SIL_02,HALL_02,19,Q06,B,1.0
WBSSC_SLST_0193,WB_CENTRE_SIL_02,HALL_02,19,Q07,B,1.0
WBSSC_SLST_0193,WB_CENTRE_SIL_02,HALL_02,19,Q08,B,1.0
WBSSC_SLST_0193,WB_CENTRE_SIL_02,HALL_02,19,Q09,B,1.0
WBSSC_SLST_0193,WB_CENTRE_SIL_02,HALL_02,19,Q10,B,1.0
WBSSC_SLST_0193,WB_CENTRE_SIL_02,HALL_02,19,Q11,B,1.0
WBSSC_SLST_0193,WB_CENTRE_SIL_02,HALL_02,19,Q12,B,1.0
WBSSC_SLST_0193,WB_CENTRE_SIL_02,HALL_02,19,Q13,B,1.0
WBSSC_SLST_0193,WB_CENTRE_SIL_02,HALL_02,19,Q14,B,1.0
WBSSC_SLST_0193,WB_CENTRE_SIL_02,HALL_02,19,Q15,B,1.0
WBSSC_SLST_0193,WB_CENTRE_SIL_02,HALL_02,19,Q16,B,1.0
WBSSC_SLST_0193,WB_CENTRE_SIL_02,HALL_02,19,Q17,B,1.0
WBSSC_SLST_0193,WB_CENTRE_SIL_02,HALL_02,19,Q18,B,1.0
WBSSC_SLST_0193,WB_CENTRE_SIL_02,HALL_02,19,Q19,B,1.0
WBSSC_SLST_0193,WB_CENTRE_SIL_02,HALL_02,19,Q20,B,1.0
WBSSC_SLST_0193,WB_CENTRE_SIL_02,HALL_02,19,Q21,B,1.0
WBSSC_SLST_0193,WB_CENTRE_SIL_02,HALL_02,19,Q22,B,1.0
WBSSC_SLST_0193,WB_CENTRE_SIL_02,HALL_02,19,Q23,B,1.0
WBSSC_SLST_0193,WB_CENTRE_SIL_02,HALL_02,19,Q24,B,1.0
WBSSC_SLST_0193,WB_CENTRE_SIL_02,HALL_02,19,Q25,B,1.0
WBSSC_SLST_0193,WB_CENTRE_SIL_02,HALL_02,19,Q26,B,1.0
WBSSC_SLST_0193,WB_CENTRE_SIL_02,HALL_02,19,Q27,B,1.0
WBSSC_SLST_0193,WB_CENTRE_SIL_02,HALL_02,19,Q28,B,1.0
WBSSC_SLST_0193,WB_CENTRE_SIL_02,HALL_02,19,Q29,B,1.0
WBSSC_SLST_0193,WB_CENTRE_SIL_02,HALL_02,19,Q30,A,0.0
WBSSC_SLST_0193,WB_CENTRE_SIL_02,HALL_02,19,Q31,A,0.0
WBSSC_SLST_0193,WB_CENTRE_SIL_02,HALL_02,19,Q32,D,0.0
WBSSC_SLST_0193,WB_CENTRE_SIL_02,HALL_02,19,Q33,A,0.0
WBSSC_SLST_0193,WB_CENTRE_SIL_02,HALL_02,19,Q34,C,0.0
WBSSC_SLST_0193,WB_CENTRE_SIL_02,HALL_02,19,Q35,D,0.0
WBSSC_SLST_0193,WB_CENTRE_SIL_02,HALL_02,19,Q36,C,0.0
WBSSC_SLST_0193,WB_CENTRE_SIL_02,HALL_02,19,Q37,C,0.0
WBSSC_SLST_0193,WB_CENTRE_SIL_02,HALL_02,19,Q38,C,0.0
WBSSC_SLST_0193,WB_CENTRE_SIL_02,HALL_02,19,Q39,A,0.0
WBSSC_SLST_0193,WB_CENTRE_SIL_02,HALL_02,19,Q40,D,0.0
WBSSC_SLST_0193,WB_CENTRE_SIL_02,HALL_02,19,Q41,A,0.0
WBSSC_SLST_0193,WB_CENTRE_SIL_02,HALL_02,19,Q42,C,0.0
WBSSC_SLST_0193,WB_CENTRE_SIL_02,HALL_02,19,Q43,A,0.0
WBSSC_SLST_0193,WB_CENTRE_SIL_02,HALL_02,19,Q44,D,0.0
WBSSC_SLST_0193,WB_CENTRE_SIL_02,HALL_02,19,Q45,A,0.0
WBSSC_SLST_0193,WB_CENTRE_SIL_02,HALL_02,19,Q46,A,0.0
WBSSC_SLST_0193,WB_CENTRE_SIL_02,HALL_02,19,Q47,A,0.0
WBSSC_SLST_0193,WB_CENTRE_SIL_02,HALL_02,19,Q48,A,0.0
WBSSC_SLST_0193,WB_CENTRE_SIL_02,HALL_02,19,Q49,C,0.0
WBSSC_SLST_0193,WB_CENTRE_SIL_02,HALL_02,19,Q50,A,0.0
WBSSC_SLST_0193,WB_CENTRE_SIL_02,HALL_02,19,Q51,C,0.0
WBSSC_SLST_0193,WB_CENTRE_SIL_02,HALL_02,19,Q52,C,0.0
WBSSC_SLST_0193,WB_CENTRE_SIL_02,HALL_02,19,Q53,A,0.0
WBSSC_SLST_0193,WB_CENTRE_SIL_02,HALL_02,19,Q54,C,0.0
WBSSC_SLST_0193,WB_CENTRE_SIL_02,HALL_02,19,Q55,D,0.0
WBSSC_SLST_0193,WB_CENTRE_SIL_02,HALL_02,19,Q56,C,0.0
WBSSC_SLST_0193,WB_CENTRE_SIL_02,HALL_02,19,Q57,D,0.0
WBSSC_SLST_0193,WB_CENTRE_SIL_02,HALL_02,19,Q58,D,0.0
WBSSC_SLST_0193,WB_CENTRE_SIL_02,HALL_02,19,Q59,A,0.0
WBSSC_SLST_0193,WB_CENTRE_SIL_02,HALL_02,19,Q60,D,0.0
WBSSC_SLST_0194,WB_CENTRE_SIL_02,HALL_03,20,Q01,B,1.0
WBSSC_SLST_0194,WB_CENTRE_SIL_02,HALL_03,20,Q02,B,1.0
WBSSC_SLST_0194,WB_CENTRE_SIL_02,HALL_03,20,Q03,B,1.0
WBSSC_SLST_0194,WB_CENTRE_SIL_02,HALL_03,20,Q04,B,1.0
WBSSC_SLST_0194,WB_CENTRE_SIL_02,HALL_03,20,Q05,B,1.0
WBSSC_SLST_0194,WB_CENTRE_SIL_02,HALL_03,20,Q06,B,1.0
WBSSC_SLST_0194,WB_CENTRE_SIL_02,HALL_03,20,Q07,B,1.0
WBSSC_SLST_0194,WB_CENTRE_SIL_02,HALL_03,20,Q08,B,1.0
WBSSC_SLST_0194,WB_CENTRE_SIL_02,HALL_03,20,Q09,B,1.0
WBSSC_SLST_0194,WB_CENTRE_SIL_02,HALL_03,20,Q10,B,1.0
WBSSC_SLST_0194,WB_CENTRE_SIL_02,HALL_03,20,Q11,B,1.0
WBSSC_SLST_0194,WB_CENTRE_SIL_02,HALL_03,20,Q12,B,1.0
WBSSC_SLST_0194,WB_CENTRE_SIL_02,HALL_03,20,Q13,B,1.0
WBSSC_SLST_0194,WB_CENTRE_SIL_02,HALL_03,20,Q14,B,1.0
WBSSC_SLST_0194,WB_CENTRE_SIL_02,HALL_03,20,Q15,B,1.0
WBSSC_SLST_0194,WB_CENTRE_SIL_02,HALL_03,20,Q16,B,1.0
WBSSC_SLST_0194,WB_CENTRE_SIL_02,HALL_03,20,Q17,B,1.0
WBSSC_SLST_0194,WB_CENTRE_SIL_02,HALL_03,20,Q18,B,1.0
WBSSC_SLST_0194,WB_CENTRE_SIL_02,HALL_03,20,Q19,B,1.0
WBSSC_SLST_0194,WB_CENTRE_SIL_02,HALL_03,20,Q20,B,1.0
WBSSC_SLST_0194,WB_CENTRE_SIL_02,HALL_03,20,Q21,B,1.0
WBSSC_SLST_0194,WB_CENTRE_SIL_02,HALL_03,20,Q22,B,1.0
WBSSC_SLST_0194,WB_CENTRE_SIL_02,HALL_03,20,Q23,B,1.0
WBSSC_SLST_0194,WB_CENTRE_SIL_02,HALL_03,20,Q24,B,1.0
WBSSC_SLST_0194,WB_CENTRE_SIL_02,HALL_03,20,Q25,B,1.0
WBSSC_SLST_0194,WB_CENTRE_SIL_02,HALL_03,20,Q26,B,1.0
WBSSC_SLST_0194,WB_CENTRE_SIL_02,HALL_03,20,Q27,B,1.0
WBSSC_SLST_0194,WB_CENTRE_SIL_02,HALL_03,20,Q28,B,1.0
WBSSC_SLST_0194,WB_CENTRE_SIL_02,HALL_03,20,Q29,B,1.0
WBSSC_SLST_0194,WB_CENTRE_SIL_02,HALL_03,20,Q30,B,1.0
WBSSC_SLST_0194,WB_CENTRE_SIL_02,HALL_03,20,Q31,B,1.0
WBSSC_SLST_0194,WB_CENTRE_SIL_02,HALL_03,20,Q32,B,1.0
WBSSC_SLST_0194,WB_CENTRE_SIL_02,HALL_03,20,Q33,B,1.0
WBSSC_SLST_0194,WB_CENTRE_SIL_02,HALL_03,20,Q34,B,1.0
WBSSC_SLST_0194,WB_CENTRE_SIL_02,HALL_03,20,Q35,D,0.0
WBSSC_SLST_0194,WB_CENTRE_SIL_02,HALL_03,20,Q36,A,0.0
WBSSC_SLST_0194,WB_CENTRE_SIL_02,HALL_03,20,Q37,C,0.0
WBSSC_SLST_0194,WB_CENTRE_SIL_02,HALL_03,20,Q38,D,0.0
WBSSC_SLST_0194,WB_CENTRE_SIL_02,HALL_03,20,Q39,A,0.0
WBSSC_SLST_0194,WB_CENTRE_SIL_02,HALL_03,20,Q40,D,0.0
WBSSC_SLST_0194,WB_CENTRE_SIL_02,HALL_03,20,Q41,D,0.0
WBSSC_SLST_0194,WB_CENTRE_SIL_02,HALL_03,20,Q42,A,0.0
WBSSC_SLST_0194,WB_CENTRE_SIL_02,HALL_03,20,Q43,D,0.0
WBSSC_SLST_0194,WB_CENTRE_SIL_02,HALL_03,20,Q44,D,0.0
WBSSC_SLST_0194,WB_CENTRE_SIL_02,HALL_03,20,Q45,C,0.0
WBSSC_SLST_0194,WB_CENTRE_SIL_02,HALL_03,20,Q46,A,0.0
WBSSC_SLST_0194,WB_CENTRE_SIL_02,HALL_03,20,Q47,D,0.0
WBSSC_SLST_0194,WB_CENTRE_SIL_02,HALL_03,20,Q48,D,0.0
WBSSC_SLST_0194,WB_CENTRE_SIL_02,HALL_03,20,Q49,C,0.0
WBSSC_SLST_0194,WB_CENTRE_SIL_02,HALL_03,20,Q50,D,0.0
WBSSC_SLST_0194,WB_CENTRE_SIL_02,HALL_03,20,Q51,A,0.0
WBSSC_SLST_0194,WB_CENTRE_SIL_02,HALL_03,20,Q52,A,0.0
WBSSC_SLST_0194,WB_CENTRE_SIL_02,HALL_03,20,Q53,C,0.0
WBSSC_SLST_0194,WB_CENTRE_SIL_02,HALL_03,20,Q54,C,0.0
WBSSC_SLST_0194,WB_CENTRE_SIL_02,HALL_03,20,Q55,A,0.0
WBSSC_SLST_0194,WB_CENTRE_SIL_02,HALL_03,20,Q56,D,0.0
WBSSC_SLST_0194,WB_CENTRE_SIL_02,HALL_03,20,Q57,D,0.0
WBSSC_SLST_0194,WB_CENTRE_SIL_02,HALL_03,20,Q58,A,0.0
WBSSC_SLST_0194,WB_CENTRE_SIL_02,HALL_03,20,Q59,D,0.0
WBSSC_SLST_0194,WB_CENTRE_SIL_02,HALL_03,20,Q60,A,0.0
WBSSC_SLST_0195,WB_CENTRE_SIL_02,HALL_04,21,Q01,B,1.0
WBSSC_SLST_0195,WB_CENTRE_SIL_02,HALL_04,21,Q02,B,1.0
WBSSC_SLST_0195,WB_CENTRE_SIL_02,HALL_04,21,Q03,B,1.0
WBSSC_SLST_0195,WB_CENTRE_SIL_02,HALL_04,21,Q04,B,1.0
WBSSC_SLST_0195,WB_CENTRE_SIL_02,HALL_04,21,Q05,B,1.0
WBSSC_SLST_0195,WB_CENTRE_SIL_02,HALL_04,21,Q06,B,1.0
WBSSC_SLST_0195,WB_CENTRE_SIL_02,HALL_04,21,Q07,B,1.0
WBSSC_SLST_0195,WB_CENTRE_SIL_02,HALL_04,21,Q08,B,1.0
WBSSC_SLST_0195,WB_CENTRE_SIL_02,HALL_04,21,Q09,B,1.0
WBSSC_SLST_0195,WB_CENTRE_SIL_02,HALL_04,21,Q10,B,1.0
WBSSC_SLST_0195,WB_CENTRE_SIL_02,HALL_04,21,Q11,B,1.0
WBSSC_SLST_0195,WB_CENTRE_SIL_02,HALL_04,21,Q12,B,1.0
WBSSC_SLST_0195,WB_CENTRE_SIL_02,HALL_04,21,Q13,B,1.0
WBSSC_SLST_0195,WB_CENTRE_SIL_02,HALL_04,21,Q14,B,1.0
WBSSC_SLST_0195,WB_CENTRE_SIL_02,HALL_04,21,Q15,B,1.0
WBSSC_SLST_0195,WB_CENTRE_SIL_02,HALL_04,21,Q16,B,1.0
WBSSC_SLST_0195,WB_CENTRE_SIL_02,HALL_04,21,Q17,B,1.0
WBSSC_SLST_0195,WB_CENTRE_SIL_02,HALL_04,21,Q18,B,1.0
WBSSC_SLST_0195,WB_CENTRE_SIL_02,HALL_04,21,Q19,B,1.0
WBSSC_SLST_0195,WB_CENTRE_SIL_02,HALL_04,21,Q20,B,1.0
WBSSC_SLST_0195,WB_CENTRE_SIL_02,HALL_04,21,Q21,B,1.0
WBSSC_SLST_0195,WB_CENTRE_SIL_02,HALL_04,21,Q22,B,1.0
WBSSC_SLST_0195,WB_CENTRE_SIL_02,HALL_04,21,Q23,B,1.0
WBSSC_SLST_0195,WB_CENTRE_SIL_02,HALL_04,21,Q24,B,1.0
WBSSC_SLST_0195,WB_CENTRE_SIL_02,HALL_04,21,Q25,B,1.0
WBSSC_SLST_0195,WB_CENTRE_SIL_02,HALL_04,21,Q26,B,1.0
WBSSC_SLST_0195,WB_CENTRE_SIL_02,HALL_04,21,Q27,B,1.0
WBSSC_SLST_0195,WB_CENTRE_SIL_02,HALL_04,21,Q28,B,1.0
WBSSC_SLST_0195,WB_CENTRE_SIL_02,HALL_04,21,Q29,B,1.0
WBSSC_SLST_0195,WB_CENTRE_SIL_02,HALL_04,21,Q30,B,1.0
WBSSC_SLST_0195,WB_CENTRE_SIL_02,HALL_04,21,Q31,B,1.0
WBSSC_SLST_0195,WB_CENTRE_SIL_02,HALL_04,21,Q32,B,1.0
WBSSC_SLST_0195,WB_CENTRE_SIL_02,HALL_04,21,Q33,B,1.0
WBSSC_SLST_0195,WB_CENTRE_SIL_02,HALL_04,21,Q34,B,1.0
WBSSC_SLST_0195,WB_CENTRE_SIL_02,HALL_04,21,Q35,B,1.0
WBSSC_SLST_0195,WB_CENTRE_SIL_02,HALL_04,21,Q36,B,1.0
WBSSC_SLST_0195,WB_CENTRE_SIL_02,HALL_04,21,Q37,B,1.0
WBSSC_SLST_0195,WB_CENTRE_SIL_02,HALL_04,21,Q38,B,1.0
WBSSC_SLST_0195,WB_CENTRE_SIL_02,HALL_04,21,Q39,B,1.0
WBSSC_SLST_0195,WB_CENTRE_SIL_02,HALL_04,21,Q40,D,0.0
WBSSC_SLST_0195,WB_CENTRE_SIL_02,HALL_04,21,Q41,D,0.0
WBSSC_SLST_0195,WB_CENTRE_SIL_02,HALL_04,21,Q42,C,0.0
WBSSC_SLST_0195,WB_CENTRE_SIL_02,HALL_04,21,Q43,A,0.0
WBSSC_SLST_0195,WB_CENTRE_SIL_02,HALL_04,21,Q44,D,0.0
WBSSC_SLST_0195,WB_CENTRE_SIL_02,HALL_04,21,Q45,D,0.0
WBSSC_SLST_0195,WB_CENTRE_SIL_02,HALL_04,21,Q46,A,0.0
WBSSC_SLST_0195,WB_CENTRE_SIL_02,HALL_04,21,Q47,C,0.0
WBSSC_SLST_0195,WB_CENTRE_SIL_02,HALL_04,21,Q48,A,0.0
WBSSC_SLST_0195,WB_CENTRE_SIL_02,HALL_04,21,Q49,D,0.0
WBSSC_SLST_0195,WB_CENTRE_SIL_02,HALL_04,21,Q50,A,0.0
WBSSC_SLST_0195,WB_CENTRE_SIL_02,HALL_04,21,Q51,C,0.0
WBSSC_SLST_0195,WB_CENTRE_SIL_02,HALL_04,21,Q52,C,0.0
WBSSC_SLST_0195,WB_CENTRE_SIL_02,HALL_04,21,Q53,C,0.0
WBSSC_SLST_0195,WB_CENTRE_SIL_02,HALL_04,21,Q54,A,0.0
WBSSC_SLST_0195,WB_CENTRE_SIL_02,HALL_04,21,Q55,C,0.0
WBSSC_SLST_0195,WB_CENTRE_SIL_02,HALL_04,21,Q56,C,0.0
WBSSC_SLST_0195,WB_CENTRE_SIL_02,HALL_04,21,Q57,A,0.0
WBSSC_SLST_0195,WB_CENTRE_SIL_02,HALL_04,21,Q58,C,0.0
WBSSC_SLST_0195,WB_CENTRE_SIL_02,HALL_04,21,Q59,D,0.0
WBSSC_SLST_0195,WB_CENTRE_SIL_02,HALL_04,21,Q60,C,0.0
WBSSC_SLST_0196,WB_CENTRE_SIL_02,HALL_01,22,Q01,B,1.0
WBSSC_SLST_0196,WB_CENTRE_SIL_02,HALL_01,22,Q02,B,1.0
WBSSC_SLST_0196,WB_CENTRE_SIL_02,HALL_01,22,Q03,B,1.0
WBSSC_SLST_0196,WB_CENTRE_SIL_02,HALL_01,22,Q04,B,1.0
WBSSC_SLST_0196,WB_CENTRE_SIL_02,HALL_01,22,Q05,B,1.0
WBSSC_SLST_0196,WB_CENTRE_SIL_02,HALL_01,22,Q06,B,1.0
WBSSC_SLST_0196,WB_CENTRE_SIL_02,HALL_01,22,Q07,B,1.0
WBSSC_SLST_0196,WB_CENTRE_SIL_02,HALL_01,22,Q08,B,1.0
WBSSC_SLST_0196,WB_CENTRE_SIL_02,HALL_01,22,Q09,B,1.0
WBSSC_SLST_0196,WB_CENTRE_SIL_02,HALL_01,22,Q10,B,1.0
WBSSC_SLST_0196,WB_CENTRE_SIL_02,HALL_01,22,Q11,B,1.0
WBSSC_SLST_0196,WB_CENTRE_SIL_02,HALL_01,22,Q12,B,1.0
WBSSC_SLST_0196,WB_CENTRE_SIL_02,HALL_01,22,Q13,B,1.0
WBSSC_SLST_0196,WB_CENTRE_SIL_02,HALL_01,22,Q14,B,1.0
WBSSC_SLST_0196,WB_CENTRE_SIL_02,HALL_01,22,Q15,B,1.0
WBSSC_SLST_0196,WB_CENTRE_SIL_02,HALL_01,22,Q16,B,1.0
WBSSC_SLST_0196,WB_CENTRE_SIL_02,HALL_01,22,Q17,B,1.0
WBSSC_SLST_0196,WB_CENTRE_SIL_02,HALL_01,22,Q18,B,1.0
WBSSC_SLST_0196,WB_CENTRE_SIL_02,HALL_01,22,Q19,B,1.0
WBSSC_SLST_0196,WB_CENTRE_SIL_02,HALL_01,22,Q20,B,1.0
WBSSC_SLST_0196,WB_CENTRE_SIL_02,HALL_01,22,Q21,A,0.0
WBSSC_SLST_0196,WB_CENTRE_SIL_02,HALL_01,22,Q22,D,0.0
WBSSC_SLST_0196,WB_CENTRE_SIL_02,HALL_01,22,Q23,D,0.0
WBSSC_SLST_0196,WB_CENTRE_SIL_02,HALL_01,22,Q24,D,0.0
WBSSC_SLST_0196,WB_CENTRE_SIL_02,HALL_01,22,Q25,A,0.0
WBSSC_SLST_0196,WB_CENTRE_SIL_02,HALL_01,22,Q26,C,0.0
WBSSC_SLST_0196,WB_CENTRE_SIL_02,HALL_01,22,Q27,C,0.0
WBSSC_SLST_0196,WB_CENTRE_SIL_02,HALL_01,22,Q28,A,0.0
WBSSC_SLST_0196,WB_CENTRE_SIL_02,HALL_01,22,Q29,C,0.0
WBSSC_SLST_0196,WB_CENTRE_SIL_02,HALL_01,22,Q30,D,0.0
WBSSC_SLST_0196,WB_CENTRE_SIL_02,HALL_01,22,Q31,C,0.0
WBSSC_SLST_0196,WB_CENTRE_SIL_02,HALL_01,22,Q32,A,0.0
WBSSC_SLST_0196,WB_CENTRE_SIL_02,HALL_01,22,Q33,D,0.0
WBSSC_SLST_0196,WB_CENTRE_SIL_02,HALL_01,22,Q34,C,0.0
WBSSC_SLST_0196,WB_CENTRE_SIL_02,HALL_01,22,Q35,D,0.0
WBSSC_SLST_0196,WB_CENTRE_SIL_02,HALL_01,22,Q36,C,0.0
WBSSC_SLST_0196,WB_CENTRE_SIL_02,HALL_01,22,Q37,C,0.0
WBSSC_SLST_0196,WB_CENTRE_SIL_02,HALL_01,22,Q38,D,0.0
WBSSC_SLST_0196,WB_CENTRE_SIL_02,HALL_01,22,Q39,A,0.0
WBSSC_SLST_0196,WB_CENTRE_SIL_02,HALL_01,22,Q40,A,0.0
WBSSC_SLST_0196,WB_CENTRE_SIL_02,HALL_01,22,Q41,A,0.0
WBSSC_SLST_0196,WB_CENTRE_SIL_02,HALL_01,22,Q42,D,0.0
WBSSC_SLST_0196,WB_CENTRE_SIL_02,HALL_01,22,Q43,D,0.0
WBSSC_SLST_0196,WB_CENTRE_SIL_02,HALL_01,22,Q44,A,0.0
WBSSC_SLST_0196,WB_CENTRE_SIL_02,HALL_01,22,Q45,D,0.0
WBSSC_SLST_0196,WB_CENTRE_SIL_02,HALL_01,22,Q46,A,0.0
WBSSC_SLST_0196,WB_CENTRE_SIL_02,HALL_01,22,Q47,D,0.0
WBSSC_SLST_0196,WB_CENTRE_SIL_02,HALL_01,22,Q48,C,0.0
WBSSC_SLST_0196,WB_CENTRE_SIL_02,HALL_01,22,Q49,D,0.0
WBSSC_SLST_0196,WB_CENTRE_SIL_02,HALL_01,22,Q50,D,0.0
WBSSC_SLST_0196,WB_CENTRE_SIL_02,HALL_01,22,Q51,D,0.0
WBSSC_SLST_0196,WB_CENTRE_SIL_02,HALL_01,22,Q52,A,0.0
WBSSC_SLST_0196,WB_CENTRE_SIL_02,HALL_01,22,Q53,D,0.0
WBSSC_SLST_0196,WB_CENTRE_SIL_02,HALL_01,22,Q54,D,0.0
WBSSC_SLST_0196,WB_CENTRE_SIL_02,HALL_01,22,Q55,D,0.0
WBSSC_SLST_0196,WB_CENTRE_SIL_02,HALL_01,22,Q56,C,0.0
WBSSC_SLST_0196,WB_CENTRE_SIL_02,HALL_01,22,Q57,D,0.0
WBSSC_SLST_0196,WB_CENTRE_SIL_02,HALL_01,22,Q58,A,0.0
WBSSC_SLST_0196,WB_CENTRE_SIL_02,HALL_01,22,Q59,D,0.0
WBSSC_SLST_0196,WB_CENTRE_SIL_02,HALL_01,22,Q60,C,0.0
WBSSC_SLST_0197,WB_CENTRE_SIL_02,HALL_02,23,Q01,B,1.0
WBSSC_SLST_0197,WB_CENTRE_SIL_02,HALL_02,23,Q02,B,1.0
WBSSC_SLST_0197,WB_CENTRE_SIL_02,HALL_02,23,Q03,B,1.0
WBSSC_SLST_0197,WB_CENTRE_SIL_02,HALL_02,23,Q04,B,1.0
WBSSC_SLST_0197,WB_CENTRE_SIL_02,HALL_02,23,Q05,B,1.0
WBSSC_SLST_0197,WB_CENTRE_SIL_02,HALL_02,23,Q06,B,1.0
WBSSC_SLST_0197,WB_CENTRE_SIL_02,HALL_02,23,Q07,B,1.0
WBSSC_SLST_0197,WB_CENTRE_SIL_02,HALL_02,23,Q08,B,1.0
WBSSC_SLST_0197,WB_CENTRE_SIL_02,HALL_02,23,Q09,B,1.0
WBSSC_SLST_0197,WB_CENTRE_SIL_02,HALL_02,23,Q10,B,1.0
WBSSC_SLST_0197,WB_CENTRE_SIL_02,HALL_02,23,Q11,B,1.0
WBSSC_SLST_0197,WB_CENTRE_SIL_02,HALL_02,23,Q12,B,1.0
WBSSC_SLST_0197,WB_CENTRE_SIL_02,HALL_02,23,Q13,B,1.0
WBSSC_SLST_0197,WB_CENTRE_SIL_02,HALL_02,23,Q14,B,1.0
WBSSC_SLST_0197,WB_CENTRE_SIL_02,HALL_02,23,Q15,B,1.0
WBSSC_SLST_0197,WB_CENTRE_SIL_02,HALL_02,23,Q16,B,1.0
WBSSC_SLST_0197,WB_CENTRE_SIL_02,HALL_02,23,Q17,B,1.0
WBSSC_SLST_0197,WB_CENTRE_SIL_02,HALL_02,23,Q18,B,1.0
WBSSC_SLST_0197,WB_CENTRE_SIL_02,HALL_02,23,Q19,B,1.0
WBSSC_SLST_0197,WB_CENTRE_SIL_02,HALL_02,23,Q20,B,1.0
WBSSC_SLST_0197,WB_CENTRE_SIL_02,HALL_02,23,Q21,B,1.0
WBSSC_SLST_0197,WB_CENTRE_SIL_02,HALL_02,23,Q22,B,1.0
WBSSC_SLST_0197,WB_CENTRE_SIL_02,HALL_02,23,Q23,B,1.0
WBSSC_SLST_0197,WB_CENTRE_SIL_02,HALL_02,23,Q24,B,1.0
WBSSC_SLST_0197,WB_CENTRE_SIL_02,HALL_02,23,Q25,B,1.0
WBSSC_SLST_0197,WB_CENTRE_SIL_02,HALL_02,23,Q26,B,1.0
WBSSC_SLST_0197,WB_CENTRE_SIL_02,HALL_02,23,Q27,B,1.0
WBSSC_SLST_0197,WB_CENTRE_SIL_02,HALL_02,23,Q28,B,1.0
WBSSC_SLST_0197,WB_CENTRE_SIL_02,HALL_02,23,Q29,B,1.0
WBSSC_SLST_0197,WB_CENTRE_SIL_02,HALL_02,23,Q30,B,1.0
WBSSC_SLST_0197,WB_CENTRE_SIL_02,HALL_02,23,Q31,B,1.0
WBSSC_SLST_0197,WB_CENTRE_SIL_02,HALL_02,23,Q32,B,1.0
WBSSC_SLST_0197,WB_CENTRE_SIL_02,HALL_02,23,Q33,C,0.0
WBSSC_SLST_0197,WB_CENTRE_SIL_02,HALL_02,23,Q34,A,0.0
WBSSC_SLST_0197,WB_CENTRE_SIL_02,HALL_02,23,Q35,C,0.0
WBSSC_SLST_0197,WB_CENTRE_SIL_02,HALL_02,23,Q36,D,0.0
WBSSC_SLST_0197,WB_CENTRE_SIL_02,HALL_02,23,Q37,C,0.0
WBSSC_SLST_0197,WB_CENTRE_SIL_02,HALL_02,23,Q38,A,0.0
WBSSC_SLST_0197,WB_CENTRE_SIL_02,HALL_02,23,Q39,C,0.0
WBSSC_SLST_0197,WB_CENTRE_SIL_02,HALL_02,23,Q40,A,0.0
WBSSC_SLST_0197,WB_CENTRE_SIL_02,HALL_02,23,Q41,C,0.0
WBSSC_SLST_0197,WB_CENTRE_SIL_02,HALL_02,23,Q42,A,0.0
WBSSC_SLST_0197,WB_CENTRE_SIL_02,HALL_02,23,Q43,A,0.0
WBSSC_SLST_0197,WB_CENTRE_SIL_02,HALL_02,23,Q44,A,0.0
WBSSC_SLST_0197,WB_CENTRE_SIL_02,HALL_02,23,Q45,D,0.0
WBSSC_SLST_0197,WB_CENTRE_SIL_02,HALL_02,23,Q46,D,0.0
WBSSC_SLST_0197,WB_CENTRE_SIL_02,HALL_02,23,Q47,D,0.0
WBSSC_SLST_0197,WB_CENTRE_SIL_02,HALL_02,23,Q48,A,0.0
WBSSC_SLST_0197,WB_CENTRE_SIL_02,HALL_02,23,Q49,C,0.0
WBSSC_SLST_0197,WB_CENTRE_SIL_02,HALL_02,23,Q50,D,0.0
WBSSC_SLST_0197,WB_CENTRE_SIL_02,HALL_02,23,Q51,A,0.0
WBSSC_SLST_0197,WB_CENTRE_SIL_02,HALL_02,23,Q52,D,0.0
WBSSC_SLST_0197,WB_CENTRE_SIL_02,HALL_02,23,Q53,C,0.0
WBSSC_SLST_0197,WB_CENTRE_SIL_02,HALL_02,23,Q54,C,0.0
WBSSC_SLST_0197,WB_CENTRE_SIL_02,HALL_02,23,Q55,C,0.0
WBSSC_SLST_0197,WB_CENTRE_SIL_02,HALL_02,23,Q56,D,0.0
WBSSC_SLST_0197,WB_CENTRE_SIL_02,HALL_02,23,Q57,D,0.0
WBSSC_SLST_0197,WB_CENTRE_SIL_02,HALL_02,23,Q58,C,0.0
WBSSC_SLST_0197,WB_CENTRE_SIL_02,HALL_02,23,Q59,C,0.0
WBSSC_SLST_0197,WB_CENTRE_SIL_02,HALL_02,23,Q60,D,0.0
WBSSC_SLST_0198,WB_CENTRE_SIL_02,HALL_03,24,Q01,B,1.0
WBSSC_SLST_0198,WB_CENTRE_SIL_02,HALL_03,24,Q02,B,1.0
WBSSC_SLST_0198,WB_CENTRE_SIL_02,HALL_03,24,Q03,B,1.0
WBSSC_SLST_0198,WB_CENTRE_SIL_02,HALL_03,24,Q04,B,1.0
WBSSC_SLST_0198,WB_CENTRE_SIL_02,HALL_03,24,Q05,B,1.0
WBSSC_SLST_0198,WB_CENTRE_SIL_02,HALL_03,24,Q06,B,1.0
WBSSC_SLST_0198,WB_CENTRE_SIL_02,HALL_03,24,Q07,B,1.0
WBSSC_SLST_0198,WB_CENTRE_SIL_02,HALL_03,24,Q08,B,1.0
WBSSC_SLST_0198,WB_CENTRE_SIL_02,HALL_03,24,Q09,B,1.0
WBSSC_SLST_0198,WB_CENTRE_SIL_02,HALL_03,24,Q10,B,1.0
WBSSC_SLST_0198,WB_CENTRE_SIL_02,HALL_03,24,Q11,B,1.0
WBSSC_SLST_0198,WB_CENTRE_SIL_02,HALL_03,24,Q12,B,1.0
WBSSC_SLST_0198,WB_CENTRE_SIL_02,HALL_03,24,Q13,B,1.0
WBSSC_SLST_0198,WB_CENTRE_SIL_02,HALL_03,24,Q14,B,1.0
WBSSC_SLST_0198,WB_CENTRE_SIL_02,HALL_03,24,Q15,B,1.0
WBSSC_SLST_0198,WB_CENTRE_SIL_02,HALL_03,24,Q16,B,1.0
WBSSC_SLST_0198,WB_CENTRE_SIL_02,HALL_03,24,Q17,B,1.0
WBSSC_SLST_0198,WB_CENTRE_SIL_02,HALL_03,24,Q18,B,1.0
WBSSC_SLST_0198,WB_CENTRE_SIL_02,HALL_03,24,Q19,B,1.0
WBSSC_SLST_0198,WB_CENTRE_SIL_02,HALL_03,24,Q20,B,1.0
WBSSC_SLST_0198,WB_CENTRE_SIL_02,HALL_03,24,Q21,B,1.0
WBSSC_SLST_0198,WB_CENTRE_SIL_02,HALL_03,24,Q22,B,1.0
WBSSC_SLST_0198,WB_CENTRE_SIL_02,HALL_03,24,Q23,B,1.0
WBSSC_SLST_0198,WB_CENTRE_SIL_02,HALL_03,24,Q24,B,1.0
WBSSC_SLST_0198,WB_CENTRE_SIL_02,HALL_03,24,Q25,B,1.0
WBSSC_SLST_0198,WB_CENTRE_SIL_02,HALL_03,24,Q26,B,1.0
WBSSC_SLST_0198,WB_CENTRE_SIL_02,HALL_03,24,Q27,B,1.0
WBSSC_SLST_0198,WB_CENTRE_SIL_02,HALL_03,24,Q28,B,1.0
WBSSC_SLST_0198,WB_CENTRE_SIL_02,HALL_03,24,Q29,B,1.0
WBSSC_SLST_0198,WB_CENTRE_SIL_02,HALL_03,24,Q30,B,1.0
WBSSC_SLST_0198,WB_CENTRE_SIL_02,HALL_03,24,Q31,B,1.0
WBSSC_SLST_0198,WB_CENTRE_SIL_02,HALL_03,24,Q32,B,1.0
WBSSC_SLST_0198,WB_CENTRE_SIL_02,HALL_03,24,Q33,B,1.0
WBSSC_SLST_0198,WB_CENTRE_SIL_02,HALL_03,24,Q34,B,1.0
WBSSC_SLST_0198,WB_CENTRE_SIL_02,HALL_03,24,Q35,B,1.0
WBSSC_SLST_0198,WB_CENTRE_SIL_02,HALL_03,24,Q36,B,1.0
WBSSC_SLST_0198,WB_CENTRE_SIL_02,HALL_03,24,Q37,B,1.0
WBSSC_SLST_0198,WB_CENTRE_SIL_02,HALL_03,24,Q38,D,0.0
WBSSC_SLST_0198,WB_CENTRE_SIL_02,HALL_03,24,Q39,C,0.0
WBSSC_SLST_0198,WB_CENTRE_SIL_02,HALL_03,24,Q40,C,0.0
WBSSC_SLST_0198,WB_CENTRE_SIL_02,HALL_03,24,Q41,D,0.0
WBSSC_SLST_0198,WB_CENTRE_SIL_02,HALL_03,24,Q42,D,0.0
WBSSC_SLST_0198,WB_CENTRE_SIL_02,HALL_03,24,Q43,D,0.0
WBSSC_SLST_0198,WB_CENTRE_SIL_02,HALL_03,24,Q44,A,0.0
WBSSC_SLST_0198,WB_CENTRE_SIL_02,HALL_03,24,Q45,D,0.0
WBSSC_SLST_0198,WB_CENTRE_SIL_02,HALL_03,24,Q46,D,0.0
WBSSC_SLST_0198,WB_CENTRE_SIL_02,HALL_03,24,Q47,A,0.0
WBSSC_SLST_0198,WB_CENTRE_SIL_02,HALL_03,24,Q48,A,0.0
WBSSC_SLST_0198,WB_CENTRE_SIL_02,HALL_03,24,Q49,A,0.0
WBSSC_SLST_0198,WB_CENTRE_SIL_02,HALL_03,24,Q50,C,0.0
WBSSC_SLST_0198,WB_CENTRE_SIL_02,HALL_03,24,Q51,C,0.0
WBSSC_SLST_0198,WB_CENTRE_SIL_02,HALL_03,24,Q52,D,0.0
WBSSC_SLST_0198,WB_CENTRE_SIL_02,HALL_03,24,Q53,A,0.0
WBSSC_SLST_0198,WB_CENTRE_SIL_02,HALL_03,24,Q54,C,0.0
WBSSC_SLST_0198,WB_CENTRE_SIL_02,HALL_03,24,Q55,C,0.0
WBSSC_SLST_0198,WB_CENTRE_SIL_02,HALL_03,24,Q56,C,0.0
WBSSC_SLST_0198,WB_CENTRE_SIL_02,HALL_03,24,Q57,D,0.0
WBSSC_SLST_0198,WB_CENTRE_SIL_02,HALL_03,24,Q58,A,0.0
WBSSC_SLST_0198,WB_CENTRE_SIL_02,HALL_03,24,Q59,D,0.0
WBSSC_SLST_0198,WB_CENTRE_SIL_02,HALL_03,24,Q60,A,0.0
WBSSC_SLST_0199,WB_CENTRE_SIL_02,HALL_04,25,Q01,B,1.0
WBSSC_SLST_0199,WB_CENTRE_SIL_02,HALL_04,25,Q02,B,1.0
WBSSC_SLST_0199,WB_CENTRE_SIL_02,HALL_04,25,Q03,B,1.0
WBSSC_SLST_0199,WB_CENTRE_SIL_02,HALL_04,25,Q04,B,1.0
WBSSC_SLST_0199,WB_CENTRE_SIL_02,HALL_04,25,Q05,B,1.0
WBSSC_SLST_0199,WB_CENTRE_SIL_02,HALL_04,25,Q06,B,1.0
WBSSC_SLST_0199,WB_CENTRE_SIL_02,HALL_04,25,Q07,B,1.0
WBSSC_SLST_0199,WB_CENTRE_SIL_02,HALL_04,25,Q08,B,1.0
WBSSC_SLST_0199,WB_CENTRE_SIL_02,HALL_04,25,Q09,B,1.0
WBSSC_SLST_0199,WB_CENTRE_SIL_02,HALL_04,25,Q10,B,1.0
WBSSC_SLST_0199,WB_CENTRE_SIL_02,HALL_04,25,Q11,B,1.0
WBSSC_SLST_0199,WB_CENTRE_SIL_02,HALL_04,25,Q12,B,1.0
WBSSC_SLST_0199,WB_CENTRE_SIL_02,HALL_04,25,Q13,B,1.0
WBSSC_SLST_0199,WB_CENTRE_SIL_02,HALL_04,25,Q14,B,1.0
WBSSC_SLST_0199,WB_CENTRE_SIL_02,HALL_04,25,Q15,B,1.0
WBSSC_SLST_0199,WB_CENTRE_SIL_02,HALL_04,25,Q16,B,1.0
WBSSC_SLST_0199,WB_CENTRE_SIL_02,HALL_04,25,Q17,B,1.0
WBSSC_SLST_0199,WB_CENTRE_SIL_02,HALL_04,25,Q18,B,1.0
WBSSC_SLST_0199,WB_CENTRE_SIL_02,HALL_04,25,Q19,C,0.0
WBSSC_SLST_0199,WB_CENTRE_SIL_02,HALL_04,25,Q20,C,0.0
WBSSC_SLST_0199,WB_CENTRE_SIL_02,HALL_04,25,Q21,C,0.0
WBSSC_SLST_0199,WB_CENTRE_SIL_02,HALL_04,25,Q22,D,0.0
WBSSC_SLST_0199,WB_CENTRE_SIL_02,HALL_04,25,Q23,D,0.0
WBSSC_SLST_0199,WB_CENTRE_SIL_02,HALL_04,25,Q24,C,0.0
WBSSC_SLST_0199,WB_CENTRE_SIL_02,HALL_04,25,Q25,C,0.0
WBSSC_SLST_0199,WB_CENTRE_SIL_02,HALL_04,25,Q26,A,0.0
WBSSC_SLST_0199,WB_CENTRE_SIL_02,HALL_04,25,Q27,D,0.0
WBSSC_SLST_0199,WB_CENTRE_SIL_02,HALL_04,25,Q28,A,0.0
WBSSC_SLST_0199,WB_CENTRE_SIL_02,HALL_04,25,Q29,A,0.0
WBSSC_SLST_0199,WB_CENTRE_SIL_02,HALL_04,25,Q30,A,0.0
WBSSC_SLST_0199,WB_CENTRE_SIL_02,HALL_04,25,Q31,D,0.0
WBSSC_SLST_0199,WB_CENTRE_SIL_02,HALL_04,25,Q32,D,0.0
WBSSC_SLST_0199,WB_CENTRE_SIL_02,HALL_04,25,Q33,C,0.0
WBSSC_SLST_0199,WB_CENTRE_SIL_02,HALL_04,25,Q34,D,0.0
WBSSC_SLST_0199,WB_CENTRE_SIL_02,HALL_04,25,Q35,C,0.0
WBSSC_SLST_0199,WB_CENTRE_SIL_02,HALL_04,25,Q36,A,0.0
WBSSC_SLST_0199,WB_CENTRE_SIL_02,HALL_04,25,Q37,C,0.0
WBSSC_SLST_0199,WB_CENTRE_SIL_02,HALL_04,25,Q38,C,0.0
WBSSC_SLST_0199,WB_CENTRE_SIL_02,HALL_04,25,Q39,C,0.0
WBSSC_SLST_0199,WB_CENTRE_SIL_02,HALL_04,25,Q40,A,0.0
WBSSC_SLST_0199,WB_CENTRE_SIL_02,HALL_04,25,Q41,A,0.0
WBSSC_SLST_0199,WB_CENTRE_SIL_02,HALL_04,25,Q42,A,0.0
WBSSC_SLST_0199,WB_CENTRE_SIL_02,HALL_04,25,Q43,A,0.0
WBSSC_SLST_0199,WB_CENTRE_SIL_02,HALL_04,25,Q44,C,0.0
WBSSC_SLST_0199,WB_CENTRE_SIL_02,HALL_04,25,Q45,C,0.0
WBSSC_SLST_0199,WB_CENTRE_SIL_02,HALL_04,25,Q46,A,0.0
WBSSC_SLST_0199,WB_CENTRE_SIL_02,HALL_04,25,Q47,A,0.0
WBSSC_SLST_0199,WB_CENTRE_SIL_02,HALL_04,25,Q48,D,0.0
WBSSC_SLST_0199,WB_CENTRE_SIL_02,HALL_04,25,Q49,C,0.0
WBSSC_SLST_0199,WB_CENTRE_SIL_02,HALL_04,25,Q50,A,0.0
WBSSC_SLST_0199,WB_CENTRE_SIL_02,HALL_04,25,Q51,C,0.0
WBSSC_SLST_0199,WB_CENTRE_SIL_02,HALL_04,25,Q52,A,0.0
WBSSC_SLST_0199,WB_CENTRE_SIL_02,HALL_04,25,Q53,A,0.0
WBSSC_SLST_0199,WB_CENTRE_SIL_02,HALL_04,25,Q54,A,0.0
WBSSC_SLST_0199,WB_CENTRE_SIL_02,HALL_04,25,Q55,D,0.0
WBSSC_SLST_0199,WB_CENTRE_SIL_02,HALL_04,25,Q56,D,0.0
WBSSC_SLST_0199,WB_CENTRE_SIL_02,HALL_04,25,Q57,C,0.0
WBSSC_SLST_0199,WB_CENTRE_SIL_02,HALL_04,25,Q58,A,0.0
WBSSC_SLST_0199,WB_CENTRE_SIL_02,HALL_04,25,Q59,C,0.0
WBSSC_SLST_0199,WB_CENTRE_SIL_02,HALL_04,25,Q60,A,0.0
WBSSC_SLST_0200,WB_CENTRE_SIL_02,HALL_01,1,Q01,B,1.0
WBSSC_SLST_0200,WB_CENTRE_SIL_02,HALL_01,1,Q02,B,1.0
WBSSC_SLST_0200,WB_CENTRE_SIL_02,HALL_01,1,Q03,B,1.0
WBSSC_SLST_0200,WB_CENTRE_SIL_02,HALL_01,1,Q04,B,1.0
WBSSC_SLST_0200,WB_CENTRE_SIL_02,HALL_01,1,Q05,B,1.0
WBSSC_SLST_0200,WB_CENTRE_SIL_02,HALL_01,1,Q06,B,1.0
WBSSC_SLST_0200,WB_CENTRE_SIL_02,HALL_01,1,Q07,B,1.0
WBSSC_SLST_0200,WB_CENTRE_SIL_02,HALL_01,1,Q08,B,1.0
WBSSC_SLST_0200,WB_CENTRE_SIL_02,HALL_01,1,Q09,B,1.0
WBSSC_SLST_0200,WB_CENTRE_SIL_02,HALL_01,1,Q10,B,1.0
WBSSC_SLST_0200,WB_CENTRE_SIL_02,HALL_01,1,Q11,B,1.0
WBSSC_SLST_0200,WB_CENTRE_SIL_02,HALL_01,1,Q12,B,1.0
WBSSC_SLST_0200,WB_CENTRE_SIL_02,HALL_01,1,Q13,B,1.0
WBSSC_SLST_0200,WB_CENTRE_SIL_02,HALL_01,1,Q14,B,1.0
WBSSC_SLST_0200,WB_CENTRE_SIL_02,HALL_01,1,Q15,B,1.0
WBSSC_SLST_0200,WB_CENTRE_SIL_02,HALL_01,1,Q16,B,1.0
WBSSC_SLST_0200,WB_CENTRE_SIL_02,HALL_01,1,Q17,B,1.0
WBSSC_SLST_0200,WB_CENTRE_SIL_02,HALL_01,1,Q18,B,1.0
WBSSC_SLST_0200,WB_CENTRE_SIL_02,HALL_01,1,Q19,B,1.0
WBSSC_SLST_0200,WB_CENTRE_SIL_02,HALL_01,1,Q20,B,1.0
WBSSC_SLST_0200,WB_CENTRE_SIL_02,HALL_01,1,Q21,B,1.0
WBSSC_SLST_0200,WB_CENTRE_SIL_02,HALL_01,1,Q22,B,1.0
WBSSC_SLST_0200,WB_CENTRE_SIL_02,HALL_01,1,Q23,B,1.0
WBSSC_SLST_0200,WB_CENTRE_SIL_02,HALL_01,1,Q24,B,1.0
WBSSC_SLST_0200,WB_CENTRE_SIL_02,HALL_01,1,Q25,B,1.0
WBSSC_SLST_0200,WB_CENTRE_SIL_02,HALL_01,1,Q26,B,1.0
WBSSC_SLST_0200,WB_CENTRE_SIL_02,HALL_01,1,Q27,B,1.0
WBSSC_SLST_0200,WB_CENTRE_SIL_02,HALL_01,1,Q28,B,1.0
WBSSC_SLST_0200,WB_CENTRE_SIL_02,HALL_01,1,Q29,B,1.0
WBSSC_SLST_0200,WB_CENTRE_SIL_02,HALL_01,1,Q30,B,1.0
WBSSC_SLST_0200,WB_CENTRE_SIL_02,HALL_01,1,Q31,C,0.0
WBSSC_SLST_0200,WB_CENTRE_SIL_02,HALL_01,1,Q32,C,0.0
WBSSC_SLST_0200,WB_CENTRE_SIL_02,HALL_01,1,Q33,C,0.0
WBSSC_SLST_0200,WB_CENTRE_SIL_02,HALL_01,1,Q34,A,0.0
WBSSC_SLST_0200,WB_CENTRE_SIL_02,HALL_01,1,Q35,C,0.0
WBSSC_SLST_0200,WB_CENTRE_SIL_02,HALL_01,1,Q36,D,0.0
WBSSC_SLST_0200,WB_CENTRE_SIL_02,HALL_01,1,Q37,C,0.0
WBSSC_SLST_0200,WB_CENTRE_SIL_02,HALL_01,1,Q38,A,0.0
WBSSC_SLST_0200,WB_CENTRE_SIL_02,HALL_01,1,Q39,A,0.0
WBSSC_SLST_0200,WB_CENTRE_SIL_02,HALL_01,1,Q40,D,0.0
WBSSC_SLST_0200,WB_CENTRE_SIL_02,HALL_01,1,Q41,D,0.0
WBSSC_SLST_0200,WB_CENTRE_SIL_02,HALL_01,1,Q42,D,0.0
WBSSC_SLST_0200,WB_CENTRE_SIL_02,HALL_01,1,Q43,A,0.0
WBSSC_SLST_0200,WB_CENTRE_SIL_02,HALL_01,1,Q44,C,0.0
WBSSC_SLST_0200,WB_CENTRE_SIL_02,HALL_01,1,Q45,C,0.0
WBSSC_SLST_0200,WB_CENTRE_SIL_02,HALL_01,1,Q46,C,0.0
WBSSC_SLST_0200,WB_CENTRE_SIL_02,HALL_01,1,Q47,A,0.0
WBSSC_SLST_0200,WB_CENTRE_SIL_02,HALL_01,1,Q48,A,0.0
WBSSC_SLST_0200,WB_CENTRE_SIL_02,HALL_01,1,Q49,C,0.0
WBSSC_SLST_0200,WB_CENTRE_SIL_02,HALL_01,1,Q50,A,0.0
WBSSC_SLST_0200,WB_CENTRE_SIL_02,HALL_01,1,Q51,A,0.0
WBSSC_SLST_0200,WB_CENTRE_SIL_02,HALL_01,1,Q52,C,0.0
WBSSC_SLST_0200,WB_CENTRE_SIL_02,HALL_01,1,Q53,C,0.0
WBSSC_SLST_0200,WB_CENTRE_SIL_02,HALL_01,1,Q54,C,0.0
WBSSC_SLST_0200,WB_CENTRE_SIL_02,HALL_01,1,Q55,C,0.0
WBSSC_SLST_0200,WB_CENTRE_SIL_02,HALL_01,1,Q56,C,0.0
WBSSC_SLST_0200,WB_CENTRE_SIL_02,HALL_01,1,Q57,D,0.0
WBSSC_SLST_0200,WB_CENTRE_SIL_02,HALL_01,1,Q58,A,0.0
WBSSC_SLST_0200,WB_CENTRE_SIL_02,HALL_01,1,Q59,C,0.0
WBSSC_SLST_0200,WB_CENTRE_SIL_02,HALL_01,1,Q60,A,0.0
