candidate_id,centre_id,room_id,seat_number,question_id,selected_option,raw_score
CAND_001_01_001,CENTRE_001,R01,1,Q001,D,4.0
CAND_001_01_001,CENTRE_001,R01,1,Q002,C,4.0
CAND_001_01_001,CENTRE_001,R01,1,Q003,B,4.0
CAND_001_01_001,CENTRE_001,R01,1,Q004,D,-1.0
CAND_001_01_001,CENTRE_001,R01,1,Q005,D,4.0
CAND_001_01_001,CENTRE_001,R01,1,Q006,C,4.0
CAND_001_01_001,CENTRE_001,R01,1,Q007,B,4.0
CAND_001_01_001,CENTRE_001,R01,1,Q008,A,4.0
CAND_001_01_001,CENTRE_001,R01,1,Q009,D,4.0
CAND_001_01_001,CENTRE_001,R01,1,Q010,C,4.0
CAND_001_01_001,CENTRE_001,R01,1,Q011,B,4.0
CAND_001_01_001,CENTRE_001,R01,1,Q012,B,-1.0
CAND_001_01_001,CENTRE_001,R01,1,Q013,D,4.0
CAND_001_01_001,CENTRE_001,R01,1,Q014,C,4.0
CAND_001_01_001,CENTRE_001,R01,1,Q015,A,-1.0
CAND_001_01_001,CENTRE_001,R01,1,Q016,B,-1.0
CAND_001_01_001,CENTRE_001,R01,1,Q017,D,4.0
CAND_001_01_001,CENTRE_001,R01,1,Q018,B,-1.0
CAND_001_01_001,CENTRE_001,R01,1,Q019,B,4.0
CAND_001_01_001,CENTRE_001,R01,1,Q020,B,-1.0
CAND_001_01_001,CENTRE_001,R01,1,Q021,B,-1.0
CAND_001_01_001,CENTRE_001,R01,1,Q022,C,4.0
CAND_001_01_001,CENTRE_001,R01,1,Q023,B,4.0
CAND_001_01_001,CENTRE_001,R01,1,Q024,A,4.0
CAND_001_01_001,CENTRE_001,R01,1,Q025,A,-1.0
CAND_001_01_001,CENTRE_001,R01,1,Q026,,0.0
CAND_001_01_001,CENTRE_001,R01,1,Q027,B,4.0
CAND_001_01_001,CENTRE_001,R01,1,Q028,A,4.0
CAND_001_01_001,CENTRE_001,R01,1,Q029,D,4.0
CAND_001_01_001,CENTRE_001,R01,1,Q030,C,4.0
CAND_001_01_001,CENTRE_001,R01,1,Q031,B,4.0
CAND_001_01_001,CENTRE_001,R01,1,Q032,A,4.0
CAND_001_01_001,CENTRE_001,R01,1,Q033,D,4.0
CAND_001_01_001,CENTRE_001,R01,1,Q034,C,4.0
CAND_001_01_001,CENTRE_001,R01,1,Q035,B,4.0
CAND_001_01_001,CENTRE_001,R01,1,Q036,A,4.0
CAND_001_01_001,CENTRE_001,R01,1,Q037,D,4.0
CAND_001_01_001,CENTRE_001,R01,1,Q038,D,-1.0
CAND_001_01_001,CENTRE_001,R01,1,Q039,B,4.0
CAND_001_01_001,CENTRE_001,R01,1,Q040,A,4.0
CAND_001_01_001,CENTRE_001,R01,1,Q041,D,4.0
CAND_001_01_001,CENTRE_001,R01,1,Q042,C,4.0
CAND_001_01_001,CENTRE_001,R01,1,Q043,B,4.0
CAND_001_01_001,CENTRE_001,R01,1,Q044,B,-1.0
CAND_001_01_001,CENTRE_001,R01,1,Q045,A,-1.0
CAND_001_01_001,CENTRE_001,R01,1,Q046,C,4.0
CAND_001_01_001,CENTRE_001,R01,1,Q047,B,4.0
CAND_001_01_001,CENTRE_001,R01,1,Q048,A,4.0
CAND_001_01_001,CENTRE_001,R01,1,Q049,D,4.0
CAND_001_01_001,CENTRE_001,R01,1,Q050,C,4.0
CAND_001_01_002,CENTRE_001,R01,2,Q001,C,-1.0
CAND_001_01_002,CENTRE_001,R01,2,Q002,C,4.0
CAND_001_01_002,CENTRE_001,R01,2,Q003,A,-1.0
CAND_001_01_002,CENTRE_001,R01,2,Q004,A,4.0
CAND_001_01_002,CENTRE_001,R01,2,Q005,D,4.0
CAND_001_01_002,CENTRE_001,R01,2,Q006,C,4.0
CAND_001_01_002,CENTRE_001,R01,2,Q007,B,4.0
CAND_001_01_002,CENTRE_001,R01,2,Q008,A,4.0
CAND_001_01_002,CENTRE_001,R01,2,Q009,A,-1.0
CAND_001_01_002,CENTRE_001,R01,2,Q010,B,-1.0
CAND_001_01_002,CENTRE_001,R01,2,Q011,B,4.0
CAND_001_01_002,CENTRE_001,R01,2,Q012,A,4.0
CAND_001_01_002,CENTRE_001,R01,2,Q013,D,4.0
CAND_001_01_002,CENTRE_001,R01,2,Q014,C,4.0
CAND_001_01_002,CENTRE_001,R01,2,Q015,A,-1.0
CAND_001_01_002,CENTRE_001,R01,2,Q016,A,4.0
CAND_001_01_002,CENTRE_001,R01,2,Q017,D,4.0
CAND_001_01_002,CENTRE_001,R01,2,Q018,C,4.0
CAND_001_01_002,CENTRE_001,R01,2,Q019,B,4.0
CAND_001_01_002,CENTRE_001,R01,2,Q020,A,4.0
CAND_001_01_002,CENTRE_001,R01,2,Q021,A,-1.0
CAND_001_01_002,CENTRE_001,R01,2,Q022,C,4.0
CAND_001_01_002,CENTRE_001,R01,2,Q023,B,4.0
CAND_001_01_002,CENTRE_001,R01,2,Q024,A,4.0
CAND_001_01_002,CENTRE_001,R01,2,Q025,D,4.0
CAND_001_01_002,CENTRE_001,R01,2,Q026,C,4.0
CAND_001_01_002,CENTRE_001,R01,2,Q027,B,4.0
CAND_001_01_002,CENTRE_001,R01,2,Q028,A,4.0
CAND_001_01_002,CENTRE_001,R01,2,Q029,B,-1.0
CAND_001_01_002,CENTRE_001,R01,2,Q030,D,-1.0
CAND_001_01_002,CENTRE_001,R01,2,Q031,C,-1.0
CAND_001_01_002,CENTRE_001,R01,2,Q032,B,-1.0
CAND_001_01_002,CENTRE_001,R01,2,Q033,D,4.0
CAND_001_01_002,CENTRE_001,R01,2,Q034,D,-1.0
CAND_001_01_002,CENTRE_001,R01,2,Q035,C,-1.0
CAND_001_01_002,CENTRE_001,R01,2,Q036,A,4.0
CAND_001_01_002,CENTRE_001,R01,2,Q037,B,-1.0
CAND_001_01_002,CENTRE_001,R01,2,Q038,C,4.0
CAND_001_01_002,CENTRE_001,R01,2,Q039,B,4.0
CAND_001_01_002,CENTRE_001,R01,2,Q040,A,4.0
CAND_001_01_002,CENTRE_001,R01,2,Q041,D,4.0
CAND_001_01_002,CENTRE_001,R01,2,Q042,C,4.0
CAND_001_01_002,CENTRE_001,R01,2,Q043,D,-1.0
CAND_001_01_002,CENTRE_001,R01,2,Q044,C,-1.0
CAND_001_01_002,CENTRE_001,R01,2,Q045,C,-1.0
CAND_001_01_002,CENTRE_001,R01,2,Q046,A,-1.0
CAND_001_01_002,CENTRE_001,R01,2,Q047,D,-1.0
CAND_001_01_002,CENTRE_001,R01,2,Q048,A,4.0
CAND_001_01_002,CENTRE_001,R01,2,Q049,D,4.0
CAND_001_01_002,CENTRE_001,R01,2,Q050,B,-1.0
CAND_001_01_003,CENTRE_001,R01,3,Q001,D,4.0
CAND_001_01_003,CENTRE_001,R01,3,Q002,C,4.0
CAND_001_01_003,CENTRE_001,R01,3,Q003,B,4.0
CAND_001_01_003,CENTRE_001,R01,3,Q004,A,4.0
CAND_001_01_003,CENTRE_001,R01,3,Q005,D,4.0
CAND_001_01_003,CENTRE_001,R01,3,Q006,C,4.0
CAND_001_01_003,CENTRE_001,R01,3,Q007,B,4.0
CAND_001_01_003,CENTRE_001,R01,3,Q008,A,4.0
CAND_001_01_003,CENTRE_001,R01,3,Q009,D,4.0
CAND_001_01_003,CENTRE_001,R01,3,Q010,C,4.0
CAND_001_01_003,CENTRE_001,R01,3,Q011,B,4.0
CAND_001_01_003,CENTRE_001,R01,3,Q012,A,4.0
CAND_001_01_003,CENTRE_001,R01,3,Q013,D,4.0
CAND_001_01_003,CENTRE_001,R01,3,Q014,C,4.0
CAND_001_01_003,CENTRE_001,R01,3,Q015,B,4.0
CAND_001_01_003,CENTRE_001,R01,3,Q016,A,4.0
CAND_001_01_003,CENTRE_001,R01,3,Q017,D,4.0
CAND_001_01_003,CENTRE_001,R01,3,Q018,A,-1.0
CAND_001_01_003,CENTRE_001,R01,3,Q019,A,-1.0
CAND_001_01_003,CENTRE_001,R01,3,Q020,A,4.0
CAND_001_01_003,CENTRE_001,R01,3,Q021,D,4.0
CAND_001_01_003,CENTRE_001,R01,3,Q022,C,4.0
CAND_001_01_003,CENTRE_001,R01,3,Q023,B,4.0
CAND_001_01_003,CENTRE_001,R01,3,Q024,,0.0
CAND_001_01_003,CENTRE_001,R01,3,Q025,D,4.0
CAND_001_01_003,CENTRE_001,R01,3,Q026,C,4.0
CAND_001_01_003,CENTRE_001,R01,3,Q027,B,4.0
CAND_001_01_003,CENTRE_001,R01,3,Q028,A,4.0
CAND_001_01_003,CENTRE_001,R01,3,Q029,A,-1.0
CAND_001_01_003,CENTRE_001,R01,3,Q030,C,4.0
CAND_001_01_003,CENTRE_001,R01,3,Q031,B,4.0
CAND_001_01_003,CENTRE_001,R01,3,Q032,A,4.0
CAND_001_01_003,CENTRE_001,R01,3,Q033,D,4.0
CAND_001_01_003,CENTRE_001,R01,3,Q034,C,4.0
CAND_001_01_003,CENTRE_001,R01,3,Q035,D,-1.0
CAND_001_01_003,CENTRE_001,R01,3,Q036,A,4.0
CAND_001_01_003,CENTRE_001,R01,3,Q037,D,4.0
CAND_001_01_003,CENTRE_001,R01,3,Q038,C,4.0
CAND_001_01_003,CENTRE_001,R01,3,Q039,B,4.0
CAND_001_01_003,CENTRE_001,R01,3,Q040,A,4.0
CAND_001_01_003,CENTRE_001,R01,3,Q041,B,-1.0
CAND_001_01_003,CENTRE_001,R01,3,Q042,C,4.0
CAND_001_01_003,CENTRE_001,R01,3,Q043,B,4.0
CAND_001_01_003,CENTRE_001,R01,3,Q044,A,4.0
CAND_001_01_003,CENTRE_001,R01,3,Q045,D,4.0
CAND_001_01_003,CENTRE_001,R01,3,Q046,C,4.0
CAND_001_01_003,CENTRE_001,R01,3,Q047,C,-1.0
CAND_001_01_003,CENTRE_001,R01,3,Q048,A,4.0
CAND_001_01_003,CENTRE_001,R01,3,Q049,D,4.0
CAND_001_01_003,CENTRE_001,R01,3,Q050,C,4.0
CAND_001_01_004,CENTRE_001,R01,4,Q001,D,4.0
CAND_001_01_004,CENTRE_001,R01,4,Q002,C,4.0
CAND_001_01_004,CENTRE_001,R01,4,Q003,B,4.0
CAND_001_01_004,CENTRE_001,R01,4,Q004,A,4.0
CAND_001_01_004,CENTRE_001,R01,4,Q005,D,4.0
CAND_001_01_004,CENTRE_001,R01,4,Q006,,0.0
CAND_001_01_004,CENTRE_001,R01,4,Q007,B,4.0
CAND_001_01_004,CENTRE_001,R01,4,Q008,A,4.0
CAND_001_01_004,CENTRE_001,R01,4,Q009,D,4.0
CAND_001_01_004,CENTRE_001,R01,4,Q010,A,-1.0
CAND_001_01_004,CENTRE_001,R01,4,Q011,,0.0
CAND_001_01_004,CENTRE_001,R01,4,Q012,A,4.0
CAND_001_01_004,CENTRE_001,R01,4,Q013,D,4.0
CAND_001_01_004,CENTRE_001,R01,4,Q014,C,4.0
CAND_001_01_004,CENTRE_001,R01,4,Q015,B,4.0
CAND_001_01_004,CENTRE_001,R01,4,Q016,A,4.0
CAND_001_01_004,CENTRE_001,R01,4,Q017,C,-1.0
CAND_001_01_004,CENTRE_001,R01,4,Q018,C,4.0
CAND_001_01_004,CENTRE_001,R01,4,Q019,B,4.0
CAND_001_01_004,CENTRE_001,R01,4,Q020,A,4.0
CAND_001_01_004,CENTRE_001,R01,4,Q021,D,4.0
CAND_001_01_004,CENTRE_001,R01,4,Q022,C,4.0
CAND_001_01_004,CENTRE_001,R01,4,Q023,B,4.0
CAND_001_01_004,CENTRE_001,R01,4,Q024,A,4.0
CAND_001_01_004,CENTRE_001,R01,4,Q025,D,4.0
CAND_001_01_004,CENTRE_001,R01,4,Q026,C,4.0
CAND_001_01_004,CENTRE_001,R01,4,Q027,B,4.0
CAND_001_01_004,CENTRE_001,R01,4,Q028,A,4.0
CAND_001_01_004,CENTRE_001,R01,4,Q029,D,4.0
CAND_001_01_004,CENTRE_001,R01,4,Q030,A,-1.0
CAND_001_01_004,CENTRE_001,R01,4,Q031,B,4.0
CAND_001_01_004,CENTRE_001,R01,4,Q032,B,-1.0
CAND_001_01_004,CENTRE_001,R01,4,Q033,D,4.0
CAND_001_01_004,CENTRE_001,R01,4,Q034,C,4.0
CAND_001_01_004,CENTRE_001,R01,4,Q035,B,4.0
CAND_001_01_004,CENTRE_001,R01,4,Q036,A,4.0
CAND_001_01_004,CENTRE_001,R01,4,Q037,D,4.0
CAND_001_01_004,CENTRE_001,R01,4,Q038,C,4.0
CAND_001_01_004,CENTRE_001,R01,4,Q039,B,4.0
CAND_001_01_004,CENTRE_001,R01,4,Q040,A,4.0
CAND_001_01_004,CENTRE_001,R01,4,Q041,D,4.0
CAND_001_01_004,CENTRE_001,R01,4,Q042,C,4.0
CAND_001_01_004,CENTRE_001,R01,4,Q043,D,-1.0
CAND_001_01_004,CENTRE_001,R01,4,Q044,A,4.0
CAND_001_01_004,CENTRE_001,R01,4,Q045,C,-1.0
CAND_001_01_004,CENTRE_001,R01,4,Q046,C,4.0
CAND_001_01_004,CENTRE_001,R01,4,Q047,A,-1.0
CAND_001_01_004,CENTRE_001,R01,4,Q048,C,-1.0
CAND_001_01_004,CENTRE_001,R01,4,Q049,D,4.0
CAND_001_01_004,CENTRE_001,R01,4,Q050,D,-1.0
CAND_001_01_005,CENTRE_001,R01,5,Q001,D,4.0
CAND_001_01_005,CENTRE_001,R01,5,Q002,C,4.0
CAND_001_01_005,CENTRE_001,R01,5,Q003,B,4.0
CAND_001_01_005,CENTRE_001,R01,5,Q004,A,4.0
CAND_001_01_005,CENTRE_001,R01,5,Q005,D,4.0
CAND_001_01_005,CENTRE_001,R01,5,Q006,,0.0
CAND_001_01_005,CENTRE_001,R01,5,Q007,B,4.0
CAND_001_01_005,CENTRE_001,R01,5,Q008,A,4.0
CAND_001_01_005,CENTRE_001,R01,5,Q009,D,4.0
CAND_001_01_005,CENTRE_001,R01,5,Q010,C,4.0
CAND_001_01_005,CENTRE_001,R01,5,Q011,,0.0
CAND_001_01_005,CENTRE_001,R01,5,Q012,A,4.0
CAND_001_01_005,CENTRE_001,R01,5,Q013,D,4.0
CAND_001_01_005,CENTRE_001,R01,5,Q014,C,4.0
CAND_001_01_005,CENTRE_001,R01,5,Q015,A,-1.0
CAND_001_01_005,CENTRE_001,R01,5,Q016,A,4.0
CAND_001_01_005,CENTRE_001,R01,5,Q017,C,-1.0
CAND_001_01_005,CENTRE_001,R01,5,Q018,C,4.0
CAND_001_01_005,CENTRE_001,R01,5,Q019,B,4.0
CAND_001_01_005,CENTRE_001,R01,5,Q020,A,4.0
CAND_001_01_005,CENTRE_001,R01,5,Q021,D,4.0
CAND_001_01_005,CENTRE_001,R01,5,Q022,A,-1.0
CAND_001_01_005,CENTRE_001,R01,5,Q023,B,4.0
CAND_001_01_005,CENTRE_001,R01,5,Q024,A,4.0
CAND_001_01_005,CENTRE_001,R01,5,Q025,D,4.0
CAND_001_01_005,CENTRE_001,R01,5,Q026,C,4.0
CAND_001_01_005,CENTRE_001,R01,5,Q027,B,4.0
CAND_001_01_005,CENTRE_001,R01,5,Q028,A,4.0
CAND_001_01_005,CENTRE_001,R01,5,Q029,D,4.0
CAND_001_01_005,CENTRE_001,R01,5,Q030,A,-1.0
CAND_001_01_005,CENTRE_001,R01,5,Q031,B,4.0
CAND_001_01_005,CENTRE_001,R01,5,Q032,B,-1.0
CAND_001_01_005,CENTRE_001,R01,5,Q033,D,4.0
CAND_001_01_005,CENTRE_001,R01,5,Q034,D,-1.0
CAND_001_01_005,CENTRE_001,R01,5,Q035,B,4.0
CAND_001_01_005,CENTRE_001,R01,5,Q036,A,4.0
CAND_001_01_005,CENTRE_001,R01,5,Q037,D,4.0
CAND_001_01_005,CENTRE_001,R01,5,Q038,C,4.0
CAND_001_01_005,CENTRE_001,R01,5,Q039,B,4.0
CAND_001_01_005,CENTRE_001,R01,5,Q040,A,4.0
CAND_001_01_005,CENTRE_001,R01,5,Q041,D,4.0
CAND_001_01_005,CENTRE_001,R01,5,Q042,C,4.0
CAND_001_01_005,CENTRE_001,R01,5,Q043,D,-1.0
CAND_001_01_005,CENTRE_001,R01,5,Q044,A,4.0
CAND_001_01_005,CENTRE_001,R01,5,Q045,C,-1.0
CAND_001_01_005,CENTRE_001,R01,5,Q046,C,4.0
CAND_001_01_005,CENTRE_001,R01,5,Q047,A,-1.0
CAND_001_01_005,CENTRE_001,R01,5,Q048,C,-1.0
CAND_001_01_005,CENTRE_001,R01,5,Q049,D,4.0
CAND_001_01_005,CENTRE_001,R01,5,Q050,D,-1.0
CAND_001_01_006,CENTRE_001,R01,6,Q001,D,4.0
CAND_001_01_006,CENTRE_001,R01,6,Q002,C,4.0
CAND_001_01_006,CENTRE_001,R01,6,Q003,B,4.0
CAND_001_01_006,CENTRE_001,R01,6,Q004,B,-1.0
CAND_001_01_006,CENTRE_001,R01,6,Q005,D,4.0
CAND_001_01_006,CENTRE_001,R01,6,Q006,B,-1.0
CAND_001_01_006,CENTRE_001,R01,6,Q007,B,4.0
CAND_001_01_006,CENTRE_001,R01,6,Q008,A,4.0
CAND_001_01_006,CENTRE_001,R01,6,Q009,D,4.0
CAND_001_01_006,CENTRE_001,R01,6,Q010,D,-1.0
CAND_001_01_006,CENTRE_001,R01,6,Q011,B,4.0
CAND_001_01_006,CENTRE_001,R01,6,Q012,B,-1.0
CAND_001_01_006,CENTRE_001,R01,6,Q013,D,4.0
CAND_001_01_006,CENTRE_001,R01,6,Q014,C,4.0
CAND_001_01_006,CENTRE_001,R01,6,Q015,D,-1.0
CAND_001_01_006,CENTRE_001,R01,6,Q016,B,-1.0
CAND_001_01_006,CENTRE_001,R01,6,Q017,D,4.0
CAND_001_01_006,CENTRE_001,R01,6,Q018,C,4.0
CAND_001_01_006,CENTRE_001,R01,6,Q019,B,4.0
CAND_001_01_006,CENTRE_001,R01,6,Q020,A,4.0
CAND_001_01_006,CENTRE_001,R01,6,Q021,D,4.0
CAND_001_01_006,CENTRE_001,R01,6,Q022,B,-1.0
CAND_001_01_006,CENTRE_001,R01,6,Q023,B,4.0
CAND_001_01_006,CENTRE_001,R01,6,Q024,A,4.0
CAND_001_01_006,CENTRE_001,R01,6,Q025,D,4.0
CAND_001_01_006,CENTRE_001,R01,6,Q026,C,4.0
CAND_001_01_006,CENTRE_001,R01,6,Q027,B,4.0
CAND_001_01_006,CENTRE_001,R01,6,Q028,A,4.0
CAND_001_01_006,CENTRE_001,R01,6,Q029,D,4.0
CAND_001_01_006,CENTRE_001,R01,6,Q030,C,4.0
CAND_001_01_006,CENTRE_001,R01,6,Q031,B,4.0
CAND_001_01_006,CENTRE_001,R01,6,Q032,A,4.0
CAND_001_01_006,CENTRE_001,R01,6,Q033,D,4.0
CAND_001_01_006,CENTRE_001,R01,6,Q034,C,4.0
CAND_001_01_006,CENTRE_001,R01,6,Q035,A,-1.0
CAND_001_01_006,CENTRE_001,R01,6,Q036,A,4.0
CAND_001_01_006,CENTRE_001,R01,6,Q037,D,4.0
CAND_001_01_006,CENTRE_001,R01,6,Q038,C,4.0
CAND_001_01_006,CENTRE_001,R01,6,Q039,B,4.0
CAND_001_01_006,CENTRE_001,R01,6,Q040,A,4.0
CAND_001_01_006,CENTRE_001,R01,6,Q041,D,4.0
CAND_001_01_006,CENTRE_001,R01,6,Q042,C,4.0
CAND_001_01_006,CENTRE_001,R01,6,Q043,A,-1.0
CAND_001_01_006,CENTRE_001,R01,6,Q044,A,4.0
CAND_001_01_006,CENTRE_001,R01,6,Q045,D,4.0
CAND_001_01_006,CENTRE_001,R01,6,Q046,C,4.0
CAND_001_01_006,CENTRE_001,R01,6,Q047,B,4.0
CAND_001_01_006,CENTRE_001,R01,6,Q048,A,4.0
CAND_001_01_006,CENTRE_001,R01,6,Q049,B,-1.0
CAND_001_01_006,CENTRE_001,R01,6,Q050,C,4.0
CAND_001_01_007,CENTRE_001,R01,7,Q001,D,4.0
CAND_001_01_007,CENTRE_001,R01,7,Q002,C,4.0
CAND_001_01_007,CENTRE_001,R01,7,Q003,B,4.0
CAND_001_01_007,CENTRE_001,R01,7,Q004,,0.0
CAND_001_01_007,CENTRE_001,R01,7,Q005,D,4.0
CAND_001_01_007,CENTRE_001,R01,7,Q006,D,-1.0
CAND_001_01_007,CENTRE_001,R01,7,Q007,B,4.0
CAND_001_01_007,CENTRE_001,R01,7,Q008,A,4.0
CAND_001_01_007,CENTRE_001,R01,7,Q009,D,4.0
CAND_001_01_007,CENTRE_001,R01,7,Q010,A,-1.0
CAND_001_01_007,CENTRE_001,R01,7,Q011,D,-1.0
CAND_001_01_007,CENTRE_001,R01,7,Q012,,0.0
CAND_001_01_007,CENTRE_001,R01,7,Q013,D,4.0
CAND_001_01_007,CENTRE_001,R01,7,Q014,B,-1.0
CAND_001_01_007,CENTRE_001,R01,7,Q015,D,-1.0
CAND_001_01_007,CENTRE_001,R01,7,Q016,A,4.0
CAND_001_01_007,CENTRE_001,R01,7,Q017,C,-1.0
CAND_001_01_007,CENTRE_001,R01,7,Q018,D,-1.0
CAND_001_01_007,CENTRE_001,R01,7,Q019,B,4.0
CAND_001_01_007,CENTRE_001,R01,7,Q020,A,4.0
CAND_001_01_007,CENTRE_001,R01,7,Q021,A,-1.0
CAND_001_01_007,CENTRE_001,R01,7,Q022,D,-1.0
CAND_001_01_007,CENTRE_001,R01,7,Q023,C,-1.0
CAND_001_01_007,CENTRE_001,R01,7,Q024,A,4.0
CAND_001_01_007,CENTRE_001,R01,7,Q025,D,4.0
CAND_001_01_007,CENTRE_001,R01,7,Q026,C,4.0
CAND_001_01_007,CENTRE_001,R01,7,Q027,B,4.0
CAND_001_01_007,CENTRE_001,R01,7,Q028,B,-1.0
CAND_001_01_007,CENTRE_001,R01,7,Q029,D,4.0
CAND_001_01_007,CENTRE_001,R01,7,Q030,C,4.0
CAND_001_01_007,CENTRE_001,R01,7,Q031,B,4.0
CAND_001_01_007,CENTRE_001,R01,7,Q032,A,4.0
CAND_001_01_007,CENTRE_001,R01,7,Q033,D,4.0
CAND_001_01_007,CENTRE_001,R01,7,Q034,C,4.0
CAND_001_01_007,CENTRE_001,R01,7,Q035,B,4.0
CAND_001_01_007,CENTRE_001,R01,7,Q036,D,-1.0
CAND_001_01_007,CENTRE_001,R01,7,Q037,,0.0
CAND_001_01_007,CENTRE_001,R01,7,Q038,B,-1.0
CAND_001_01_007,CENTRE_001,R01,7,Q039,B,4.0
CAND_001_01_007,CENTRE_001,R01,7,Q040,A,4.0
CAND_001_01_007,CENTRE_001,R01,7,Q041,B,-1.0
CAND_001_01_007,CENTRE_001,R01,7,Q042,D,-1.0
CAND_001_01_007,CENTRE_001,R01,7,Q043,C,-1.0
CAND_001_01_007,CENTRE_001,R01,7,Q044,A,4.0
CAND_001_01_007,CENTRE_001,R01,7,Q045,D,4.0
CAND_001_01_007,CENTRE_001,R01,7,Q046,C,4.0
CAND_001_01_007,CENTRE_001,R01,7,Q047,A,-1.0
CAND_001_01_007,CENTRE_001,R01,7,Q048,D,-1.0
CAND_001_01_007,CENTRE_001,R01,7,Q049,C,-1.0
CAND_001_01_007,CENTRE_001,R01,7,Q050,,0.0
CAND_001_01_008,CENTRE_001,R01,8,Q001,D,4.0
CAND_001_01_008,CENTRE_001,R01,8,Q002,C,4.0
CAND_001_01_008,CENTRE_001,R01,8,Q003,B,4.0
CAND_001_01_008,CENTRE_001,R01,8,Q004,A,4.0
CAND_001_01_008,CENTRE_001,R01,8,Q005,D,4.0
CAND_001_01_008,CENTRE_001,R01,8,Q006,C,4.0
CAND_001_01_008,CENTRE_001,R01,8,Q007,C,-1.0
CAND_001_01_008,CENTRE_001,R01,8,Q008,A,4.0
CAND_001_01_008,CENTRE_001,R01,8,Q009,D,4.0
CAND_001_01_008,CENTRE_001,R01,8,Q010,C,4.0
CAND_001_01_008,CENTRE_001,R01,8,Q011,B,4.0
CAND_001_01_008,CENTRE_001,R01,8,Q012,D,-1.0
CAND_001_01_008,CENTRE_001,R01,8,Q013,D,4.0
CAND_001_01_008,CENTRE_001,R01,8,Q014,,0.0
CAND_001_01_008,CENTRE_001,R01,8,Q015,B,4.0
CAND_001_01_008,CENTRE_001,R01,8,Q016,A,4.0
CAND_001_01_008,CENTRE_001,R01,8,Q017,A,-1.0
CAND_001_01_008,CENTRE_001,R01,8,Q018,C,4.0
CAND_001_01_008,CENTRE_001,R01,8,Q019,A,-1.0
CAND_001_01_008,CENTRE_001,R01,8,Q020,A,4.0
CAND_001_01_008,CENTRE_001,R01,8,Q021,D,4.0
CAND_001_01_008,CENTRE_001,R01,8,Q022,C,4.0
CAND_001_01_008,CENTRE_001,R01,8,Q023,B,4.0
CAND_001_01_008,CENTRE_001,R01,8,Q024,B,-1.0
CAND_001_01_008,CENTRE_001,R01,8,Q025,A,-1.0
CAND_001_01_008,CENTRE_001,R01,8,Q026,B,-1.0
CAND_001_01_008,CENTRE_001,R01,8,Q027,B,4.0
CAND_001_01_008,CENTRE_001,R01,8,Q028,,0.0
CAND_001_01_008,CENTRE_001,R01,8,Q029,A,-1.0
CAND_001_01_008,CENTRE_001,R01,8,Q030,D,-1.0
CAND_001_01_008,CENTRE_001,R01,8,Q031,B,4.0
CAND_001_01_008,CENTRE_001,R01,8,Q032,A,4.0
CAND_001_01_008,CENTRE_001,R01,8,Q033,B,-1.0
CAND_001_01_008,CENTRE_001,R01,8,Q034,C,4.0
CAND_001_01_008,CENTRE_001,R01,8,Q035,,0.0
CAND_001_01_008,CENTRE_001,R01,8,Q036,,0.0
CAND_001_01_008,CENTRE_001,R01,8,Q037,D,4.0
CAND_001_01_008,CENTRE_001,R01,8,Q038,C,4.0
CAND_001_01_008,CENTRE_001,R01,8,Q039,B,4.0
CAND_001_01_008,CENTRE_001,R01,8,Q040,A,4.0
CAND_001_01_008,CENTRE_001,R01,8,Q041,A,-1.0
CAND_001_01_008,CENTRE_001,R01,8,Q042,C,4.0
CAND_001_01_008,CENTRE_001,R01,8,Q043,C,-1.0
CAND_001_01_008,CENTRE_001,R01,8,Q044,A,4.0
CAND_001_01_008,CENTRE_001,R01,8,Q045,B,-1.0
CAND_001_01_008,CENTRE_001,R01,8,Q046,C,4.0
CAND_001_01_008,CENTRE_001,R01,8,Q047,A,-1.0
CAND_001_01_008,CENTRE_001,R01,8,Q048,,0.0
CAND_001_01_008,CENTRE_001,R01,8,Q049,B,-1.0
CAND_001_01_008,CENTRE_001,R01,8,Q050,C,4.0
CAND_001_01_009,CENTRE_001,R01,9,Q001,D,4.0
CAND_001_01_009,CENTRE_001,R01,9,Q002,C,4.0
CAND_001_01_009,CENTRE_001,R01,9,Q003,B,4.0
CAND_001_01_009,CENTRE_001,R01,9,Q004,A,4.0
CAND_001_01_009,CENTRE_001,R01,9,Q005,D,4.0
CAND_001_01_009,CENTRE_001,R01,9,Q006,C,4.0
CAND_001_01_009,CENTRE_001,R01,9,Q007,B,4.0
CAND_001_01_009,CENTRE_001,R01,9,Q008,A,4.0
CAND_001_01_009,CENTRE_001,R01,9,Q009,C,-1.0
CAND_001_01_009,CENTRE_001,R01,9,Q010,,0.0
CAND_001_01_009,CENTRE_001,R01,9,Q011,A,-1.0
CAND_001_01_009,CENTRE_001,R01,9,Q012,C,-1.0
CAND_001_01_009,CENTRE_001,R01,9,Q013,D,4.0
CAND_001_01_009,CENTRE_001,R01,9,Q014,C,4.0
CAND_001_01_009,CENTRE_001,R01,9,Q015,B,4.0
CAND_001_01_009,CENTRE_001,R01,9,Q016,A,4.0
CAND_001_01_009,CENTRE_001,R01,9,Q017,D,4.0
CAND_001_01_009,CENTRE_001,R01,9,Q018,D,-1.0
CAND_001_01_009,CENTRE_001,R01,9,Q019,B,4.0
CAND_001_01_009,CENTRE_001,R01,9,Q020,A,4.0
CAND_001_01_009,CENTRE_001,R01,9,Q021,C,-1.0
CAND_001_01_009,CENTRE_001,R01,9,Q022,C,4.0
CAND_001_01_009,CENTRE_001,R01,9,Q023,B,4.0
CAND_001_01_009,CENTRE_001,R01,9,Q024,A,4.0
CAND_001_01_009,CENTRE_001,R01,9,Q025,C,-1.0
CAND_001_01_009,CENTRE_001,R01,9,Q026,C,4.0
CAND_001_01_009,CENTRE_001,R01,9,Q027,A,-1.0
CAND_001_01_009,CENTRE_001,R01,9,Q028,D,-1.0
CAND_001_01_009,CENTRE_001,R01,9,Q029,B,-1.0
CAND_001_01_009,CENTRE_001,R01,9,Q030,B,-1.0
CAND_001_01_009,CENTRE_001,R01,9,Q031,B,4.0
CAND_001_01_009,CENTRE_001,R01,9,Q032,A,4.0
CAND_001_01_009,CENTRE_001,R01,9,Q033,D,4.0
CAND_001_01_009,CENTRE_001,R01,9,Q034,C,4.0
CAND_001_01_009,CENTRE_001,R01,9,Q035,B,4.0
CAND_001_01_009,CENTRE_001,R01,9,Q036,D,-1.0
CAND_001_01_009,CENTRE_001,R01,9,Q037,B,-1.0
CAND_001_01_009,CENTRE_001,R01,9,Q038,C,4.0
CAND_001_01_009,CENTRE_001,R01,9,Q039,B,4.0
CAND_001_01_009,CENTRE_001,R01,9,Q040,A,4.0
CAND_001_01_009,CENTRE_001,R01,9,Q041,D,4.0
CAND_001_01_009,CENTRE_001,R01,9,Q042,C,4.0
CAND_001_01_009,CENTRE_001,R01,9,Q043,C,-1.0
CAND_001_01_009,CENTRE_001,R01,9,Q044,A,4.0
CAND_001_01_009,CENTRE_001,R01,9,Q045,D,4.0
CAND_001_01_009,CENTRE_001,R01,9,Q046,C,4.0
CAND_001_01_009,CENTRE_001,R01,9,Q047,B,4.0
CAND_001_01_009,CENTRE_001,R01,9,Q048,D,-1.0
CAND_001_01_009,CENTRE_001,R01,9,Q049,,0.0
CAND_001_01_009,CENTRE_001,R01,9,Q050,C,4.0
CAND_001_01_010,CENTRE_001,R01,10,Q001,D,4.0
CAND_001_01_010,CENTRE_001,R01,10,Q002,C,4.0
CAND_001_01_010,CENTRE_001,R01,10,Q003,C,-1.0
CAND_001_01_010,CENTRE_001,R01,10,Q004,A,4.0
CAND_001_01_010,CENTRE_001,R01,10,Q005,D,4.0
CAND_001_01_010,CENTRE_001,R01,10,Q006,B,-1.0
CAND_001_01_010,CENTRE_001,R01,10,Q007,B,4.0
CAND_001_01_010,CENTRE_001,R01,10,Q008,A,4.0
CAND_001_01_010,CENTRE_001,R01,10,Q009,,0.0
CAND_001_01_010,CENTRE_001,R01,10,Q010,B,-1.0
CAND_001_01_010,CENTRE_001,R01,10,Q011,A,-1.0
CAND_001_01_010,CENTRE_001,R01,10,Q012,A,4.0
CAND_001_01_010,CENTRE_001,R01,10,Q013,D,4.0
CAND_001_01_010,CENTRE_001,R01,10,Q014,C,4.0
CAND_001_01_010,CENTRE_001,R01,10,Q015,A,-1.0
CAND_001_01_010,CENTRE_001,R01,10,Q016,A,4.0
CAND_001_01_010,CENTRE_001,R01,10,Q017,B,-1.0
CAND_001_01_010,CENTRE_001,R01,10,Q018,C,4.0
CAND_001_01_010,CENTRE_001,R01,10,Q019,B,4.0
CAND_001_01_010,CENTRE_001,R01,10,Q020,A,4.0
CAND_001_01_010,CENTRE_001,R01,10,Q021,A,-1.0
CAND_001_01_010,CENTRE_001,R01,10,Q022,C,4.0
CAND_001_01_010,CENTRE_001,R01,10,Q023,B,4.0
CAND_001_01_010,CENTRE_001,R01,10,Q024,B,-1.0
CAND_001_01_010,CENTRE_001,R01,10,Q025,D,4.0
CAND_001_01_010,CENTRE_001,R01,10,Q026,C,4.0
CAND_001_01_010,CENTRE_001,R01,10,Q027,B,4.0
CAND_001_01_010,CENTRE_001,R01,10,Q028,C,-1.0
CAND_001_01_010,CENTRE_001,R01,10,Q029,D,4.0
CAND_001_01_010,CENTRE_001,R01,10,Q030,C,4.0
CAND_001_01_010,CENTRE_001,R01,10,Q031,B,4.0
CAND_001_01_010,CENTRE_001,R01,10,Q032,A,4.0
CAND_001_01_010,CENTRE_001,R01,10,Q033,D,4.0
CAND_001_01_010,CENTRE_001,R01,10,Q034,C,4.0
CAND_001_01_010,CENTRE_001,R01,10,Q035,B,4.0
CAND_001_01_010,CENTRE_001,R01,10,Q036,A,4.0
CAND_001_01_010,CENTRE_001,R01,10,Q037,C,-1.0
CAND_001_01_010,CENTRE_001,R01,10,Q038,C,4.0
CAND_001_01_010,CENTRE_001,R01,10,Q039,B,4.0
CAND_001_01_010,CENTRE_001,R01,10,Q040,D,-1.0
CAND_001_01_010,CENTRE_001,R01,10,Q041,D,4.0
CAND_001_01_010,CENTRE_001,R01,10,Q042,C,4.0
CAND_001_01_010,CENTRE_001,R01,10,Q043,D,-1.0
CAND_001_01_010,CENTRE_001,R01,10,Q044,A,4.0
CAND_001_01_010,CENTRE_001,R01,10,Q045,C,-1.0
CAND_001_01_010,CENTRE_001,R01,10,Q046,C,4.0
CAND_001_01_010,CENTRE_001,R01,10,Q047,B,4.0
CAND_001_01_010,CENTRE_001,R01,10,Q048,C,-1.0
CAND_001_01_010,CENTRE_001,R01,10,Q049,B,-1.0
CAND_001_01_010,CENTRE_001,R01,10,Q050,C,4.0
CAND_001_01_011,CENTRE_001,R01,11,Q001,C,-1.0
CAND_001_01_011,CENTRE_001,R01,11,Q002,C,4.0
CAND_001_01_011,CENTRE_001,R01,11,Q003,D,-1.0
CAND_001_01_011,CENTRE_001,R01,11,Q004,A,4.0
CAND_001_01_011,CENTRE_001,R01,11,Q005,D,4.0
CAND_001_01_011,CENTRE_001,R01,11,Q006,C,4.0
CAND_001_01_011,CENTRE_001,R01,11,Q007,B,4.0
CAND_001_01_011,CENTRE_001,R01,11,Q008,B,-1.0
CAND_001_01_011,CENTRE_001,R01,11,Q009,B,-1.0
CAND_001_01_011,CENTRE_001,R01,11,Q010,C,4.0
CAND_001_01_011,CENTRE_001,R01,11,Q011,B,4.0
CAND_001_01_011,CENTRE_001,R01,11,Q012,A,4.0
CAND_001_01_011,CENTRE_001,R01,11,Q013,D,4.0
CAND_001_01_011,CENTRE_001,R01,11,Q014,C,4.0
CAND_001_01_011,CENTRE_001,R01,11,Q015,B,4.0
CAND_001_01_011,CENTRE_001,R01,11,Q016,A,4.0
CAND_001_01_011,CENTRE_001,R01,11,Q017,D,4.0
CAND_001_01_011,CENTRE_001,R01,11,Q018,C,4.0
CAND_001_01_011,CENTRE_001,R01,11,Q019,A,-1.0
CAND_001_01_011,CENTRE_001,R01,11,Q020,B,-1.0
CAND_001_01_011,CENTRE_001,R01,11,Q021,A,-1.0
CAND_001_01_011,CENTRE_001,R01,11,Q022,C,4.0
CAND_001_01_011,CENTRE_001,R01,11,Q023,B,4.0
CAND_001_01_011,CENTRE_001,R01,11,Q024,C,-1.0
CAND_001_01_011,CENTRE_001,R01,11,Q025,A,-1.0
CAND_001_01_011,CENTRE_001,R01,11,Q026,C,4.0
CAND_001_01_011,CENTRE_001,R01,11,Q027,C,-1.0
CAND_001_01_011,CENTRE_001,R01,11,Q028,A,4.0
CAND_001_01_011,CENTRE_001,R01,11,Q029,D,4.0
CAND_001_01_011,CENTRE_001,R01,11,Q030,C,4.0
CAND_001_01_011,CENTRE_001,R01,11,Q031,B,4.0
CAND_001_01_011,CENTRE_001,R01,11,Q032,A,4.0
CAND_001_01_011,CENTRE_001,R01,11,Q033,D,4.0
CAND_001_01_011,CENTRE_001,R01,11,Q034,C,4.0
CAND_001_01_011,CENTRE_001,R01,11,Q035,A,-1.0
CAND_001_01_011,CENTRE_001,R01,11,Q036,A,4.0
CAND_001_01_011,CENTRE_001,R01,11,Q037,C,-1.0
CAND_001_01_011,CENTRE_001,R01,11,Q038,C,4.0
CAND_001_01_011,CENTRE_001,R01,11,Q039,B,4.0
CAND_001_01_011,CENTRE_001,R01,11,Q040,D,-1.0
CAND_001_01_011,CENTRE_001,R01,11,Q041,A,-1.0
CAND_001_01_011,CENTRE_001,R01,11,Q042,C,4.0
CAND_001_01_011,CENTRE_001,R01,11,Q043,B,4.0
CAND_001_01_011,CENTRE_001,R01,11,Q044,A,4.0
CAND_001_01_011,CENTRE_001,R01,11,Q045,B,-1.0
CAND_001_01_011,CENTRE_001,R01,11,Q046,A,-1.0
CAND_001_01_011,CENTRE_001,R01,11,Q047,B,4.0
CAND_001_01_011,CENTRE_001,R01,11,Q048,A,4.0
CAND_001_01_011,CENTRE_001,R01,11,Q049,,0.0
CAND_001_01_011,CENTRE_001,R01,11,Q050,B,-1.0
CAND_001_01_012,CENTRE_001,R01,12,Q001,A,-1.0
CAND_001_01_012,CENTRE_001,R01,12,Q002,C,4.0
CAND_001_01_012,CENTRE_001,R01,12,Q003,B,4.0
CAND_001_01_012,CENTRE_001,R01,12,Q004,A,4.0
CAND_001_01_012,CENTRE_001,R01,12,Q005,B,-1.0
CAND_001_01_012,CENTRE_001,R01,12,Q006,C,4.0
CAND_001_01_012,CENTRE_001,R01,12,Q007,,0.0
CAND_001_01_012,CENTRE_001,R01,12,Q008,A,4.0
CAND_001_01_012,CENTRE_001,R01,12,Q009,A,-1.0
CAND_001_01_012,CENTRE_001,R01,12,Q010,C,4.0
CAND_001_01_012,CENTRE_001,R01,12,Q011,D,-1.0
CAND_001_01_012,CENTRE_001,R01,12,Q012,A,4.0
CAND_001_01_012,CENTRE_001,R01,12,Q013,D,4.0
CAND_001_01_012,CENTRE_001,R01,12,Q014,C,4.0
CAND_001_01_012,CENTRE_001,R01,12,Q015,C,-1.0
CAND_001_01_012,CENTRE_001,R01,12,Q016,C,-1.0
CAND_001_01_012,CENTRE_001,R01,12,Q017,,0.0
CAND_001_01_012,CENTRE_001,R01,12,Q018,C,4.0
CAND_001_01_012,CENTRE_001,R01,12,Q019,A,-1.0
CAND_001_01_012,CENTRE_001,R01,12,Q020,B,-1.0
CAND_001_01_012,CENTRE_001,R01,12,Q021,A,-1.0
CAND_001_01_012,CENTRE_001,R01,12,Q022,C,4.0
CAND_001_01_012,CENTRE_001,R01,12,Q023,A,-1.0
CAND_001_01_012,CENTRE_001,R01,12,Q024,A,4.0
CAND_001_01_012,CENTRE_001,R01,12,Q025,D,4.0
CAND_001_01_012,CENTRE_001,R01,12,Q026,C,4.0
CAND_001_01_012,CENTRE_001,R01,12,Q027,B,4.0
CAND_001_01_012,CENTRE_001,R01,12,Q028,A,4.0
CAND_001_01_012,CENTRE_001,R01,12,Q029,D,4.0
CAND_001_01_012,CENTRE_001,R01,12,Q030,A,-1.0
CAND_001_01_012,CENTRE_001,R01,12,Q031,B,4.0
CAND_001_01_012,CENTRE_001,R01,12,Q032,B,-1.0
CAND_001_01_012,CENTRE_001,R01,12,Q033,D,4.0
CAND_001_01_012,CENTRE_001,R01,12,Q034,D,-1.0
CAND_001_01_012,CENTRE_001,R01,12,Q035,B,4.0
CAND_001_01_012,CENTRE_001,R01,12,Q036,A,4.0
CAND_001_01_012,CENTRE_001,R01,12,Q037,D,4.0
CAND_001_01_012,CENTRE_001,R01,12,Q038,D,-1.0
CAND_001_01_012,CENTRE_001,R01,12,Q039,B,4.0
CAND_001_01_012,CENTRE_001,R01,12,Q040,A,4.0
CAND_001_01_012,CENTRE_001,R01,12,Q041,B,-1.0
CAND_001_01_012,CENTRE_001,R01,12,Q042,B,-1.0
CAND_001_01_012,CENTRE_001,R01,12,Q043,B,4.0
CAND_001_01_012,CENTRE_001,R01,12,Q044,A,4.0
CAND_001_01_012,CENTRE_001,R01,12,Q045,A,-1.0
CAND_001_01_012,CENTRE_001,R01,12,Q046,C,4.0
CAND_001_01_012,CENTRE_001,R01,12,Q047,D,-1.0
CAND_001_01_012,CENTRE_001,R01,12,Q048,A,4.0
CAND_001_01_012,CENTRE_001,R01,12,Q049,B,-1.0
CAND_001_01_012,CENTRE_001,R01,12,Q050,C,4.0
CAND_001_01_013,CENTRE_001,R01,13,Q001,A,-1.0
CAND_001_01_013,CENTRE_001,R01,13,Q002,C,4.0
CAND_001_01_013,CENTRE_001,R01,13,Q003,D,-1.0
CAND_001_01_013,CENTRE_001,R01,13,Q004,A,4.0
CAND_001_01_013,CENTRE_001,R01,13,Q005,D,4.0
CAND_001_01_013,CENTRE_001,R01,13,Q006,C,4.0
CAND_001_01_013,CENTRE_001,R01,13,Q007,,0.0
CAND_001_01_013,CENTRE_001,R01,13,Q008,A,4.0
CAND_001_01_013,CENTRE_001,R01,13,Q009,A,-1.0
CAND_001_01_013,CENTRE_001,R01,13,Q010,C,4.0
CAND_001_01_013,CENTRE_001,R01,13,Q011,D,-1.0
CAND_001_01_013,CENTRE_001,R01,13,Q012,A,4.0
CAND_001_01_013,CENTRE_001,R01,13,Q013,D,4.0
CAND_001_01_013,CENTRE_001,R01,13,Q014,C,4.0
CAND_001_01_013,CENTRE_001,R01,13,Q015,C,-1.0
CAND_001_01_013,CENTRE_001,R01,13,Q016,C,-1.0
CAND_001_01_013,CENTRE_001,R01,13,Q017,,0.0
CAND_001_01_013,CENTRE_001,R01,13,Q018,C,4.0
CAND_001_01_013,CENTRE_001,R01,13,Q019,A,-1.0
CAND_001_01_013,CENTRE_001,R01,13,Q020,B,-1.0
CAND_001_01_013,CENTRE_001,R01,13,Q021,D,4.0
CAND_001_01_013,CENTRE_001,R01,13,Q022,C,4.0
CAND_001_01_013,CENTRE_001,R01,13,Q023,A,-1.0
CAND_001_01_013,CENTRE_001,R01,13,Q024,A,4.0
CAND_001_01_013,CENTRE_001,R01,13,Q025,D,4.0
CAND_001_01_013,CENTRE_001,R01,13,Q026,C,4.0
CAND_001_01_013,CENTRE_001,R01,13,Q027,B,4.0
CAND_001_01_013,CENTRE_001,R01,13,Q028,A,4.0
CAND_001_01_013,CENTRE_001,R01,13,Q029,D,4.0
CAND_001_01_013,CENTRE_001,R01,13,Q030,B,-1.0
CAND_001_01_013,CENTRE_001,R01,13,Q031,B,4.0
CAND_001_01_013,CENTRE_001,R01,13,Q032,B,-1.0
CAND_001_01_013,CENTRE_001,R01,13,Q033,D,4.0
CAND_001_01_013,CENTRE_001,R01,13,Q034,C,4.0
CAND_001_01_013,CENTRE_001,R01,13,Q035,D,-1.0
CAND_001_01_013,CENTRE_001,R01,13,Q036,A,4.0
CAND_001_01_013,CENTRE_001,R01,13,Q037,D,4.0
CAND_001_01_013,CENTRE_001,R01,13,Q038,D,-1.0
CAND_001_01_013,CENTRE_001,R01,13,Q039,B,4.0
CAND_001_01_013,CENTRE_001,R01,13,Q040,A,4.0
CAND_001_01_013,CENTRE_001,R01,13,Q041,B,-1.0
CAND_001_01_013,CENTRE_001,R01,13,Q042,B,-1.0
CAND_001_01_013,CENTRE_001,R01,13,Q043,B,4.0
CAND_001_01_013,CENTRE_001,R01,13,Q044,A,4.0
CAND_001_01_013,CENTRE_001,R01,13,Q045,A,-1.0
CAND_001_01_013,CENTRE_001,R01,13,Q046,C,4.0
CAND_001_01_013,CENTRE_001,R01,13,Q047,D,-1.0
CAND_001_01_013,CENTRE_001,R01,13,Q048,A,4.0
CAND_001_01_013,CENTRE_001,R01,13,Q049,B,-1.0
CAND_001_01_013,CENTRE_001,R01,13,Q050,C,4.0
CAND_001_01_014,CENTRE_001,R01,14,Q001,B,-1.0
CAND_001_01_014,CENTRE_001,R01,14,Q002,A,-1.0
CAND_001_01_014,CENTRE_001,R01,14,Q003,D,-1.0
CAND_001_01_014,CENTRE_001,R01,14,Q004,A,4.0
CAND_001_01_014,CENTRE_001,R01,14,Q005,D,4.0
CAND_001_01_014,CENTRE_001,R01,14,Q006,C,4.0
CAND_001_01_014,CENTRE_001,R01,14,Q007,C,-1.0
CAND_001_01_014,CENTRE_001,R01,14,Q008,A,4.0
CAND_001_01_014,CENTRE_001,R01,14,Q009,D,4.0
CAND_001_01_014,CENTRE_001,R01,14,Q010,C,4.0
CAND_001_01_014,CENTRE_001,R01,14,Q011,B,4.0
CAND_001_01_014,CENTRE_001,R01,14,Q012,A,4.0
CAND_001_01_014,CENTRE_001,R01,14,Q013,C,-1.0
CAND_001_01_014,CENTRE_001,R01,14,Q014,C,4.0
CAND_001_01_014,CENTRE_001,R01,14,Q015,C,-1.0
CAND_001_01_014,CENTRE_001,R01,14,Q016,D,-1.0
CAND_001_01_014,CENTRE_001,R01,14,Q017,D,4.0
CAND_001_01_014,CENTRE_001,R01,14,Q018,,0.0
CAND_001_01_014,CENTRE_001,R01,14,Q019,B,4.0
CAND_001_01_014,CENTRE_001,R01,14,Q020,A,4.0
CAND_001_01_014,CENTRE_001,R01,14,Q021,A,-1.0
CAND_001_01_014,CENTRE_001,R01,14,Q022,D,-1.0
CAND_001_01_014,CENTRE_001,R01,14,Q023,B,4.0
CAND_001_01_014,CENTRE_001,R01,14,Q024,A,4.0
CAND_001_01_014,CENTRE_001,R01,14,Q025,D,4.0
CAND_001_01_014,CENTRE_001,R01,14,Q026,C,4.0
CAND_001_01_014,CENTRE_001,R01,14,Q027,D,-1.0
CAND_001_01_014,CENTRE_001,R01,14,Q028,A,4.0
CAND_001_01_014,CENTRE_001,R01,14,Q029,A,-1.0
CAND_001_01_014,CENTRE_001,R01,14,Q030,A,-1.0
CAND_001_01_014,CENTRE_001,R01,14,Q031,D,-1.0
CAND_001_01_014,CENTRE_001,R01,14,Q032,A,4.0
CAND_001_01_014,CENTRE_001,R01,14,Q033,D,4.0
CAND_001_01_014,CENTRE_001,R01,14,Q034,A,-1.0
CAND_001_01_014,CENTRE_001,R01,14,Q035,C,-1.0
CAND_001_01_014,CENTRE_001,R01,14,Q036,B,-1.0
CAND_001_01_014,CENTRE_001,R01,14,Q037,D,4.0
CAND_001_01_014,CENTRE_001,R01,14,Q038,A,-1.0
CAND_001_01_014,CENTRE_001,R01,14,Q039,B,4.0
CAND_001_01_014,CENTRE_001,R01,14,Q040,A,4.0
CAND_001_01_014,CENTRE_001,R01,14,Q041,A,-1.0
CAND_001_01_014,CENTRE_001,R01,14,Q042,C,4.0
CAND_001_01_014,CENTRE_001,R01,14,Q043,B,4.0
CAND_001_01_014,CENTRE_001,R01,14,Q044,D,-1.0
CAND_001_01_014,CENTRE_001,R01,14,Q045,D,4.0
CAND_001_01_014,CENTRE_001,R01,14,Q046,C,4.0
CAND_001_01_014,CENTRE_001,R01,14,Q047,B,4.0
CAND_001_01_014,CENTRE_001,R01,14,Q048,B,-1.0
CAND_001_01_014,CENTRE_001,R01,14,Q049,,0.0
CAND_001_01_014,CENTRE_001,R01,14,Q050,D,-1.0
CAND_001_01_015,CENTRE_001,R01,15,Q001,,0.0
CAND_001_01_015,CENTRE_001,R01,15,Q002,B,-1.0
CAND_001_01_015,CENTRE_001,R01,15,Q003,C,-1.0
CAND_001_01_015,CENTRE_001,R01,15,Q004,A,4.0
CAND_001_01_015,CENTRE_001,R01,15,Q005,D,4.0
CAND_001_01_015,CENTRE_001,R01,15,Q006,,0.0
CAND_001_01_015,CENTRE_001,R01,15,Q007,B,4.0
CAND_001_01_015,CENTRE_001,R01,15,Q008,C,-1.0
CAND_001_01_015,CENTRE_001,R01,15,Q009,D,4.0
CAND_001_01_015,CENTRE_001,R01,15,Q010,D,-1.0
CAND_001_01_015,CENTRE_001,R01,15,Q011,,0.0
CAND_001_01_015,CENTRE_001,R01,15,Q012,D,-1.0
CAND_001_01_015,CENTRE_001,R01,15,Q013,A,-1.0
CAND_001_01_015,CENTRE_001,R01,15,Q014,C,4.0
CAND_001_01_015,CENTRE_001,R01,15,Q015,C,-1.0
CAND_001_01_015,CENTRE_001,R01,15,Q016,A,4.0
CAND_001_01_015,CENTRE_001,R01,15,Q017,B,-1.0
CAND_001_01_015,CENTRE_001,R01,15,Q018,A,-1.0
CAND_001_01_015,CENTRE_001,R01,15,Q019,A,-1.0
CAND_001_01_015,CENTRE_001,R01,15,Q020,,0.0
CAND_001_01_015,CENTRE_001,R01,15,Q021,D,4.0
CAND_001_01_015,CENTRE_001,R01,15,Q022,D,-1.0
CAND_001_01_015,CENTRE_001,R01,15,Q023,B,4.0
CAND_001_01_015,CENTRE_001,R01,15,Q024,D,-1.0
CAND_001_01_015,CENTRE_001,R01,15,Q025,D,4.0
CAND_001_01_015,CENTRE_001,R01,15,Q026,C,4.0
CAND_001_01_015,CENTRE_001,R01,15,Q027,D,-1.0
CAND_001_01_015,CENTRE_001,R01,15,Q028,A,4.0
CAND_001_01_015,CENTRE_001,R01,15,Q029,D,4.0
CAND_001_01_015,CENTRE_001,R01,15,Q030,C,4.0
CAND_001_01_015,CENTRE_001,R01,15,Q031,B,4.0
CAND_001_01_015,CENTRE_001,R01,15,Q032,A,4.0
CAND_001_01_015,CENTRE_001,R01,15,Q033,D,4.0
CAND_001_01_015,CENTRE_001,R01,15,Q034,C,4.0
CAND_001_01_015,CENTRE_001,R01,15,Q035,D,-1.0
CAND_001_01_015,CENTRE_001,R01,15,Q036,A,4.0
CAND_001_01_015,CENTRE_001,R01,15,Q037,B,-1.0
CAND_001_01_015,CENTRE_001,R01,15,Q038,D,-1.0
CAND_001_01_015,CENTRE_001,R01,15,Q039,A,-1.0
CAND_001_01_015,CENTRE_001,R01,15,Q040,D,-1.0
CAND_001_01_015,CENTRE_001,R01,15,Q041,D,4.0
CAND_001_01_015,CENTRE_001,R01,15,Q042,C,4.0
CAND_001_01_015,CENTRE_001,R01,15,Q043,C,-1.0
CAND_001_01_015,CENTRE_001,R01,15,Q044,A,4.0
CAND_001_01_015,CENTRE_001,R01,15,Q045,D,4.0
CAND_001_01_015,CENTRE_001,R01,15,Q046,C,4.0
CAND_001_01_015,CENTRE_001,R01,15,Q047,,0.0
CAND_001_01_015,CENTRE_001,R01,15,Q048,B,-1.0
CAND_001_01_015,CENTRE_001,R01,15,Q049,B,-1.0
CAND_001_01_015,CENTRE_001,R01,15,Q050,C,4.0
CAND_001_01_016,CENTRE_001,R01,16,Q001,D,4.0
CAND_001_01_016,CENTRE_001,R01,16,Q002,C,4.0
CAND_001_01_016,CENTRE_001,R01,16,Q003,A,-1.0
CAND_001_01_016,CENTRE_001,R01,16,Q004,A,4.0
CAND_001_01_016,CENTRE_001,R01,16,Q005,,0.0
CAND_001_01_016,CENTRE_001,R01,16,Q006,C,4.0
CAND_001_01_016,CENTRE_001,R01,16,Q007,B,4.0
CAND_001_01_016,CENTRE_001,R01,16,Q008,A,4.0
CAND_001_01_016,CENTRE_001,R01,16,Q009,A,-1.0
CAND_001_01_016,CENTRE_001,R01,16,Q010,B,-1.0
CAND_001_01_016,CENTRE_001,R01,16,Q011,B,4.0
CAND_001_01_016,CENTRE_001,R01,16,Q012,D,-1.0
CAND_001_01_016,CENTRE_001,R01,16,Q013,,0.0
CAND_001_01_016,CENTRE_001,R01,16,Q014,C,4.0
CAND_001_01_016,CENTRE_001,R01,16,Q015,,0.0
CAND_001_01_016,CENTRE_001,R01,16,Q016,A,4.0
CAND_001_01_016,CENTRE_001,R01,16,Q017,D,4.0
CAND_001_01_016,CENTRE_001,R01,16,Q018,C,4.0
CAND_001_01_016,CENTRE_001,R01,16,Q019,B,4.0
CAND_001_01_016,CENTRE_001,R01,16,Q020,A,4.0
CAND_001_01_016,CENTRE_001,R01,16,Q021,D,4.0
CAND_001_01_016,CENTRE_001,R01,16,Q022,B,-1.0
CAND_001_01_016,CENTRE_001,R01,16,Q023,D,-1.0
CAND_001_01_016,CENTRE_001,R01,16,Q024,B,-1.0
CAND_001_01_016,CENTRE_001,R01,16,Q025,D,4.0
CAND_001_01_016,CENTRE_001,R01,16,Q026,B,-1.0
CAND_001_01_016,CENTRE_001,R01,16,Q027,D,-1.0
CAND_001_01_016,CENTRE_001,R01,16,Q028,A,4.0
CAND_001_01_016,CENTRE_001,R01,16,Q029,D,4.0
CAND_001_01_016,CENTRE_001,R01,16,Q030,B,-1.0
CAND_001_01_016,CENTRE_001,R01,16,Q031,B,4.0
CAND_001_01_016,CENTRE_001,R01,16,Q032,A,4.0
CAND_001_01_016,CENTRE_001,R01,16,Q033,C,-1.0
CAND_001_01_016,CENTRE_001,R01,16,Q034,,0.0
CAND_001_01_016,CENTRE_001,R01,16,Q035,D,-1.0
CAND_001_01_016,CENTRE_001,R01,16,Q036,A,4.0
CAND_001_01_016,CENTRE_001,R01,16,Q037,D,4.0
CAND_001_01_016,CENTRE_001,R01,16,Q038,A,-1.0
CAND_001_01_016,CENTRE_001,R01,16,Q039,B,4.0
CAND_001_01_016,CENTRE_001,R01,16,Q040,A,4.0
CAND_001_01_016,CENTRE_001,R01,16,Q041,C,-1.0
CAND_001_01_016,CENTRE_001,R01,16,Q042,C,4.0
CAND_001_01_016,CENTRE_001,R01,16,Q043,D,-1.0
CAND_001_01_016,CENTRE_001,R01,16,Q044,B,-1.0
CAND_001_01_016,CENTRE_001,R01,16,Q045,D,4.0
CAND_001_01_016,CENTRE_001,R01,16,Q046,C,4.0
CAND_001_01_016,CENTRE_001,R01,16,Q047,B,4.0
CAND_001_01_016,CENTRE_001,R01,16,Q048,,0.0
CAND_001_01_016,CENTRE_001,R01,16,Q049,B,-1.0
CAND_001_01_016,CENTRE_001,R01,16,Q050,B,-1.0
CAND_001_01_017,CENTRE_001,R01,17,Q001,C,-1.0
CAND_001_01_017,CENTRE_001,R01,17,Q002,C,4.0
CAND_001_01_017,CENTRE_001,R01,17,Q003,C,-1.0
CAND_001_01_017,CENTRE_001,R01,17,Q004,A,4.0
CAND_001_01_017,CENTRE_001,R01,17,Q005,D,4.0
CAND_001_01_017,CENTRE_001,R01,17,Q006,C,4.0
CAND_001_01_017,CENTRE_001,R01,17,Q007,B,4.0
CAND_001_01_017,CENTRE_001,R01,17,Q008,A,4.0
CAND_001_01_017,CENTRE_001,R01,17,Q009,D,4.0
CAND_001_01_017,CENTRE_001,R01,17,Q010,C,4.0
CAND_001_01_017,CENTRE_001,R01,17,Q011,B,4.0
CAND_001_01_017,CENTRE_001,R01,17,Q012,A,4.0
CAND_001_01_017,CENTRE_001,R01,17,Q013,,0.0
CAND_001_01_017,CENTRE_001,R01,17,Q014,D,-1.0
CAND_001_01_017,CENTRE_001,R01,17,Q015,B,4.0
CAND_001_01_017,CENTRE_001,R01,17,Q016,A,4.0
CAND_001_01_017,CENTRE_001,R01,17,Q017,D,4.0
CAND_001_01_017,CENTRE_001,R01,17,Q018,A,-1.0
CAND_001_01_017,CENTRE_001,R01,17,Q019,B,4.0
CAND_001_01_017,CENTRE_001,R01,17,Q020,C,-1.0
CAND_001_01_017,CENTRE_001,R01,17,Q021,D,4.0
CAND_001_01_017,CENTRE_001,R01,17,Q022,C,4.0
CAND_001_01_017,CENTRE_001,R01,17,Q023,C,-1.0
CAND_001_01_017,CENTRE_001,R01,17,Q024,,0.0
CAND_001_01_017,CENTRE_001,R01,17,Q025,D,4.0
CAND_001_01_017,CENTRE_001,R01,17,Q026,C,4.0
CAND_001_01_017,CENTRE_001,R01,17,Q027,D,-1.0
CAND_001_01_017,CENTRE_001,R01,17,Q028,A,4.0
CAND_001_01_017,CENTRE_001,R01,17,Q029,D,4.0
CAND_001_01_017,CENTRE_001,R01,17,Q030,C,4.0
CAND_001_01_017,CENTRE_001,R01,17,Q031,B,4.0
CAND_001_01_017,CENTRE_001,R01,17,Q032,A,4.0
CAND_001_01_017,CENTRE_001,R01,17,Q033,D,4.0
CAND_001_01_017,CENTRE_001,R01,17,Q034,C,4.0
CAND_001_01_017,CENTRE_001,R01,17,Q035,A,-1.0
CAND_001_01_017,CENTRE_001,R01,17,Q036,A,4.0
CAND_001_01_017,CENTRE_001,R01,17,Q037,D,4.0
CAND_001_01_017,CENTRE_001,R01,17,Q038,C,4.0
CAND_001_01_017,CENTRE_001,R01,17,Q039,B,4.0
CAND_001_01_017,CENTRE_001,R01,17,Q040,D,-1.0
CAND_001_01_017,CENTRE_001,R01,17,Q041,C,-1.0
CAND_001_01_017,CENTRE_001,R01,17,Q042,B,-1.0
CAND_001_01_017,CENTRE_001,R01,17,Q043,C,-1.0
CAND_001_01_017,CENTRE_001,R01,17,Q044,A,4.0
CAND_001_01_017,CENTRE_001,R01,17,Q045,,0.0
CAND_001_01_017,CENTRE_001,R01,17,Q046,C,4.0
CAND_001_01_017,CENTRE_001,R01,17,Q047,B,4.0
CAND_001_01_017,CENTRE_001,R01,17,Q048,A,4.0
CAND_001_01_017,CENTRE_001,R01,17,Q049,D,4.0
CAND_001_01_017,CENTRE_001,R01,17,Q050,D,-1.0
CAND_001_01_018,CENTRE_001,R01,18,Q001,D,4.0
CAND_001_01_018,CENTRE_001,R01,18,Q002,C,4.0
CAND_001_01_018,CENTRE_001,R01,18,Q003,B,4.0
CAND_001_01_018,CENTRE_001,R01,18,Q004,A,4.0
CAND_001_01_018,CENTRE_001,R01,18,Q005,D,4.0
CAND_001_01_018,CENTRE_001,R01,18,Q006,B,-1.0
CAND_001_01_018,CENTRE_001,R01,18,Q007,B,4.0
CAND_001_01_018,CENTRE_001,R01,18,Q008,C,-1.0
CAND_001_01_018,CENTRE_001,R01,18,Q009,C,-1.0
CAND_001_01_018,CENTRE_001,R01,18,Q010,A,-1.0
CAND_001_01_018,CENTRE_001,R01,18,Q011,B,4.0
CAND_001_01_018,CENTRE_001,R01,18,Q012,D,-1.0
CAND_001_01_018,CENTRE_001,R01,18,Q013,D,4.0
CAND_001_01_018,CENTRE_001,R01,18,Q014,C,4.0
CAND_001_01_018,CENTRE_001,R01,18,Q015,A,-1.0
CAND_001_01_018,CENTRE_001,R01,18,Q016,A,4.0
CAND_001_01_018,CENTRE_001,R01,18,Q017,D,4.0
CAND_001_01_018,CENTRE_001,R01,18,Q018,C,4.0
CAND_001_01_018,CENTRE_001,R01,18,Q019,B,4.0
CAND_001_01_018,CENTRE_001,R01,18,Q020,D,-1.0
CAND_001_01_018,CENTRE_001,R01,18,Q021,A,-1.0
CAND_001_01_018,CENTRE_001,R01,18,Q022,C,4.0
CAND_001_01_018,CENTRE_001,R01,18,Q023,A,-1.0
CAND_001_01_018,CENTRE_001,R01,18,Q024,A,4.0
CAND_001_01_018,CENTRE_001,R01,18,Q025,B,-1.0
CAND_001_01_018,CENTRE_001,R01,18,Q026,D,-1.0
CAND_001_01_018,CENTRE_001,R01,18,Q027,B,4.0
CAND_001_01_018,CENTRE_001,R01,18,Q028,D,-1.0
CAND_001_01_018,CENTRE_001,R01,18,Q029,D,4.0
CAND_001_01_018,CENTRE_001,R01,18,Q030,C,4.0
CAND_001_01_018,CENTRE_001,R01,18,Q031,B,4.0
CAND_001_01_018,CENTRE_001,R01,18,Q032,B,-1.0
CAND_001_01_018,CENTRE_001,R01,18,Q033,D,4.0
CAND_001_01_018,CENTRE_001,R01,18,Q034,C,4.0
CAND_001_01_018,CENTRE_001,R01,18,Q035,B,4.0
CAND_001_01_018,CENTRE_001,R01,18,Q036,A,4.0
CAND_001_01_018,CENTRE_001,R01,18,Q037,D,4.0
CAND_001_01_018,CENTRE_001,R01,18,Q038,C,4.0
CAND_001_01_018,CENTRE_001,R01,18,Q039,B,4.0
CAND_001_01_018,CENTRE_001,R01,18,Q040,,0.0
CAND_001_01_018,CENTRE_001,R01,18,Q041,B,-1.0
CAND_001_01_018,CENTRE_001,R01,18,Q042,B,-1.0
CAND_001_01_018,CENTRE_001,R01,18,Q043,B,4.0
CAND_001_01_018,CENTRE_001,R01,18,Q044,A,4.0
CAND_001_01_018,CENTRE_001,R01,18,Q045,A,-1.0
CAND_001_01_018,CENTRE_001,R01,18,Q046,C,4.0
CAND_001_01_018,CENTRE_001,R01,18,Q047,B,4.0
CAND_001_01_018,CENTRE_001,R01,18,Q048,A,4.0
CAND_001_01_018,CENTRE_001,R01,18,Q049,D,4.0
CAND_001_01_018,CENTRE_001,R01,18,Q050,C,4.0
CAND_001_01_019,CENTRE_001,R01,19,Q001,A,-1.0
CAND_001_01_019,CENTRE_001,R01,19,Q002,D,-1.0
CAND_001_01_019,CENTRE_001,R01,19,Q003,B,4.0
CAND_001_01_019,CENTRE_001,R01,19,Q004,A,4.0
CAND_001_01_019,CENTRE_001,R01,19,Q005,D,4.0
CAND_001_01_019,CENTRE_001,R01,19,Q006,D,-1.0
CAND_001_01_019,CENTRE_001,R01,19,Q007,C,-1.0
CAND_001_01_019,CENTRE_001,R01,19,Q008,A,4.0
CAND_001_01_019,CENTRE_001,R01,19,Q009,D,4.0
CAND_001_01_019,CENTRE_001,R01,19,Q010,C,4.0
CAND_001_01_019,CENTRE_001,R01,19,Q011,A,-1.0
CAND_001_01_019,CENTRE_001,R01,19,Q012,A,4.0
CAND_001_01_019,CENTRE_001,R01,19,Q013,A,-1.0
CAND_001_01_019,CENTRE_001,R01,19,Q014,D,-1.0
CAND_001_01_019,CENTRE_001,R01,19,Q015,B,4.0
CAND_001_01_019,CENTRE_001,R01,19,Q016,B,-1.0
CAND_001_01_019,CENTRE_001,R01,19,Q017,C,-1.0
CAND_001_01_019,CENTRE_001,R01,19,Q018,C,4.0
CAND_001_01_019,CENTRE_001,R01,19,Q019,,0.0
CAND_001_01_019,CENTRE_001,R01,19,Q020,D,-1.0
CAND_001_01_019,CENTRE_001,R01,19,Q021,B,-1.0
CAND_001_01_019,CENTRE_001,R01,19,Q022,C,4.0
CAND_001_01_019,CENTRE_001,R01,19,Q023,B,4.0
CAND_001_01_019,CENTRE_001,R01,19,Q024,A,4.0
CAND_001_01_019,CENTRE_001,R01,19,Q025,A,-1.0
CAND_001_01_019,CENTRE_001,R01,19,Q026,C,4.0
CAND_001_01_019,CENTRE_001,R01,19,Q027,D,-1.0
CAND_001_01_019,CENTRE_001,R01,19,Q028,B,-1.0
CAND_001_01_019,CENTRE_001,R01,19,Q029,D,4.0
CAND_001_01_019,CENTRE_001,R01,19,Q030,C,4.0
CAND_001_01_019,CENTRE_001,R01,19,Q031,D,-1.0
CAND_001_01_019,CENTRE_001,R01,19,Q032,D,-1.0
CAND_001_01_019,CENTRE_001,R01,19,Q033,D,4.0
CAND_001_01_019,CENTRE_001,R01,19,Q034,C,4.0
CAND_001_01_019,CENTRE_001,R01,19,Q035,A,-1.0
CAND_001_01_019,CENTRE_001,R01,19,Q036,A,4.0
CAND_001_01_019,CENTRE_001,R01,19,Q037,D,4.0
CAND_001_01_019,CENTRE_001,R01,19,Q038,C,4.0
CAND_001_01_019,CENTRE_001,R01,19,Q039,B,4.0
CAND_001_01_019,CENTRE_001,R01,19,Q040,D,-1.0
CAND_001_01_019,CENTRE_001,R01,19,Q041,,0.0
CAND_001_01_019,CENTRE_001,R01,19,Q042,A,-1.0
CAND_001_01_019,CENTRE_001,R01,19,Q043,A,-1.0
CAND_001_01_019,CENTRE_001,R01,19,Q044,C,-1.0
CAND_001_01_019,CENTRE_001,R01,19,Q045,B,-1.0
CAND_001_01_019,CENTRE_001,R01,19,Q046,C,4.0
CAND_001_01_019,CENTRE_001,R01,19,Q047,B,4.0
CAND_001_01_019,CENTRE_001,R01,19,Q048,D,-1.0
CAND_001_01_019,CENTRE_001,R01,19,Q049,D,4.0
CAND_001_01_019,CENTRE_001,R01,19,Q050,C,4.0
CAND_001_01_020,CENTRE_001,R01,20,Q001,D,4.0
CAND_001_01_020,CENTRE_001,R01,20,Q002,B,-1.0
CAND_001_01_020,CENTRE_001,R01,20,Q003,B,4.0
CAND_001_01_020,CENTRE_001,R01,20,Q004,A,4.0
CAND_001_01_020,CENTRE_001,R01,20,Q005,C,-1.0
CAND_001_01_020,CENTRE_001,R01,20,Q006,B,-1.0
CAND_001_01_020,CENTRE_001,R01,20,Q007,B,4.0
CAND_001_01_020,CENTRE_001,R01,20,Q008,A,4.0
CAND_001_01_020,CENTRE_001,R01,20,Q009,B,-1.0
CAND_001_01_020,CENTRE_001,R01,20,Q010,C,4.0
CAND_001_01_020,CENTRE_001,R01,20,Q011,A,-1.0
CAND_001_01_020,CENTRE_001,R01,20,Q012,D,-1.0
CAND_001_01_020,CENTRE_001,R01,20,Q013,A,-1.0
CAND_001_01_020,CENTRE_001,R01,20,Q014,C,4.0
CAND_001_01_020,CENTRE_001,R01,20,Q015,A,-1.0
CAND_001_01_020,CENTRE_001,R01,20,Q016,A,4.0
CAND_001_01_020,CENTRE_001,R01,20,Q017,D,4.0
CAND_001_01_020,CENTRE_001,R01,20,Q018,D,-1.0
CAND_001_01_020,CENTRE_001,R01,20,Q019,B,4.0
CAND_001_01_020,CENTRE_001,R01,20,Q020,A,4.0
CAND_001_01_020,CENTRE_001,R01,20,Q021,D,4.0
CAND_001_01_020,CENTRE_001,R01,20,Q022,C,4.0
CAND_001_01_020,CENTRE_001,R01,20,Q023,B,4.0
CAND_001_01_020,CENTRE_001,R01,20,Q024,A,4.0
CAND_001_01_020,CENTRE_001,R01,20,Q025,D,4.0
CAND_001_01_020,CENTRE_001,R01,20,Q026,C,4.0
CAND_001_01_020,CENTRE_001,R01,20,Q027,B,4.0
CAND_001_01_020,CENTRE_001,R01,20,Q028,A,4.0
CAND_001_01_020,CENTRE_001,R01,20,Q029,,0.0
CAND_001_01_020,CENTRE_001,R01,20,Q030,C,4.0
CAND_001_01_020,CENTRE_001,R01,20,Q031,B,4.0
CAND_001_01_020,CENTRE_001,R01,20,Q032,C,-1.0
CAND_001_01_020,CENTRE_001,R01,20,Q033,C,-1.0
CAND_001_01_020,CENTRE_001,R01,20,Q034,C,4.0
CAND_001_01_020,CENTRE_001,R01,20,Q035,A,-1.0
CAND_001_01_020,CENTRE_001,R01,20,Q036,A,4.0
CAND_001_01_020,CENTRE_001,R01,20,Q037,D,4.0
CAND_001_01_020,CENTRE_001,R01,20,Q038,C,4.0
CAND_001_01_020,CENTRE_001,R01,20,Q039,D,-1.0
CAND_001_01_020,CENTRE_001,R01,20,Q040,D,-1.0
CAND_001_01_020,CENTRE_001,R01,20,Q041,D,4.0
CAND_001_01_020,CENTRE_001,R01,20,Q042,C,4.0
CAND_001_01_020,CENTRE_001,R01,20,Q043,B,4.0
CAND_001_01_020,CENTRE_001,R01,20,Q044,D,-1.0
CAND_001_01_020,CENTRE_001,R01,20,Q045,A,-1.0
CAND_001_01_020,CENTRE_001,R01,20,Q046,A,-1.0
CAND_001_01_020,CENTRE_001,R01,20,Q047,A,-1.0
CAND_001_01_020,CENTRE_001,R01,20,Q048,,0.0
CAND_001_01_020,CENTRE_001,R01,20,Q049,D,4.0
CAND_001_01_020,CENTRE_001,R01,20,Q050,C,4.0
CAND_001_02_001,CENTRE_001,R02,1,Q001,D,4.0
CAND_001_02_001,CENTRE_001,R02,1,Q002,C,4.0
CAND_001_02_001,CENTRE_001,R02,1,Q003,B,4.0
CAND_001_02_001,CENTRE_001,R02,1,Q004,A,4.0
CAND_001_02_001,CENTRE_001,R02,1,Q005,C,-1.0
CAND_001_02_001,CENTRE_001,R02,1,Q006,C,4.0
CAND_001_02_001,CENTRE_001,R02,1,Q007,B,4.0
CAND_001_02_001,CENTRE_001,R02,1,Q008,A,4.0
CAND_001_02_001,CENTRE_001,R02,1,Q009,D,4.0
CAND_001_02_001,CENTRE_001,R02,1,Q010,C,4.0
CAND_001_02_001,CENTRE_001,R02,1,Q011,B,4.0
CAND_001_02_001,CENTRE_001,R02,1,Q012,A,4.0
CAND_001_02_001,CENTRE_001,R02,1,Q013,D,4.0
CAND_001_02_001,CENTRE_001,R02,1,Q014,C,4.0
CAND_001_02_001,CENTRE_001,R02,1,Q015,D,-1.0
CAND_001_02_001,CENTRE_001,R02,1,Q016,A,4.0
CAND_001_02_001,CENTRE_001,R02,1,Q017,A,-1.0
CAND_001_02_001,CENTRE_001,R02,1,Q018,B,-1.0
CAND_001_02_001,CENTRE_001,R02,1,Q019,B,4.0
CAND_001_02_001,CENTRE_001,R02,1,Q020,A,4.0
CAND_001_02_001,CENTRE_001,R02,1,Q021,C,-1.0
CAND_001_02_001,CENTRE_001,R02,1,Q022,B,-1.0
CAND_001_02_001,CENTRE_001,R02,1,Q023,B,4.0
CAND_001_02_001,CENTRE_001,R02,1,Q024,D,-1.0
CAND_001_02_001,CENTRE_001,R02,1,Q025,D,4.0
CAND_001_02_001,CENTRE_001,R02,1,Q026,C,4.0
CAND_001_02_001,CENTRE_001,R02,1,Q027,B,4.0
CAND_001_02_001,CENTRE_001,R02,1,Q028,A,4.0
CAND_001_02_001,CENTRE_001,R02,1,Q029,C,-1.0
CAND_001_02_001,CENTRE_001,R02,1,Q030,C,4.0
CAND_001_02_001,CENTRE_001,R02,1,Q031,D,-1.0
CAND_001_02_001,CENTRE_001,R02,1,Q032,A,4.0
CAND_001_02_001,CENTRE_001,R02,1,Q033,,0.0
CAND_001_02_001,CENTRE_001,R02,1,Q034,B,-1.0
CAND_001_02_001,CENTRE_001,R02,1,Q035,B,4.0
CAND_001_02_001,CENTRE_001,R02,1,Q036,D,-1.0
CAND_001_02_001,CENTRE_001,R02,1,Q037,D,4.0
CAND_001_02_001,CENTRE_001,R02,1,Q038,D,-1.0
CAND_001_02_001,CENTRE_001,R02,1,Q039,D,-1.0
CAND_001_02_001,CENTRE_001,R02,1,Q040,A,4.0
CAND_001_02_001,CENTRE_001,R02,1,Q041,D,4.0
CAND_001_02_001,CENTRE_001,R02,1,Q042,C,4.0
CAND_001_02_001,CENTRE_001,R02,1,Q043,B,4.0
CAND_001_02_001,CENTRE_001,R02,1,Q044,A,4.0
CAND_001_02_001,CENTRE_001,R02,1,Q045,D,4.0
CAND_001_02_001,CENTRE_001,R02,1,Q046,C,4.0
CAND_001_02_001,CENTRE_001,R02,1,Q047,B,4.0
CAND_001_02_001,CENTRE_001,R02,1,Q048,C,-1.0
CAND_001_02_001,CENTRE_001,R02,1,Q049,B,-1.0
CAND_001_02_001,CENTRE_001,R02,1,Q050,C,4.0
CAND_001_02_002,CENTRE_001,R02,2,Q001,D,4.0
CAND_001_02_002,CENTRE_001,R02,2,Q002,C,4.0
CAND_001_02_002,CENTRE_001,R02,2,Q003,A,-1.0
CAND_001_02_002,CENTRE_001,R02,2,Q004,A,4.0
CAND_001_02_002,CENTRE_001,R02,2,Q005,D,4.0
CAND_001_02_002,CENTRE_001,R02,2,Q006,A,-1.0
CAND_001_02_002,CENTRE_001,R02,2,Q007,D,-1.0
CAND_001_02_002,CENTRE_001,R02,2,Q008,A,4.0
CAND_001_02_002,CENTRE_001,R02,2,Q009,C,-1.0
CAND_001_02_002,CENTRE_001,R02,2,Q010,B,-1.0
CAND_001_02_002,CENTRE_001,R02,2,Q011,B,4.0
CAND_001_02_002,CENTRE_001,R02,2,Q012,B,-1.0
CAND_001_02_002,CENTRE_001,R02,2,Q013,D,4.0
CAND_001_02_002,CENTRE_001,R02,2,Q014,C,4.0
CAND_001_02_002,CENTRE_001,R02,2,Q015,B,4.0
CAND_001_02_002,CENTRE_001,R02,2,Q016,D,-1.0
CAND_001_02_002,CENTRE_001,R02,2,Q017,A,-1.0
CAND_001_02_002,CENTRE_001,R02,2,Q018,B,-1.0
CAND_001_02_002,CENTRE_001,R02,2,Q019,C,-1.0
CAND_001_02_002,CENTRE_001,R02,2,Q020,A,4.0
CAND_001_02_002,CENTRE_001,R02,2,Q021,D,4.0
CAND_001_02_002,CENTRE_001,R02,2,Q022,B,-1.0
CAND_001_02_002,CENTRE_001,R02,2,Q023,B,4.0
CAND_001_02_002,CENTRE_001,R02,2,Q024,C,-1.0
CAND_001_02_002,CENTRE_001,R02,2,Q025,C,-1.0
CAND_001_02_002,CENTRE_001,R02,2,Q026,C,4.0
CAND_001_02_002,CENTRE_001,R02,2,Q027,C,-1.0
CAND_001_02_002,CENTRE_001,R02,2,Q028,B,-1.0
CAND_001_02_002,CENTRE_001,R02,2,Q029,D,4.0
CAND_001_02_002,CENTRE_001,R02,2,Q030,A,-1.0
CAND_001_02_002,CENTRE_001,R02,2,Q031,B,4.0
CAND_001_02_002,CENTRE_001,R02,2,Q032,D,-1.0
CAND_001_02_002,CENTRE_001,R02,2,Q033,C,-1.0
CAND_001_02_002,CENTRE_001,R02,2,Q034,C,4.0
CAND_001_02_002,CENTRE_001,R02,2,Q035,C,-1.0
CAND_001_02_002,CENTRE_001,R02,2,Q036,C,-1.0
CAND_001_02_002,CENTRE_001,R02,2,Q037,C,-1.0
CAND_001_02_002,CENTRE_001,R02,2,Q038,B,-1.0
CAND_001_02_002,CENTRE_001,R02,2,Q039,,0.0
CAND_001_02_002,CENTRE_001,R02,2,Q040,A,4.0
CAND_001_02_002,CENTRE_001,R02,2,Q041,D,4.0
CAND_001_02_002,CENTRE_001,R02,2,Q042,C,4.0
CAND_001_02_002,CENTRE_001,R02,2,Q043,B,4.0
CAND_001_02_002,CENTRE_001,R02,2,Q044,D,-1.0
CAND_001_02_002,CENTRE_001,R02,2,Q045,D,4.0
CAND_001_02_002,CENTRE_001,R02,2,Q046,D,-1.0
CAND_001_02_002,CENTRE_001,R02,2,Q047,D,-1.0
CAND_001_02_002,CENTRE_001,R02,2,Q048,D,-1.0
CAND_001_02_002,CENTRE_001,R02,2,Q049,A,-1.0
CAND_001_02_002,CENTRE_001,R02,2,Q050,D,-1.0
CAND_001_02_003,CENTRE_001,R02,3,Q001,D,4.0
CAND_001_02_003,CENTRE_001,R02,3,Q002,C,4.0
CAND_001_02_003,CENTRE_001,R02,3,Q003,B,4.0
CAND_001_02_003,CENTRE_001,R02,3,Q004,A,4.0
CAND_001_02_003,CENTRE_001,R02,3,Q005,D,4.0
CAND_001_02_003,CENTRE_001,R02,3,Q006,C,4.0
CAND_001_02_003,CENTRE_001,R02,3,Q007,D,-1.0
CAND_001_02_003,CENTRE_001,R02,3,Q008,A,4.0
CAND_001_02_003,CENTRE_001,R02,3,Q009,D,4.0
CAND_001_02_003,CENTRE_001,R02,3,Q010,C,4.0
CAND_001_02_003,CENTRE_001,R02,3,Q011,B,4.0
CAND_001_02_003,CENTRE_001,R02,3,Q012,C,-1.0
CAND_001_02_003,CENTRE_001,R02,3,Q013,D,4.0
CAND_001_02_003,CENTRE_001,R02,3,Q014,C,4.0
CAND_001_02_003,CENTRE_001,R02,3,Q015,C,-1.0
CAND_001_02_003,CENTRE_001,R02,3,Q016,A,4.0
CAND_001_02_003,CENTRE_001,R02,3,Q017,C,-1.0
CAND_001_02_003,CENTRE_001,R02,3,Q018,C,4.0
CAND_001_02_003,CENTRE_001,R02,3,Q019,B,4.0
CAND_001_02_003,CENTRE_001,R02,3,Q020,C,-1.0
CAND_001_02_003,CENTRE_001,R02,3,Q021,D,4.0
CAND_001_02_003,CENTRE_001,R02,3,Q022,B,-1.0
CAND_001_02_003,CENTRE_001,R02,3,Q023,B,4.0
CAND_001_02_003,CENTRE_001,R02,3,Q024,A,4.0
CAND_001_02_003,CENTRE_001,R02,3,Q025,D,4.0
CAND_001_02_003,CENTRE_001,R02,3,Q026,C,4.0
CAND_001_02_003,CENTRE_001,R02,3,Q027,B,4.0
CAND_001_02_003,CENTRE_001,R02,3,Q028,C,-1.0
CAND_001_02_003,CENTRE_001,R02,3,Q029,D,4.0
CAND_001_02_003,CENTRE_001,R02,3,Q030,C,4.0
CAND_001_02_003,CENTRE_001,R02,3,Q031,B,4.0
CAND_001_02_003,CENTRE_001,R02,3,Q032,B,-1.0
CAND_001_02_003,CENTRE_001,R02,3,Q033,D,4.0
CAND_001_02_003,CENTRE_001,R02,3,Q034,C,4.0
CAND_001_02_003,CENTRE_001,R02,3,Q035,B,4.0
CAND_001_02_003,CENTRE_001,R02,3,Q036,A,4.0
CAND_001_02_003,CENTRE_001,R02,3,Q037,D,4.0
CAND_001_02_003,CENTRE_001,R02,3,Q038,C,4.0
CAND_001_02_003,CENTRE_001,R02,3,Q039,B,4.0
CAND_001_02_003,CENTRE_001,R02,3,Q040,A,4.0
CAND_001_02_003,CENTRE_001,R02,3,Q041,D,4.0
CAND_001_02_003,CENTRE_001,R02,3,Q042,A,-1.0
CAND_001_02_003,CENTRE_001,R02,3,Q043,B,4.0
CAND_001_02_003,CENTRE_001,R02,3,Q044,A,4.0
CAND_001_02_003,CENTRE_001,R02,3,Q045,D,4.0
CAND_001_02_003,CENTRE_001,R02,3,Q046,C,4.0
CAND_001_02_003,CENTRE_001,R02,3,Q047,A,-1.0
CAND_001_02_003,CENTRE_001,R02,3,Q048,A,4.0
CAND_001_02_003,CENTRE_001,R02,3,Q049,D,4.0
CAND_001_02_003,CENTRE_001,R02,3,Q050,C,4.0
CAND_001_02_004,CENTRE_001,R02,4,Q001,,0.0
CAND_001_02_004,CENTRE_001,R02,4,Q002,B,-1.0
CAND_001_02_004,CENTRE_001,R02,4,Q003,C,-1.0
CAND_001_02_004,CENTRE_001,R02,4,Q004,C,-1.0
CAND_001_02_004,CENTRE_001,R02,4,Q005,D,4.0
CAND_001_02_004,CENTRE_001,R02,4,Q006,A,-1.0
CAND_001_02_004,CENTRE_001,R02,4,Q007,D,-1.0
CAND_001_02_004,CENTRE_001,R02,4,Q008,B,-1.0
CAND_001_02_004,CENTRE_001,R02,4,Q009,D,4.0
CAND_001_02_004,CENTRE_001,R02,4,Q010,A,-1.0
CAND_001_02_004,CENTRE_001,R02,4,Q011,C,-1.0
CAND_001_02_004,CENTRE_001,R02,4,Q012,A,4.0
CAND_001_02_004,CENTRE_001,R02,4,Q013,B,-1.0
CAND_001_02_004,CENTRE_001,R02,4,Q014,,0.0
CAND_001_02_004,CENTRE_001,R02,4,Q015,C,-1.0
CAND_001_02_004,CENTRE_001,R02,4,Q016,A,4.0
CAND_001_02_004,CENTRE_001,R02,4,Q017,B,-1.0
CAND_001_02_004,CENTRE_001,R02,4,Q018,D,-1.0
CAND_001_02_004,CENTRE_001,R02,4,Q019,A,-1.0
CAND_001_02_004,CENTRE_001,R02,4,Q020,A,4.0
CAND_001_02_004,CENTRE_001,R02,4,Q021,C,-1.0
CAND_001_02_004,CENTRE_001,R02,4,Q022,C,4.0
CAND_001_02_004,CENTRE_001,R02,4,Q023,D,-1.0
CAND_001_02_004,CENTRE_001,R02,4,Q024,D,-1.0
CAND_001_02_004,CENTRE_001,R02,4,Q025,B,-1.0
CAND_001_02_004,CENTRE_001,R02,4,Q026,,0.0
CAND_001_02_004,CENTRE_001,R02,4,Q027,A,-1.0
CAND_001_02_004,CENTRE_001,R02,4,Q028,B,-1.0
CAND_001_02_004,CENTRE_001,R02,4,Q029,D,4.0
CAND_001_02_004,CENTRE_001,R02,4,Q030,C,4.0
CAND_001_02_004,CENTRE_001,R02,4,Q031,C,-1.0
CAND_001_02_004,CENTRE_001,R02,4,Q032,C,-1.0
CAND_001_02_004,CENTRE_001,R02,4,Q033,A,-1.0
CAND_001_02_004,CENTRE_001,R02,4,Q034,A,-1.0
CAND_001_02_004,CENTRE_001,R02,4,Q035,B,4.0
CAND_001_02_004,CENTRE_001,R02,4,Q036,D,-1.0
CAND_001_02_004,CENTRE_001,R02,4,Q037,C,-1.0
CAND_001_02_004,CENTRE_001,R02,4,Q038,D,-1.0
CAND_001_02_004,CENTRE_001,R02,4,Q039,B,4.0
CAND_001_02_004,CENTRE_001,R02,4,Q040,C,-1.0
CAND_001_02_004,CENTRE_001,R02,4,Q041,B,-1.0
CAND_001_02_004,CENTRE_001,R02,4,Q042,D,-1.0
CAND_001_02_004,CENTRE_001,R02,4,Q043,A,-1.0
CAND_001_02_004,CENTRE_001,R02,4,Q044,B,-1.0
CAND_001_02_004,CENTRE_001,R02,4,Q045,B,-1.0
CAND_001_02_004,CENTRE_001,R02,4,Q046,C,4.0
CAND_001_02_004,CENTRE_001,R02,4,Q047,,0.0
CAND_001_02_004,CENTRE_001,R02,4,Q048,D,-1.0
CAND_001_02_004,CENTRE_001,R02,4,Q049,C,-1.0
CAND_001_02_004,CENTRE_001,R02,4,Q050,D,-1.0
CAND_001_02_005,CENTRE_001,R02,5,Q001,D,4.0
CAND_001_02_005,CENTRE_001,R02,5,Q002,C,4.0
CAND_001_02_005,CENTRE_001,R02,5,Q003,D,-1.0
CAND_001_02_005,CENTRE_001,R02,5,Q004,A,4.0
CAND_001_02_005,CENTRE_001,R02,5,Q005,D,4.0
CAND_001_02_005,CENTRE_001,R02,5,Q006,C,4.0
CAND_001_02_005,CENTRE_001,R02,5,Q007,A,-1.0
CAND_001_02_005,CENTRE_001,R02,5,Q008,A,4.0
CAND_001_02_005,CENTRE_001,R02,5,Q009,C,-1.0
CAND_001_02_005,CENTRE_001,R02,5,Q010,C,4.0
CAND_001_02_005,CENTRE_001,R02,5,Q011,B,4.0
CAND_001_02_005,CENTRE_001,R02,5,Q012,B,-1.0
CAND_001_02_005,CENTRE_001,R02,5,Q013,,0.0
CAND_001_02_005,CENTRE_001,R02,5,Q014,,0.0
CAND_001_02_005,CENTRE_001,R02,5,Q015,B,4.0
CAND_001_02_005,CENTRE_001,R02,5,Q016,D,-1.0
CAND_001_02_005,CENTRE_001,R02,5,Q017,B,-1.0
CAND_001_02_005,CENTRE_001,R02,5,Q018,C,4.0
CAND_001_02_005,CENTRE_001,R02,5,Q019,A,-1.0
CAND_001_02_005,CENTRE_001,R02,5,Q020,D,-1.0
CAND_001_02_005,CENTRE_001,R02,5,Q021,D,4.0
CAND_001_02_005,CENTRE_001,R02,5,Q022,D,-1.0
CAND_001_02_005,CENTRE_001,R02,5,Q023,B,4.0
CAND_001_02_005,CENTRE_001,R02,5,Q024,A,4.0
CAND_001_02_005,CENTRE_001,R02,5,Q025,A,-1.0
CAND_001_02_005,CENTRE_001,R02,5,Q026,D,-1.0
CAND_001_02_005,CENTRE_001,R02,5,Q027,B,4.0
CAND_001_02_005,CENTRE_001,R02,5,Q028,A,4.0
CAND_001_02_005,CENTRE_001,R02,5,Q029,B,-1.0
CAND_001_02_005,CENTRE_001,R02,5,Q030,C,4.0
CAND_001_02_005,CENTRE_001,R02,5,Q031,B,4.0
CAND_001_02_005,CENTRE_001,R02,5,Q032,B,-1.0
CAND_001_02_005,CENTRE_001,R02,5,Q033,A,-1.0
CAND_001_02_005,CENTRE_001,R02,5,Q034,C,4.0
CAND_001_02_005,CENTRE_001,R02,5,Q035,B,4.0
CAND_001_02_005,CENTRE_001,R02,5,Q036,A,4.0
CAND_001_02_005,CENTRE_001,R02,5,Q037,D,4.0
CAND_001_02_005,CENTRE_001,R02,5,Q038,A,-1.0
CAND_001_02_005,CENTRE_001,R02,5,Q039,A,-1.0
CAND_001_02_005,CENTRE_001,R02,5,Q040,A,4.0
CAND_001_02_005,CENTRE_001,R02,5,Q041,A,-1.0
CAND_001_02_005,CENTRE_001,R02,5,Q042,C,4.0
CAND_001_02_005,CENTRE_001,R02,5,Q043,B,4.0
CAND_001_02_005,CENTRE_001,R02,5,Q044,C,-1.0
CAND_001_02_005,CENTRE_001,R02,5,Q045,D,4.0
CAND_001_02_005,CENTRE_001,R02,5,Q046,A,-1.0
CAND_001_02_005,CENTRE_001,R02,5,Q047,B,4.0
CAND_001_02_005,CENTRE_001,R02,5,Q048,A,4.0
CAND_001_02_005,CENTRE_001,R02,5,Q049,B,-1.0
CAND_001_02_005,CENTRE_001,R02,5,Q050,C,4.0
CAND_001_02_006,CENTRE_001,R02,6,Q001,D,4.0
CAND_001_02_006,CENTRE_001,R02,6,Q002,D,-1.0
CAND_001_02_006,CENTRE_001,R02,6,Q003,B,4.0
CAND_001_02_006,CENTRE_001,R02,6,Q004,A,4.0
CAND_001_02_006,CENTRE_001,R02,6,Q005,C,-1.0
CAND_001_02_006,CENTRE_001,R02,6,Q006,C,4.0
CAND_001_02_006,CENTRE_001,R02,6,Q007,B,4.0
CAND_001_02_006,CENTRE_001,R02,6,Q008,C,-1.0
CAND_001_02_006,CENTRE_001,R02,6,Q009,D,4.0
CAND_001_02_006,CENTRE_001,R02,6,Q010,A,-1.0
CAND_001_02_006,CENTRE_001,R02,6,Q011,B,4.0
CAND_001_02_006,CENTRE_001,R02,6,Q012,B,-1.0
CAND_001_02_006,CENTRE_001,R02,6,Q013,D,4.0
CAND_001_02_006,CENTRE_001,R02,6,Q014,A,-1.0
CAND_001_02_006,CENTRE_001,R02,6,Q015,B,4.0
CAND_001_02_006,CENTRE_001,R02,6,Q016,A,4.0
CAND_001_02_006,CENTRE_001,R02,6,Q017,D,4.0
CAND_001_02_006,CENTRE_001,R02,6,Q018,C,4.0
CAND_001_02_006,CENTRE_001,R02,6,Q019,B,4.0
CAND_001_02_006,CENTRE_001,R02,6,Q020,A,4.0
CAND_001_02_006,CENTRE_001,R02,6,Q021,D,4.0
CAND_001_02_006,CENTRE_001,R02,6,Q022,,0.0
CAND_001_02_006,CENTRE_001,R02,6,Q023,B,4.0
CAND_001_02_006,CENTRE_001,R02,6,Q024,A,4.0
CAND_001_02_006,CENTRE_001,R02,6,Q025,D,4.0
CAND_001_02_006,CENTRE_001,R02,6,Q026,C,4.0
CAND_001_02_006,CENTRE_001,R02,6,Q027,D,-1.0
CAND_001_02_006,CENTRE_001,R02,6,Q028,A,4.0
CAND_001_02_006,CENTRE_001,R02,6,Q029,D,4.0
CAND_001_02_006,CENTRE_001,R02,6,Q030,A,-1.0
CAND_001_02_006,CENTRE_001,R02,6,Q031,B,4.0
CAND_001_02_006,CENTRE_001,R02,6,Q032,A,4.0
CAND_001_02_006,CENTRE_001,R02,6,Q033,B,-1.0
CAND_001_02_006,CENTRE_001,R02,6,Q034,D,-1.0
CAND_001_02_006,CENTRE_001,R02,6,Q035,B,4.0
CAND_001_02_006,CENTRE_001,R02,6,Q036,C,-1.0
CAND_001_02_006,CENTRE_001,R02,6,Q037,D,4.0
CAND_001_02_006,CENTRE_001,R02,6,Q038,C,4.0
CAND_001_02_006,CENTRE_001,R02,6,Q039,B,4.0
CAND_001_02_006,CENTRE_001,R02,6,Q040,A,4.0
CAND_001_02_006,CENTRE_001,R02,6,Q041,D,4.0
CAND_001_02_006,CENTRE_001,R02,6,Q042,C,4.0
CAND_001_02_006,CENTRE_001,R02,6,Q043,B,4.0
CAND_001_02_006,CENTRE_001,R02,6,Q044,C,-1.0
CAND_001_02_006,CENTRE_001,R02,6,Q045,B,-1.0
CAND_001_02_006,CENTRE_001,R02,6,Q046,C,4.0
CAND_001_02_006,CENTRE_001,R02,6,Q047,A,-1.0
CAND_001_02_006,CENTRE_001,R02,6,Q048,A,4.0
CAND_001_02_006,CENTRE_001,R02,6,Q049,B,-1.0
CAND_001_02_006,CENTRE_001,R02,6,Q050,C,4.0
CAND_001_02_007,CENTRE_001,R02,7,Q001,D,4.0
CAND_001_02_007,CENTRE_001,R02,7,Q002,D,-1.0
CAND_001_02_007,CENTRE_001,R02,7,Q003,C,-1.0
CAND_001_02_007,CENTRE_001,R02,7,Q004,D,-1.0
CAND_001_02_007,CENTRE_001,R02,7,Q005,A,-1.0
CAND_001_02_007,CENTRE_001,R02,7,Q006,A,-1.0
CAND_001_02_007,CENTRE_001,R02,7,Q007,D,-1.0
CAND_001_02_007,CENTRE_001,R02,7,Q008,D,-1.0
CAND_001_02_007,CENTRE_001,R02,7,Q009,D,4.0
CAND_001_02_007,CENTRE_001,R02,7,Q010,D,-1.0
CAND_001_02_007,CENTRE_001,R02,7,Q011,B,4.0
CAND_001_02_007,CENTRE_001,R02,7,Q012,A,4.0
CAND_001_02_007,CENTRE_001,R02,7,Q013,D,4.0
CAND_001_02_007,CENTRE_001,R02,7,Q014,,0.0
CAND_001_02_007,CENTRE_001,R02,7,Q015,B,4.0
CAND_001_02_007,CENTRE_001,R02,7,Q016,A,4.0
CAND_001_02_007,CENTRE_001,R02,7,Q017,D,4.0
CAND_001_02_007,CENTRE_001,R02,7,Q018,C,4.0
CAND_001_02_007,CENTRE_001,R02,7,Q019,C,-1.0
CAND_001_02_007,CENTRE_001,R02,7,Q020,,0.0
CAND_001_02_007,CENTRE_001,R02,7,Q021,A,-1.0
CAND_001_02_007,CENTRE_001,R02,7,Q022,B,-1.0
CAND_001_02_007,CENTRE_001,R02,7,Q023,B,4.0
CAND_001_02_007,CENTRE_001,R02,7,Q024,B,-1.0
CAND_001_02_007,CENTRE_001,R02,7,Q025,D,4.0
CAND_001_02_007,CENTRE_001,R02,7,Q026,C,4.0
CAND_001_02_007,CENTRE_001,R02,7,Q027,B,4.0
CAND_001_02_007,CENTRE_001,R02,7,Q028,A,4.0
CAND_001_02_007,CENTRE_001,R02,7,Q029,B,-1.0
CAND_001_02_007,CENTRE_001,R02,7,Q030,,0.0
CAND_001_02_007,CENTRE_001,R02,7,Q031,A,-1.0
CAND_001_02_007,CENTRE_001,R02,7,Q032,D,-1.0
CAND_001_02_007,CENTRE_001,R02,7,Q033,,0.0
CAND_001_02_007,CENTRE_001,R02,7,Q034,A,-1.0
CAND_001_02_007,CENTRE_001,R02,7,Q035,B,4.0
CAND_001_02_007,CENTRE_001,R02,7,Q036,A,4.0
CAND_001_02_007,CENTRE_001,R02,7,Q037,,0.0
CAND_001_02_007,CENTRE_001,R02,7,Q038,C,4.0
CAND_001_02_007,CENTRE_001,R02,7,Q039,B,4.0
CAND_001_02_007,CENTRE_001,R02,7,Q040,C,-1.0
CAND_001_02_007,CENTRE_001,R02,7,Q041,A,-1.0
CAND_001_02_007,CENTRE_001,R02,7,Q042,A,-1.0
CAND_001_02_007,CENTRE_001,R02,7,Q043,B,4.0
CAND_001_02_007,CENTRE_001,R02,7,Q044,C,-1.0
CAND_001_02_007,CENTRE_001,R02,7,Q045,D,4.0
CAND_001_02_007,CENTRE_001,R02,7,Q046,B,-1.0
CAND_001_02_007,CENTRE_001,R02,7,Q047,A,-1.0
CAND_001_02_007,CENTRE_001,R02,7,Q048,A,4.0
CAND_001_02_007,CENTRE_001,R02,7,Q049,,0.0
CAND_001_02_007,CENTRE_001,R02,7,Q050,C,4.0
CAND_001_02_008,CENTRE_001,R02,8,Q001,A,-1.0
CAND_001_02_008,CENTRE_001,R02,8,Q002,C,4.0
CAND_001_02_008,CENTRE_001,R02,8,Q003,C,-1.0
CAND_001_02_008,CENTRE_001,R02,8,Q004,C,-1.0
CAND_001_02_008,CENTRE_001,R02,8,Q005,C,-1.0
CAND_001_02_008,CENTRE_001,R02,8,Q006,B,-1.0
CAND_001_02_008,CENTRE_001,R02,8,Q007,B,4.0
CAND_001_02_008,CENTRE_001,R02,8,Q008,A,4.0
CAND_001_02_008,CENTRE_001,R02,8,Q009,C,-1.0
CAND_001_02_008,CENTRE_001,R02,8,Q010,B,-1.0
CAND_001_02_008,CENTRE_001,R02,8,Q011,B,4.0
CAND_001_02_008,CENTRE_001,R02,8,Q012,A,4.0
CAND_001_02_008,CENTRE_001,R02,8,Q013,B,-1.0
CAND_001_02_008,CENTRE_001,R02,8,Q014,A,-1.0
CAND_001_02_008,CENTRE_001,R02,8,Q015,A,-1.0
CAND_001_02_008,CENTRE_001,R02,8,Q016,B,-1.0
CAND_001_02_008,CENTRE_001,R02,8,Q017,,0.0
CAND_001_02_008,CENTRE_001,R02,8,Q018,C,4.0
CAND_001_02_008,CENTRE_001,R02,8,Q019,D,-1.0
CAND_001_02_008,CENTRE_001,R02,8,Q020,A,4.0
CAND_001_02_008,CENTRE_001,R02,8,Q021,D,4.0
CAND_001_02_008,CENTRE_001,R02,8,Q022,C,4.0
CAND_001_02_008,CENTRE_001,R02,8,Q023,C,-1.0
CAND_001_02_008,CENTRE_001,R02,8,Q024,A,4.0
CAND_001_02_008,CENTRE_001,R02,8,Q025,D,4.0
CAND_001_02_008,CENTRE_001,R02,8,Q026,C,4.0
CAND_001_02_008,CENTRE_001,R02,8,Q027,A,-1.0
CAND_001_02_008,CENTRE_001,R02,8,Q028,A,4.0
CAND_001_02_008,CENTRE_001,R02,8,Q029,D,4.0
CAND_001_02_008,CENTRE_001,R02,8,Q030,C,4.0
CAND_001_02_008,CENTRE_001,R02,8,Q031,C,-1.0
CAND_001_02_008,CENTRE_001,R02,8,Q032,A,4.0
CAND_001_02_008,CENTRE_001,R02,8,Q033,D,4.0
CAND_001_02_008,CENTRE_001,R02,8,Q034,D,-1.0
CAND_001_02_008,CENTRE_001,R02,8,Q035,D,-1.0
CAND_001_02_008,CENTRE_001,R02,8,Q036,B,-1.0
CAND_001_02_008,CENTRE_001,R02,8,Q037,D,4.0
CAND_001_02_008,CENTRE_001,R02,8,Q038,C,4.0
CAND_001_02_008,CENTRE_001,R02,8,Q039,,0.0
CAND_001_02_008,CENTRE_001,R02,8,Q040,A,4.0
CAND_001_02_008,CENTRE_001,R02,8,Q041,D,4.0
CAND_001_02_008,CENTRE_001,R02,8,Q042,,0.0
CAND_001_02_008,CENTRE_001,R02,8,Q043,B,4.0
CAND_001_02_008,CENTRE_001,R02,8,Q044,A,4.0
CAND_001_02_008,CENTRE_001,R02,8,Q045,A,-1.0
CAND_001_02_008,CENTRE_001,R02,8,Q046,A,-1.0
CAND_001_02_008,CENTRE_001,R02,8,Q047,D,-1.0
CAND_001_02_008,CENTRE_001,R02,8,Q048,A,4.0
CAND_001_02_008,CENTRE_001,R02,8,Q049,B,-1.0
CAND_001_02_008,CENTRE_001,R02,8,Q050,D,-1.0
CAND_001_02_009,CENTRE_001,R02,9,Q001,D,4.0
CAND_001_02_009,CENTRE_001,R02,9,Q002,B,-1.0
CAND_001_02_009,CENTRE_001,R02,9,Q003,B,4.0
CAND_001_02_009,CENTRE_001,R02,9,Q004,A,4.0
CAND_001_02_009,CENTRE_001,R02,9,Q005,D,4.0
CAND_001_02_009,CENTRE_001,R02,9,Q006,D,-1.0
CAND_001_02_009,CENTRE_001,R02,9,Q007,C,-1.0
CAND_001_02_009,CENTRE_001,R02,9,Q008,B,-1.0
CAND_001_02_009,CENTRE_001,R02,9,Q009,C,-1.0
CAND_001_02_009,CENTRE_001,R02,9,Q010,C,4.0
CAND_001_02_009,CENTRE_001,R02,9,Q011,,0.0
CAND_001_02_009,CENTRE_001,R02,9,Q012,B,-1.0
CAND_001_02_009,CENTRE_001,R02,9,Q013,D,4.0
CAND_001_02_009,CENTRE_001,R02,9,Q014,C,4.0
CAND_001_02_009,CENTRE_001,R02,9,Q015,C,-1.0
CAND_001_02_009,CENTRE_001,R02,9,Q016,C,-1.0
CAND_001_02_009,CENTRE_001,R02,9,Q017,D,4.0
CAND_001_02_009,CENTRE_001,R02,9,Q018,B,-1.0
CAND_001_02_009,CENTRE_001,R02,9,Q019,B,4.0
CAND_001_02_009,CENTRE_001,R02,9,Q020,C,-1.0
CAND_001_02_009,CENTRE_001,R02,9,Q021,C,-1.0
CAND_001_02_009,CENTRE_001,R02,9,Q022,C,4.0
CAND_001_02_009,CENTRE_001,R02,9,Q023,B,4.0
CAND_001_02_009,CENTRE_001,R02,9,Q024,D,-1.0
CAND_001_02_009,CENTRE_001,R02,9,Q025,A,-1.0
CAND_001_02_009,CENTRE_001,R02,9,Q026,B,-1.0
CAND_001_02_009,CENTRE_001,R02,9,Q027,B,4.0
CAND_001_02_009,CENTRE_001,R02,9,Q028,D,-1.0
CAND_001_02_009,CENTRE_001,R02,9,Q029,B,-1.0
CAND_001_02_009,CENTRE_001,R02,9,Q030,A,-1.0
CAND_001_02_009,CENTRE_001,R02,9,Q031,B,4.0
CAND_001_02_009,CENTRE_001,R02,9,Q032,A,4.0
CAND_001_02_009,CENTRE_001,R02,9,Q033,C,-1.0
CAND_001_02_009,CENTRE_001,R02,9,Q034,B,-1.0
CAND_001_02_009,CENTRE_001,R02,9,Q035,D,-1.0
CAND_001_02_009,CENTRE_001,R02,9,Q036,B,-1.0
CAND_001_02_009,CENTRE_001,R02,9,Q037,A,-1.0
CAND_001_02_009,CENTRE_001,R02,9,Q038,C,4.0
CAND_001_02_009,CENTRE_001,R02,9,Q039,C,-1.0
CAND_001_02_009,CENTRE_001,R02,9,Q040,A,4.0
CAND_001_02_009,CENTRE_001,R02,9,Q041,B,-1.0
CAND_001_02_009,CENTRE_001,R02,9,Q042,D,-1.0
CAND_001_02_009,CENTRE_001,R02,9,Q043,,0.0
CAND_001_02_009,CENTRE_001,R02,9,Q044,A,4.0
CAND_001_02_009,CENTRE_001,R02,9,Q045,,0.0
CAND_001_02_009,CENTRE_001,R02,9,Q046,C,4.0
CAND_001_02_009,CENTRE_001,R02,9,Q047,B,4.0
CAND_001_02_009,CENTRE_001,R02,9,Q048,D,-1.0
CAND_001_02_009,CENTRE_001,R02,9,Q049,D,4.0
CAND_001_02_009,CENTRE_001,R02,9,Q050,C,4.0
CAND_001_02_010,CENTRE_001,R02,10,Q001,A,-1.0
CAND_001_02_010,CENTRE_001,R02,10,Q002,A,-1.0
CAND_001_02_010,CENTRE_001,R02,10,Q003,A,-1.0
CAND_001_02_010,CENTRE_001,R02,10,Q004,C,-1.0
CAND_001_02_010,CENTRE_001,R02,10,Q005,C,-1.0
CAND_001_02_010,CENTRE_001,R02,10,Q006,C,4.0
CAND_001_02_010,CENTRE_001,R02,10,Q007,B,4.0
CAND_001_02_010,CENTRE_001,R02,10,Q008,D,-1.0
CAND_001_02_010,CENTRE_001,R02,10,Q009,D,4.0
CAND_001_02_010,CENTRE_001,R02,10,Q010,B,-1.0
CAND_001_02_010,CENTRE_001,R02,10,Q011,B,4.0
CAND_001_02_010,CENTRE_001,R02,10,Q012,A,4.0
CAND_001_02_010,CENTRE_001,R02,10,Q013,C,-1.0
CAND_001_02_010,CENTRE_001,R02,10,Q014,C,4.0
CAND_001_02_010,CENTRE_001,R02,10,Q015,B,4.0
CAND_001_02_010,CENTRE_001,R02,10,Q016,A,4.0
CAND_001_02_010,CENTRE_001,R02,10,Q017,D,4.0
CAND_001_02_010,CENTRE_001,R02,10,Q018,C,4.0
CAND_001_02_010,CENTRE_001,R02,10,Q019,B,4.0
CAND_001_02_010,CENTRE_001,R02,10,Q020,A,4.0
CAND_001_02_010,CENTRE_001,R02,10,Q021,C,-1.0
CAND_001_02_010,CENTRE_001,R02,10,Q022,B,-1.0
CAND_001_02_010,CENTRE_001,R02,10,Q023,B,4.0
CAND_001_02_010,CENTRE_001,R02,10,Q024,A,4.0
CAND_001_02_010,CENTRE_001,R02,10,Q025,D,4.0
CAND_001_02_010,CENTRE_001,R02,10,Q026,B,-1.0
CAND_001_02_010,CENTRE_001,R02,10,Q027,C,-1.0
CAND_001_02_010,CENTRE_001,R02,10,Q028,A,4.0
CAND_001_02_010,CENTRE_001,R02,10,Q029,C,-1.0
CAND_001_02_010,CENTRE_001,R02,10,Q030,A,-1.0
CAND_001_02_010,CENTRE_001,R02,10,Q031,C,-1.0
CAND_001_02_010,CENTRE_001,R02,10,Q032,C,-1.0
CAND_001_02_010,CENTRE_001,R02,10,Q033,A,-1.0
CAND_001_02_010,CENTRE_001,R02,10,Q034,D,-1.0
CAND_001_02_010,CENTRE_001,R02,10,Q035,C,-1.0
CAND_001_02_010,CENTRE_001,R02,10,Q036,A,4.0
CAND_001_02_010,CENTRE_001,R02,10,Q037,A,-1.0
CAND_001_02_010,CENTRE_001,R02,10,Q038,A,-1.0
CAND_001_02_010,CENTRE_001,R02,10,Q039,B,4.0
CAND_001_02_010,CENTRE_001,R02,10,Q040,A,4.0
CAND_001_02_010,CENTRE_001,R02,10,Q041,B,-1.0
CAND_001_02_010,CENTRE_001,R02,10,Q042,B,-1.0
CAND_001_02_010,CENTRE_001,R02,10,Q043,A,-1.0
CAND_001_02_010,CENTRE_001,R02,10,Q044,A,4.0
CAND_001_02_010,CENTRE_001,R02,10,Q045,C,-1.0
CAND_001_02_010,CENTRE_001,R02,10,Q046,,0.0
CAND_001_02_010,CENTRE_001,R02,10,Q047,C,-1.0
CAND_001_02_010,CENTRE_001,R02,10,Q048,A,4.0
CAND_001_02_010,CENTRE_001,R02,10,Q049,B,-1.0
CAND_001_02_010,CENTRE_001,R02,10,Q050,,0.0
CAND_001_02_011,CENTRE_001,R02,11,Q001,,0.0
CAND_001_02_011,CENTRE_001,R02,11,Q002,A,-1.0
CAND_001_02_011,CENTRE_001,R02,11,Q003,B,4.0
CAND_001_02_011,CENTRE_001,R02,11,Q004,D,-1.0
CAND_001_02_011,CENTRE_001,R02,11,Q005,C,-1.0
CAND_001_02_011,CENTRE_001,R02,11,Q006,C,4.0
CAND_001_02_011,CENTRE_001,R02,11,Q007,B,4.0
CAND_001_02_011,CENTRE_001,R02,11,Q008,A,4.0
CAND_001_02_011,CENTRE_001,R02,11,Q009,D,4.0
CAND_001_02_011,CENTRE_001,R02,11,Q010,C,4.0
CAND_001_02_011,CENTRE_001,R02,11,Q011,B,4.0
CAND_001_02_011,CENTRE_001,R02,11,Q012,D,-1.0
CAND_001_02_011,CENTRE_001,R02,11,Q013,D,4.0
CAND_001_02_011,CENTRE_001,R02,11,Q014,D,-1.0
CAND_001_02_011,CENTRE_001,R02,11,Q015,A,-1.0
CAND_001_02_011,CENTRE_001,R02,11,Q016,A,4.0
CAND_001_02_011,CENTRE_001,R02,11,Q017,A,-1.0
CAND_001_02_011,CENTRE_001,R02,11,Q018,A,-1.0
CAND_001_02_011,CENTRE_001,R02,11,Q019,A,-1.0
CAND_001_02_011,CENTRE_001,R02,11,Q020,D,-1.0
CAND_001_02_011,CENTRE_001,R02,11,Q021,D,4.0
CAND_001_02_011,CENTRE_001,R02,11,Q022,C,4.0
CAND_001_02_011,CENTRE_001,R02,11,Q023,C,-1.0
CAND_001_02_011,CENTRE_001,R02,11,Q024,A,4.0
CAND_001_02_011,CENTRE_001,R02,11,Q025,A,-1.0
CAND_001_02_011,CENTRE_001,R02,11,Q026,C,4.0
CAND_001_02_011,CENTRE_001,R02,11,Q027,C,-1.0
CAND_001_02_011,CENTRE_001,R02,11,Q028,A,4.0
CAND_001_02_011,CENTRE_001,R02,11,Q029,D,4.0
CAND_001_02_011,CENTRE_001,R02,11,Q030,D,-1.0
CAND_001_02_011,CENTRE_001,R02,11,Q031,B,4.0
CAND_001_02_011,CENTRE_001,R02,11,Q032,D,-1.0
CAND_001_02_011,CENTRE_001,R02,11,Q033,D,4.0
CAND_001_02_011,CENTRE_001,R02,11,Q034,C,4.0
CAND_001_02_011,CENTRE_001,R02,11,Q035,C,-1.0
CAND_001_02_011,CENTRE_001,R02,11,Q036,C,-1.0
CAND_001_02_011,CENTRE_001,R02,11,Q037,C,-1.0
CAND_001_02_011,CENTRE_001,R02,11,Q038,C,4.0
CAND_001_02_011,CENTRE_001,R02,11,Q039,D,-1.0
CAND_001_02_011,CENTRE_001,R02,11,Q040,,0.0
CAND_001_02_011,CENTRE_001,R02,11,Q041,A,-1.0
CAND_001_02_011,CENTRE_001,R02,11,Q042,C,4.0
CAND_001_02_011,CENTRE_001,R02,11,Q043,A,-1.0
CAND_001_02_011,CENTRE_001,R02,11,Q044,D,-1.0
CAND_001_02_011,CENTRE_001,R02,11,Q045,B,-1.0
CAND_001_02_011,CENTRE_001,R02,11,Q046,C,4.0
CAND_001_02_011,CENTRE_001,R02,11,Q047,D,-1.0
CAND_001_02_011,CENTRE_001,R02,11,Q048,A,4.0
CAND_001_02_011,CENTRE_001,R02,11,Q049,D,4.0
CAND_001_02_011,CENTRE_001,R02,11,Q050,A,-1.0
CAND_001_02_012,CENTRE_001,R02,12,Q001,D,4.0
CAND_001_02_012,CENTRE_001,R02,12,Q002,D,-1.0
CAND_001_02_012,CENTRE_001,R02,12,Q003,B,4.0
CAND_001_02_012,CENTRE_001,R02,12,Q004,A,4.0
CAND_001_02_012,CENTRE_001,R02,12,Q005,D,4.0
CAND_001_02_012,CENTRE_001,R02,12,Q006,C,4.0
CAND_001_02_012,CENTRE_001,R02,12,Q007,C,-1.0
CAND_001_02_012,CENTRE_001,R02,12,Q008,A,4.0
CAND_001_02_012,CENTRE_001,R02,12,Q009,B,-1.0
CAND_001_02_012,CENTRE_001,R02,12,Q010,A,-1.0
CAND_001_02_012,CENTRE_001,R02,12,Q011,B,4.0
CAND_001_02_012,CENTRE_001,R02,12,Q012,C,-1.0
CAND_001_02_012,CENTRE_001,R02,12,Q013,D,4.0
CAND_001_02_012,CENTRE_001,R02,12,Q014,C,4.0
CAND_001_02_012,CENTRE_001,R02,12,Q015,B,4.0
CAND_001_02_012,CENTRE_001,R02,12,Q016,D,-1.0
CAND_001_02_012,CENTRE_001,R02,12,Q017,C,-1.0
CAND_001_02_012,CENTRE_001,R02,12,Q018,A,-1.0
CAND_001_02_012,CENTRE_001,R02,12,Q019,B,4.0
CAND_001_02_012,CENTRE_001,R02,12,Q020,B,-1.0
CAND_001_02_012,CENTRE_001,R02,12,Q021,B,-1.0
CAND_001_02_012,CENTRE_001,R02,12,Q022,,0.0
CAND_001_02_012,CENTRE_001,R02,12,Q023,B,4.0
CAND_001_02_012,CENTRE_001,R02,12,Q024,C,-1.0
CAND_001_02_012,CENTRE_001,R02,12,Q025,D,4.0
CAND_001_02_012,CENTRE_001,R02,12,Q026,C,4.0
CAND_001_02_012,CENTRE_001,R02,12,Q027,D,-1.0
CAND_001_02_012,CENTRE_001,R02,12,Q028,A,4.0
CAND_001_02_012,CENTRE_001,R02,12,Q029,C,-1.0
CAND_001_02_012,CENTRE_001,R02,12,Q030,C,4.0
CAND_001_02_012,CENTRE_001,R02,12,Q031,,0.0
CAND_001_02_012,CENTRE_001,R02,12,Q032,B,-1.0
CAND_001_02_012,CENTRE_001,R02,12,Q033,D,4.0
CAND_001_02_012,CENTRE_001,R02,12,Q034,C,4.0
CAND_001_02_012,CENTRE_001,R02,12,Q035,A,-1.0
CAND_001_02_012,CENTRE_001,R02,12,Q036,B,-1.0
CAND_001_02_012,CENTRE_001,R02,12,Q037,D,4.0
CAND_001_02_012,CENTRE_001,R02,12,Q038,C,4.0
CAND_001_02_012,CENTRE_001,R02,12,Q039,B,4.0
CAND_001_02_012,CENTRE_001,R02,12,Q040,B,-1.0
CAND_001_02_012,CENTRE_001,R02,12,Q041,A,-1.0
CAND_001_02_012,CENTRE_001,R02,12,Q042,C,4.0
CAND_001_02_012,CENTRE_001,R02,12,Q043,D,-1.0
CAND_001_02_012,CENTRE_001,R02,12,Q044,B,-1.0
CAND_001_02_012,CENTRE_001,R02,12,Q045,D,4.0
CAND_001_02_012,CENTRE_001,R02,12,Q046,C,4.0
CAND_001_02_012,CENTRE_001,R02,12,Q047,B,4.0
CAND_001_02_012,CENTRE_001,R02,12,Q048,A,4.0
CAND_001_02_012,CENTRE_001,R02,12,Q049,D,4.0
CAND_001_02_012,CENTRE_001,R02,12,Q050,D,-1.0
CAND_001_02_013,CENTRE_001,R02,13,Q001,B,-1.0
CAND_001_02_013,CENTRE_001,R02,13,Q002,C,4.0
CAND_001_02_013,CENTRE_001,R02,13,Q003,B,4.0
CAND_001_02_013,CENTRE_001,R02,13,Q004,A,4.0
CAND_001_02_013,CENTRE_001,R02,13,Q005,D,4.0
CAND_001_02_013,CENTRE_001,R02,13,Q006,C,4.0
CAND_001_02_013,CENTRE_001,R02,13,Q007,B,4.0
CAND_001_02_013,CENTRE_001,R02,13,Q008,A,4.0
CAND_001_02_013,CENTRE_001,R02,13,Q009,B,-1.0
CAND_001_02_013,CENTRE_001,R02,13,Q010,C,4.0
CAND_001_02_013,CENTRE_001,R02,13,Q011,D,-1.0
CAND_001_02_013,CENTRE_001,R02,13,Q012,A,4.0
CAND_001_02_013,CENTRE_001,R02,13,Q013,A,-1.0
CAND_001_02_013,CENTRE_001,R02,13,Q014,C,4.0
CAND_001_02_013,CENTRE_001,R02,13,Q015,B,4.0
CAND_001_02_013,CENTRE_001,R02,13,Q016,A,4.0
CAND_001_02_013,CENTRE_001,R02,13,Q017,D,4.0
CAND_001_02_013,CENTRE_001,R02,13,Q018,C,4.0
CAND_001_02_013,CENTRE_001,R02,13,Q019,B,4.0
CAND_001_02_013,CENTRE_001,R02,13,Q020,B,-1.0
CAND_001_02_013,CENTRE_001,R02,13,Q021,D,4.0
CAND_001_02_013,CENTRE_001,R02,13,Q022,C,4.0
CAND_001_02_013,CENTRE_001,R02,13,Q023,B,4.0
CAND_001_02_013,CENTRE_001,R02,13,Q024,A,4.0
CAND_001_02_013,CENTRE_001,R02,13,Q025,D,4.0
CAND_001_02_013,CENTRE_001,R02,13,Q026,C,4.0
CAND_001_02_013,CENTRE_001,R02,13,Q027,C,-1.0
CAND_001_02_013,CENTRE_001,R02,13,Q028,A,4.0
CAND_001_02_013,CENTRE_001,R02,13,Q029,A,-1.0
CAND_001_02_013,CENTRE_001,R02,13,Q030,,0.0
CAND_001_02_013,CENTRE_001,R02,13,Q031,A,-1.0
CAND_001_02_013,CENTRE_001,R02,13,Q032,A,4.0
CAND_001_02_013,CENTRE_001,R02,13,Q033,B,-1.0
CAND_001_02_013,CENTRE_001,R02,13,Q034,C,4.0
CAND_001_02_013,CENTRE_001,R02,13,Q035,B,4.0
CAND_001_02_013,CENTRE_001,R02,13,Q036,A,4.0
CAND_001_02_013,CENTRE_001,R02,13,Q037,D,4.0
CAND_001_02_013,CENTRE_001,R02,13,Q038,C,4.0
CAND_001_02_013,CENTRE_001,R02,13,Q039,B,4.0
CAND_001_02_013,CENTRE_001,R02,13,Q040,A,4.0
CAND_001_02_013,CENTRE_001,R02,13,Q041,D,4.0
CAND_001_02_013,CENTRE_001,R02,13,Q042,D,-1.0
CAND_001_02_013,CENTRE_001,R02,13,Q043,B,4.0
CAND_001_02_013,CENTRE_001,R02,13,Q044,,0.0
CAND_001_02_013,CENTRE_001,R02,13,Q045,D,4.0
CAND_001_02_013,CENTRE_001,R02,13,Q046,C,4.0
CAND_001_02_013,CENTRE_001,R02,13,Q047,A,-1.0
CAND_001_02_013,CENTRE_001,R02,13,Q048,A,4.0
CAND_001_02_013,CENTRE_001,R02,13,Q049,B,-1.0
CAND_001_02_013,CENTRE_001,R02,13,Q050,C,4.0
CAND_001_02_014,CENTRE_001,R02,14,Q001,A,-1.0
CAND_001_02_014,CENTRE_001,R02,14,Q002,D,-1.0
CAND_001_02_014,CENTRE_001,R02,14,Q003,D,-1.0
CAND_001_02_014,CENTRE_001,R02,14,Q004,B,-1.0
CAND_001_02_014,CENTRE_001,R02,14,Q005,B,-1.0
CAND_001_02_014,CENTRE_001,R02,14,Q006,C,4.0
CAND_001_02_014,CENTRE_001,R02,14,Q007,,0.0
CAND_001_02_014,CENTRE_001,R02,14,Q008,A,4.0
CAND_001_02_014,CENTRE_001,R02,14,Q009,C,-1.0
CAND_001_02_014,CENTRE_001,R02,14,Q010,C,4.0
CAND_001_02_014,CENTRE_001,R02,14,Q011,B,4.0
CAND_001_02_014,CENTRE_001,R02,14,Q012,B,-1.0
CAND_001_02_014,CENTRE_001,R02,14,Q013,A,-1.0
CAND_001_02_014,CENTRE_001,R02,14,Q014,C,4.0
CAND_001_02_014,CENTRE_001,R02,14,Q015,,0.0
CAND_001_02_014,CENTRE_001,R02,14,Q016,D,-1.0
CAND_001_02_014,CENTRE_001,R02,14,Q017,A,-1.0
CAND_001_02_014,CENTRE_001,R02,14,Q018,D,-1.0
CAND_001_02_014,CENTRE_001,R02,14,Q019,D,-1.0
CAND_001_02_014,CENTRE_001,R02,14,Q020,B,-1.0
CAND_001_02_014,CENTRE_001,R02,14,Q021,B,-1.0
CAND_001_02_014,CENTRE_001,R02,14,Q022,C,4.0
CAND_001_02_014,CENTRE_001,R02,14,Q023,D,-1.0
CAND_001_02_014,CENTRE_001,R02,14,Q024,A,4.0
CAND_001_02_014,CENTRE_001,R02,14,Q025,C,-1.0
CAND_001_02_014,CENTRE_001,R02,14,Q026,C,4.0
CAND_001_02_014,CENTRE_001,R02,14,Q027,B,4.0
CAND_001_02_014,CENTRE_001,R02,14,Q028,A,4.0
CAND_001_02_014,CENTRE_001,R02,14,Q029,,0.0
CAND_001_02_014,CENTRE_001,R02,14,Q030,A,-1.0
CAND_001_02_014,CENTRE_001,R02,14,Q031,B,4.0
CAND_001_02_014,CENTRE_001,R02,14,Q032,A,4.0
CAND_001_02_014,CENTRE_001,R02,14,Q033,D,4.0
CAND_001_02_014,CENTRE_001,R02,14,Q034,D,-1.0
CAND_001_02_014,CENTRE_001,R02,14,Q035,B,4.0
CAND_001_02_014,CENTRE_001,R02,14,Q036,A,4.0
CAND_001_02_014,CENTRE_001,R02,14,Q037,D,4.0
CAND_001_02_014,CENTRE_001,R02,14,Q038,D,-1.0
CAND_001_02_014,CENTRE_001,R02,14,Q039,B,4.0
CAND_001_02_014,CENTRE_001,R02,14,Q040,A,4.0
CAND_001_02_014,CENTRE_001,R02,14,Q041,D,4.0
CAND_001_02_014,CENTRE_001,R02,14,Q042,C,4.0
CAND_001_02_014,CENTRE_001,R02,14,Q043,B,4.0
CAND_001_02_014,CENTRE_001,R02,14,Q044,A,4.0
CAND_001_02_014,CENTRE_001,R02,14,Q045,B,-1.0
CAND_001_02_014,CENTRE_001,R02,14,Q046,C,4.0
CAND_001_02_014,CENTRE_001,R02,14,Q047,B,4.0
CAND_001_02_014,CENTRE_001,R02,14,Q048,A,4.0
CAND_001_02_014,CENTRE_001,R02,14,Q049,C,-1.0
CAND_001_02_014,CENTRE_001,R02,14,Q050,B,-1.0
CAND_001_02_015,CENTRE_001,R02,15,Q001,B,-1.0
CAND_001_02_015,CENTRE_001,R02,15,Q002,B,-1.0
CAND_001_02_015,CENTRE_001,R02,15,Q003,C,-1.0
CAND_001_02_015,CENTRE_001,R02,15,Q004,D,-1.0
CAND_001_02_015,CENTRE_001,R02,15,Q005,D,4.0
CAND_001_02_015,CENTRE_001,R02,15,Q006,A,-1.0
CAND_001_02_015,CENTRE_001,R02,15,Q007,B,4.0
CAND_001_02_015,CENTRE_001,R02,15,Q008,A,4.0
CAND_001_02_015,CENTRE_001,R02,15,Q009,A,-1.0
CAND_001_02_015,CENTRE_001,R02,15,Q010,D,-1.0
CAND_001_02_015,CENTRE_001,R02,15,Q011,,0.0
CAND_001_02_015,CENTRE_001,R02,15,Q012,B,-1.0
CAND_001_02_015,CENTRE_001,R02,15,Q013,D,4.0
CAND_001_02_015,CENTRE_001,R02,15,Q014,C,4.0
CAND_001_02_015,CENTRE_001,R02,15,Q015,A,-1.0
CAND_001_02_015,CENTRE_001,R02,15,Q016,A,4.0
CAND_001_02_015,CENTRE_001,R02,15,Q017,A,-1.0
CAND_001_02_015,CENTRE_001,R02,15,Q018,C,4.0
CAND_001_02_015,CENTRE_001,R02,15,Q019,D,-1.0
CAND_001_02_015,CENTRE_001,R02,15,Q020,A,4.0
CAND_001_02_015,CENTRE_001,R02,15,Q021,B,-1.0
CAND_001_02_015,CENTRE_001,R02,15,Q022,A,-1.0
CAND_001_02_015,CENTRE_001,R02,15,Q023,C,-1.0
CAND_001_02_015,CENTRE_001,R02,15,Q024,,0.0
CAND_001_02_015,CENTRE_001,R02,15,Q025,B,-1.0
CAND_001_02_015,CENTRE_001,R02,15,Q026,B,-1.0
CAND_001_02_015,CENTRE_001,R02,15,Q027,B,4.0
CAND_001_02_015,CENTRE_001,R02,15,Q028,A,4.0
CAND_001_02_015,CENTRE_001,R02,15,Q029,D,4.0
CAND_001_02_015,CENTRE_001,R02,15,Q030,C,4.0
CAND_001_02_015,CENTRE_001,R02,15,Q031,D,-1.0
CAND_001_02_015,CENTRE_001,R02,15,Q032,B,-1.0
CAND_001_02_015,CENTRE_001,R02,15,Q033,B,-1.0
CAND_001_02_015,CENTRE_001,R02,15,Q034,B,-1.0
CAND_001_02_015,CENTRE_001,R02,15,Q035,C,-1.0
CAND_001_02_015,CENTRE_001,R02,15,Q036,A,4.0
CAND_001_02_015,CENTRE_001,R02,15,Q037,D,4.0
CAND_001_02_015,CENTRE_001,R02,15,Q038,,0.0
CAND_001_02_015,CENTRE_001,R02,15,Q039,C,-1.0
CAND_001_02_015,CENTRE_001,R02,15,Q040,B,-1.0
CAND_001_02_015,CENTRE_001,R02,15,Q041,C,-1.0
CAND_001_02_015,CENTRE_001,R02,15,Q042,C,4.0
CAND_001_02_015,CENTRE_001,R02,15,Q043,D,-1.0
CAND_001_02_015,CENTRE_001,R02,15,Q044,A,4.0
CAND_001_02_015,CENTRE_001,R02,15,Q045,B,-1.0
CAND_001_02_015,CENTRE_001,R02,15,Q046,C,4.0
CAND_001_02_015,CENTRE_001,R02,15,Q047,A,-1.0
CAND_001_02_015,CENTRE_001,R02,15,Q048,A,4.0
CAND_001_02_015,CENTRE_001,R02,15,Q049,D,4.0
CAND_001_02_015,CENTRE_001,R02,15,Q050,D,-1.0
CAND_001_02_016,CENTRE_001,R02,16,Q001,C,-1.0
CAND_001_02_016,CENTRE_001,R02,16,Q002,C,4.0
CAND_001_02_016,CENTRE_001,R02,16,Q003,C,-1.0
CAND_001_02_016,CENTRE_001,R02,16,Q004,B,-1.0
CAND_001_02_016,CENTRE_001,R02,16,Q005,D,4.0
CAND_001_02_016,CENTRE_001,R02,16,Q006,C,4.0
CAND_001_02_016,CENTRE_001,R02,16,Q007,B,4.0
CAND_001_02_016,CENTRE_001,R02,16,Q008,,0.0
CAND_001_02_016,CENTRE_001,R02,16,Q009,A,-1.0
CAND_001_02_016,CENTRE_001,R02,16,Q010,C,4.0
CAND_001_02_016,CENTRE_001,R02,16,Q011,B,4.0
CAND_001_02_016,CENTRE_001,R02,16,Q012,B,-1.0
CAND_001_02_016,CENTRE_001,R02,16,Q013,D,4.0
CAND_001_02_016,CENTRE_001,R02,16,Q014,A,-1.0
CAND_001_02_016,CENTRE_001,R02,16,Q015,A,-1.0
CAND_001_02_016,CENTRE_001,R02,16,Q016,A,4.0
CAND_001_02_016,CENTRE_001,R02,16,Q017,A,-1.0
CAND_001_02_016,CENTRE_001,R02,16,Q018,C,4.0
CAND_001_02_016,CENTRE_001,R02,16,Q019,B,4.0
CAND_001_02_016,CENTRE_001,R02,16,Q020,C,-1.0
CAND_001_02_016,CENTRE_001,R02,16,Q021,C,-1.0
CAND_001_02_016,CENTRE_001,R02,16,Q022,C,4.0
CAND_001_02_016,CENTRE_001,R02,16,Q023,D,-1.0
CAND_001_02_016,CENTRE_001,R02,16,Q024,D,-1.0
CAND_001_02_016,CENTRE_001,R02,16,Q025,C,-1.0
CAND_001_02_016,CENTRE_001,R02,16,Q026,D,-1.0
CAND_001_02_016,CENTRE_001,R02,16,Q027,B,4.0
CAND_001_02_016,CENTRE_001,R02,16,Q028,D,-1.0
CAND_001_02_016,CENTRE_001,R02,16,Q029,D,4.0
CAND_001_02_016,CENTRE_001,R02,16,Q030,D,-1.0
CAND_001_02_016,CENTRE_001,R02,16,Q031,B,4.0
CAND_001_02_016,CENTRE_001,R02,16,Q032,B,-1.0
CAND_001_02_016,CENTRE_001,R02,16,Q033,D,4.0
CAND_001_02_016,CENTRE_001,R02,16,Q034,C,4.0
CAND_001_02_016,CENTRE_001,R02,16,Q035,B,4.0
CAND_001_02_016,CENTRE_001,R02,16,Q036,A,4.0
CAND_001_02_016,CENTRE_001,R02,16,Q037,C,-1.0
CAND_001_02_016,CENTRE_001,R02,16,Q038,B,-1.0
CAND_001_02_016,CENTRE_001,R02,16,Q039,A,-1.0
CAND_001_02_016,CENTRE_001,R02,16,Q040,B,-1.0
CAND_001_02_016,CENTRE_001,R02,16,Q041,,0.0
CAND_001_02_016,CENTRE_001,R02,16,Q042,A,-1.0
CAND_001_02_016,CENTRE_001,R02,16,Q043,C,-1.0
CAND_001_02_016,CENTRE_001,R02,16,Q044,A,4.0
CAND_001_02_016,CENTRE_001,R02,16,Q045,D,4.0
CAND_001_02_016,CENTRE_001,R02,16,Q046,D,-1.0
CAND_001_02_016,CENTRE_001,R02,16,Q047,A,-1.0
CAND_001_02_016,CENTRE_001,R02,16,Q048,B,-1.0
CAND_001_02_016,CENTRE_001,R02,16,Q049,D,4.0
CAND_001_02_016,CENTRE_001,R02,16,Q050,C,4.0
CAND_001_02_017,CENTRE_001,R02,17,Q001,D,4.0
CAND_001_02_017,CENTRE_001,R02,17,Q002,C,4.0
CAND_001_02_017,CENTRE_001,R02,17,Q003,B,4.0
CAND_001_02_017,CENTRE_001,R02,17,Q004,A,4.0
CAND_001_02_017,CENTRE_001,R02,17,Q005,D,4.0
CAND_001_02_017,CENTRE_001,R02,17,Q006,,0.0
CAND_001_02_017,CENTRE_001,R02,17,Q007,B,4.0
CAND_001_02_017,CENTRE_001,R02,17,Q008,A,4.0
CAND_001_02_017,CENTRE_001,R02,17,Q009,D,4.0
CAND_001_02_017,CENTRE_001,R02,17,Q010,C,4.0
CAND_001_02_017,CENTRE_001,R02,17,Q011,C,-1.0
CAND_001_02_017,CENTRE_001,R02,17,Q012,A,4.0
CAND_001_02_017,CENTRE_001,R02,17,Q013,D,4.0
CAND_001_02_017,CENTRE_001,R02,17,Q014,C,4.0
CAND_001_02_017,CENTRE_001,R02,17,Q015,B,4.0
CAND_001_02_017,CENTRE_001,R02,17,Q016,A,4.0
CAND_001_02_017,CENTRE_001,R02,17,Q017,D,4.0
CAND_001_02_017,CENTRE_001,R02,17,Q018,C,4.0
CAND_001_02_017,CENTRE_001,R02,17,Q019,B,4.0
CAND_001_02_017,CENTRE_001,R02,17,Q020,A,4.0
CAND_001_02_017,CENTRE_001,R02,17,Q021,D,4.0
CAND_001_02_017,CENTRE_001,R02,17,Q022,C,4.0
CAND_001_02_017,CENTRE_001,R02,17,Q023,B,4.0
CAND_001_02_017,CENTRE_001,R02,17,Q024,C,-1.0
CAND_001_02_017,CENTRE_001,R02,17,Q025,D,4.0
CAND_001_02_017,CENTRE_001,R02,17,Q026,C,4.0
CAND_001_02_017,CENTRE_001,R02,17,Q027,C,-1.0
CAND_001_02_017,CENTRE_001,R02,17,Q028,A,4.0
CAND_001_02_017,CENTRE_001,R02,17,Q029,D,4.0
CAND_001_02_017,CENTRE_001,R02,17,Q030,C,4.0
CAND_001_02_017,CENTRE_001,R02,17,Q031,B,4.0
CAND_001_02_017,CENTRE_001,R02,17,Q032,A,4.0
CAND_001_02_017,CENTRE_001,R02,17,Q033,B,-1.0
CAND_001_02_017,CENTRE_001,R02,17,Q034,C,4.0
CAND_001_02_017,CENTRE_001,R02,17,Q035,D,-1.0
CAND_001_02_017,CENTRE_001,R02,17,Q036,A,4.0
CAND_001_02_017,CENTRE_001,R02,17,Q037,D,4.0
CAND_001_02_017,CENTRE_001,R02,17,Q038,B,-1.0
CAND_001_02_017,CENTRE_001,R02,17,Q039,B,4.0
CAND_001_02_017,CENTRE_001,R02,17,Q040,A,4.0
CAND_001_02_017,CENTRE_001,R02,17,Q041,D,4.0
CAND_001_02_017,CENTRE_001,R02,17,Q042,A,-1.0
CAND_001_02_017,CENTRE_001,R02,17,Q043,B,4.0
CAND_001_02_017,CENTRE_001,R02,17,Q044,A,4.0
CAND_001_02_017,CENTRE_001,R02,17,Q045,D,4.0
CAND_001_02_017,CENTRE_001,R02,17,Q046,C,4.0
CAND_001_02_017,CENTRE_001,R02,17,Q047,B,4.0
CAND_001_02_017,CENTRE_001,R02,17,Q048,D,-1.0
CAND_001_02_017,CENTRE_001,R02,17,Q049,D,4.0
CAND_001_02_017,CENTRE_001,R02,17,Q050,C,4.0
CAND_001_02_018,CENTRE_001,R02,18,Q001,B,-1.0
CAND_001_02_018,CENTRE_001,R02,18,Q002,C,4.0
CAND_001_02_018,CENTRE_001,R02,18,Q003,B,4.0
CAND_001_02_018,CENTRE_001,R02,18,Q004,A,4.0
CAND_001_02_018,CENTRE_001,R02,18,Q005,D,4.0
CAND_001_02_018,CENTRE_001,R02,18,Q006,,0.0
CAND_001_02_018,CENTRE_001,R02,18,Q007,B,4.0
CAND_001_02_018,CENTRE_001,R02,18,Q008,A,4.0
CAND_001_02_018,CENTRE_001,R02,18,Q009,D,4.0
CAND_001_02_018,CENTRE_001,R02,18,Q010,B,-1.0
CAND_001_02_018,CENTRE_001,R02,18,Q011,B,4.0
CAND_001_02_018,CENTRE_001,R02,18,Q012,B,-1.0
CAND_001_02_018,CENTRE_001,R02,18,Q013,D,4.0
CAND_001_02_018,CENTRE_001,R02,18,Q014,C,4.0
CAND_001_02_018,CENTRE_001,R02,18,Q015,D,-1.0
CAND_001_02_018,CENTRE_001,R02,18,Q016,A,4.0
CAND_001_02_018,CENTRE_001,R02,18,Q017,D,4.0
CAND_001_02_018,CENTRE_001,R02,18,Q018,C,4.0
CAND_001_02_018,CENTRE_001,R02,18,Q019,A,-1.0
CAND_001_02_018,CENTRE_001,R02,18,Q020,A,4.0
CAND_001_02_018,CENTRE_001,R02,18,Q021,D,4.0
CAND_001_02_018,CENTRE_001,R02,18,Q022,C,4.0
CAND_001_02_018,CENTRE_001,R02,18,Q023,B,4.0
CAND_001_02_018,CENTRE_001,R02,18,Q024,A,4.0
CAND_001_02_018,CENTRE_001,R02,18,Q025,C,-1.0
CAND_001_02_018,CENTRE_001,R02,18,Q026,C,4.0
CAND_001_02_018,CENTRE_001,R02,18,Q027,A,-1.0
CAND_001_02_018,CENTRE_001,R02,18,Q028,A,4.0
CAND_001_02_018,CENTRE_001,R02,18,Q029,D,4.0
CAND_001_02_018,CENTRE_001,R02,18,Q030,A,-1.0
CAND_001_02_018,CENTRE_001,R02,18,Q031,B,4.0
CAND_001_02_018,CENTRE_001,R02,18,Q032,A,4.0
CAND_001_02_018,CENTRE_001,R02,18,Q033,D,4.0
CAND_001_02_018,CENTRE_001,R02,18,Q034,C,4.0
CAND_001_02_018,CENTRE_001,R02,18,Q035,B,4.0
CAND_001_02_018,CENTRE_001,R02,18,Q036,A,4.0
CAND_001_02_018,CENTRE_001,R02,18,Q037,D,4.0
CAND_001_02_018,CENTRE_001,R02,18,Q038,C,4.0
CAND_001_02_018,CENTRE_001,R02,18,Q039,,0.0
CAND_001_02_018,CENTRE_001,R02,18,Q040,A,4.0
CAND_001_02_018,CENTRE_001,R02,18,Q041,D,4.0
CAND_001_02_018,CENTRE_001,R02,18,Q042,A,-1.0
CAND_001_02_018,CENTRE_001,R02,18,Q043,B,4.0
CAND_001_02_018,CENTRE_001,R02,18,Q044,B,-1.0
CAND_001_02_018,CENTRE_001,R02,18,Q045,B,-1.0
CAND_001_02_018,CENTRE_001,R02,18,Q046,C,4.0
CAND_001_02_018,CENTRE_001,R02,18,Q047,C,-1.0
CAND_001_02_018,CENTRE_001,R02,18,Q048,D,-1.0
CAND_001_02_018,CENTRE_001,R02,18,Q049,D,4.0
CAND_001_02_018,CENTRE_001,R02,18,Q050,D,-1.0
CAND_001_02_019,CENTRE_001,R02,19,Q001,B,-1.0
CAND_001_02_019,CENTRE_001,R02,19,Q002,,0.0
CAND_001_02_019,CENTRE_001,R02,19,Q003,B,4.0
CAND_001_02_019,CENTRE_001,R02,19,Q004,C,-1.0
CAND_001_02_019,CENTRE_001,R02,19,Q005,A,-1.0
CAND_001_02_019,CENTRE_001,R02,19,Q006,C,4.0
CAND_001_02_019,CENTRE_001,R02,19,Q007,B,4.0
CAND_001_02_019,CENTRE_001,R02,19,Q008,A,4.0
CAND_001_02_019,CENTRE_001,R02,19,Q009,D,4.0
CAND_001_02_019,CENTRE_001,R02,19,Q010,C,4.0
CAND_001_02_019,CENTRE_001,R02,19,Q011,A,-1.0
CAND_001_02_019,CENTRE_001,R02,19,Q012,A,4.0
CAND_001_02_019,CENTRE_001,R02,19,Q013,A,-1.0
CAND_001_02_019,CENTRE_001,R02,19,Q014,C,4.0
CAND_001_02_019,CENTRE_001,R02,19,Q015,B,4.0
CAND_001_02_019,CENTRE_001,R02,19,Q016,C,-1.0
CAND_001_02_019,CENTRE_001,R02,19,Q017,D,4.0
CAND_001_02_019,CENTRE_001,R02,19,Q018,C,4.0
CAND_001_02_019,CENTRE_001,R02,19,Q019,B,4.0
CAND_001_02_019,CENTRE_001,R02,19,Q020,B,-1.0
CAND_001_02_019,CENTRE_001,R02,19,Q021,D,4.0
CAND_001_02_019,CENTRE_001,R02,19,Q022,B,-1.0
CAND_001_02_019,CENTRE_001,R02,19,Q023,A,-1.0
CAND_001_02_019,CENTRE_001,R02,19,Q024,D,-1.0
CAND_001_02_019,CENTRE_001,R02,19,Q025,D,4.0
CAND_001_02_019,CENTRE_001,R02,19,Q026,C,4.0
CAND_001_02_019,CENTRE_001,R02,19,Q027,B,4.0
CAND_001_02_019,CENTRE_001,R02,19,Q028,B,-1.0
CAND_001_02_019,CENTRE_001,R02,19,Q029,C,-1.0
CAND_001_02_019,CENTRE_001,R02,19,Q030,C,4.0
CAND_001_02_019,CENTRE_001,R02,19,Q031,D,-1.0
CAND_001_02_019,CENTRE_001,R02,19,Q032,A,4.0
CAND_001_02_019,CENTRE_001,R02,19,Q033,C,-1.0
CAND_001_02_019,CENTRE_001,R02,19,Q034,D,-1.0
CAND_001_02_019,CENTRE_001,R02,19,Q035,D,-1.0
CAND_001_02_019,CENTRE_001,R02,19,Q036,C,-1.0
CAND_001_02_019,CENTRE_001,R02,19,Q037,A,-1.0
CAND_001_02_019,CENTRE_001,R02,19,Q038,C,4.0
CAND_001_02_019,CENTRE_001,R02,19,Q039,C,-1.0
CAND_001_02_019,CENTRE_001,R02,19,Q040,,0.0
CAND_001_02_019,CENTRE_001,R02,19,Q041,B,-1.0
CAND_001_02_019,CENTRE_001,R02,19,Q042,C,4.0
CAND_001_02_019,CENTRE_001,R02,19,Q043,D,-1.0
CAND_001_02_019,CENTRE_001,R02,19,Q044,A,4.0
CAND_001_02_019,CENTRE_001,R02,19,Q045,D,4.0
CAND_001_02_019,CENTRE_001,R02,19,Q046,B,-1.0
CAND_001_02_019,CENTRE_001,R02,19,Q047,B,4.0
CAND_001_02_019,CENTRE_001,R02,19,Q048,C,-1.0
CAND_001_02_019,CENTRE_001,R02,19,Q049,D,4.0
CAND_001_02_019,CENTRE_001,R02,19,Q050,C,4.0
CAND_001_02_020,CENTRE_001,R02,20,Q001,D,4.0
CAND_001_02_020,CENTRE_001,R02,20,Q002,B,-1.0
CAND_001_02_020,CENTRE_001,R02,20,Q003,D,-1.0
CAND_001_02_020,CENTRE_001,R02,20,Q004,A,4.0
CAND_001_02_020,CENTRE_001,R02,20,Q005,B,-1.0
CAND_001_02_020,CENTRE_001,R02,20,Q006,C,4.0
CAND_001_02_020,CENTRE_001,R02,20,Q007,D,-1.0
CAND_001_02_020,CENTRE_001,R02,20,Q008,D,-1.0
CAND_001_02_020,CENTRE_001,R02,20,Q009,D,4.0
CAND_001_02_020,CENTRE_001,R02,20,Q010,D,-1.0
CAND_001_02_020,CENTRE_001,R02,20,Q011,B,4.0
CAND_001_02_020,CENTRE_001,R02,20,Q012,A,4.0
CAND_001_02_020,CENTRE_001,R02,20,Q013,D,4.0
CAND_001_02_020,CENTRE_001,R02,20,Q014,B,-1.0
CAND_001_02_020,CENTRE_001,R02,20,Q015,B,4.0
CAND_001_02_020,CENTRE_001,R02,20,Q016,A,4.0
CAND_001_02_020,CENTRE_001,R02,20,Q017,D,4.0
CAND_001_02_020,CENTRE_001,R02,20,Q018,A,-1.0
CAND_001_02_020,CENTRE_001,R02,20,Q019,D,-1.0
CAND_001_02_020,CENTRE_001,R02,20,Q020,A,4.0
CAND_001_02_020,CENTRE_001,R02,20,Q021,D,4.0
CAND_001_02_020,CENTRE_001,R02,20,Q022,B,-1.0
CAND_001_02_020,CENTRE_001,R02,20,Q023,B,4.0
CAND_001_02_020,CENTRE_001,R02,20,Q024,B,-1.0
CAND_001_02_020,CENTRE_001,R02,20,Q025,D,4.0
CAND_001_02_020,CENTRE_001,R02,20,Q026,D,-1.0
CAND_001_02_020,CENTRE_001,R02,20,Q027,B,4.0
CAND_001_02_020,CENTRE_001,R02,20,Q028,D,-1.0
CAND_001_02_020,CENTRE_001,R02,20,Q029,D,4.0
CAND_001_02_020,CENTRE_001,R02,20,Q030,C,4.0
CAND_001_02_020,CENTRE_001,R02,20,Q031,B,4.0
CAND_001_02_020,CENTRE_001,R02,20,Q032,B,-1.0
CAND_001_02_020,CENTRE_001,R02,20,Q033,D,4.0
CAND_001_02_020,CENTRE_001,R02,20,Q034,B,-1.0
CAND_001_02_020,CENTRE_001,R02,20,Q035,B,4.0
CAND_001_02_020,CENTRE_001,R02,20,Q036,B,-1.0
CAND_001_02_020,CENTRE_001,R02,20,Q037,D,4.0
CAND_001_02_020,CENTRE_001,R02,20,Q038,D,-1.0
CAND_001_02_020,CENTRE_001,R02,20,Q039,B,4.0
CAND_001_02_020,CENTRE_001,R02,20,Q040,A,4.0
CAND_001_02_020,CENTRE_001,R02,20,Q041,D,4.0
CAND_001_02_020,CENTRE_001,R02,20,Q042,A,-1.0
CAND_001_02_020,CENTRE_001,R02,20,Q043,B,4.0
CAND_001_02_020,CENTRE_001,R02,20,Q044,,0.0
CAND_001_02_020,CENTRE_001,R02,20,Q045,B,-1.0
CAND_001_02_020,CENTRE_001,R02,20,Q046,C,4.0
CAND_001_02_020,CENTRE_001,R02,20,Q047,B,4.0
CAND_001_02_020,CENTRE_001,R02,20,Q048,A,4.0
CAND_001_02_020,CENTRE_001,R02,20,Q049,A,-1.0
CAND_001_02_020,CENTRE_001,R02,20,Q050,D,-1.0
CAND_002_01_001,CENTRE_002,R01,1,Q001,A,-1.0
CAND_002_01_001,CENTRE_002,R01,1,Q002,C,4.0
CAND_002_01_001,CENTRE_002,R01,1,Q003,A,-1.0
CAND_002_01_001,CENTRE_002,R01,1,Q004,A,4.0
CAND_002_01_001,CENTRE_002,R01,1,Q005,A,-1.0
CAND_002_01_001,CENTRE_002,R01,1,Q006,C,4.0
CAND_002_01_001,CENTRE_002,R01,1,Q007,B,4.0
CAND_002_01_001,CENTRE_002,R01,1,Q008,C,-1.0
CAND_002_01_001,CENTRE_002,R01,1,Q009,D,4.0
CAND_002_01_001,CENTRE_002,R01,1,Q010,B,-1.0
CAND_002_01_001,CENTRE_002,R01,1,Q011,B,4.0
CAND_002_01_001,CENTRE_002,R01,1,Q012,A,4.0
CAND_002_01_001,CENTRE_002,R01,1,Q013,B,-1.0
CAND_002_01_001,CENTRE_002,R01,1,Q014,C,4.0
CAND_002_01_001,CENTRE_002,R01,1,Q015,B,4.0
CAND_002_01_001,CENTRE_002,R01,1,Q016,B,-1.0
CAND_002_01_001,CENTRE_002,R01,1,Q017,B,-1.0
CAND_002_01_001,CENTRE_002,R01,1,Q018,B,-1.0
CAND_002_01_001,CENTRE_002,R01,1,Q019,D,-1.0
CAND_002_01_001,CENTRE_002,R01,1,Q020,B,-1.0
CAND_002_01_001,CENTRE_002,R01,1,Q021,A,-1.0
CAND_002_01_001,CENTRE_002,R01,1,Q022,C,4.0
CAND_002_01_001,CENTRE_002,R01,1,Q023,B,4.0
CAND_002_01_001,CENTRE_002,R01,1,Q024,A,4.0
CAND_002_01_001,CENTRE_002,R01,1,Q025,D,4.0
CAND_002_01_001,CENTRE_002,R01,1,Q026,C,4.0
CAND_002_01_001,CENTRE_002,R01,1,Q027,D,-1.0
CAND_002_01_001,CENTRE_002,R01,1,Q028,D,-1.0
CAND_002_01_001,CENTRE_002,R01,1,Q029,D,4.0
CAND_002_01_001,CENTRE_002,R01,1,Q030,D,-1.0
CAND_002_01_001,CENTRE_002,R01,1,Q031,B,4.0
CAND_002_01_001,CENTRE_002,R01,1,Q032,D,-1.0
CAND_002_01_001,CENTRE_002,R01,1,Q033,A,-1.0
CAND_002_01_001,CENTRE_002,R01,1,Q034,B,-1.0
CAND_002_01_001,CENTRE_002,R01,1,Q035,C,-1.0
CAND_002_01_001,CENTRE_002,R01,1,Q036,B,-1.0
CAND_002_01_001,CENTRE_002,R01,1,Q037,C,-1.0
CAND_002_01_001,CENTRE_002,R01,1,Q038,A,-1.0
CAND_002_01_001,CENTRE_002,R01,1,Q039,B,4.0
CAND_002_01_001,CENTRE_002,R01,1,Q040,A,4.0
CAND_002_01_001,CENTRE_002,R01,1,Q041,D,4.0
CAND_002_01_001,CENTRE_002,R01,1,Q042,A,-1.0
CAND_002_01_001,CENTRE_002,R01,1,Q043,,0.0
CAND_002_01_001,CENTRE_002,R01,1,Q044,D,-1.0
CAND_002_01_001,CENTRE_002,R01,1,Q045,D,4.0
CAND_002_01_001,CENTRE_002,R01,1,Q046,B,-1.0
CAND_002_01_001,CENTRE_002,R01,1,Q047,B,4.0
CAND_002_01_001,CENTRE_002,R01,1,Q048,C,-1.0
CAND_002_01_001,CENTRE_002,R01,1,Q049,D,4.0
CAND_002_01_001,CENTRE_002,R01,1,Q050,A,-1.0
CAND_002_01_002,CENTRE_002,R01,2,Q001,,0.0
CAND_002_01_002,CENTRE_002,R01,2,Q002,A,-1.0
CAND_002_01_002,CENTRE_002,R01,2,Q003,B,4.0
CAND_002_01_002,CENTRE_002,R01,2,Q004,C,-1.0
CAND_002_01_002,CENTRE_002,R01,2,Q005,,0.0
CAND_002_01_002,CENTRE_002,R01,2,Q006,B,-1.0
CAND_002_01_002,CENTRE_002,R01,2,Q007,B,4.0
CAND_002_01_002,CENTRE_002,R01,2,Q008,D,-1.0
CAND_002_01_002,CENTRE_002,R01,2,Q009,C,-1.0
CAND_002_01_002,CENTRE_002,R01,2,Q010,A,-1.0
CAND_002_01_002,CENTRE_002,R01,2,Q011,,0.0
CAND_002_01_002,CENTRE_002,R01,2,Q012,C,-1.0
CAND_002_01_002,CENTRE_002,R01,2,Q013,C,-1.0
CAND_002_01_002,CENTRE_002,R01,2,Q014,B,-1.0
CAND_002_01_002,CENTRE_002,R01,2,Q015,D,-1.0
CAND_002_01_002,CENTRE_002,R01,2,Q016,B,-1.0
CAND_002_01_002,CENTRE_002,R01,2,Q017,B,-1.0
CAND_002_01_002,CENTRE_002,R01,2,Q018,,0.0
CAND_002_01_002,CENTRE_002,R01,2,Q019,,0.0
CAND_002_01_002,CENTRE_002,R01,2,Q020,D,-1.0
CAND_002_01_002,CENTRE_002,R01,2,Q021,C,-1.0
CAND_002_01_002,CENTRE_002,R01,2,Q022,D,-1.0
CAND_002_01_002,CENTRE_002,R01,2,Q023,,0.0
CAND_002_01_002,CENTRE_002,R01,2,Q024,C,-1.0
CAND_002_01_002,CENTRE_002,R01,2,Q025,A,-1.0
CAND_002_01_002,CENTRE_002,R01,2,Q026,D,-1.0
CAND_002_01_002,CENTRE_002,R01,2,Q027,B,4.0
CAND_002_01_002,CENTRE_002,R01,2,Q028,C,-1.0
CAND_002_01_002,CENTRE_002,R01,2,Q029,A,-1.0
CAND_002_01_002,CENTRE_002,R01,2,Q030,B,-1.0
CAND_002_01_002,CENTRE_002,R01,2,Q031,,0.0
CAND_002_01_002,CENTRE_002,R01,2,Q032,A,4.0
CAND_002_01_002,CENTRE_002,R01,2,Q033,A,-1.0
CAND_002_01_002,CENTRE_002,R01,2,Q034,C,4.0
CAND_002_01_002,CENTRE_002,R01,2,Q035,A,-1.0
CAND_002_01_002,CENTRE_002,R01,2,Q036,B,-1.0
CAND_002_01_002,CENTRE_002,R01,2,Q037,A,-1.0
CAND_002_01_002,CENTRE_002,R01,2,Q038,C,4.0
CAND_002_01_002,CENTRE_002,R01,2,Q039,B,4.0
CAND_002_01_002,CENTRE_002,R01,2,Q040,,0.0
CAND_002_01_002,CENTRE_002,R01,2,Q041,D,4.0
CAND_002_01_002,CENTRE_002,R01,2,Q042,B,-1.0
CAND_002_01_002,CENTRE_002,R01,2,Q043,D,-1.0
CAND_002_01_002,CENTRE_002,R01,2,Q044,C,-1.0
CAND_002_01_002,CENTRE_002,R01,2,Q045,B,-1.0
CAND_002_01_002,CENTRE_002,R01,2,Q046,C,4.0
CAND_002_01_002,CENTRE_002,R01,2,Q047,D,-1.0
CAND_002_01_002,CENTRE_002,R01,2,Q048,B,-1.0
CAND_002_01_002,CENTRE_002,R01,2,Q049,D,4.0
CAND_002_01_002,CENTRE_002,R01,2,Q050,,0.0
CAND_002_01_003,CENTRE_002,R01,3,Q001,C,-1.0
CAND_002_01_003,CENTRE_002,R01,3,Q002,C,4.0
CAND_002_01_003,CENTRE_002,R01,3,Q003,,0.0
CAND_002_01_003,CENTRE_002,R01,3,Q004,A,4.0
CAND_002_01_003,CENTRE_002,R01,3,Q005,D,4.0
CAND_002_01_003,CENTRE_002,R01,3,Q006,A,-1.0
CAND_002_01_003,CENTRE_002,R01,3,Q007,B,4.0
CAND_002_01_003,CENTRE_002,R01,3,Q008,A,4.0
CAND_002_01_003,CENTRE_002,R01,3,Q009,D,4.0
CAND_002_01_003,CENTRE_002,R01,3,Q010,A,-1.0
CAND_002_01_003,CENTRE_002,R01,3,Q011,C,-1.0
CAND_002_01_003,CENTRE_002,R01,3,Q012,A,4.0
CAND_002_01_003,CENTRE_002,R01,3,Q013,A,-1.0
CAND_002_01_003,CENTRE_002,R01,3,Q014,D,-1.0
CAND_002_01_003,CENTRE_002,R01,3,Q015,C,-1.0
CAND_002_01_003,CENTRE_002,R01,3,Q016,A,4.0
CAND_002_01_003,CENTRE_002,R01,3,Q017,B,-1.0
CAND_002_01_003,CENTRE_002,R01,3,Q018,D,-1.0
CAND_002_01_003,CENTRE_002,R01,3,Q019,D,-1.0
CAND_002_01_003,CENTRE_002,R01,3,Q020,B,-1.0
CAND_002_01_003,CENTRE_002,R01,3,Q021,D,4.0
CAND_002_01_003,CENTRE_002,R01,3,Q022,B,-1.0
CAND_002_01_003,CENTRE_002,R01,3,Q023,B,4.0
CAND_002_01_003,CENTRE_002,R01,3,Q024,A,4.0
CAND_002_01_003,CENTRE_002,R01,3,Q025,A,-1.0
CAND_002_01_003,CENTRE_002,R01,3,Q026,C,4.0
CAND_002_01_003,CENTRE_002,R01,3,Q027,C,-1.0
CAND_002_01_003,CENTRE_002,R01,3,Q028,D,-1.0
CAND_002_01_003,CENTRE_002,R01,3,Q029,B,-1.0
CAND_002_01_003,CENTRE_002,R01,3,Q030,B,-1.0
CAND_002_01_003,CENTRE_002,R01,3,Q031,D,-1.0
CAND_002_01_003,CENTRE_002,R01,3,Q032,A,4.0
CAND_002_01_003,CENTRE_002,R01,3,Q033,D,4.0
CAND_002_01_003,CENTRE_002,R01,3,Q034,D,-1.0
CAND_002_01_003,CENTRE_002,R01,3,Q035,B,4.0
CAND_002_01_003,CENTRE_002,R01,3,Q036,B,-1.0
CAND_002_01_003,CENTRE_002,R01,3,Q037,D,4.0
CAND_002_01_003,CENTRE_002,R01,3,Q038,A,-1.0
CAND_002_01_003,CENTRE_002,R01,3,Q039,D,-1.0
CAND_002_01_003,CENTRE_002,R01,3,Q040,C,-1.0
CAND_002_01_003,CENTRE_002,R01,3,Q041,C,-1.0
CAND_002_01_003,CENTRE_002,R01,3,Q042,C,4.0
CAND_002_01_003,CENTRE_002,R01,3,Q043,D,-1.0
CAND_002_01_003,CENTRE_002,R01,3,Q044,A,4.0
CAND_002_01_003,CENTRE_002,R01,3,Q045,D,4.0
CAND_002_01_003,CENTRE_002,R01,3,Q046,C,4.0
CAND_002_01_003,CENTRE_002,R01,3,Q047,B,4.0
CAND_002_01_003,CENTRE_002,R01,3,Q048,A,4.0
CAND_002_01_003,CENTRE_002,R01,3,Q049,C,-1.0
CAND_002_01_003,CENTRE_002,R01,3,Q050,C,4.0
CAND_002_01_004,CENTRE_002,R01,4,Q001,D,4.0
CAND_002_01_004,CENTRE_002,R01,4,Q002,C,4.0
CAND_002_01_004,CENTRE_002,R01,4,Q003,,0.0
CAND_002_01_004,CENTRE_002,R01,4,Q004,D,-1.0
CAND_002_01_004,CENTRE_002,R01,4,Q005,C,-1.0
CAND_002_01_004,CENTRE_002,R01,4,Q006,C,4.0
CAND_002_01_004,CENTRE_002,R01,4,Q007,B,4.0
CAND_002_01_004,CENTRE_002,R01,4,Q008,A,4.0
CAND_002_01_004,CENTRE_002,R01,4,Q009,C,-1.0
CAND_002_01_004,CENTRE_002,R01,4,Q010,C,4.0
CAND_002_01_004,CENTRE_002,R01,4,Q011,D,-1.0
CAND_002_01_004,CENTRE_002,R01,4,Q012,A,4.0
CAND_002_01_004,CENTRE_002,R01,4,Q013,D,4.0
CAND_002_01_004,CENTRE_002,R01,4,Q014,C,4.0
CAND_002_01_004,CENTRE_002,R01,4,Q015,B,4.0
CAND_002_01_004,CENTRE_002,R01,4,Q016,A,4.0
CAND_002_01_004,CENTRE_002,R01,4,Q017,A,-1.0
CAND_002_01_004,CENTRE_002,R01,4,Q018,D,-1.0
CAND_002_01_004,CENTRE_002,R01,4,Q019,B,4.0
CAND_002_01_004,CENTRE_002,R01,4,Q020,A,4.0
CAND_002_01_004,CENTRE_002,R01,4,Q021,C,-1.0
CAND_002_01_004,CENTRE_002,R01,4,Q022,A,-1.0
CAND_002_01_004,CENTRE_002,R01,4,Q023,,0.0
CAND_002_01_004,CENTRE_002,R01,4,Q024,B,-1.0
CAND_002_01_004,CENTRE_002,R01,4,Q025,D,4.0
CAND_002_01_004,CENTRE_002,R01,4,Q026,C,4.0
CAND_002_01_004,CENTRE_002,R01,4,Q027,B,4.0
CAND_002_01_004,CENTRE_002,R01,4,Q028,A,4.0
CAND_002_01_004,CENTRE_002,R01,4,Q029,D,4.0
CAND_002_01_004,CENTRE_002,R01,4,Q030,C,4.0
CAND_002_01_004,CENTRE_002,R01,4,Q031,B,4.0
CAND_002_01_004,CENTRE_002,R01,4,Q032,A,4.0
CAND_002_01_004,CENTRE_002,R01,4,Q033,D,4.0
CAND_002_01_004,CENTRE_002,R01,4,Q034,C,4.0
CAND_002_01_004,CENTRE_002,R01,4,Q035,B,4.0
CAND_002_01_004,CENTRE_002,R01,4,Q036,A,4.0
CAND_002_01_004,CENTRE_002,R01,4,Q037,C,-1.0
CAND_002_01_004,CENTRE_002,R01,4,Q038,C,4.0
CAND_002_01_004,CENTRE_002,R01,4,Q039,A,-1.0
CAND_002_01_004,CENTRE_002,R01,4,Q040,B,-1.0
CAND_002_01_004,CENTRE_002,R01,4,Q041,C,-1.0
CAND_002_01_004,CENTRE_002,R01,4,Q042,C,4.0
CAND_002_01_004,CENTRE_002,R01,4,Q043,B,4.0
CAND_002_01_004,CENTRE_002,R01,4,Q044,A,4.0
CAND_002_01_004,CENTRE_002,R01,4,Q045,D,4.0
CAND_002_01_004,CENTRE_002,R01,4,Q046,B,-1.0
CAND_002_01_004,CENTRE_002,R01,4,Q047,B,4.0
CAND_002_01_004,CENTRE_002,R01,4,Q048,A,4.0
CAND_002_01_004,CENTRE_002,R01,4,Q049,C,-1.0
CAND_002_01_004,CENTRE_002,R01,4,Q050,A,-1.0
CAND_002_01_005,CENTRE_002,R01,5,Q001,D,4.0
CAND_002_01_005,CENTRE_002,R01,5,Q002,C,4.0
CAND_002_01_005,CENTRE_002,R01,5,Q003,A,-1.0
CAND_002_01_005,CENTRE_002,R01,5,Q004,C,-1.0
CAND_002_01_005,CENTRE_002,R01,5,Q005,D,4.0
CAND_002_01_005,CENTRE_002,R01,5,Q006,B,-1.0
CAND_002_01_005,CENTRE_002,R01,5,Q007,D,-1.0
CAND_002_01_005,CENTRE_002,R01,5,Q008,D,-1.0
CAND_002_01_005,CENTRE_002,R01,5,Q009,,0.0
CAND_002_01_005,CENTRE_002,R01,5,Q010,D,-1.0
CAND_002_01_005,CENTRE_002,R01,5,Q011,B,4.0
CAND_002_01_005,CENTRE_002,R01,5,Q012,A,4.0
CAND_002_01_005,CENTRE_002,R01,5,Q013,C,-1.0
CAND_002_01_005,CENTRE_002,R01,5,Q014,C,4.0
CAND_002_01_005,CENTRE_002,R01,5,Q015,B,4.0
CAND_002_01_005,CENTRE_002,R01,5,Q016,D,-1.0
CAND_002_01_005,CENTRE_002,R01,5,Q017,D,4.0
CAND_002_01_005,CENTRE_002,R01,5,Q018,C,4.0
CAND_002_01_005,CENTRE_002,R01,5,Q019,D,-1.0
CAND_002_01_005,CENTRE_002,R01,5,Q020,B,-1.0
CAND_002_01_005,CENTRE_002,R01,5,Q021,B,-1.0
CAND_002_01_005,CENTRE_002,R01,5,Q022,,0.0
CAND_002_01_005,CENTRE_002,R01,5,Q023,B,4.0
CAND_002_01_005,CENTRE_002,R01,5,Q024,A,4.0
CAND_002_01_005,CENTRE_002,R01,5,Q025,D,4.0
CAND_002_01_005,CENTRE_002,R01,5,Q026,C,4.0
CAND_002_01_005,CENTRE_002,R01,5,Q027,C,-1.0
CAND_002_01_005,CENTRE_002,R01,5,Q028,A,4.0
CAND_002_01_005,CENTRE_002,R01,5,Q029,A,-1.0
CAND_002_01_005,CENTRE_002,R01,5,Q030,C,4.0
CAND_002_01_005,CENTRE_002,R01,5,Q031,B,4.0
CAND_002_01_005,CENTRE_002,R01,5,Q032,A,4.0
CAND_002_01_005,CENTRE_002,R01,5,Q033,,0.0
CAND_002_01_005,CENTRE_002,R01,5,Q034,,0.0
CAND_002_01_005,CENTRE_002,R01,5,Q035,D,-1.0
CAND_002_01_005,CENTRE_002,R01,5,Q036,A,4.0
CAND_002_01_005,CENTRE_002,R01,5,Q037,A,-1.0
CAND_002_01_005,CENTRE_002,R01,5,Q038,C,4.0
CAND_002_01_005,CENTRE_002,R01,5,Q039,D,-1.0
CAND_002_01_005,CENTRE_002,R01,5,Q040,A,4.0
CAND_002_01_005,CENTRE_002,R01,5,Q041,D,4.0
CAND_002_01_005,CENTRE_002,R01,5,Q042,C,4.0
CAND_002_01_005,CENTRE_002,R01,5,Q043,D,-1.0
CAND_002_01_005,CENTRE_002,R01,5,Q044,A,4.0
CAND_002_01_005,CENTRE_002,R01,5,Q045,C,-1.0
CAND_002_01_005,CENTRE_002,R01,5,Q046,A,-1.0
CAND_002_01_005,CENTRE_002,R01,5,Q047,A,-1.0
CAND_002_01_005,CENTRE_002,R01,5,Q048,A,4.0
CAND_002_01_005,CENTRE_002,R01,5,Q049,C,-1.0
CAND_002_01_005,CENTRE_002,R01,5,Q050,D,-1.0
CAND_002_01_006,CENTRE_002,R01,6,Q001,C,-1.0
CAND_002_01_006,CENTRE_002,R01,6,Q002,A,-1.0
CAND_002_01_006,CENTRE_002,R01,6,Q003,B,4.0
CAND_002_01_006,CENTRE_002,R01,6,Q004,B,-1.0
CAND_002_01_006,CENTRE_002,R01,6,Q005,D,4.0
CAND_002_01_006,CENTRE_002,R01,6,Q006,C,4.0
CAND_002_01_006,CENTRE_002,R01,6,Q007,B,4.0
CAND_002_01_006,CENTRE_002,R01,6,Q008,D,-1.0
CAND_002_01_006,CENTRE_002,R01,6,Q009,D,4.0
CAND_002_01_006,CENTRE_002,R01,6,Q010,C,4.0
CAND_002_01_006,CENTRE_002,R01,6,Q011,B,4.0
CAND_002_01_006,CENTRE_002,R01,6,Q012,A,4.0
CAND_002_01_006,CENTRE_002,R01,6,Q013,D,4.0
CAND_002_01_006,CENTRE_002,R01,6,Q014,B,-1.0
CAND_002_01_006,CENTRE_002,R01,6,Q015,B,4.0
CAND_002_01_006,CENTRE_002,R01,6,Q016,A,4.0
CAND_002_01_006,CENTRE_002,R01,6,Q017,D,4.0
CAND_002_01_006,CENTRE_002,R01,6,Q018,C,4.0
CAND_002_01_006,CENTRE_002,R01,6,Q019,B,4.0
CAND_002_01_006,CENTRE_002,R01,6,Q020,A,4.0
CAND_002_01_006,CENTRE_002,R01,6,Q021,D,4.0
CAND_002_01_006,CENTRE_002,R01,6,Q022,C,4.0
CAND_002_01_006,CENTRE_002,R01,6,Q023,B,4.0
CAND_002_01_006,CENTRE_002,R01,6,Q024,D,-1.0
CAND_002_01_006,CENTRE_002,R01,6,Q025,D,4.0
CAND_002_01_006,CENTRE_002,R01,6,Q026,C,4.0
CAND_002_01_006,CENTRE_002,R01,6,Q027,B,4.0
CAND_002_01_006,CENTRE_002,R01,6,Q028,A,4.0
CAND_002_01_006,CENTRE_002,R01,6,Q029,D,4.0
CAND_002_01_006,CENTRE_002,R01,6,Q030,C,4.0
CAND_002_01_006,CENTRE_002,R01,6,Q031,C,-1.0
CAND_002_01_006,CENTRE_002,R01,6,Q032,A,4.0
CAND_002_01_006,CENTRE_002,R01,6,Q033,B,-1.0
CAND_002_01_006,CENTRE_002,R01,6,Q034,C,4.0
CAND_002_01_006,CENTRE_002,R01,6,Q035,A,-1.0
CAND_002_01_006,CENTRE_002,R01,6,Q036,A,4.0
CAND_002_01_006,CENTRE_002,R01,6,Q037,D,4.0
CAND_002_01_006,CENTRE_002,R01,6,Q038,A,-1.0
CAND_002_01_006,CENTRE_002,R01,6,Q039,D,-1.0
CAND_002_01_006,CENTRE_002,R01,6,Q040,,0.0
CAND_002_01_006,CENTRE_002,R01,6,Q041,D,4.0
CAND_002_01_006,CENTRE_002,R01,6,Q042,C,4.0
CAND_002_01_006,CENTRE_002,R01,6,Q043,B,4.0
CAND_002_01_006,CENTRE_002,R01,6,Q044,A,4.0
CAND_002_01_006,CENTRE_002,R01,6,Q045,D,4.0
CAND_002_01_006,CENTRE_002,R01,6,Q046,C,4.0
CAND_002_01_006,CENTRE_002,R01,6,Q047,B,4.0
CAND_002_01_006,CENTRE_002,R01,6,Q048,D,-1.0
CAND_002_01_006,CENTRE_002,R01,6,Q049,C,-1.0
CAND_002_01_006,CENTRE_002,R01,6,Q050,A,-1.0
CAND_002_01_007,CENTRE_002,R01,7,Q001,D,4.0
CAND_002_01_007,CENTRE_002,R01,7,Q002,D,-1.0
CAND_002_01_007,CENTRE_002,R01,7,Q003,B,4.0
CAND_002_01_007,CENTRE_002,R01,7,Q004,A,4.0
CAND_002_01_007,CENTRE_002,R01,7,Q005,D,4.0
CAND_002_01_007,CENTRE_002,R01,7,Q006,C,4.0
CAND_002_01_007,CENTRE_002,R01,7,Q007,D,-1.0
CAND_002_01_007,CENTRE_002,R01,7,Q008,A,4.0
CAND_002_01_007,CENTRE_002,R01,7,Q009,A,-1.0
CAND_002_01_007,CENTRE_002,R01,7,Q010,C,4.0
CAND_002_01_007,CENTRE_002,R01,7,Q011,A,-1.0
CAND_002_01_007,CENTRE_002,R01,7,Q012,A,4.0
CAND_002_01_007,CENTRE_002,R01,7,Q013,D,4.0
CAND_002_01_007,CENTRE_002,R01,7,Q014,C,4.0
CAND_002_01_007,CENTRE_002,R01,7,Q015,B,4.0
CAND_002_01_007,CENTRE_002,R01,7,Q016,A,4.0
CAND_002_01_007,CENTRE_002,R01,7,Q017,D,4.0
CAND_002_01_007,CENTRE_002,R01,7,Q018,C,4.0
CAND_002_01_007,CENTRE_002,R01,7,Q019,B,4.0
CAND_002_01_007,CENTRE_002,R01,7,Q020,A,4.0
CAND_002_01_007,CENTRE_002,R01,7,Q021,B,-1.0
CAND_002_01_007,CENTRE_002,R01,7,Q022,A,-1.0
CAND_002_01_007,CENTRE_002,R01,7,Q023,D,-1.0
CAND_002_01_007,CENTRE_002,R01,7,Q024,C,-1.0
CAND_002_01_007,CENTRE_002,R01,7,Q025,C,-1.0
CAND_002_01_007,CENTRE_002,R01,7,Q026,C,4.0
CAND_002_01_007,CENTRE_002,R01,7,Q027,B,4.0
CAND_002_01_007,CENTRE_002,R01,7,Q028,A,4.0
CAND_002_01_007,CENTRE_002,R01,7,Q029,D,4.0
CAND_002_01_007,CENTRE_002,R01,7,Q030,,0.0
CAND_002_01_007,CENTRE_002,R01,7,Q031,B,4.0
CAND_002_01_007,CENTRE_002,R01,7,Q032,C,-1.0
CAND_002_01_007,CENTRE_002,R01,7,Q033,D,4.0
CAND_002_01_007,CENTRE_002,R01,7,Q034,B,-1.0
CAND_002_01_007,CENTRE_002,R01,7,Q035,,0.0
CAND_002_01_007,CENTRE_002,R01,7,Q036,B,-1.0
CAND_002_01_007,CENTRE_002,R01,7,Q037,D,4.0
CAND_002_01_007,CENTRE_002,R01,7,Q038,C,4.0
CAND_002_01_007,CENTRE_002,R01,7,Q039,B,4.0
CAND_002_01_007,CENTRE_002,R01,7,Q040,A,4.0
CAND_002_01_007,CENTRE_002,R01,7,Q041,D,4.0
CAND_002_01_007,CENTRE_002,R01,7,Q042,C,4.0
CAND_002_01_007,CENTRE_002,R01,7,Q043,B,4.0
CAND_002_01_007,CENTRE_002,R01,7,Q044,A,4.0
CAND_002_01_007,CENTRE_002,R01,7,Q045,B,-1.0
CAND_002_01_007,CENTRE_002,R01,7,Q046,C,4.0
CAND_002_01_007,CENTRE_002,R01,7,Q047,B,4.0
CAND_002_01_007,CENTRE_002,R01,7,Q048,A,4.0
CAND_002_01_007,CENTRE_002,R01,7,Q049,D,4.0
CAND_002_01_007,CENTRE_002,R01,7,Q050,C,4.0
CAND_002_01_008,CENTRE_002,R01,8,Q001,D,4.0
CAND_002_01_008,CENTRE_002,R01,8,Q002,D,-1.0
CAND_002_01_008,CENTRE_002,R01,8,Q003,B,4.0
CAND_002_01_008,CENTRE_002,R01,8,Q004,,0.0
CAND_002_01_008,CENTRE_002,R01,8,Q005,D,4.0
CAND_002_01_008,CENTRE_002,R01,8,Q006,C,4.0
CAND_002_01_008,CENTRE_002,R01,8,Q007,D,-1.0
CAND_002_01_008,CENTRE_002,R01,8,Q008,D,-1.0
CAND_002_01_008,CENTRE_002,R01,8,Q009,A,-1.0
CAND_002_01_008,CENTRE_002,R01,8,Q010,C,4.0
CAND_002_01_008,CENTRE_002,R01,8,Q011,C,-1.0
CAND_002_01_008,CENTRE_002,R01,8,Q012,A,4.0
CAND_002_01_008,CENTRE_002,R01,8,Q013,C,-1.0
CAND_002_01_008,CENTRE_002,R01,8,Q014,D,-1.0
CAND_002_01_008,CENTRE_002,R01,8,Q015,D,-1.0
CAND_002_01_008,CENTRE_002,R01,8,Q016,A,4.0
CAND_002_01_008,CENTRE_002,R01,8,Q017,D,4.0
CAND_002_01_008,CENTRE_002,R01,8,Q018,B,-1.0
CAND_002_01_008,CENTRE_002,R01,8,Q019,B,4.0
CAND_002_01_008,CENTRE_002,R01,8,Q020,A,4.0
CAND_002_01_008,CENTRE_002,R01,8,Q021,C,-1.0
CAND_002_01_008,CENTRE_002,R01,8,Q022,C,4.0
CAND_002_01_008,CENTRE_002,R01,8,Q023,B,4.0
CAND_002_01_008,CENTRE_002,R01,8,Q024,A,4.0
CAND_002_01_008,CENTRE_002,R01,8,Q025,D,4.0
CAND_002_01_008,CENTRE_002,R01,8,Q026,,0.0
CAND_002_01_008,CENTRE_002,R01,8,Q027,A,-1.0
CAND_002_01_008,CENTRE_002,R01,8,Q028,A,4.0
CAND_002_01_008,CENTRE_002,R01,8,Q029,C,-1.0
CAND_002_01_008,CENTRE_002,R01,8,Q030,D,-1.0
CAND_002_01_008,CENTRE_002,R01,8,Q031,C,-1.0
CAND_002_01_008,CENTRE_002,R01,8,Q032,C,-1.0
CAND_002_01_008,CENTRE_002,R01,8,Q033,D,4.0
CAND_002_01_008,CENTRE_002,R01,8,Q034,B,-1.0
CAND_002_01_008,CENTRE_002,R01,8,Q035,B,4.0
CAND_002_01_008,CENTRE_002,R01,8,Q036,D,-1.0
CAND_002_01_008,CENTRE_002,R01,8,Q037,B,-1.0
CAND_002_01_008,CENTRE_002,R01,8,Q038,C,4.0
CAND_002_01_008,CENTRE_002,R01,8,Q039,B,4.0
CAND_002_01_008,CENTRE_002,R01,8,Q040,D,-1.0
CAND_002_01_008,CENTRE_002,R01,8,Q041,D,4.0
CAND_002_01_008,CENTRE_002,R01,8,Q042,C,4.0
CAND_002_01_008,CENTRE_002,R01,8,Q043,D,-1.0
CAND_002_01_008,CENTRE_002,R01,8,Q044,C,-1.0
CAND_002_01_008,CENTRE_002,R01,8,Q045,B,-1.0
CAND_002_01_008,CENTRE_002,R01,8,Q046,C,4.0
CAND_002_01_008,CENTRE_002,R01,8,Q047,B,4.0
CAND_002_01_008,CENTRE_002,R01,8,Q048,A,4.0
CAND_002_01_008,CENTRE_002,R01,8,Q049,C,-1.0
CAND_002_01_008,CENTRE_002,R01,8,Q050,C,4.0
CAND_002_01_009,CENTRE_002,R01,9,Q001,D,4.0
CAND_002_01_009,CENTRE_002,R01,9,Q002,D,-1.0
CAND_002_01_009,CENTRE_002,R01,9,Q003,B,4.0
CAND_002_01_009,CENTRE_002,R01,9,Q004,,0.0
CAND_002_01_009,CENTRE_002,R01,9,Q005,D,4.0
CAND_002_01_009,CENTRE_002,R01,9,Q006,C,4.0
CAND_002_01_009,CENTRE_002,R01,9,Q007,D,-1.0
CAND_002_01_009,CENTRE_002,R01,9,Q008,D,-1.0
CAND_002_01_009,CENTRE_002,R01,9,Q009,A,-1.0
CAND_002_01_009,CENTRE_002,R01,9,Q010,C,4.0
CAND_002_01_009,CENTRE_002,R01,9,Q011,C,-1.0
CAND_002_01_009,CENTRE_002,R01,9,Q012,A,4.0
CAND_002_01_009,CENTRE_002,R01,9,Q013,C,-1.0
CAND_002_01_009,CENTRE_002,R01,9,Q014,D,-1.0
CAND_002_01_009,CENTRE_002,R01,9,Q015,D,-1.0
CAND_002_01_009,CENTRE_002,R01,9,Q016,A,4.0
CAND_002_01_009,CENTRE_002,R01,9,Q017,D,4.0
CAND_002_01_009,CENTRE_002,R01,9,Q018,B,-1.0
CAND_002_01_009,CENTRE_002,R01,9,Q019,B,4.0
CAND_002_01_009,CENTRE_002,R01,9,Q020,A,4.0
CAND_002_01_009,CENTRE_002,R01,9,Q021,C,-1.0
CAND_002_01_009,CENTRE_002,R01,9,Q022,C,4.0
CAND_002_01_009,CENTRE_002,R01,9,Q023,B,4.0
CAND_002_01_009,CENTRE_002,R01,9,Q024,A,4.0
CAND_002_01_009,CENTRE_002,R01,9,Q025,D,4.0
CAND_002_01_009,CENTRE_002,R01,9,Q026,,0.0
CAND_002_01_009,CENTRE_002,R01,9,Q027,A,-1.0
CAND_002_01_009,CENTRE_002,R01,9,Q028,A,4.0
CAND_002_01_009,CENTRE_002,R01,9,Q029,C,-1.0
CAND_002_01_009,CENTRE_002,R01,9,Q030,D,-1.0
CAND_002_01_009,CENTRE_002,R01,9,Q031,B,4.0
CAND_002_01_009,CENTRE_002,R01,9,Q032,C,-1.0
CAND_002_01_009,CENTRE_002,R01,9,Q033,D,4.0
CAND_002_01_009,CENTRE_002,R01,9,Q034,B,-1.0
CAND_002_01_009,CENTRE_002,R01,9,Q035,B,4.0
CAND_002_01_009,CENTRE_002,R01,9,Q036,D,-1.0
CAND_002_01_009,CENTRE_002,R01,9,Q037,C,-1.0
CAND_002_01_009,CENTRE_002,R01,9,Q038,C,4.0
CAND_002_01_009,CENTRE_002,R01,9,Q039,B,4.0
CAND_002_01_009,CENTRE_002,R01,9,Q040,D,-1.0
CAND_002_01_009,CENTRE_002,R01,9,Q041,D,4.0
CAND_002_01_009,CENTRE_002,R01,9,Q042,C,4.0
CAND_002_01_009,CENTRE_002,R01,9,Q043,D,-1.0
CAND_002_01_009,CENTRE_002,R01,9,Q044,C,-1.0
CAND_002_01_009,CENTRE_002,R01,9,Q045,A,-1.0
CAND_002_01_009,CENTRE_002,R01,9,Q046,C,4.0
CAND_002_01_009,CENTRE_002,R01,9,Q047,B,4.0
CAND_002_01_009,CENTRE_002,R01,9,Q048,A,4.0
CAND_002_01_009,CENTRE_002,R01,9,Q049,C,-1.0
CAND_002_01_009,CENTRE_002,R01,9,Q050,C,4.0
CAND_002_01_010,CENTRE_002,R01,10,Q001,D,4.0
CAND_002_01_010,CENTRE_002,R01,10,Q002,C,4.0
CAND_002_01_010,CENTRE_002,R01,10,Q003,B,4.0
CAND_002_01_010,CENTRE_002,R01,10,Q004,C,-1.0
CAND_002_01_010,CENTRE_002,R01,10,Q005,A,-1.0
CAND_002_01_010,CENTRE_002,R01,10,Q006,A,-1.0
CAND_002_01_010,CENTRE_002,R01,10,Q007,D,-1.0
CAND_002_01_010,CENTRE_002,R01,10,Q008,C,-1.0
CAND_002_01_010,CENTRE_002,R01,10,Q009,D,4.0
CAND_002_01_010,CENTRE_002,R01,10,Q010,A,-1.0
CAND_002_01_010,CENTRE_002,R01,10,Q011,A,-1.0
CAND_002_01_010,CENTRE_002,R01,10,Q012,A,4.0
CAND_002_01_010,CENTRE_002,R01,10,Q013,D,4.0
CAND_002_01_010,CENTRE_002,R01,10,Q014,C,4.0
CAND_002_01_010,CENTRE_002,R01,10,Q015,B,4.0
CAND_002_01_010,CENTRE_002,R01,10,Q016,A,4.0
CAND_002_01_010,CENTRE_002,R01,10,Q017,B,-1.0
CAND_002_01_010,CENTRE_002,R01,10,Q018,D,-1.0
CAND_002_01_010,CENTRE_002,R01,10,Q019,B,4.0
CAND_002_01_010,CENTRE_002,R01,10,Q020,C,-1.0
CAND_002_01_010,CENTRE_002,R01,10,Q021,B,-1.0
CAND_002_01_010,CENTRE_002,R01,10,Q022,A,-1.0
CAND_002_01_010,CENTRE_002,R01,10,Q023,C,-1.0
CAND_002_01_010,CENTRE_002,R01,10,Q024,D,-1.0
CAND_002_01_010,CENTRE_002,R01,10,Q025,B,-1.0
CAND_002_01_010,CENTRE_002,R01,10,Q026,A,-1.0
CAND_002_01_010,CENTRE_002,R01,10,Q027,C,-1.0
CAND_002_01_010,CENTRE_002,R01,10,Q028,A,4.0
CAND_002_01_010,CENTRE_002,R01,10,Q029,A,-1.0
CAND_002_01_010,CENTRE_002,R01,10,Q030,B,-1.0
CAND_002_01_010,CENTRE_002,R01,10,Q031,B,4.0
CAND_002_01_010,CENTRE_002,R01,10,Q032,D,-1.0
CAND_002_01_010,CENTRE_002,R01,10,Q033,B,-1.0
CAND_002_01_010,CENTRE_002,R01,10,Q034,A,-1.0
CAND_002_01_010,CENTRE_002,R01,10,Q035,A,-1.0
CAND_002_01_010,CENTRE_002,R01,10,Q036,C,-1.0
CAND_002_01_010,CENTRE_002,R01,10,Q037,D,4.0
CAND_002_01_010,CENTRE_002,R01,10,Q038,C,4.0
CAND_002_01_010,CENTRE_002,R01,10,Q039,D,-1.0
CAND_002_01_010,CENTRE_002,R01,10,Q040,,0.0
CAND_002_01_010,CENTRE_002,R01,10,Q041,B,-1.0
CAND_002_01_010,CENTRE_002,R01,10,Q042,C,4.0
CAND_002_01_010,CENTRE_002,R01,10,Q043,B,4.0
CAND_002_01_010,CENTRE_002,R01,10,Q044,D,-1.0
CAND_002_01_010,CENTRE_002,R01,10,Q045,C,-1.0
CAND_002_01_010,CENTRE_002,R01,10,Q046,C,4.0
CAND_002_01_010,CENTRE_002,R01,10,Q047,B,4.0
CAND_002_01_010,CENTRE_002,R01,10,Q048,,0.0
CAND_002_01_010,CENTRE_002,R01,10,Q049,C,-1.0
CAND_002_01_010,CENTRE_002,R01,10,Q050,C,4.0
CAND_002_01_011,CENTRE_002,R01,11,Q001,B,-1.0
CAND_002_01_011,CENTRE_002,R01,11,Q002,B,-1.0
CAND_002_01_011,CENTRE_002,R01,11,Q003,B,4.0
CAND_002_01_011,CENTRE_002,R01,11,Q004,A,4.0
CAND_002_01_011,CENTRE_002,R01,11,Q005,A,-1.0
CAND_002_01_011,CENTRE_002,R01,11,Q006,C,4.0
CAND_002_01_011,CENTRE_002,R01,11,Q007,D,-1.0
CAND_002_01_011,CENTRE_002,R01,11,Q008,A,4.0
CAND_002_01_011,CENTRE_002,R01,11,Q009,D,4.0
CAND_002_01_011,CENTRE_002,R01,11,Q010,A,-1.0
CAND_002_01_011,CENTRE_002,R01,11,Q011,B,4.0
CAND_002_01_011,CENTRE_002,R01,11,Q012,A,4.0
CAND_002_01_011,CENTRE_002,R01,11,Q013,B,-1.0
CAND_002_01_011,CENTRE_002,R01,11,Q014,C,4.0
CAND_002_01_011,CENTRE_002,R01,11,Q015,B,4.0
CAND_002_01_011,CENTRE_002,R01,11,Q016,A,4.0
CAND_002_01_011,CENTRE_002,R01,11,Q017,A,-1.0
CAND_002_01_011,CENTRE_002,R01,11,Q018,D,-1.0
CAND_002_01_011,CENTRE_002,R01,11,Q019,B,4.0
CAND_002_01_011,CENTRE_002,R01,11,Q020,A,4.0
CAND_002_01_011,CENTRE_002,R01,11,Q021,D,4.0
CAND_002_01_011,CENTRE_002,R01,11,Q022,A,-1.0
CAND_002_01_011,CENTRE_002,R01,11,Q023,B,4.0
CAND_002_01_011,CENTRE_002,R01,11,Q024,A,4.0
CAND_002_01_011,CENTRE_002,R01,11,Q025,C,-1.0
CAND_002_01_011,CENTRE_002,R01,11,Q026,B,-1.0
CAND_002_01_011,CENTRE_002,R01,11,Q027,B,4.0
CAND_002_01_011,CENTRE_002,R01,11,Q028,C,-1.0
CAND_002_01_011,CENTRE_002,R01,11,Q029,D,4.0
CAND_002_01_011,CENTRE_002,R01,11,Q030,C,4.0
CAND_002_01_011,CENTRE_002,R01,11,Q031,B,4.0
CAND_002_01_011,CENTRE_002,R01,11,Q032,A,4.0
CAND_002_01_011,CENTRE_002,R01,11,Q033,,0.0
CAND_002_01_011,CENTRE_002,R01,11,Q034,B,-1.0
CAND_002_01_011,CENTRE_002,R01,11,Q035,C,-1.0
CAND_002_01_011,CENTRE_002,R01,11,Q036,A,4.0
CAND_002_01_011,CENTRE_002,R01,11,Q037,D,4.0
CAND_002_01_011,CENTRE_002,R01,11,Q038,C,4.0
CAND_002_01_011,CENTRE_002,R01,11,Q039,D,-1.0
CAND_002_01_011,CENTRE_002,R01,11,Q040,B,-1.0
CAND_002_01_011,CENTRE_002,R01,11,Q041,B,-1.0
CAND_002_01_011,CENTRE_002,R01,11,Q042,D,-1.0
CAND_002_01_011,CENTRE_002,R01,11,Q043,B,4.0
CAND_002_01_011,CENTRE_002,R01,11,Q044,A,4.0
CAND_002_01_011,CENTRE_002,R01,11,Q045,A,-1.0
CAND_002_01_011,CENTRE_002,R01,11,Q046,B,-1.0
CAND_002_01_011,CENTRE_002,R01,11,Q047,B,4.0
CAND_002_01_011,CENTRE_002,R01,11,Q048,B,-1.0
CAND_002_01_011,CENTRE_002,R01,11,Q049,D,4.0
CAND_002_01_011,CENTRE_002,R01,11,Q050,C,4.0
CAND_002_01_012,CENTRE_002,R01,12,Q001,C,-1.0
CAND_002_01_012,CENTRE_002,R01,12,Q002,B,-1.0
CAND_002_01_012,CENTRE_002,R01,12,Q003,D,-1.0
CAND_002_01_012,CENTRE_002,R01,12,Q004,C,-1.0
CAND_002_01_012,CENTRE_002,R01,12,Q005,D,4.0
CAND_002_01_012,CENTRE_002,R01,12,Q006,A,-1.0
CAND_002_01_012,CENTRE_002,R01,12,Q007,D,-1.0
CAND_002_01_012,CENTRE_002,R01,12,Q008,C,-1.0
CAND_002_01_012,CENTRE_002,R01,12,Q009,D,4.0
CAND_002_01_012,CENTRE_002,R01,12,Q010,C,4.0
CAND_002_01_012,CENTRE_002,R01,12,Q011,A,-1.0
CAND_002_01_012,CENTRE_002,R01,12,Q012,B,-1.0
CAND_002_01_012,CENTRE_002,R01,12,Q013,D,4.0
CAND_002_01_012,CENTRE_002,R01,12,Q014,,0.0
CAND_002_01_012,CENTRE_002,R01,12,Q015,A,-1.0
CAND_002_01_012,CENTRE_002,R01,12,Q016,A,4.0
CAND_002_01_012,CENTRE_002,R01,12,Q017,D,4.0
CAND_002_01_012,CENTRE_002,R01,12,Q018,A,-1.0
CAND_002_01_012,CENTRE_002,R01,12,Q019,B,4.0
CAND_002_01_012,CENTRE_002,R01,12,Q020,C,-1.0
CAND_002_01_012,CENTRE_002,R01,12,Q021,C,-1.0
CAND_002_01_012,CENTRE_002,R01,12,Q022,A,-1.0
CAND_002_01_012,CENTRE_002,R01,12,Q023,A,-1.0
CAND_002_01_012,CENTRE_002,R01,12,Q024,D,-1.0
CAND_002_01_012,CENTRE_002,R01,12,Q025,C,-1.0
CAND_002_01_012,CENTRE_002,R01,12,Q026,B,-1.0
CAND_002_01_012,CENTRE_002,R01,12,Q027,B,4.0
CAND_002_01_012,CENTRE_002,R01,12,Q028,A,4.0
CAND_002_01_012,CENTRE_002,R01,12,Q029,D,4.0
CAND_002_01_012,CENTRE_002,R01,12,Q030,C,4.0
CAND_002_01_012,CENTRE_002,R01,12,Q031,B,4.0
CAND_002_01_012,CENTRE_002,R01,12,Q032,A,4.0
CAND_002_01_012,CENTRE_002,R01,12,Q033,D,4.0
CAND_002_01_012,CENTRE_002,R01,12,Q034,A,-1.0
CAND_002_01_012,CENTRE_002,R01,12,Q035,B,4.0
CAND_002_01_012,CENTRE_002,R01,12,Q036,A,4.0
CAND_002_01_012,CENTRE_002,R01,12,Q037,D,4.0
CAND_002_01_012,CENTRE_002,R01,12,Q038,B,-1.0
CAND_002_01_012,CENTRE_002,R01,12,Q039,B,4.0
CAND_002_01_012,CENTRE_002,R01,12,Q040,D,-1.0
CAND_002_01_012,CENTRE_002,R01,12,Q041,D,4.0
CAND_002_01_012,CENTRE_002,R01,12,Q042,C,4.0
CAND_002_01_012,CENTRE_002,R01,12,Q043,B,4.0
CAND_002_01_012,CENTRE_002,R01,12,Q044,A,4.0
CAND_002_01_012,CENTRE_002,R01,12,Q045,A,-1.0
CAND_002_01_012,CENTRE_002,R01,12,Q046,B,-1.0
CAND_002_01_012,CENTRE_002,R01,12,Q047,B,4.0
CAND_002_01_012,CENTRE_002,R01,12,Q048,A,4.0
CAND_002_01_012,CENTRE_002,R01,12,Q049,C,-1.0
CAND_002_01_012,CENTRE_002,R01,12,Q050,B,-1.0
CAND_002_01_013,CENTRE_002,R01,13,Q001,D,4.0
CAND_002_01_013,CENTRE_002,R01,13,Q002,C,4.0
CAND_002_01_013,CENTRE_002,R01,13,Q003,B,4.0
CAND_002_01_013,CENTRE_002,R01,13,Q004,A,4.0
CAND_002_01_013,CENTRE_002,R01,13,Q005,D,4.0
CAND_002_01_013,CENTRE_002,R01,13,Q006,C,4.0
CAND_002_01_013,CENTRE_002,R01,13,Q007,B,4.0
CAND_002_01_013,CENTRE_002,R01,13,Q008,A,4.0
CAND_002_01_013,CENTRE_002,R01,13,Q009,B,-1.0
CAND_002_01_013,CENTRE_002,R01,13,Q010,C,4.0
CAND_002_01_013,CENTRE_002,R01,13,Q011,B,4.0
CAND_002_01_013,CENTRE_002,R01,13,Q012,A,4.0
CAND_002_01_013,CENTRE_002,R01,13,Q013,D,4.0
CAND_002_01_013,CENTRE_002,R01,13,Q014,C,4.0
CAND_002_01_013,CENTRE_002,R01,13,Q015,B,4.0
CAND_002_01_013,CENTRE_002,R01,13,Q016,B,-1.0
CAND_002_01_013,CENTRE_002,R01,13,Q017,D,4.0
CAND_002_01_013,CENTRE_002,R01,13,Q018,C,4.0
CAND_002_01_013,CENTRE_002,R01,13,Q019,B,4.0
CAND_002_01_013,CENTRE_002,R01,13,Q020,A,4.0
CAND_002_01_013,CENTRE_002,R01,13,Q021,B,-1.0
CAND_002_01_013,CENTRE_002,R01,13,Q022,C,4.0
CAND_002_01_013,CENTRE_002,R01,13,Q023,A,-1.0
CAND_002_01_013,CENTRE_002,R01,13,Q024,A,4.0
CAND_002_01_013,CENTRE_002,R01,13,Q025,,0.0
CAND_002_01_013,CENTRE_002,R01,13,Q026,C,4.0
CAND_002_01_013,CENTRE_002,R01,13,Q027,B,4.0
CAND_002_01_013,CENTRE_002,R01,13,Q028,B,-1.0
CAND_002_01_013,CENTRE_002,R01,13,Q029,D,4.0
CAND_002_01_013,CENTRE_002,R01,13,Q030,B,-1.0
CAND_002_01_013,CENTRE_002,R01,13,Q031,B,4.0
CAND_002_01_013,CENTRE_002,R01,13,Q032,D,-1.0
CAND_002_01_013,CENTRE_002,R01,13,Q033,A,-1.0
CAND_002_01_013,CENTRE_002,R01,13,Q034,C,4.0
CAND_002_01_013,CENTRE_002,R01,13,Q035,C,-1.0
CAND_002_01_013,CENTRE_002,R01,13,Q036,A,4.0
CAND_002_01_013,CENTRE_002,R01,13,Q037,C,-1.0
CAND_002_01_013,CENTRE_002,R01,13,Q038,C,4.0
CAND_002_01_013,CENTRE_002,R01,13,Q039,B,4.0
CAND_002_01_013,CENTRE_002,R01,13,Q040,A,4.0
CAND_002_01_013,CENTRE_002,R01,13,Q041,D,4.0
CAND_002_01_013,CENTRE_002,R01,13,Q042,A,-1.0
CAND_002_01_013,CENTRE_002,R01,13,Q043,C,-1.0
CAND_002_01_013,CENTRE_002,R01,13,Q044,A,4.0
CAND_002_01_013,CENTRE_002,R01,13,Q045,D,4.0
CAND_002_01_013,CENTRE_002,R01,13,Q046,C,4.0
CAND_002_01_013,CENTRE_002,R01,13,Q047,B,4.0
CAND_002_01_013,CENTRE_002,R01,13,Q048,,0.0
CAND_002_01_013,CENTRE_002,R01,13,Q049,D,4.0
CAND_002_01_013,CENTRE_002,R01,13,Q050,D,-1.0
CAND_002_01_014,CENTRE_002,R01,14,Q001,B,-1.0
CAND_002_01_014,CENTRE_002,R01,14,Q002,C,4.0
CAND_002_01_014,CENTRE_002,R01,14,Q003,D,-1.0
CAND_002_01_014,CENTRE_002,R01,14,Q004,A,4.0
CAND_002_01_014,CENTRE_002,R01,14,Q005,D,4.0
CAND_002_01_014,CENTRE_002,R01,14,Q006,C,4.0
CAND_002_01_014,CENTRE_002,R01,14,Q007,C,-1.0
CAND_002_01_014,CENTRE_002,R01,14,Q008,A,4.0
CAND_002_01_014,CENTRE_002,R01,14,Q009,B,-1.0
CAND_002_01_014,CENTRE_002,R01,14,Q010,A,-1.0
CAND_002_01_014,CENTRE_002,R01,14,Q011,B,4.0
CAND_002_01_014,CENTRE_002,R01,14,Q012,A,4.0
CAND_002_01_014,CENTRE_002,R01,14,Q013,A,-1.0
CAND_002_01_014,CENTRE_002,R01,14,Q014,B,-1.0
CAND_002_01_014,CENTRE_002,R01,14,Q015,D,-1.0
CAND_002_01_014,CENTRE_002,R01,14,Q016,A,4.0
CAND_002_01_014,CENTRE_002,R01,14,Q017,D,4.0
CAND_002_01_014,CENTRE_002,R01,14,Q018,D,-1.0
CAND_002_01_014,CENTRE_002,R01,14,Q019,A,-1.0
CAND_002_01_014,CENTRE_002,R01,14,Q020,C,-1.0
CAND_002_01_014,CENTRE_002,R01,14,Q021,C,-1.0
CAND_002_01_014,CENTRE_002,R01,14,Q022,A,-1.0
CAND_002_01_014,CENTRE_002,R01,14,Q023,D,-1.0
CAND_002_01_014,CENTRE_002,R01,14,Q024,A,4.0
CAND_002_01_014,CENTRE_002,R01,14,Q025,C,-1.0
CAND_002_01_014,CENTRE_002,R01,14,Q026,D,-1.0
CAND_002_01_014,CENTRE_002,R01,14,Q027,D,-1.0
CAND_002_01_014,CENTRE_002,R01,14,Q028,A,4.0
CAND_002_01_014,CENTRE_002,R01,14,Q029,D,4.0
CAND_002_01_014,CENTRE_002,R01,14,Q030,C,4.0
CAND_002_01_014,CENTRE_002,R01,14,Q031,B,4.0
CAND_002_01_014,CENTRE_002,R01,14,Q032,,0.0
CAND_002_01_014,CENTRE_002,R01,14,Q033,A,-1.0
CAND_002_01_014,CENTRE_002,R01,14,Q034,C,4.0
CAND_002_01_014,CENTRE_002,R01,14,Q035,,0.0
CAND_002_01_014,CENTRE_002,R01,14,Q036,D,-1.0
CAND_002_01_014,CENTRE_002,R01,14,Q037,C,-1.0
CAND_002_01_014,CENTRE_002,R01,14,Q038,C,4.0
CAND_002_01_014,CENTRE_002,R01,14,Q039,B,4.0
CAND_002_01_014,CENTRE_002,R01,14,Q040,,0.0
CAND_002_01_014,CENTRE_002,R01,14,Q041,B,-1.0
CAND_002_01_014,CENTRE_002,R01,14,Q042,B,-1.0
CAND_002_01_014,CENTRE_002,R01,14,Q043,,0.0
CAND_002_01_014,CENTRE_002,R01,14,Q044,C,-1.0
CAND_002_01_014,CENTRE_002,R01,14,Q045,A,-1.0
CAND_002_01_014,CENTRE_002,R01,14,Q046,A,-1.0
CAND_002_01_014,CENTRE_002,R01,14,Q047,A,-1.0
CAND_002_01_014,CENTRE_002,R01,14,Q048,B,-1.0
CAND_002_01_014,CENTRE_002,R01,14,Q049,D,4.0
CAND_002_01_014,CENTRE_002,R01,14,Q050,C,4.0
CAND_002_01_015,CENTRE_002,R01,15,Q001,D,4.0
CAND_002_01_015,CENTRE_002,R01,15,Q002,A,-1.0
CAND_002_01_015,CENTRE_002,R01,15,Q003,D,-1.0
CAND_002_01_015,CENTRE_002,R01,15,Q004,A,4.0
CAND_002_01_015,CENTRE_002,R01,15,Q005,B,-1.0
CAND_002_01_015,CENTRE_002,R01,15,Q006,A,-1.0
CAND_002_01_015,CENTRE_002,R01,15,Q007,B,4.0
CAND_002_01_015,CENTRE_002,R01,15,Q008,A,4.0
CAND_002_01_015,CENTRE_002,R01,15,Q009,D,4.0
CAND_002_01_015,CENTRE_002,R01,15,Q010,C,4.0
CAND_002_01_015,CENTRE_002,R01,15,Q011,B,4.0
CAND_002_01_015,CENTRE_002,R01,15,Q012,C,-1.0
CAND_002_01_015,CENTRE_002,R01,15,Q013,B,-1.0
CAND_002_01_015,CENTRE_002,R01,15,Q014,D,-1.0
CAND_002_01_015,CENTRE_002,R01,15,Q015,B,4.0
CAND_002_01_015,CENTRE_002,R01,15,Q016,D,-1.0
CAND_002_01_015,CENTRE_002,R01,15,Q017,D,4.0
CAND_002_01_015,CENTRE_002,R01,15,Q018,C,4.0
CAND_002_01_015,CENTRE_002,R01,15,Q019,C,-1.0
CAND_002_01_015,CENTRE_002,R01,15,Q020,C,-1.0
CAND_002_01_015,CENTRE_002,R01,15,Q021,D,4.0
CAND_002_01_015,CENTRE_002,R01,15,Q022,C,4.0
CAND_002_01_015,CENTRE_002,R01,15,Q023,B,4.0
CAND_002_01_015,CENTRE_002,R01,15,Q024,A,4.0
CAND_002_01_015,CENTRE_002,R01,15,Q025,D,4.0
CAND_002_01_015,CENTRE_002,R01,15,Q026,,0.0
CAND_002_01_015,CENTRE_002,R01,15,Q027,C,-1.0
CAND_002_01_015,CENTRE_002,R01,15,Q028,A,4.0
CAND_002_01_015,CENTRE_002,R01,15,Q029,B,-1.0
CAND_002_01_015,CENTRE_002,R01,15,Q030,D,-1.0
CAND_002_01_015,CENTRE_002,R01,15,Q031,A,-1.0
CAND_002_01_015,CENTRE_002,R01,15,Q032,A,4.0
CAND_002_01_015,CENTRE_002,R01,15,Q033,D,4.0
CAND_002_01_015,CENTRE_002,R01,15,Q034,C,4.0
CAND_002_01_015,CENTRE_002,R01,15,Q035,C,-1.0
CAND_002_01_015,CENTRE_002,R01,15,Q036,,0.0
CAND_002_01_015,CENTRE_002,R01,15,Q037,D,4.0
CAND_002_01_015,CENTRE_002,R01,15,Q038,D,-1.0
CAND_002_01_015,CENTRE_002,R01,15,Q039,B,4.0
CAND_002_01_015,CENTRE_002,R01,15,Q040,A,4.0
CAND_002_01_015,CENTRE_002,R01,15,Q041,D,4.0
CAND_002_01_015,CENTRE_002,R01,15,Q042,A,-1.0
CAND_002_01_015,CENTRE_002,R01,15,Q043,D,-1.0
CAND_002_01_015,CENTRE_002,R01,15,Q044,B,-1.0
CAND_002_01_015,CENTRE_002,R01,15,Q045,B,-1.0
CAND_002_01_015,CENTRE_002,R01,15,Q046,C,4.0
CAND_002_01_015,CENTRE_002,R01,15,Q047,A,-1.0
CAND_002_01_015,CENTRE_002,R01,15,Q048,B,-1.0
CAND_002_01_015,CENTRE_002,R01,15,Q049,A,-1.0
CAND_002_01_015,CENTRE_002,R01,15,Q050,C,4.0
CAND_002_01_016,CENTRE_002,R01,16,Q001,C,-1.0
CAND_002_01_016,CENTRE_002,R01,16,Q002,D,-1.0
CAND_002_01_016,CENTRE_002,R01,16,Q003,C,-1.0
CAND_002_01_016,CENTRE_002,R01,16,Q004,B,-1.0
CAND_002_01_016,CENTRE_002,R01,16,Q005,D,4.0
CAND_002_01_016,CENTRE_002,R01,16,Q006,C,4.0
CAND_002_01_016,CENTRE_002,R01,16,Q007,B,4.0
CAND_002_01_016,CENTRE_002,R01,16,Q008,A,4.0
CAND_002_01_016,CENTRE_002,R01,16,Q009,D,4.0
CAND_002_01_016,CENTRE_002,R01,16,Q010,,0.0
CAND_002_01_016,CENTRE_002,R01,16,Q011,B,4.0
CAND_002_01_016,CENTRE_002,R01,16,Q012,A,4.0
CAND_002_01_016,CENTRE_002,R01,16,Q013,A,-1.0
CAND_002_01_016,CENTRE_002,R01,16,Q014,A,-1.0
CAND_002_01_016,CENTRE_002,R01,16,Q015,A,-1.0
CAND_002_01_016,CENTRE_002,R01,16,Q016,D,-1.0
CAND_002_01_016,CENTRE_002,R01,16,Q017,D,4.0
CAND_002_01_016,CENTRE_002,R01,16,Q018,C,4.0
CAND_002_01_016,CENTRE_002,R01,16,Q019,D,-1.0
CAND_002_01_016,CENTRE_002,R01,16,Q020,A,4.0
CAND_002_01_016,CENTRE_002,R01,16,Q021,B,-1.0
CAND_002_01_016,CENTRE_002,R01,16,Q022,C,4.0
CAND_002_01_016,CENTRE_002,R01,16,Q023,B,4.0
CAND_002_01_016,CENTRE_002,R01,16,Q024,B,-1.0
CAND_002_01_016,CENTRE_002,R01,16,Q025,B,-1.0
CAND_002_01_016,CENTRE_002,R01,16,Q026,A,-1.0
CAND_002_01_016,CENTRE_002,R01,16,Q027,B,4.0
CAND_002_01_016,CENTRE_002,R01,16,Q028,A,4.0
CAND_002_01_016,CENTRE_002,R01,16,Q029,A,-1.0
CAND_002_01_016,CENTRE_002,R01,16,Q030,D,-1.0
CAND_002_01_016,CENTRE_002,R01,16,Q031,C,-1.0
CAND_002_01_016,CENTRE_002,R01,16,Q032,A,4.0
CAND_002_01_016,CENTRE_002,R01,16,Q033,B,-1.0
CAND_002_01_016,CENTRE_002,R01,16,Q034,D,-1.0
CAND_002_01_016,CENTRE_002,R01,16,Q035,D,-1.0
CAND_002_01_016,CENTRE_002,R01,16,Q036,D,-1.0
CAND_002_01_016,CENTRE_002,R01,16,Q037,C,-1.0
CAND_002_01_016,CENTRE_002,R01,16,Q038,D,-1.0
CAND_002_01_016,CENTRE_002,R01,16,Q039,A,-1.0
CAND_002_01_016,CENTRE_002,R01,16,Q040,A,4.0
CAND_002_01_016,CENTRE_002,R01,16,Q041,A,-1.0
CAND_002_01_016,CENTRE_002,R01,16,Q042,A,-1.0
CAND_002_01_016,CENTRE_002,R01,16,Q043,B,4.0
CAND_002_01_016,CENTRE_002,R01,16,Q044,A,4.0
CAND_002_01_016,CENTRE_002,R01,16,Q045,A,-1.0
CAND_002_01_016,CENTRE_002,R01,16,Q046,C,4.0
CAND_002_01_016,CENTRE_002,R01,16,Q047,A,-1.0
CAND_002_01_016,CENTRE_002,R01,16,Q048,D,-1.0
CAND_002_01_016,CENTRE_002,R01,16,Q049,D,4.0
CAND_002_01_016,CENTRE_002,R01,16,Q050,C,4.0
CAND_002_01_017,CENTRE_002,R01,17,Q001,C,-1.0
CAND_002_01_017,CENTRE_002,R01,17,Q002,D,-1.0
CAND_002_01_017,CENTRE_002,R01,17,Q003,C,-1.0
CAND_002_01_017,CENTRE_002,R01,17,Q004,B,-1.0
CAND_002_01_017,CENTRE_002,R01,17,Q005,D,4.0
CAND_002_01_017,CENTRE_002,R01,17,Q006,C,4.0
CAND_002_01_017,CENTRE_002,R01,17,Q007,B,4.0
CAND_002_01_017,CENTRE_002,R01,17,Q008,A,4.0
CAND_002_01_017,CENTRE_002,R01,17,Q009,D,4.0
CAND_002_01_017,CENTRE_002,R01,17,Q010,,0.0
CAND_002_01_017,CENTRE_002,R01,17,Q011,B,4.0
CAND_002_01_017,CENTRE_002,R01,17,Q012,A,4.0
CAND_002_01_017,CENTRE_002,R01,17,Q013,A,-1.0
CAND_002_01_017,CENTRE_002,R01,17,Q014,A,-1.0
CAND_002_01_017,CENTRE_002,R01,17,Q015,A,-1.0
CAND_002_01_017,CENTRE_002,R01,17,Q016,B,-1.0
CAND_002_01_017,CENTRE_002,R01,17,Q017,D,4.0
CAND_002_01_017,CENTRE_002,R01,17,Q018,C,4.0
CAND_002_01_017,CENTRE_002,R01,17,Q019,A,-1.0
CAND_002_01_017,CENTRE_002,R01,17,Q020,B,-1.0
CAND_002_01_017,CENTRE_002,R01,17,Q021,B,-1.0
CAND_002_01_017,CENTRE_002,R01,17,Q022,A,-1.0
CAND_002_01_017,CENTRE_002,R01,17,Q023,B,4.0
CAND_002_01_017,CENTRE_002,R01,17,Q024,B,-1.0
CAND_002_01_017,CENTRE_002,R01,17,Q025,B,-1.0
CAND_002_01_017,CENTRE_002,R01,17,Q026,A,-1.0
CAND_002_01_017,CENTRE_002,R01,17,Q027,B,4.0
CAND_002_01_017,CENTRE_002,R01,17,Q028,A,4.0
CAND_002_01_017,CENTRE_002,R01,17,Q029,A,-1.0
CAND_002_01_017,CENTRE_002,R01,17,Q030,D,-1.0
CAND_002_01_017,CENTRE_002,R01,17,Q031,C,-1.0
CAND_002_01_017,CENTRE_002,R01,17,Q032,A,4.0
CAND_002_01_017,CENTRE_002,R01,17,Q033,B,-1.0
CAND_002_01_017,CENTRE_002,R01,17,Q034,D,-1.0
CAND_002_01_017,CENTRE_002,R01,17,Q035,D,-1.0
CAND_002_01_017,CENTRE_002,R01,17,Q036,D,-1.0
CAND_002_01_017,CENTRE_002,R01,17,Q037,C,-1.0
CAND_002_01_017,CENTRE_002,R01,17,Q038,D,-1.0
CAND_002_01_017,CENTRE_002,R01,17,Q039,A,-1.0
CAND_002_01_017,CENTRE_002,R01,17,Q040,A,4.0
CAND_002_01_017,CENTRE_002,R01,17,Q041,B,-1.0
CAND_002_01_017,CENTRE_002,R01,17,Q042,A,-1.0
CAND_002_01_017,CENTRE_002,R01,17,Q043,B,4.0
CAND_002_01_017,CENTRE_002,R01,17,Q044,A,4.0
CAND_002_01_017,CENTRE_002,R01,17,Q045,A,-1.0
CAND_002_01_017,CENTRE_002,R01,17,Q046,C,4.0
CAND_002_01_017,CENTRE_002,R01,17,Q047,A,-1.0
CAND_002_01_017,CENTRE_002,R01,17,Q048,D,-1.0
CAND_002_01_017,CENTRE_002,R01,17,Q049,D,4.0
CAND_002_01_017,CENTRE_002,R01,17,Q050,C,4.0
CAND_002_01_018,CENTRE_002,R01,18,Q001,D,4.0
CAND_002_01_018,CENTRE_002,R01,18,Q002,C,4.0
CAND_002_01_018,CENTRE_002,R01,18,Q003,C,-1.0
CAND_002_01_018,CENTRE_002,R01,18,Q004,A,4.0
CAND_002_01_018,CENTRE_002,R01,18,Q005,C,-1.0
CAND_002_01_018,CENTRE_002,R01,18,Q006,C,4.0
CAND_002_01_018,CENTRE_002,R01,18,Q007,A,-1.0
CAND_002_01_018,CENTRE_002,R01,18,Q008,A,4.0
CAND_002_01_018,CENTRE_002,R01,18,Q009,C,-1.0
CAND_002_01_018,CENTRE_002,R01,18,Q010,A,-1.0
CAND_002_01_018,CENTRE_002,R01,18,Q011,B,4.0
CAND_002_01_018,CENTRE_002,R01,18,Q012,A,4.0
CAND_002_01_018,CENTRE_002,R01,18,Q013,D,4.0
CAND_002_01_018,CENTRE_002,R01,18,Q014,D,-1.0
CAND_002_01_018,CENTRE_002,R01,18,Q015,A,-1.0
CAND_002_01_018,CENTRE_002,R01,18,Q016,B,-1.0
CAND_002_01_018,CENTRE_002,R01,18,Q017,D,4.0
CAND_002_01_018,CENTRE_002,R01,18,Q018,C,4.0
CAND_002_01_018,CENTRE_002,R01,18,Q019,B,4.0
CAND_002_01_018,CENTRE_002,R01,18,Q020,C,-1.0
CAND_002_01_018,CENTRE_002,R01,18,Q021,D,4.0
CAND_002_01_018,CENTRE_002,R01,18,Q022,A,-1.0
CAND_002_01_018,CENTRE_002,R01,18,Q023,B,4.0
CAND_002_01_018,CENTRE_002,R01,18,Q024,D,-1.0
CAND_002_01_018,CENTRE_002,R01,18,Q025,B,-1.0
CAND_002_01_018,CENTRE_002,R01,18,Q026,A,-1.0
CAND_002_01_018,CENTRE_002,R01,18,Q027,D,-1.0
CAND_002_01_018,CENTRE_002,R01,18,Q028,A,4.0
CAND_002_01_018,CENTRE_002,R01,18,Q029,C,-1.0
CAND_002_01_018,CENTRE_002,R01,18,Q030,D,-1.0
CAND_002_01_018,CENTRE_002,R01,18,Q031,C,-1.0
CAND_002_01_018,CENTRE_002,R01,18,Q032,B,-1.0
CAND_002_01_018,CENTRE_002,R01,18,Q033,C,-1.0
CAND_002_01_018,CENTRE_002,R01,18,Q034,C,4.0
CAND_002_01_018,CENTRE_002,R01,18,Q035,B,4.0
CAND_002_01_018,CENTRE_002,R01,18,Q036,B,-1.0
CAND_002_01_018,CENTRE_002,R01,18,Q037,D,4.0
CAND_002_01_018,CENTRE_002,R01,18,Q038,C,4.0
CAND_002_01_018,CENTRE_002,R01,18,Q039,B,4.0
CAND_002_01_018,CENTRE_002,R01,18,Q040,C,-1.0
CAND_002_01_018,CENTRE_002,R01,18,Q041,D,4.0
CAND_002_01_018,CENTRE_002,R01,18,Q042,A,-1.0
CAND_002_01_018,CENTRE_002,R01,18,Q043,A,-1.0
CAND_002_01_018,CENTRE_002,R01,18,Q044,D,-1.0
CAND_002_01_018,CENTRE_002,R01,18,Q045,A,-1.0
CAND_002_01_018,CENTRE_002,R01,18,Q046,C,4.0
CAND_002_01_018,CENTRE_002,R01,18,Q047,B,4.0
CAND_002_01_018,CENTRE_002,R01,18,Q048,A,4.0
CAND_002_01_018,CENTRE_002,R01,18,Q049,D,4.0
CAND_002_01_018,CENTRE_002,R01,18,Q050,B,-1.0
CAND_002_01_019,CENTRE_002,R01,19,Q001,D,4.0
CAND_002_01_019,CENTRE_002,R01,19,Q002,A,-1.0
CAND_002_01_019,CENTRE_002,R01,19,Q003,A,-1.0
CAND_002_01_019,CENTRE_002,R01,19,Q004,B,-1.0
CAND_002_01_019,CENTRE_002,R01,19,Q005,C,-1.0
CAND_002_01_019,CENTRE_002,R01,19,Q006,D,-1.0
CAND_002_01_019,CENTRE_002,R01,19,Q007,B,4.0
CAND_002_01_019,CENTRE_002,R01,19,Q008,D,-1.0
CAND_002_01_019,CENTRE_002,R01,19,Q009,A,-1.0
CAND_002_01_019,CENTRE_002,R01,19,Q010,D,-1.0
CAND_002_01_019,CENTRE_002,R01,19,Q011,B,4.0
CAND_002_01_019,CENTRE_002,R01,19,Q012,A,4.0
CAND_002_01_019,CENTRE_002,R01,19,Q013,B,-1.0
CAND_002_01_019,CENTRE_002,R01,19,Q014,A,-1.0
CAND_002_01_019,CENTRE_002,R01,19,Q015,,0.0
CAND_002_01_019,CENTRE_002,R01,19,Q016,,0.0
CAND_002_01_019,CENTRE_002,R01,19,Q017,A,-1.0
CAND_002_01_019,CENTRE_002,R01,19,Q018,A,-1.0
CAND_002_01_019,CENTRE_002,R01,19,Q019,C,-1.0
CAND_002_01_019,CENTRE_002,R01,19,Q020,B,-1.0
CAND_002_01_019,CENTRE_002,R01,19,Q021,D,4.0
CAND_002_01_019,CENTRE_002,R01,19,Q022,D,-1.0
CAND_002_01_019,CENTRE_002,R01,19,Q023,A,-1.0
CAND_002_01_019,CENTRE_002,R01,19,Q024,A,4.0
CAND_002_01_019,CENTRE_002,R01,19,Q025,,0.0
CAND_002_01_019,CENTRE_002,R01,19,Q026,D,-1.0
CAND_002_01_019,CENTRE_002,R01,19,Q027,B,4.0
CAND_002_01_019,CENTRE_002,R01,19,Q028,,0.0
CAND_002_01_019,CENTRE_002,R01,19,Q029,D,4.0
CAND_002_01_019,CENTRE_002,R01,19,Q030,C,4.0
CAND_002_01_019,CENTRE_002,R01,19,Q031,D,-1.0
CAND_002_01_019,CENTRE_002,R01,19,Q032,D,-1.0
CAND_002_01_019,CENTRE_002,R01,19,Q033,D,4.0
CAND_002_01_019,CENTRE_002,R01,19,Q034,A,-1.0
CAND_002_01_019,CENTRE_002,R01,19,Q035,B,4.0
CAND_002_01_019,CENTRE_002,R01,19,Q036,A,4.0
CAND_002_01_019,CENTRE_002,R01,19,Q037,D,4.0
CAND_002_01_019,CENTRE_002,R01,19,Q038,C,4.0
CAND_002_01_019,CENTRE_002,R01,19,Q039,B,4.0
CAND_002_01_019,CENTRE_002,R01,19,Q040,A,4.0
CAND_002_01_019,CENTRE_002,R01,19,Q041,A,-1.0
CAND_002_01_019,CENTRE_002,R01,19,Q042,C,4.0
CAND_002_01_019,CENTRE_002,R01,19,Q043,C,-1.0
CAND_002_01_019,CENTRE_002,R01,19,Q044,D,-1.0
CAND_002_01_019,CENTRE_002,R01,19,Q045,D,4.0
CAND_002_01_019,CENTRE_002,R01,19,Q046,D,-1.0
CAND_002_01_019,CENTRE_002,R01,19,Q047,D,-1.0
CAND_002_01_019,CENTRE_002,R01,19,Q048,D,-1.0
CAND_002_01_019,CENTRE_002,R01,19,Q049,D,4.0
CAND_002_01_019,CENTRE_002,R01,19,Q050,D,-1.0
CAND_002_01_020,CENTRE_002,R01,20,Q001,C,-1.0
CAND_002_01_020,CENTRE_002,R01,20,Q002,C,4.0
CAND_002_01_020,CENTRE_002,R01,20,Q003,B,4.0
CAND_002_01_020,CENTRE_002,R01,20,Q004,B,-1.0
CAND_002_01_020,CENTRE_002,R01,20,Q005,B,-1.0
CAND_002_01_020,CENTRE_002,R01,20,Q006,,0.0
CAND_002_01_020,CENTRE_002,R01,20,Q007,B,4.0
CAND_002_01_020,CENTRE_002,R01,20,Q008,B,-1.0
CAND_002_01_020,CENTRE_002,R01,20,Q009,B,-1.0
CAND_002_01_020,CENTRE_002,R01,20,Q010,C,4.0
CAND_002_01_020,CENTRE_002,R01,20,Q011,B,4.0
CAND_002_01_020,CENTRE_002,R01,20,Q012,D,-1.0
CAND_002_01_020,CENTRE_002,R01,20,Q013,D,4.0
CAND_002_01_020,CENTRE_002,R01,20,Q014,C,4.0
CAND_002_01_020,CENTRE_002,R01,20,Q015,D,-1.0
CAND_002_01_020,CENTRE_002,R01,20,Q016,A,4.0
CAND_002_01_020,CENTRE_002,R01,20,Q017,B,-1.0
CAND_002_01_020,CENTRE_002,R01,20,Q018,C,4.0
CAND_002_01_020,CENTRE_002,R01,20,Q019,A,-1.0
CAND_002_01_020,CENTRE_002,R01,20,Q020,C,-1.0
CAND_002_01_020,CENTRE_002,R01,20,Q021,B,-1.0
CAND_002_01_020,CENTRE_002,R01,20,Q022,B,-1.0
CAND_002_01_020,CENTRE_002,R01,20,Q023,B,4.0
CAND_002_01_020,CENTRE_002,R01,20,Q024,A,4.0
CAND_002_01_020,CENTRE_002,R01,20,Q025,B,-1.0
CAND_002_01_020,CENTRE_002,R01,20,Q026,D,-1.0
CAND_002_01_020,CENTRE_002,R01,20,Q027,B,4.0
CAND_002_01_020,CENTRE_002,R01,20,Q028,A,4.0
CAND_002_01_020,CENTRE_002,R01,20,Q029,D,4.0
CAND_002_01_020,CENTRE_002,R01,20,Q030,A,-1.0
CAND_002_01_020,CENTRE_002,R01,20,Q031,B,4.0
CAND_002_01_020,CENTRE_002,R01,20,Q032,C,-1.0
CAND_002_01_020,CENTRE_002,R01,20,Q033,D,4.0
CAND_002_01_020,CENTRE_002,R01,20,Q034,C,4.0
CAND_002_01_020,CENTRE_002,R01,20,Q035,C,-1.0
CAND_002_01_020,CENTRE_002,R01,20,Q036,D,-1.0
CAND_002_01_020,CENTRE_002,R01,20,Q037,D,4.0
CAND_002_01_020,CENTRE_002,R01,20,Q038,C,4.0
CAND_002_01_020,CENTRE_002,R01,20,Q039,B,4.0
CAND_002_01_020,CENTRE_002,R01,20,Q040,C,-1.0
CAND_002_01_020,CENTRE_002,R01,20,Q041,A,-1.0
CAND_002_01_020,CENTRE_002,R01,20,Q042,C,4.0
CAND_002_01_020,CENTRE_002,R01,20,Q043,B,4.0
CAND_002_01_020,CENTRE_002,R01,20,Q044,A,4.0
CAND_002_01_020,CENTRE_002,R01,20,Q045,B,-1.0
CAND_002_01_020,CENTRE_002,R01,20,Q046,C,4.0
CAND_002_01_020,CENTRE_002,R01,20,Q047,B,4.0
CAND_002_01_020,CENTRE_002,R01,20,Q048,A,4.0
CAND_002_01_020,CENTRE_002,R01,20,Q049,D,4.0
CAND_002_01_020,CENTRE_002,R01,20,Q050,C,4.0
CAND_002_02_001,CENTRE_002,R02,1,Q001,A,-1.0
CAND_002_02_001,CENTRE_002,R02,1,Q002,C,4.0
CAND_002_02_001,CENTRE_002,R02,1,Q003,D,-1.0
CAND_002_02_001,CENTRE_002,R02,1,Q004,A,4.0
CAND_002_02_001,CENTRE_002,R02,1,Q005,D,4.0
CAND_002_02_001,CENTRE_002,R02,1,Q006,,0.0
CAND_002_02_001,CENTRE_002,R02,1,Q007,A,-1.0
CAND_002_02_001,CENTRE_002,R02,1,Q008,A,4.0
CAND_002_02_001,CENTRE_002,R02,1,Q009,D,4.0
CAND_002_02_001,CENTRE_002,R02,1,Q010,C,4.0
CAND_002_02_001,CENTRE_002,R02,1,Q011,C,-1.0
CAND_002_02_001,CENTRE_002,R02,1,Q012,D,-1.0
CAND_002_02_001,CENTRE_002,R02,1,Q013,A,-1.0
CAND_002_02_001,CENTRE_002,R02,1,Q014,C,4.0
CAND_002_02_001,CENTRE_002,R02,1,Q015,A,-1.0
CAND_002_02_001,CENTRE_002,R02,1,Q016,A,4.0
CAND_002_02_001,CENTRE_002,R02,1,Q017,D,4.0
CAND_002_02_001,CENTRE_002,R02,1,Q018,A,-1.0
CAND_002_02_001,CENTRE_002,R02,1,Q019,B,4.0
CAND_002_02_001,CENTRE_002,R02,1,Q020,A,4.0
CAND_002_02_001,CENTRE_002,R02,1,Q021,B,-1.0
CAND_002_02_001,CENTRE_002,R02,1,Q022,C,4.0
CAND_002_02_001,CENTRE_002,R02,1,Q023,B,4.0
CAND_002_02_001,CENTRE_002,R02,1,Q024,A,4.0
CAND_002_02_001,CENTRE_002,R02,1,Q025,A,-1.0
CAND_002_02_001,CENTRE_002,R02,1,Q026,C,4.0
CAND_002_02_001,CENTRE_002,R02,1,Q027,B,4.0
CAND_002_02_001,CENTRE_002,R02,1,Q028,A,4.0
CAND_002_02_001,CENTRE_002,R02,1,Q029,C,-1.0
CAND_002_02_001,CENTRE_002,R02,1,Q030,C,4.0
CAND_002_02_001,CENTRE_002,R02,1,Q031,B,4.0
CAND_002_02_001,CENTRE_002,R02,1,Q032,C,-1.0
CAND_002_02_001,CENTRE_002,R02,1,Q033,D,4.0
CAND_002_02_001,CENTRE_002,R02,1,Q034,C,4.0
CAND_002_02_001,CENTRE_002,R02,1,Q035,,0.0
CAND_002_02_001,CENTRE_002,R02,1,Q036,A,4.0
CAND_002_02_001,CENTRE_002,R02,1,Q037,D,4.0
CAND_002_02_001,CENTRE_002,R02,1,Q038,C,4.0
CAND_002_02_001,CENTRE_002,R02,1,Q039,D,-1.0
CAND_002_02_001,CENTRE_002,R02,1,Q040,D,-1.0
CAND_002_02_001,CENTRE_002,R02,1,Q041,D,4.0
CAND_002_02_001,CENTRE_002,R02,1,Q042,C,4.0
CAND_002_02_001,CENTRE_002,R02,1,Q043,B,4.0
CAND_002_02_001,CENTRE_002,R02,1,Q044,B,-1.0
CAND_002_02_001,CENTRE_002,R02,1,Q045,B,-1.0
CAND_002_02_001,CENTRE_002,R02,1,Q046,C,4.0
CAND_002_02_001,CENTRE_002,R02,1,Q047,B,4.0
CAND_002_02_001,CENTRE_002,R02,1,Q048,B,-1.0
CAND_002_02_001,CENTRE_002,R02,1,Q049,D,4.0
CAND_002_02_001,CENTRE_002,R02,1,Q050,B,-1.0
CAND_002_02_002,CENTRE_002,R02,2,Q001,C,-1.0
CAND_002_02_002,CENTRE_002,R02,2,Q002,C,4.0
CAND_002_02_002,CENTRE_002,R02,2,Q003,B,4.0
CAND_002_02_002,CENTRE_002,R02,2,Q004,A,4.0
CAND_002_02_002,CENTRE_002,R02,2,Q005,B,-1.0
CAND_002_02_002,CENTRE_002,R02,2,Q006,C,4.0
CAND_002_02_002,CENTRE_002,R02,2,Q007,B,4.0
CAND_002_02_002,CENTRE_002,R02,2,Q008,A,4.0
CAND_002_02_002,CENTRE_002,R02,2,Q009,D,4.0
CAND_002_02_002,CENTRE_002,R02,2,Q010,C,4.0
CAND_002_02_002,CENTRE_002,R02,2,Q011,B,4.0
CAND_002_02_002,CENTRE_002,R02,2,Q012,B,-1.0
CAND_002_02_002,CENTRE_002,R02,2,Q013,D,4.0
CAND_002_02_002,CENTRE_002,R02,2,Q014,C,4.0
CAND_002_02_002,CENTRE_002,R02,2,Q015,D,-1.0
CAND_002_02_002,CENTRE_002,R02,2,Q016,D,-1.0
CAND_002_02_002,CENTRE_002,R02,2,Q017,D,4.0
CAND_002_02_002,CENTRE_002,R02,2,Q018,A,-1.0
CAND_002_02_002,CENTRE_002,R02,2,Q019,B,4.0
CAND_002_02_002,CENTRE_002,R02,2,Q020,C,-1.0
CAND_002_02_002,CENTRE_002,R02,2,Q021,D,4.0
CAND_002_02_002,CENTRE_002,R02,2,Q022,B,-1.0
CAND_002_02_002,CENTRE_002,R02,2,Q023,B,4.0
CAND_002_02_002,CENTRE_002,R02,2,Q024,A,4.0
CAND_002_02_002,CENTRE_002,R02,2,Q025,C,-1.0
CAND_002_02_002,CENTRE_002,R02,2,Q026,C,4.0
CAND_002_02_002,CENTRE_002,R02,2,Q027,C,-1.0
CAND_002_02_002,CENTRE_002,R02,2,Q028,A,4.0
CAND_002_02_002,CENTRE_002,R02,2,Q029,A,-1.0
CAND_002_02_002,CENTRE_002,R02,2,Q030,B,-1.0
CAND_002_02_002,CENTRE_002,R02,2,Q031,B,4.0
CAND_002_02_002,CENTRE_002,R02,2,Q032,A,4.0
CAND_002_02_002,CENTRE_002,R02,2,Q033,B,-1.0
CAND_002_02_002,CENTRE_002,R02,2,Q034,C,4.0
CAND_002_02_002,CENTRE_002,R02,2,Q035,,0.0
CAND_002_02_002,CENTRE_002,R02,2,Q036,A,4.0
CAND_002_02_002,CENTRE_002,R02,2,Q037,D,4.0
CAND_002_02_002,CENTRE_002,R02,2,Q038,A,-1.0
CAND_002_02_002,CENTRE_002,R02,2,Q039,C,-1.0
CAND_002_02_002,CENTRE_002,R02,2,Q040,A,4.0
CAND_002_02_002,CENTRE_002,R02,2,Q041,D,4.0
CAND_002_02_002,CENTRE_002,R02,2,Q042,C,4.0
CAND_002_02_002,CENTRE_002,R02,2,Q043,B,4.0
CAND_002_02_002,CENTRE_002,R02,2,Q044,D,-1.0
CAND_002_02_002,CENTRE_002,R02,2,Q045,B,-1.0
CAND_002_02_002,CENTRE_002,R02,2,Q046,A,-1.0
CAND_002_02_002,CENTRE_002,R02,2,Q047,D,-1.0
CAND_002_02_002,CENTRE_002,R02,2,Q048,A,4.0
CAND_002_02_002,CENTRE_002,R02,2,Q049,D,4.0
CAND_002_02_002,CENTRE_002,R02,2,Q050,C,4.0
CAND_002_02_003,CENTRE_002,R02,3,Q001,,0.0
CAND_002_02_003,CENTRE_002,R02,3,Q002,B,-1.0
CAND_002_02_003,CENTRE_002,R02,3,Q003,B,4.0
CAND_002_02_003,CENTRE_002,R02,3,Q004,A,4.0
CAND_002_02_003,CENTRE_002,R02,3,Q005,D,4.0
CAND_002_02_003,CENTRE_002,R02,3,Q006,C,4.0
CAND_002_02_003,CENTRE_002,R02,3,Q007,D,-1.0
CAND_002_02_003,CENTRE_002,R02,3,Q008,A,4.0
CAND_002_02_003,CENTRE_002,R02,3,Q009,D,4.0
CAND_002_02_003,CENTRE_002,R02,3,Q010,B,-1.0
CAND_002_02_003,CENTRE_002,R02,3,Q011,B,4.0
CAND_002_02_003,CENTRE_002,R02,3,Q012,C,-1.0
CAND_002_02_003,CENTRE_002,R02,3,Q013,C,-1.0
CAND_002_02_003,CENTRE_002,R02,3,Q014,C,4.0
CAND_002_02_003,CENTRE_002,R02,3,Q015,B,4.0
CAND_002_02_003,CENTRE_002,R02,3,Q016,C,-1.0
CAND_002_02_003,CENTRE_002,R02,3,Q017,A,-1.0
CAND_002_02_003,CENTRE_002,R02,3,Q018,C,4.0
CAND_002_02_003,CENTRE_002,R02,3,Q019,C,-1.0
CAND_002_02_003,CENTRE_002,R02,3,Q020,C,-1.0
CAND_002_02_003,CENTRE_002,R02,3,Q021,B,-1.0
CAND_002_02_003,CENTRE_002,R02,3,Q022,B,-1.0
CAND_002_02_003,CENTRE_002,R02,3,Q023,B,4.0
CAND_002_02_003,CENTRE_002,R02,3,Q024,A,4.0
CAND_002_02_003,CENTRE_002,R02,3,Q025,D,4.0
CAND_002_02_003,CENTRE_002,R02,3,Q026,C,4.0
CAND_002_02_003,CENTRE_002,R02,3,Q027,C,-1.0
CAND_002_02_003,CENTRE_002,R02,3,Q028,A,4.0
CAND_002_02_003,CENTRE_002,R02,3,Q029,A,-1.0
CAND_002_02_003,CENTRE_002,R02,3,Q030,A,-1.0
CAND_002_02_003,CENTRE_002,R02,3,Q031,A,-1.0
CAND_002_02_003,CENTRE_002,R02,3,Q032,A,4.0
CAND_002_02_003,CENTRE_002,R02,3,Q033,B,-1.0
CAND_002_02_003,CENTRE_002,R02,3,Q034,C,4.0
CAND_002_02_003,CENTRE_002,R02,3,Q035,B,4.0
CAND_002_02_003,CENTRE_002,R02,3,Q036,,0.0
CAND_002_02_003,CENTRE_002,R02,3,Q037,D,4.0
CAND_002_02_003,CENTRE_002,R02,3,Q038,A,-1.0
CAND_002_02_003,CENTRE_002,R02,3,Q039,D,-1.0
CAND_002_02_003,CENTRE_002,R02,3,Q040,A,4.0
CAND_002_02_003,CENTRE_002,R02,3,Q041,D,4.0
CAND_002_02_003,CENTRE_002,R02,3,Q042,C,4.0
CAND_002_02_003,CENTRE_002,R02,3,Q043,D,-1.0
CAND_002_02_003,CENTRE_002,R02,3,Q044,C,-1.0
CAND_002_02_003,CENTRE_002,R02,3,Q045,D,4.0
CAND_002_02_003,CENTRE_002,R02,3,Q046,B,-1.0
CAND_002_02_003,CENTRE_002,R02,3,Q047,B,4.0
CAND_002_02_003,CENTRE_002,R02,3,Q048,C,-1.0
CAND_002_02_003,CENTRE_002,R02,3,Q049,A,-1.0
CAND_002_02_003,CENTRE_002,R02,3,Q050,D,-1.0
CAND_002_02_004,CENTRE_002,R02,4,Q001,C,-1.0
CAND_002_02_004,CENTRE_002,R02,4,Q002,C,4.0
CAND_002_02_004,CENTRE_002,R02,4,Q003,A,-1.0
CAND_002_02_004,CENTRE_002,R02,4,Q004,B,-1.0
CAND_002_02_004,CENTRE_002,R02,4,Q005,B,-1.0
CAND_002_02_004,CENTRE_002,R02,4,Q006,C,4.0
CAND_002_02_004,CENTRE_002,R02,4,Q007,B,4.0
CAND_002_02_004,CENTRE_002,R02,4,Q008,A,4.0
CAND_002_02_004,CENTRE_002,R02,4,Q009,B,-1.0
CAND_002_02_004,CENTRE_002,R02,4,Q010,C,4.0
CAND_002_02_004,CENTRE_002,R02,4,Q011,B,4.0
CAND_002_02_004,CENTRE_002,R02,4,Q012,B,-1.0
CAND_002_02_004,CENTRE_002,R02,4,Q013,B,-1.0
CAND_002_02_004,CENTRE_002,R02,4,Q014,D,-1.0
CAND_002_02_004,CENTRE_002,R02,4,Q015,C,-1.0
CAND_002_02_004,CENTRE_002,R02,4,Q016,C,-1.0
CAND_002_02_004,CENTRE_002,R02,4,Q017,D,4.0
CAND_002_02_004,CENTRE_002,R02,4,Q018,A,-1.0
CAND_002_02_004,CENTRE_002,R02,4,Q019,A,-1.0
CAND_002_02_004,CENTRE_002,R02,4,Q020,B,-1.0
CAND_002_02_004,CENTRE_002,R02,4,Q021,D,4.0
CAND_002_02_004,CENTRE_002,R02,4,Q022,B,-1.0
CAND_002_02_004,CENTRE_002,R02,4,Q023,D,-1.0
CAND_002_02_004,CENTRE_002,R02,4,Q024,A,4.0
CAND_002_02_004,CENTRE_002,R02,4,Q025,B,-1.0
CAND_002_02_004,CENTRE_002,R02,4,Q026,C,4.0
CAND_002_02_004,CENTRE_002,R02,4,Q027,,0.0
CAND_002_02_004,CENTRE_002,R02,4,Q028,D,-1.0
CAND_002_02_004,CENTRE_002,R02,4,Q029,D,4.0
CAND_002_02_004,CENTRE_002,R02,4,Q030,A,-1.0
CAND_002_02_004,CENTRE_002,R02,4,Q031,C,-1.0
CAND_002_02_004,CENTRE_002,R02,4,Q032,C,-1.0
CAND_002_02_004,CENTRE_002,R02,4,Q033,D,4.0
CAND_002_02_004,CENTRE_002,R02,4,Q034,C,4.0
CAND_002_02_004,CENTRE_002,R02,4,Q035,B,4.0
CAND_002_02_004,CENTRE_002,R02,4,Q036,D,-1.0
CAND_002_02_004,CENTRE_002,R02,4,Q037,C,-1.0
CAND_002_02_004,CENTRE_002,R02,4,Q038,D,-1.0
CAND_002_02_004,CENTRE_002,R02,4,Q039,D,-1.0
CAND_002_02_004,CENTRE_002,R02,4,Q040,A,4.0
CAND_002_02_004,CENTRE_002,R02,4,Q041,D,4.0
CAND_002_02_004,CENTRE_002,R02,4,Q042,C,4.0
CAND_002_02_004,CENTRE_002,R02,4,Q043,B,4.0
CAND_002_02_004,CENTRE_002,R02,4,Q044,C,-1.0
CAND_002_02_004,CENTRE_002,R02,4,Q045,D,4.0
CAND_002_02_004,CENTRE_002,R02,4,Q046,C,4.0
CAND_002_02_004,CENTRE_002,R02,4,Q047,B,4.0
CAND_002_02_004,CENTRE_002,R02,4,Q048,A,4.0
CAND_002_02_004,CENTRE_002,R02,4,Q049,D,4.0
CAND_002_02_004,CENTRE_002,R02,4,Q050,A,-1.0
CAND_002_02_005,CENTRE_002,R02,5,Q001,D,4.0
CAND_002_02_005,CENTRE_002,R02,5,Q002,C,4.0
CAND_002_02_005,CENTRE_002,R02,5,Q003,B,4.0
CAND_002_02_005,CENTRE_002,R02,5,Q004,D,-1.0
CAND_002_02_005,CENTRE_002,R02,5,Q005,A,-1.0
CAND_002_02_005,CENTRE_002,R02,5,Q006,B,-1.0
CAND_002_02_005,CENTRE_002,R02,5,Q007,B,4.0
CAND_002_02_005,CENTRE_002,R02,5,Q008,A,4.0
CAND_002_02_005,CENTRE_002,R02,5,Q009,D,4.0
CAND_002_02_005,CENTRE_002,R02,5,Q010,C,4.0
CAND_002_02_005,CENTRE_002,R02,5,Q011,D,-1.0
CAND_002_02_005,CENTRE_002,R02,5,Q012,C,-1.0
CAND_002_02_005,CENTRE_002,R02,5,Q013,D,4.0
CAND_002_02_005,CENTRE_002,R02,5,Q014,A,-1.0
CAND_002_02_005,CENTRE_002,R02,5,Q015,B,4.0
CAND_002_02_005,CENTRE_002,R02,5,Q016,A,4.0
CAND_002_02_005,CENTRE_002,R02,5,Q017,D,4.0
CAND_002_02_005,CENTRE_002,R02,5,Q018,B,-1.0
CAND_002_02_005,CENTRE_002,R02,5,Q019,B,4.0
CAND_002_02_005,CENTRE_002,R02,5,Q020,C,-1.0
CAND_002_02_005,CENTRE_002,R02,5,Q021,D,4.0
CAND_002_02_005,CENTRE_002,R02,5,Q022,C,4.0
CAND_002_02_005,CENTRE_002,R02,5,Q023,B,4.0
CAND_002_02_005,CENTRE_002,R02,5,Q024,D,-1.0
CAND_002_02_005,CENTRE_002,R02,5,Q025,D,4.0
CAND_002_02_005,CENTRE_002,R02,5,Q026,C,4.0
CAND_002_02_005,CENTRE_002,R02,5,Q027,B,4.0
CAND_002_02_005,CENTRE_002,R02,5,Q028,A,4.0
CAND_002_02_005,CENTRE_002,R02,5,Q029,D,4.0
CAND_002_02_005,CENTRE_002,R02,5,Q030,C,4.0
CAND_002_02_005,CENTRE_002,R02,5,Q031,,0.0
CAND_002_02_005,CENTRE_002,R02,5,Q032,A,4.0
CAND_002_02_005,CENTRE_002,R02,5,Q033,D,4.0
CAND_002_02_005,CENTRE_002,R02,5,Q034,C,4.0
CAND_002_02_005,CENTRE_002,R02,5,Q035,B,4.0
CAND_002_02_005,CENTRE_002,R02,5,Q036,A,4.0
CAND_002_02_005,CENTRE_002,R02,5,Q037,D,4.0
CAND_002_02_005,CENTRE_002,R02,5,Q038,C,4.0
CAND_002_02_005,CENTRE_002,R02,5,Q039,B,4.0
CAND_002_02_005,CENTRE_002,R02,5,Q040,A,4.0
CAND_002_02_005,CENTRE_002,R02,5,Q041,D,4.0
CAND_002_02_005,CENTRE_002,R02,5,Q042,B,-1.0
CAND_002_02_005,CENTRE_002,R02,5,Q043,A,-1.0
CAND_002_02_005,CENTRE_002,R02,5,Q044,A,4.0
CAND_002_02_005,CENTRE_002,R02,5,Q045,D,4.0
CAND_002_02_005,CENTRE_002,R02,5,Q046,B,-1.0
CAND_002_02_005,CENTRE_002,R02,5,Q047,B,4.0
CAND_002_02_005,CENTRE_002,R02,5,Q048,A,4.0
CAND_002_02_005,CENTRE_002,R02,5,Q049,B,-1.0
CAND_002_02_005,CENTRE_002,R02,5,Q050,C,4.0
CAND_002_02_006,CENTRE_002,R02,6,Q001,,0.0
CAND_002_02_006,CENTRE_002,R02,6,Q002,C,4.0
CAND_002_02_006,CENTRE_002,R02,6,Q003,,0.0
CAND_002_02_006,CENTRE_002,R02,6,Q004,A,4.0
CAND_002_02_006,CENTRE_002,R02,6,Q005,A,-1.0
CAND_002_02_006,CENTRE_002,R02,6,Q006,C,4.0
CAND_002_02_006,CENTRE_002,R02,6,Q007,C,-1.0
CAND_002_02_006,CENTRE_002,R02,6,Q008,D,-1.0
CAND_002_02_006,CENTRE_002,R02,6,Q009,C,-1.0
CAND_002_02_006,CENTRE_002,R02,6,Q010,C,4.0
CAND_002_02_006,CENTRE_002,R02,6,Q011,B,4.0
CAND_002_02_006,CENTRE_002,R02,6,Q012,A,4.0
CAND_002_02_006,CENTRE_002,R02,6,Q013,D,4.0
CAND_002_02_006,CENTRE_002,R02,6,Q014,B,-1.0
CAND_002_02_006,CENTRE_002,R02,6,Q015,B,4.0
CAND_002_02_006,CENTRE_002,R02,6,Q016,A,4.0
CAND_002_02_006,CENTRE_002,R02,6,Q017,D,4.0
CAND_002_02_006,CENTRE_002,R02,6,Q018,C,4.0
CAND_002_02_006,CENTRE_002,R02,6,Q019,A,-1.0
CAND_002_02_006,CENTRE_002,R02,6,Q020,A,4.0
CAND_002_02_006,CENTRE_002,R02,6,Q021,D,4.0
CAND_002_02_006,CENTRE_002,R02,6,Q022,,0.0
CAND_002_02_006,CENTRE_002,R02,6,Q023,B,4.0
CAND_002_02_006,CENTRE_002,R02,6,Q024,C,-1.0
CAND_002_02_006,CENTRE_002,R02,6,Q025,C,-1.0
CAND_002_02_006,CENTRE_002,R02,6,Q026,C,4.0
CAND_002_02_006,CENTRE_002,R02,6,Q027,B,4.0
CAND_002_02_006,CENTRE_002,R02,6,Q028,,0.0
CAND_002_02_006,CENTRE_002,R02,6,Q029,D,4.0
CAND_002_02_006,CENTRE_002,R02,6,Q030,D,-1.0
CAND_002_02_006,CENTRE_002,R02,6,Q031,B,4.0
CAND_002_02_006,CENTRE_002,R02,6,Q032,B,-1.0
CAND_002_02_006,CENTRE_002,R02,6,Q033,D,4.0
CAND_002_02_006,CENTRE_002,R02,6,Q034,A,-1.0
CAND_002_02_006,CENTRE_002,R02,6,Q035,B,4.0
CAND_002_02_006,CENTRE_002,R02,6,Q036,A,4.0
CAND_002_02_006,CENTRE_002,R02,6,Q037,D,4.0
CAND_002_02_006,CENTRE_002,R02,6,Q038,B,-1.0
CAND_002_02_006,CENTRE_002,R02,6,Q039,B,4.0
CAND_002_02_006,CENTRE_002,R02,6,Q040,A,4.0
CAND_002_02_006,CENTRE_002,R02,6,Q041,D,4.0
CAND_002_02_006,CENTRE_002,R02,6,Q042,C,4.0
CAND_002_02_006,CENTRE_002,R02,6,Q043,B,4.0
CAND_002_02_006,CENTRE_002,R02,6,Q044,C,-1.0
CAND_002_02_006,CENTRE_002,R02,6,Q045,D,4.0
CAND_002_02_006,CENTRE_002,R02,6,Q046,A,-1.0
CAND_002_02_006,CENTRE_002,R02,6,Q047,B,4.0
CAND_002_02_006,CENTRE_002,R02,6,Q048,B,-1.0
CAND_002_02_006,CENTRE_002,R02,6,Q049,D,4.0
CAND_002_02_006,CENTRE_002,R02,6,Q050,C,4.0
CAND_002_02_007,CENTRE_002,R02,7,Q001,D,4.0
CAND_002_02_007,CENTRE_002,R02,7,Q002,C,4.0
CAND_002_02_007,CENTRE_002,R02,7,Q003,C,-1.0
CAND_002_02_007,CENTRE_002,R02,7,Q004,A,4.0
CAND_002_02_007,CENTRE_002,R02,7,Q005,C,-1.0
CAND_002_02_007,CENTRE_002,R02,7,Q006,A,-1.0
CAND_002_02_007,CENTRE_002,R02,7,Q007,,0.0
CAND_002_02_007,CENTRE_002,R02,7,Q008,A,4.0
CAND_002_02_007,CENTRE_002,R02,7,Q009,C,-1.0
CAND_002_02_007,CENTRE_002,R02,7,Q010,B,-1.0
CAND_002_02_007,CENTRE_002,R02,7,Q011,D,-1.0
CAND_002_02_007,CENTRE_002,R02,7,Q012,A,4.0
CAND_002_02_007,CENTRE_002,R02,7,Q013,A,-1.0
CAND_002_02_007,CENTRE_002,R02,7,Q014,,0.0
CAND_002_02_007,CENTRE_002,R02,7,Q015,B,4.0
CAND_002_02_007,CENTRE_002,R02,7,Q016,D,-1.0
CAND_002_02_007,CENTRE_002,R02,7,Q017,B,-1.0
CAND_002_02_007,CENTRE_002,R02,7,Q018,C,4.0
CAND_002_02_007,CENTRE_002,R02,7,Q019,B,4.0
CAND_002_02_007,CENTRE_002,R02,7,Q020,A,4.0
CAND_002_02_007,CENTRE_002,R02,7,Q021,,0.0
CAND_002_02_007,CENTRE_002,R02,7,Q022,C,4.0
CAND_002_02_007,CENTRE_002,R02,7,Q023,A,-1.0
CAND_002_02_007,CENTRE_002,R02,7,Q024,B,-1.0
CAND_002_02_007,CENTRE_002,R02,7,Q025,D,4.0
CAND_002_02_007,CENTRE_002,R02,7,Q026,C,4.0
CAND_002_02_007,CENTRE_002,R02,7,Q027,C,-1.0
CAND_002_02_007,CENTRE_002,R02,7,Q028,B,-1.0
CAND_002_02_007,CENTRE_002,R02,7,Q029,D,4.0
CAND_002_02_007,CENTRE_002,R02,7,Q030,C,4.0
CAND_002_02_007,CENTRE_002,R02,7,Q031,B,4.0
CAND_002_02_007,CENTRE_002,R02,7,Q032,A,4.0
CAND_002_02_007,CENTRE_002,R02,7,Q033,B,-1.0
CAND_002_02_007,CENTRE_002,R02,7,Q034,C,4.0
CAND_002_02_007,CENTRE_002,R02,7,Q035,A,-1.0
CAND_002_02_007,CENTRE_002,R02,7,Q036,A,4.0
CAND_002_02_007,CENTRE_002,R02,7,Q037,D,4.0
CAND_002_02_007,CENTRE_002,R02,7,Q038,,0.0
CAND_002_02_007,CENTRE_002,R02,7,Q039,B,4.0
CAND_002_02_007,CENTRE_002,R02,7,Q040,A,4.0
CAND_002_02_007,CENTRE_002,R02,7,Q041,C,-1.0
CAND_002_02_007,CENTRE_002,R02,7,Q042,A,-1.0
CAND_002_02_007,CENTRE_002,R02,7,Q043,B,4.0
CAND_002_02_007,CENTRE_002,R02,7,Q044,A,4.0
CAND_002_02_007,CENTRE_002,R02,7,Q045,B,-1.0
CAND_002_02_007,CENTRE_002,R02,7,Q046,,0.0
CAND_002_02_007,CENTRE_002,R02,7,Q047,,0.0
CAND_002_02_007,CENTRE_002,R02,7,Q048,A,4.0
CAND_002_02_007,CENTRE_002,R02,7,Q049,D,4.0
CAND_002_02_007,CENTRE_002,R02,7,Q050,B,-1.0
CAND_002_02_008,CENTRE_002,R02,8,Q001,B,-1.0
CAND_002_02_008,CENTRE_002,R02,8,Q002,C,4.0
CAND_002_02_008,CENTRE_002,R02,8,Q003,B,4.0
CAND_002_02_008,CENTRE_002,R02,8,Q004,,0.0
CAND_002_02_008,CENTRE_002,R02,8,Q005,D,4.0
CAND_002_02_008,CENTRE_002,R02,8,Q006,A,-1.0
CAND_002_02_008,CENTRE_002,R02,8,Q007,C,-1.0
CAND_002_02_008,CENTRE_002,R02,8,Q008,D,-1.0
CAND_002_02_008,CENTRE_002,R02,8,Q009,C,-1.0
CAND_002_02_008,CENTRE_002,R02,8,Q010,A,-1.0
CAND_002_02_008,CENTRE_002,R02,8,Q011,B,4.0
CAND_002_02_008,CENTRE_002,R02,8,Q012,B,-1.0
CAND_002_02_008,CENTRE_002,R02,8,Q013,B,-1.0
CAND_002_02_008,CENTRE_002,R02,8,Q014,C,4.0
CAND_002_02_008,CENTRE_002,R02,8,Q015,B,4.0
CAND_002_02_008,CENTRE_002,R02,8,Q016,C,-1.0
CAND_002_02_008,CENTRE_002,R02,8,Q017,C,-1.0
CAND_002_02_008,CENTRE_002,R02,8,Q018,A,-1.0
CAND_002_02_008,CENTRE_002,R02,8,Q019,B,4.0
CAND_002_02_008,CENTRE_002,R02,8,Q020,A,4.0
CAND_002_02_008,CENTRE_002,R02,8,Q021,C,-1.0
CAND_002_02_008,CENTRE_002,R02,8,Q022,C,4.0
CAND_002_02_008,CENTRE_002,R02,8,Q023,D,-1.0
CAND_002_02_008,CENTRE_002,R02,8,Q024,B,-1.0
CAND_002_02_008,CENTRE_002,R02,8,Q025,D,4.0
CAND_002_02_008,CENTRE_002,R02,8,Q026,B,-1.0
CAND_002_02_008,CENTRE_002,R02,8,Q027,C,-1.0
CAND_002_02_008,CENTRE_002,R02,8,Q028,A,4.0
CAND_002_02_008,CENTRE_002,R02,8,Q029,,0.0
CAND_002_02_008,CENTRE_002,R02,8,Q030,B,-1.0
CAND_002_02_008,CENTRE_002,R02,8,Q031,A,-1.0
CAND_002_02_008,CENTRE_002,R02,8,Q032,B,-1.0
CAND_002_02_008,CENTRE_002,R02,8,Q033,B,-1.0
CAND_002_02_008,CENTRE_002,R02,8,Q034,A,-1.0
CAND_002_02_008,CENTRE_002,R02,8,Q035,,0.0
CAND_002_02_008,CENTRE_002,R02,8,Q036,B,-1.0
CAND_002_02_008,CENTRE_002,R02,8,Q037,D,4.0
CAND_002_02_008,CENTRE_002,R02,8,Q038,D,-1.0
CAND_002_02_008,CENTRE_002,R02,8,Q039,D,-1.0
CAND_002_02_008,CENTRE_002,R02,8,Q040,A,4.0
CAND_002_02_008,CENTRE_002,R02,8,Q041,A,-1.0
CAND_002_02_008,CENTRE_002,R02,8,Q042,B,-1.0
CAND_002_02_008,CENTRE_002,R02,8,Q043,C,-1.0
CAND_002_02_008,CENTRE_002,R02,8,Q044,,0.0
CAND_002_02_008,CENTRE_002,R02,8,Q045,D,4.0
CAND_002_02_008,CENTRE_002,R02,8,Q046,D,-1.0
CAND_002_02_008,CENTRE_002,R02,8,Q047,C,-1.0
CAND_002_02_008,CENTRE_002,R02,8,Q048,A,4.0
CAND_002_02_008,CENTRE_002,R02,8,Q049,D,4.0
CAND_002_02_008,CENTRE_002,R02,8,Q050,D,-1.0
CAND_002_02_009,CENTRE_002,R02,9,Q001,D,4.0
CAND_002_02_009,CENTRE_002,R02,9,Q002,B,-1.0
CAND_002_02_009,CENTRE_002,R02,9,Q003,B,4.0
CAND_002_02_009,CENTRE_002,R02,9,Q004,A,4.0
CAND_002_02_009,CENTRE_002,R02,9,Q005,D,4.0
CAND_002_02_009,CENTRE_002,R02,9,Q006,C,4.0
CAND_002_02_009,CENTRE_002,R02,9,Q007,B,4.0
CAND_002_02_009,CENTRE_002,R02,9,Q008,A,4.0
CAND_002_02_009,CENTRE_002,R02,9,Q009,D,4.0
CAND_002_02_009,CENTRE_002,R02,9,Q010,C,4.0
CAND_002_02_009,CENTRE_002,R02,9,Q011,B,4.0
CAND_002_02_009,CENTRE_002,R02,9,Q012,A,4.0
CAND_002_02_009,CENTRE_002,R02,9,Q013,D,4.0
CAND_002_02_009,CENTRE_002,R02,9,Q014,C,4.0
CAND_002_02_009,CENTRE_002,R02,9,Q015,B,4.0
CAND_002_02_009,CENTRE_002,R02,9,Q016,A,4.0
CAND_002_02_009,CENTRE_002,R02,9,Q017,A,-1.0
CAND_002_02_009,CENTRE_002,R02,9,Q018,C,4.0
CAND_002_02_009,CENTRE_002,R02,9,Q019,,0.0
CAND_002_02_009,CENTRE_002,R02,9,Q020,A,4.0
CAND_002_02_009,CENTRE_002,R02,9,Q021,D,4.0
CAND_002_02_009,CENTRE_002,R02,9,Q022,,0.0
CAND_002_02_009,CENTRE_002,R02,9,Q023,B,4.0
CAND_002_02_009,CENTRE_002,R02,9,Q024,A,4.0
CAND_002_02_009,CENTRE_002,R02,9,Q025,D,4.0
CAND_002_02_009,CENTRE_002,R02,9,Q026,C,4.0
CAND_002_02_009,CENTRE_002,R02,9,Q027,B,4.0
CAND_002_02_009,CENTRE_002,R02,9,Q028,,0.0
CAND_002_02_009,CENTRE_002,R02,9,Q029,D,4.0
CAND_002_02_009,CENTRE_002,R02,9,Q030,C,4.0
CAND_002_02_009,CENTRE_002,R02,9,Q031,C,-1.0
CAND_002_02_009,CENTRE_002,R02,9,Q032,A,4.0
CAND_002_02_009,CENTRE_002,R02,9,Q033,D,4.0
CAND_002_02_009,CENTRE_002,R02,9,Q034,C,4.0
CAND_002_02_009,CENTRE_002,R02,9,Q035,B,4.0
CAND_002_02_009,CENTRE_002,R02,9,Q036,D,-1.0
CAND_002_02_009,CENTRE_002,R02,9,Q037,D,4.0
CAND_002_02_009,CENTRE_002,R02,9,Q038,C,4.0
CAND_002_02_009,CENTRE_002,R02,9,Q039,B,4.0
CAND_002_02_009,CENTRE_002,R02,9,Q040,A,4.0
CAND_002_02_009,CENTRE_002,R02,9,Q041,D,4.0
CAND_002_02_009,CENTRE_002,R02,9,Q042,C,4.0
CAND_002_02_009,CENTRE_002,R02,9,Q043,B,4.0
CAND_002_02_009,CENTRE_002,R02,9,Q044,C,-1.0
CAND_002_02_009,CENTRE_002,R02,9,Q045,D,4.0
CAND_002_02_009,CENTRE_002,R02,9,Q046,B,-1.0
CAND_002_02_009,CENTRE_002,R02,9,Q047,B,4.0
CAND_002_02_009,CENTRE_002,R02,9,Q048,A,4.0
CAND_002_02_009,CENTRE_002,R02,9,Q049,D,4.0
CAND_002_02_009,CENTRE_002,R02,9,Q050,B,-1.0
CAND_002_02_010,CENTRE_002,R02,10,Q001,D,4.0
CAND_002_02_010,CENTRE_002,R02,10,Q002,B,-1.0
CAND_002_02_010,CENTRE_002,R02,10,Q003,B,4.0
CAND_002_02_010,CENTRE_002,R02,10,Q004,A,4.0
CAND_002_02_010,CENTRE_002,R02,10,Q005,A,-1.0
CAND_002_02_010,CENTRE_002,R02,10,Q006,C,4.0
CAND_002_02_010,CENTRE_002,R02,10,Q007,B,4.0
CAND_002_02_010,CENTRE_002,R02,10,Q008,C,-1.0
CAND_002_02_010,CENTRE_002,R02,10,Q009,D,4.0
CAND_002_02_010,CENTRE_002,R02,10,Q010,C,4.0
CAND_002_02_010,CENTRE_002,R02,10,Q011,B,4.0
CAND_002_02_010,CENTRE_002,R02,10,Q012,A,4.0
CAND_002_02_010,CENTRE_002,R02,10,Q013,D,4.0
CAND_002_02_010,CENTRE_002,R02,10,Q014,C,4.0
CAND_002_02_010,CENTRE_002,R02,10,Q015,B,4.0
CAND_002_02_010,CENTRE_002,R02,10,Q016,A,4.0
CAND_002_02_010,CENTRE_002,R02,10,Q017,D,4.0
CAND_002_02_010,CENTRE_002,R02,10,Q018,C,4.0
CAND_002_02_010,CENTRE_002,R02,10,Q019,C,-1.0
CAND_002_02_010,CENTRE_002,R02,10,Q020,C,-1.0
CAND_002_02_010,CENTRE_002,R02,10,Q021,D,4.0
CAND_002_02_010,CENTRE_002,R02,10,Q022,D,-1.0
CAND_002_02_010,CENTRE_002,R02,10,Q023,B,4.0
CAND_002_02_010,CENTRE_002,R02,10,Q024,C,-1.0
CAND_002_02_010,CENTRE_002,R02,10,Q025,C,-1.0
CAND_002_02_010,CENTRE_002,R02,10,Q026,D,-1.0
CAND_002_02_010,CENTRE_002,R02,10,Q027,D,-1.0
CAND_002_02_010,CENTRE_002,R02,10,Q028,A,4.0
CAND_002_02_010,CENTRE_002,R02,10,Q029,D,4.0
CAND_002_02_010,CENTRE_002,R02,10,Q030,C,4.0
CAND_002_02_010,CENTRE_002,R02,10,Q031,A,-1.0
CAND_002_02_010,CENTRE_002,R02,10,Q032,A,4.0
CAND_002_02_010,CENTRE_002,R02,10,Q033,A,-1.0
CAND_002_02_010,CENTRE_002,R02,10,Q034,C,4.0
CAND_002_02_010,CENTRE_002,R02,10,Q035,D,-1.0
CAND_002_02_010,CENTRE_002,R02,10,Q036,A,4.0
CAND_002_02_010,CENTRE_002,R02,10,Q037,A,-1.0
CAND_002_02_010,CENTRE_002,R02,10,Q038,C,4.0
CAND_002_02_010,CENTRE_002,R02,10,Q039,A,-1.0
CAND_002_02_010,CENTRE_002,R02,10,Q040,C,-1.0
CAND_002_02_010,CENTRE_002,R02,10,Q041,D,4.0
CAND_002_02_010,CENTRE_002,R02,10,Q042,D,-1.0
CAND_002_02_010,CENTRE_002,R02,10,Q043,B,4.0
CAND_002_02_010,CENTRE_002,R02,10,Q044,A,4.0
CAND_002_02_010,CENTRE_002,R02,10,Q045,B,-1.0
CAND_002_02_010,CENTRE_002,R02,10,Q046,C,4.0
CAND_002_02_010,CENTRE_002,R02,10,Q047,B,4.0
CAND_002_02_010,CENTRE_002,R02,10,Q048,A,4.0
CAND_002_02_010,CENTRE_002,R02,10,Q049,D,4.0
CAND_002_02_010,CENTRE_002,R02,10,Q050,C,4.0
CAND_002_02_011,CENTRE_002,R02,11,Q001,B,-1.0
CAND_002_02_011,CENTRE_002,R02,11,Q002,D,-1.0
CAND_002_02_011,CENTRE_002,R02,11,Q003,C,-1.0
CAND_002_02_011,CENTRE_002,R02,11,Q004,A,4.0
CAND_002_02_011,CENTRE_002,R02,11,Q005,,0.0
CAND_002_02_011,CENTRE_002,R02,11,Q006,C,4.0
CAND_002_02_011,CENTRE_002,R02,11,Q007,B,4.0
CAND_002_02_011,CENTRE_002,R02,11,Q008,B,-1.0
CAND_002_02_011,CENTRE_002,R02,11,Q009,B,-1.0
CAND_002_02_011,CENTRE_002,R02,11,Q010,C,4.0
CAND_002_02_011,CENTRE_002,R02,11,Q011,B,4.0
CAND_002_02_011,CENTRE_002,R02,11,Q012,D,-1.0
CAND_002_02_011,CENTRE_002,R02,11,Q013,D,4.0
CAND_002_02_011,CENTRE_002,R02,11,Q014,A,-1.0
CAND_002_02_011,CENTRE_002,R02,11,Q015,B,4.0
CAND_002_02_011,CENTRE_002,R02,11,Q016,A,4.0
CAND_002_02_011,CENTRE_002,R02,11,Q017,,0.0
CAND_002_02_011,CENTRE_002,R02,11,Q018,B,-1.0
CAND_002_02_011,CENTRE_002,R02,11,Q019,A,-1.0
CAND_002_02_011,CENTRE_002,R02,11,Q020,A,4.0
CAND_002_02_011,CENTRE_002,R02,11,Q021,D,4.0
CAND_002_02_011,CENTRE_002,R02,11,Q022,C,4.0
CAND_002_02_011,CENTRE_002,R02,11,Q023,C,-1.0
CAND_002_02_011,CENTRE_002,R02,11,Q024,A,4.0
CAND_002_02_011,CENTRE_002,R02,11,Q025,A,-1.0
CAND_002_02_011,CENTRE_002,R02,11,Q026,A,-1.0
CAND_002_02_011,CENTRE_002,R02,11,Q027,B,4.0
CAND_002_02_011,CENTRE_002,R02,11,Q028,B,-1.0
CAND_002_02_011,CENTRE_002,R02,11,Q029,B,-1.0
CAND_002_02_011,CENTRE_002,R02,11,Q030,D,-1.0
CAND_002_02_011,CENTRE_002,R02,11,Q031,A,-1.0
CAND_002_02_011,CENTRE_002,R02,11,Q032,A,4.0
CAND_002_02_011,CENTRE_002,R02,11,Q033,,0.0
CAND_002_02_011,CENTRE_002,R02,11,Q034,C,4.0
CAND_002_02_011,CENTRE_002,R02,11,Q035,C,-1.0
CAND_002_02_011,CENTRE_002,R02,11,Q036,B,-1.0
CAND_002_02_011,CENTRE_002,R02,11,Q037,D,4.0
CAND_002_02_011,CENTRE_002,R02,11,Q038,C,4.0
CAND_002_02_011,CENTRE_002,R02,11,Q039,A,-1.0
CAND_002_02_011,CENTRE_002,R02,11,Q040,A,4.0
CAND_002_02_011,CENTRE_002,R02,11,Q041,C,-1.0
CAND_002_02_011,CENTRE_002,R02,11,Q042,C,4.0
CAND_002_02_011,CENTRE_002,R02,11,Q043,D,-1.0
CAND_002_02_011,CENTRE_002,R02,11,Q044,C,-1.0
CAND_002_02_011,CENTRE_002,R02,11,Q045,B,-1.0
CAND_002_02_011,CENTRE_002,R02,11,Q046,C,4.0
CAND_002_02_011,CENTRE_002,R02,11,Q047,D,-1.0
CAND_002_02_011,CENTRE_002,R02,11,Q048,B,-1.0
CAND_002_02_011,CENTRE_002,R02,11,Q049,D,4.0
CAND_002_02_011,CENTRE_002,R02,11,Q050,C,4.0
CAND_002_02_012,CENTRE_002,R02,12,Q001,D,4.0
CAND_002_02_012,CENTRE_002,R02,12,Q002,A,-1.0
CAND_002_02_012,CENTRE_002,R02,12,Q003,B,4.0
CAND_002_02_012,CENTRE_002,R02,12,Q004,A,4.0
CAND_002_02_012,CENTRE_002,R02,12,Q005,D,4.0
CAND_002_02_012,CENTRE_002,R02,12,Q006,D,-1.0
CAND_002_02_012,CENTRE_002,R02,12,Q007,D,-1.0
CAND_002_02_012,CENTRE_002,R02,12,Q008,C,-1.0
CAND_002_02_012,CENTRE_002,R02,12,Q009,A,-1.0
CAND_002_02_012,CENTRE_002,R02,12,Q010,B,-1.0
CAND_002_02_012,CENTRE_002,R02,12,Q011,B,4.0
CAND_002_02_012,CENTRE_002,R02,12,Q012,A,4.0
CAND_002_02_012,CENTRE_002,R02,12,Q013,D,4.0
CAND_002_02_012,CENTRE_002,R02,12,Q014,B,-1.0
CAND_002_02_012,CENTRE_002,R02,12,Q015,B,4.0
CAND_002_02_012,CENTRE_002,R02,12,Q016,A,4.0
CAND_002_02_012,CENTRE_002,R02,12,Q017,A,-1.0
CAND_002_02_012,CENTRE_002,R02,12,Q018,A,-1.0
CAND_002_02_012,CENTRE_002,R02,12,Q019,B,4.0
CAND_002_02_012,CENTRE_002,R02,12,Q020,A,4.0
CAND_002_02_012,CENTRE_002,R02,12,Q021,A,-1.0
CAND_002_02_012,CENTRE_002,R02,12,Q022,C,4.0
CAND_002_02_012,CENTRE_002,R02,12,Q023,A,-1.0
CAND_002_02_012,CENTRE_002,R02,12,Q024,A,4.0
CAND_002_02_012,CENTRE_002,R02,12,Q025,D,4.0
CAND_002_02_012,CENTRE_002,R02,12,Q026,C,4.0
CAND_002_02_012,CENTRE_002,R02,12,Q027,B,4.0
CAND_002_02_012,CENTRE_002,R02,12,Q028,A,4.0
CAND_002_02_012,CENTRE_002,R02,12,Q029,,0.0
CAND_002_02_012,CENTRE_002,R02,12,Q030,C,4.0
CAND_002_02_012,CENTRE_002,R02,12,Q031,B,4.0
CAND_002_02_012,CENTRE_002,R02,12,Q032,A,4.0
CAND_002_02_012,CENTRE_002,R02,12,Q033,D,4.0
CAND_002_02_012,CENTRE_002,R02,12,Q034,C,4.0
CAND_002_02_012,CENTRE_002,R02,12,Q035,B,4.0
CAND_002_02_012,CENTRE_002,R02,12,Q036,A,4.0
CAND_002_02_012,CENTRE_002,R02,12,Q037,D,4.0
CAND_002_02_012,CENTRE_002,R02,12,Q038,C,4.0
CAND_002_02_012,CENTRE_002,R02,12,Q039,B,4.0
CAND_002_02_012,CENTRE_002,R02,12,Q040,D,-1.0
CAND_002_02_012,CENTRE_002,R02,12,Q041,D,4.0
CAND_002_02_012,CENTRE_002,R02,12,Q042,C,4.0
CAND_002_02_012,CENTRE_002,R02,12,Q043,B,4.0
CAND_002_02_012,CENTRE_002,R02,12,Q044,D,-1.0
CAND_002_02_012,CENTRE_002,R02,12,Q045,D,4.0
CAND_002_02_012,CENTRE_002,R02,12,Q046,D,-1.0
CAND_002_02_012,CENTRE_002,R02,12,Q047,B,4.0
CAND_002_02_012,CENTRE_002,R02,12,Q048,A,4.0
CAND_002_02_012,CENTRE_002,R02,12,Q049,D,4.0
CAND_002_02_012,CENTRE_002,R02,12,Q050,D,-1.0
CAND_002_02_013,CENTRE_002,R02,13,Q001,D,4.0
CAND_002_02_013,CENTRE_002,R02,13,Q002,B,-1.0
CAND_002_02_013,CENTRE_002,R02,13,Q003,D,-1.0
CAND_002_02_013,CENTRE_002,R02,13,Q004,C,-1.0
CAND_002_02_013,CENTRE_002,R02,13,Q005,C,-1.0
CAND_002_02_013,CENTRE_002,R02,13,Q006,C,4.0
CAND_002_02_013,CENTRE_002,R02,13,Q007,B,4.0
CAND_002_02_013,CENTRE_002,R02,13,Q008,B,-1.0
CAND_002_02_013,CENTRE_002,R02,13,Q009,B,-1.0
CAND_002_02_013,CENTRE_002,R02,13,Q010,A,-1.0
CAND_002_02_013,CENTRE_002,R02,13,Q011,B,4.0
CAND_002_02_013,CENTRE_002,R02,13,Q012,C,-1.0
CAND_002_02_013,CENTRE_002,R02,13,Q013,B,-1.0
CAND_002_02_013,CENTRE_002,R02,13,Q014,C,4.0
CAND_002_02_013,CENTRE_002,R02,13,Q015,B,4.0
CAND_002_02_013,CENTRE_002,R02,13,Q016,B,-1.0
CAND_002_02_013,CENTRE_002,R02,13,Q017,C,-1.0
CAND_002_02_013,CENTRE_002,R02,13,Q018,C,4.0
CAND_002_02_013,CENTRE_002,R02,13,Q019,B,4.0
CAND_002_02_013,CENTRE_002,R02,13,Q020,C,-1.0
CAND_002_02_013,CENTRE_002,R02,13,Q021,A,-1.0
CAND_002_02_013,CENTRE_002,R02,13,Q022,C,4.0
CAND_002_02_013,CENTRE_002,R02,13,Q023,B,4.0
CAND_002_02_013,CENTRE_002,R02,13,Q024,D,-1.0
CAND_002_02_013,CENTRE_002,R02,13,Q025,A,-1.0
CAND_002_02_013,CENTRE_002,R02,13,Q026,C,4.0
CAND_002_02_013,CENTRE_002,R02,13,Q027,B,4.0
CAND_002_02_013,CENTRE_002,R02,13,Q028,A,4.0
CAND_002_02_013,CENTRE_002,R02,13,Q029,A,-1.0
CAND_002_02_013,CENTRE_002,R02,13,Q030,B,-1.0
CAND_002_02_013,CENTRE_002,R02,13,Q031,D,-1.0
CAND_002_02_013,CENTRE_002,R02,13,Q032,A,4.0
CAND_002_02_013,CENTRE_002,R02,13,Q033,B,-1.0
CAND_002_02_013,CENTRE_002,R02,13,Q034,C,4.0
CAND_002_02_013,CENTRE_002,R02,13,Q035,C,-1.0
CAND_002_02_013,CENTRE_002,R02,13,Q036,C,-1.0
CAND_002_02_013,CENTRE_002,R02,13,Q037,D,4.0
CAND_002_02_013,CENTRE_002,R02,13,Q038,C,4.0
CAND_002_02_013,CENTRE_002,R02,13,Q039,A,-1.0
CAND_002_02_013,CENTRE_002,R02,13,Q040,A,4.0
CAND_002_02_013,CENTRE_002,R02,13,Q041,B,-1.0
CAND_002_02_013,CENTRE_002,R02,13,Q042,B,-1.0
CAND_002_02_013,CENTRE_002,R02,13,Q043,C,-1.0
CAND_002_02_013,CENTRE_002,R02,13,Q044,,0.0
CAND_002_02_013,CENTRE_002,R02,13,Q045,D,4.0
CAND_002_02_013,CENTRE_002,R02,13,Q046,B,-1.0
CAND_002_02_013,CENTRE_002,R02,13,Q047,B,4.0
CAND_002_02_013,CENTRE_002,R02,13,Q048,C,-1.0
CAND_002_02_013,CENTRE_002,R02,13,Q049,C,-1.0
CAND_002_02_013,CENTRE_002,R02,13,Q050,A,-1.0
CAND_002_02_014,CENTRE_002,R02,14,Q001,B,-1.0
CAND_002_02_014,CENTRE_002,R02,14,Q002,C,4.0
CAND_002_02_014,CENTRE_002,R02,14,Q003,B,4.0
CAND_002_02_014,CENTRE_002,R02,14,Q004,A,4.0
CAND_002_02_014,CENTRE_002,R02,14,Q005,D,4.0
CAND_002_02_014,CENTRE_002,R02,14,Q006,C,4.0
CAND_002_02_014,CENTRE_002,R02,14,Q007,D,-1.0
CAND_002_02_014,CENTRE_002,R02,14,Q008,A,4.0
CAND_002_02_014,CENTRE_002,R02,14,Q009,D,4.0
CAND_002_02_014,CENTRE_002,R02,14,Q010,C,4.0
CAND_002_02_014,CENTRE_002,R02,14,Q011,B,4.0
CAND_002_02_014,CENTRE_002,R02,14,Q012,A,4.0
CAND_002_02_014,CENTRE_002,R02,14,Q013,D,4.0
CAND_002_02_014,CENTRE_002,R02,14,Q014,C,4.0
CAND_002_02_014,CENTRE_002,R02,14,Q015,B,4.0
CAND_002_02_014,CENTRE_002,R02,14,Q016,A,4.0
CAND_002_02_014,CENTRE_002,R02,14,Q017,D,4.0
CAND_002_02_014,CENTRE_002,R02,14,Q018,C,4.0
CAND_002_02_014,CENTRE_002,R02,14,Q019,B,4.0
CAND_002_02_014,CENTRE_002,R02,14,Q020,A,4.0
CAND_002_02_014,CENTRE_002,R02,14,Q021,D,4.0
CAND_002_02_014,CENTRE_002,R02,14,Q022,C,4.0
CAND_002_02_014,CENTRE_002,R02,14,Q023,B,4.0
CAND_002_02_014,CENTRE_002,R02,14,Q024,A,4.0
CAND_002_02_014,CENTRE_002,R02,14,Q025,D,4.0
CAND_002_02_014,CENTRE_002,R02,14,Q026,C,4.0
CAND_002_02_014,CENTRE_002,R02,14,Q027,B,4.0
CAND_002_02_014,CENTRE_002,R02,14,Q028,A,4.0
CAND_002_02_014,CENTRE_002,R02,14,Q029,D,4.0
CAND_002_02_014,CENTRE_002,R02,14,Q030,C,4.0
CAND_002_02_014,CENTRE_002,R02,14,Q031,D,-1.0
CAND_002_02_014,CENTRE_002,R02,14,Q032,A,4.0
CAND_002_02_014,CENTRE_002,R02,14,Q033,D,4.0
CAND_002_02_014,CENTRE_002,R02,14,Q034,C,4.0
CAND_002_02_014,CENTRE_002,R02,14,Q035,B,4.0
CAND_002_02_014,CENTRE_002,R02,14,Q036,A,4.0
CAND_002_02_014,CENTRE_002,R02,14,Q037,D,4.0
CAND_002_02_014,CENTRE_002,R02,14,Q038,C,4.0
CAND_002_02_014,CENTRE_002,R02,14,Q039,B,4.0
CAND_002_02_014,CENTRE_002,R02,14,Q040,A,4.0
CAND_002_02_014,CENTRE_002,R02,14,Q041,,0.0
CAND_002_02_014,CENTRE_002,R02,14,Q042,C,4.0
CAND_002_02_014,CENTRE_002,R02,14,Q043,B,4.0
CAND_002_02_014,CENTRE_002,R02,14,Q044,A,4.0
CAND_002_02_014,CENTRE_002,R02,14,Q045,D,4.0
CAND_002_02_014,CENTRE_002,R02,14,Q046,C,4.0
CAND_002_02_014,CENTRE_002,R02,14,Q047,C,-1.0
CAND_002_02_014,CENTRE_002,R02,14,Q048,A,4.0
CAND_002_02_014,CENTRE_002,R02,14,Q049,D,4.0
CAND_002_02_014,CENTRE_002,R02,14,Q050,C,4.0
CAND_002_02_015,CENTRE_002,R02,15,Q001,D,4.0
CAND_002_02_015,CENTRE_002,R02,15,Q002,C,4.0
CAND_002_02_015,CENTRE_002,R02,15,Q003,B,4.0
CAND_002_02_015,CENTRE_002,R02,15,Q004,D,-1.0
CAND_002_02_015,CENTRE_002,R02,15,Q005,D,4.0
CAND_002_02_015,CENTRE_002,R02,15,Q006,C,4.0
CAND_002_02_015,CENTRE_002,R02,15,Q007,A,-1.0
CAND_002_02_015,CENTRE_002,R02,15,Q008,A,4.0
CAND_002_02_015,CENTRE_002,R02,15,Q009,D,4.0
CAND_002_02_015,CENTRE_002,R02,15,Q010,C,4.0
CAND_002_02_015,CENTRE_002,R02,15,Q011,B,4.0
CAND_002_02_015,CENTRE_002,R02,15,Q012,D,-1.0
CAND_002_02_015,CENTRE_002,R02,15,Q013,D,4.0
CAND_002_02_015,CENTRE_002,R02,15,Q014,C,4.0
CAND_002_02_015,CENTRE_002,R02,15,Q015,B,4.0
CAND_002_02_015,CENTRE_002,R02,15,Q016,A,4.0
CAND_002_02_015,CENTRE_002,R02,15,Q017,A,-1.0
CAND_002_02_015,CENTRE_002,R02,15,Q018,C,4.0
CAND_002_02_015,CENTRE_002,R02,15,Q019,B,4.0
CAND_002_02_015,CENTRE_002,R02,15,Q020,A,4.0
CAND_002_02_015,CENTRE_002,R02,15,Q021,D,4.0
CAND_002_02_015,CENTRE_002,R02,15,Q022,C,4.0
CAND_002_02_015,CENTRE_002,R02,15,Q023,B,4.0
CAND_002_02_015,CENTRE_002,R02,15,Q024,A,4.0
CAND_002_02_015,CENTRE_002,R02,15,Q025,D,4.0
CAND_002_02_015,CENTRE_002,R02,15,Q026,C,4.0
CAND_002_02_015,CENTRE_002,R02,15,Q027,C,-1.0
CAND_002_02_015,CENTRE_002,R02,15,Q028,A,4.0
CAND_002_02_015,CENTRE_002,R02,15,Q029,D,4.0
CAND_002_02_015,CENTRE_002,R02,15,Q030,C,4.0
CAND_002_02_015,CENTRE_002,R02,15,Q031,B,4.0
CAND_002_02_015,CENTRE_002,R02,15,Q032,A,4.0
CAND_002_02_015,CENTRE_002,R02,15,Q033,D,4.0
CAND_002_02_015,CENTRE_002,R02,15,Q034,C,4.0
CAND_002_02_015,CENTRE_002,R02,15,Q035,B,4.0
CAND_002_02_015,CENTRE_002,R02,15,Q036,A,4.0
CAND_002_02_015,CENTRE_002,R02,15,Q037,D,4.0
CAND_002_02_015,CENTRE_002,R02,15,Q038,A,-1.0
CAND_002_02_015,CENTRE_002,R02,15,Q039,B,4.0
CAND_002_02_015,CENTRE_002,R02,15,Q040,C,-1.0
CAND_002_02_015,CENTRE_002,R02,15,Q041,C,-1.0
CAND_002_02_015,CENTRE_002,R02,15,Q042,D,-1.0
CAND_002_02_015,CENTRE_002,R02,15,Q043,B,4.0
CAND_002_02_015,CENTRE_002,R02,15,Q044,A,4.0
CAND_002_02_015,CENTRE_002,R02,15,Q045,D,4.0
CAND_002_02_015,CENTRE_002,R02,15,Q046,C,4.0
CAND_002_02_015,CENTRE_002,R02,15,Q047,B,4.0
CAND_002_02_015,CENTRE_002,R02,15,Q048,A,4.0
CAND_002_02_015,CENTRE_002,R02,15,Q049,D,4.0
CAND_002_02_015,CENTRE_002,R02,15,Q050,A,-1.0
CAND_002_02_016,CENTRE_002,R02,16,Q001,B,-1.0
CAND_002_02_016,CENTRE_002,R02,16,Q002,D,-1.0
CAND_002_02_016,CENTRE_002,R02,16,Q003,B,4.0
CAND_002_02_016,CENTRE_002,R02,16,Q004,A,4.0
CAND_002_02_016,CENTRE_002,R02,16,Q005,D,4.0
CAND_002_02_016,CENTRE_002,R02,16,Q006,C,4.0
CAND_002_02_016,CENTRE_002,R02,16,Q007,C,-1.0
CAND_002_02_016,CENTRE_002,R02,16,Q008,A,4.0
CAND_002_02_016,CENTRE_002,R02,16,Q009,D,4.0
CAND_002_02_016,CENTRE_002,R02,16,Q010,,0.0
CAND_002_02_016,CENTRE_002,R02,16,Q011,B,4.0
CAND_002_02_016,CENTRE_002,R02,16,Q012,A,4.0
CAND_002_02_016,CENTRE_002,R02,16,Q013,D,4.0
CAND_002_02_016,CENTRE_002,R02,16,Q014,A,-1.0
CAND_002_02_016,CENTRE_002,R02,16,Q015,,0.0
CAND_002_02_016,CENTRE_002,R02,16,Q016,B,-1.0
CAND_002_02_016,CENTRE_002,R02,16,Q017,,0.0
CAND_002_02_016,CENTRE_002,R02,16,Q018,C,4.0
CAND_002_02_016,CENTRE_002,R02,16,Q019,C,-1.0
CAND_002_02_016,CENTRE_002,R02,16,Q020,B,-1.0
CAND_002_02_016,CENTRE_002,R02,16,Q021,D,4.0
CAND_002_02_016,CENTRE_002,R02,16,Q022,A,-1.0
CAND_002_02_016,CENTRE_002,R02,16,Q023,B,4.0
CAND_002_02_016,CENTRE_002,R02,16,Q024,D,-1.0
CAND_002_02_016,CENTRE_002,R02,16,Q025,C,-1.0
CAND_002_02_016,CENTRE_002,R02,16,Q026,C,4.0
CAND_002_02_016,CENTRE_002,R02,16,Q027,A,-1.0
CAND_002_02_016,CENTRE_002,R02,16,Q028,D,-1.0
CAND_002_02_016,CENTRE_002,R02,16,Q029,C,-1.0
CAND_002_02_016,CENTRE_002,R02,16,Q030,C,4.0
CAND_002_02_016,CENTRE_002,R02,16,Q031,B,4.0
CAND_002_02_016,CENTRE_002,R02,16,Q032,A,4.0
CAND_002_02_016,CENTRE_002,R02,16,Q033,D,4.0
CAND_002_02_016,CENTRE_002,R02,16,Q034,B,-1.0
CAND_002_02_016,CENTRE_002,R02,16,Q035,,0.0
CAND_002_02_016,CENTRE_002,R02,16,Q036,A,4.0
CAND_002_02_016,CENTRE_002,R02,16,Q037,C,-1.0
CAND_002_02_016,CENTRE_002,R02,16,Q038,C,4.0
CAND_002_02_016,CENTRE_002,R02,16,Q039,A,-1.0
CAND_002_02_016,CENTRE_002,R02,16,Q040,A,4.0
CAND_002_02_016,CENTRE_002,R02,16,Q041,A,-1.0
CAND_002_02_016,CENTRE_002,R02,16,Q042,A,-1.0
CAND_002_02_016,CENTRE_002,R02,16,Q043,A,-1.0
CAND_002_02_016,CENTRE_002,R02,16,Q044,B,-1.0
CAND_002_02_016,CENTRE_002,R02,16,Q045,D,4.0
CAND_002_02_016,CENTRE_002,R02,16,Q046,C,4.0
CAND_002_02_016,CENTRE_002,R02,16,Q047,B,4.0
CAND_002_02_016,CENTRE_002,R02,16,Q048,D,-1.0
CAND_002_02_016,CENTRE_002,R02,16,Q049,D,4.0
CAND_002_02_016,CENTRE_002,R02,16,Q050,B,-1.0
CAND_002_02_017,CENTRE_002,R02,17,Q001,B,-1.0
CAND_002_02_017,CENTRE_002,R02,17,Q002,C,4.0
CAND_002_02_017,CENTRE_002,R02,17,Q003,C,-1.0
CAND_002_02_017,CENTRE_002,R02,17,Q004,A,4.0
CAND_002_02_017,CENTRE_002,R02,17,Q005,C,-1.0
CAND_002_02_017,CENTRE_002,R02,17,Q006,C,4.0
CAND_002_02_017,CENTRE_002,R02,17,Q007,A,-1.0
CAND_002_02_017,CENTRE_002,R02,17,Q008,A,4.0
CAND_002_02_017,CENTRE_002,R02,17,Q009,D,4.0
CAND_002_02_017,CENTRE_002,R02,17,Q010,D,-1.0
CAND_002_02_017,CENTRE_002,R02,17,Q011,D,-1.0
CAND_002_02_017,CENTRE_002,R02,17,Q012,B,-1.0
CAND_002_02_017,CENTRE_002,R02,17,Q013,C,-1.0
CAND_002_02_017,CENTRE_002,R02,17,Q014,C,4.0
CAND_002_02_017,CENTRE_002,R02,17,Q015,D,-1.0
CAND_002_02_017,CENTRE_002,R02,17,Q016,B,-1.0
CAND_002_02_017,CENTRE_002,R02,17,Q017,A,-1.0
CAND_002_02_017,CENTRE_002,R02,17,Q018,A,-1.0
CAND_002_02_017,CENTRE_002,R02,17,Q019,B,4.0
CAND_002_02_017,CENTRE_002,R02,17,Q020,A,4.0
CAND_002_02_017,CENTRE_002,R02,17,Q021,D,4.0
CAND_002_02_017,CENTRE_002,R02,17,Q022,A,-1.0
CAND_002_02_017,CENTRE_002,R02,17,Q023,D,-1.0
CAND_002_02_017,CENTRE_002,R02,17,Q024,D,-1.0
CAND_002_02_017,CENTRE_002,R02,17,Q025,B,-1.0
CAND_002_02_017,CENTRE_002,R02,17,Q026,B,-1.0
CAND_002_02_017,CENTRE_002,R02,17,Q027,B,4.0
CAND_002_02_017,CENTRE_002,R02,17,Q028,C,-1.0
CAND_002_02_017,CENTRE_002,R02,17,Q029,D,4.0
CAND_002_02_017,CENTRE_002,R02,17,Q030,B,-1.0
CAND_002_02_017,CENTRE_002,R02,17,Q031,A,-1.0
CAND_002_02_017,CENTRE_002,R02,17,Q032,A,4.0
CAND_002_02_017,CENTRE_002,R02,17,Q033,D,4.0
CAND_002_02_017,CENTRE_002,R02,17,Q034,A,-1.0
CAND_002_02_017,CENTRE_002,R02,17,Q035,A,-1.0
CAND_002_02_017,CENTRE_002,R02,17,Q036,A,4.0
CAND_002_02_017,CENTRE_002,R02,17,Q037,,0.0
CAND_002_02_017,CENTRE_002,R02,17,Q038,A,-1.0
CAND_002_02_017,CENTRE_002,R02,17,Q039,B,4.0
CAND_002_02_017,CENTRE_002,R02,17,Q040,A,4.0
CAND_002_02_017,CENTRE_002,R02,17,Q041,C,-1.0
CAND_002_02_017,CENTRE_002,R02,17,Q042,B,-1.0
CAND_002_02_017,CENTRE_002,R02,17,Q043,A,-1.0
CAND_002_02_017,CENTRE_002,R02,17,Q044,C,-1.0
CAND_002_02_017,CENTRE_002,R02,17,Q045,D,4.0
CAND_002_02_017,CENTRE_002,R02,17,Q046,A,-1.0
CAND_002_02_017,CENTRE_002,R02,17,Q047,C,-1.0
CAND_002_02_017,CENTRE_002,R02,17,Q048,B,-1.0
CAND_002_02_017,CENTRE_002,R02,17,Q049,B,-1.0
CAND_002_02_017,CENTRE_002,R02,17,Q050,B,-1.0
CAND_002_02_018,CENTRE_002,R02,18,Q001,D,4.0
CAND_002_02_018,CENTRE_002,R02,18,Q002,C,4.0
CAND_002_02_018,CENTRE_002,R02,18,Q003,B,4.0
CAND_002_02_018,CENTRE_002,R02,18,Q004,A,4.0
CAND_002_02_018,CENTRE_002,R02,18,Q005,D,4.0
CAND_002_02_018,CENTRE_002,R02,18,Q006,C,4.0
CAND_002_02_018,CENTRE_002,R02,18,Q007,B,4.0
CAND_002_02_018,CENTRE_002,R02,18,Q008,A,4.0
CAND_002_02_018,CENTRE_002,R02,18,Q009,D,4.0
CAND_002_02_018,CENTRE_002,R02,18,Q010,C,4.0
CAND_002_02_018,CENTRE_002,R02,18,Q011,B,4.0
CAND_002_02_018,CENTRE_002,R02,18,Q012,A,4.0
CAND_002_02_018,CENTRE_002,R02,18,Q013,D,4.0
CAND_002_02_018,CENTRE_002,R02,18,Q014,C,4.0
CAND_002_02_018,CENTRE_002,R02,18,Q015,B,4.0
CAND_002_02_018,CENTRE_002,R02,18,Q016,A,4.0
CAND_002_02_018,CENTRE_002,R02,18,Q017,C,-1.0
CAND_002_02_018,CENTRE_002,R02,18,Q018,D,-1.0
CAND_002_02_018,CENTRE_002,R02,18,Q019,,0.0
CAND_002_02_018,CENTRE_002,R02,18,Q020,A,4.0
CAND_002_02_018,CENTRE_002,R02,18,Q021,D,4.0
CAND_002_02_018,CENTRE_002,R02,18,Q022,A,-1.0
CAND_002_02_018,CENTRE_002,R02,18,Q023,D,-1.0
CAND_002_02_018,CENTRE_002,R02,18,Q024,A,4.0
CAND_002_02_018,CENTRE_002,R02,18,Q025,D,4.0
CAND_002_02_018,CENTRE_002,R02,18,Q026,C,4.0
CAND_002_02_018,CENTRE_002,R02,18,Q027,B,4.0
CAND_002_02_018,CENTRE_002,R02,18,Q028,A,4.0
CAND_002_02_018,CENTRE_002,R02,18,Q029,D,4.0
CAND_002_02_018,CENTRE_002,R02,18,Q030,C,4.0
CAND_002_02_018,CENTRE_002,R02,18,Q031,B,4.0
CAND_002_02_018,CENTRE_002,R02,18,Q032,A,4.0
CAND_002_02_018,CENTRE_002,R02,18,Q033,D,4.0
CAND_002_02_018,CENTRE_002,R02,18,Q034,B,-1.0
CAND_002_02_018,CENTRE_002,R02,18,Q035,C,-1.0
CAND_002_02_018,CENTRE_002,R02,18,Q036,C,-1.0
CAND_002_02_018,CENTRE_002,R02,18,Q037,D,4.0
CAND_002_02_018,CENTRE_002,R02,18,Q038,C,4.0
CAND_002_02_018,CENTRE_002,R02,18,Q039,B,4.0
CAND_002_02_018,CENTRE_002,R02,18,Q040,A,4.0
CAND_002_02_018,CENTRE_002,R02,18,Q041,D,4.0
CAND_002_02_018,CENTRE_002,R02,18,Q042,D,-1.0
CAND_002_02_018,CENTRE_002,R02,18,Q043,B,4.0
CAND_002_02_018,CENTRE_002,R02,18,Q044,A,4.0
CAND_002_02_018,CENTRE_002,R02,18,Q045,D,4.0
CAND_002_02_018,CENTRE_002,R02,18,Q046,C,4.0
CAND_002_02_018,CENTRE_002,R02,18,Q047,B,4.0
CAND_002_02_018,CENTRE_002,R02,18,Q048,A,4.0
CAND_002_02_018,CENTRE_002,R02,18,Q049,D,4.0
CAND_002_02_018,CENTRE_002,R02,18,Q050,C,4.0
CAND_002_02_019,CENTRE_002,R02,19,Q001,B,-1.0
CAND_002_02_019,CENTRE_002,R02,19,Q002,C,4.0
CAND_002_02_019,CENTRE_002,R02,19,Q003,C,-1.0
CAND_002_02_019,CENTRE_002,R02,19,Q004,A,4.0
CAND_002_02_019,CENTRE_002,R02,19,Q005,B,-1.0
CAND_002_02_019,CENTRE_002,R02,19,Q006,C,4.0
CAND_002_02_019,CENTRE_002,R02,19,Q007,A,-1.0
CAND_002_02_019,CENTRE_002,R02,19,Q008,D,-1.0
CAND_002_02_019,CENTRE_002,R02,19,Q009,C,-1.0
CAND_002_02_019,CENTRE_002,R02,19,Q010,,0.0
CAND_002_02_019,CENTRE_002,R02,19,Q011,A,-1.0
CAND_002_02_019,CENTRE_002,R02,19,Q012,A,4.0
CAND_002_02_019,CENTRE_002,R02,19,Q013,,0.0
CAND_002_02_019,CENTRE_002,R02,19,Q014,C,4.0
CAND_002_02_019,CENTRE_002,R02,19,Q015,B,4.0
CAND_002_02_019,CENTRE_002,R02,19,Q016,C,-1.0
CAND_002_02_019,CENTRE_002,R02,19,Q017,B,-1.0
CAND_002_02_019,CENTRE_002,R02,19,Q018,C,4.0
CAND_002_02_019,CENTRE_002,R02,19,Q019,B,4.0
CAND_002_02_019,CENTRE_002,R02,19,Q020,C,-1.0
CAND_002_02_019,CENTRE_002,R02,19,Q021,C,-1.0
CAND_002_02_019,CENTRE_002,R02,19,Q022,C,4.0
CAND_002_02_019,CENTRE_002,R02,19,Q023,C,-1.0
CAND_002_02_019,CENTRE_002,R02,19,Q024,A,4.0
CAND_002_02_019,CENTRE_002,R02,19,Q025,C,-1.0
CAND_002_02_019,CENTRE_002,R02,19,Q026,C,4.0
CAND_002_02_019,CENTRE_002,R02,19,Q027,C,-1.0
CAND_002_02_019,CENTRE_002,R02,19,Q028,A,4.0
CAND_002_02_019,CENTRE_002,R02,19,Q029,D,4.0
CAND_002_02_019,CENTRE_002,R02,19,Q030,C,4.0
CAND_002_02_019,CENTRE_002,R02,19,Q031,C,-1.0
CAND_002_02_019,CENTRE_002,R02,19,Q032,A,4.0
CAND_002_02_019,CENTRE_002,R02,19,Q033,D,4.0
CAND_002_02_019,CENTRE_002,R02,19,Q034,A,-1.0
CAND_002_02_019,CENTRE_002,R02,19,Q035,C,-1.0
CAND_002_02_019,CENTRE_002,R02,19,Q036,A,4.0
CAND_002_02_019,CENTRE_002,R02,19,Q037,A,-1.0
CAND_002_02_019,CENTRE_002,R02,19,Q038,C,4.0
CAND_002_02_019,CENTRE_002,R02,19,Q039,C,-1.0
CAND_002_02_019,CENTRE_002,R02,19,Q040,C,-1.0
CAND_002_02_019,CENTRE_002,R02,19,Q041,C,-1.0
CAND_002_02_019,CENTRE_002,R02,19,Q042,C,4.0
CAND_002_02_019,CENTRE_002,R02,19,Q043,C,-1.0
CAND_002_02_019,CENTRE_002,R02,19,Q044,C,-1.0
CAND_002_02_019,CENTRE_002,R02,19,Q045,B,-1.0
CAND_002_02_019,CENTRE_002,R02,19,Q046,,0.0
CAND_002_02_019,CENTRE_002,R02,19,Q047,D,-1.0
CAND_002_02_019,CENTRE_002,R02,19,Q048,A,4.0
CAND_002_02_019,CENTRE_002,R02,19,Q049,B,-1.0
CAND_002_02_019,CENTRE_002,R02,19,Q050,A,-1.0
CAND_002_02_020,CENTRE_002,R02,20,Q001,D,4.0
CAND_002_02_020,CENTRE_002,R02,20,Q002,A,-1.0
CAND_002_02_020,CENTRE_002,R02,20,Q003,C,-1.0
CAND_002_02_020,CENTRE_002,R02,20,Q004,C,-1.0
CAND_002_02_020,CENTRE_002,R02,20,Q005,A,-1.0
CAND_002_02_020,CENTRE_002,R02,20,Q006,B,-1.0
CAND_002_02_020,CENTRE_002,R02,20,Q007,B,4.0
CAND_002_02_020,CENTRE_002,R02,20,Q008,C,-1.0
CAND_002_02_020,CENTRE_002,R02,20,Q009,D,4.0
CAND_002_02_020,CENTRE_002,R02,20,Q010,A,-1.0
CAND_002_02_020,CENTRE_002,R02,20,Q011,B,4.0
CAND_002_02_020,CENTRE_002,R02,20,Q012,B,-1.0
CAND_002_02_020,CENTRE_002,R02,20,Q013,,0.0
CAND_002_02_020,CENTRE_002,R02,20,Q014,C,4.0
CAND_002_02_020,CENTRE_002,R02,20,Q015,D,-1.0
CAND_002_02_020,CENTRE_002,R02,20,Q016,A,4.0
CAND_002_02_020,CENTRE_002,R02,20,Q017,B,-1.0
CAND_002_02_020,CENTRE_002,R02,20,Q018,C,4.0
CAND_002_02_020,CENTRE_002,R02,20,Q019,A,-1.0
CAND_002_02_020,CENTRE_002,R02,20,Q020,A,4.0
CAND_002_02_020,CENTRE_002,R02,20,Q021,C,-1.0
CAND_002_02_020,CENTRE_002,R02,20,Q022,C,4.0
CAND_002_02_020,CENTRE_002,R02,20,Q023,,0.0
CAND_002_02_020,CENTRE_002,R02,20,Q024,A,4.0
CAND_002_02_020,CENTRE_002,R02,20,Q025,D,4.0
CAND_002_02_020,CENTRE_002,R02,20,Q026,C,4.0
CAND_002_02_020,CENTRE_002,R02,20,Q027,D,-1.0
CAND_002_02_020,CENTRE_002,R02,20,Q028,D,-1.0
CAND_002_02_020,CENTRE_002,R02,20,Q029,C,-1.0
CAND_002_02_020,CENTRE_002,R02,20,Q030,B,-1.0
CAND_002_02_020,CENTRE_002,R02,20,Q031,,0.0
CAND_002_02_020,CENTRE_002,R02,20,Q032,A,4.0
CAND_002_02_020,CENTRE_002,R02,20,Q033,D,4.0
CAND_002_02_020,CENTRE_002,R02,20,Q034,A,-1.0
CAND_002_02_020,CENTRE_002,R02,20,Q035,D,-1.0
CAND_002_02_020,CENTRE_002,R02,20,Q036,A,4.0
CAND_002_02_020,CENTRE_002,R02,20,Q037,D,4.0
CAND_002_02_020,CENTRE_002,R02,20,Q038,D,-1.0
CAND_002_02_020,CENTRE_002,R02,20,Q039,B,4.0
CAND_002_02_020,CENTRE_002,R02,20,Q040,A,4.0
CAND_002_02_020,CENTRE_002,R02,20,Q041,D,4.0
CAND_002_02_020,CENTRE_002,R02,20,Q042,C,4.0
CAND_002_02_020,CENTRE_002,R02,20,Q043,B,4.0
CAND_002_02_020,CENTRE_002,R02,20,Q044,A,4.0
CAND_002_02_020,CENTRE_002,R02,20,Q045,D,4.0
CAND_002_02_020,CENTRE_002,R02,20,Q046,B,-1.0
CAND_002_02_020,CENTRE_002,R02,20,Q047,B,4.0
CAND_002_02_020,CENTRE_002,R02,20,Q048,A,4.0
CAND_002_02_020,CENTRE_002,R02,20,Q049,D,4.0
CAND_002_02_020,CENTRE_002,R02,20,Q050,C,4.0
CAND_003_01_001,CENTRE_003,R01,1,Q001,D,4.0
CAND_003_01_001,CENTRE_003,R01,1,Q002,C,4.0
CAND_003_01_001,CENTRE_003,R01,1,Q003,C,-1.0
CAND_003_01_001,CENTRE_003,R01,1,Q004,D,-1.0
CAND_003_01_001,CENTRE_003,R01,1,Q005,D,4.0
CAND_003_01_001,CENTRE_003,R01,1,Q006,,0.0
CAND_003_01_001,CENTRE_003,R01,1,Q007,B,4.0
CAND_003_01_001,CENTRE_003,R01,1,Q008,A,4.0
CAND_003_01_001,CENTRE_003,R01,1,Q009,D,4.0
CAND_003_01_001,CENTRE_003,R01,1,Q010,B,-1.0
CAND_003_01_001,CENTRE_003,R01,1,Q011,B,4.0
CAND_003_01_001,CENTRE_003,R01,1,Q012,A,4.0
CAND_003_01_001,CENTRE_003,R01,1,Q013,D,4.0
CAND_003_01_001,CENTRE_003,R01,1,Q014,C,4.0
CAND_003_01_001,CENTRE_003,R01,1,Q015,B,4.0
CAND_003_01_001,CENTRE_003,R01,1,Q016,A,4.0
CAND_003_01_001,CENTRE_003,R01,1,Q017,D,4.0
CAND_003_01_001,CENTRE_003,R01,1,Q018,D,-1.0
CAND_003_01_001,CENTRE_003,R01,1,Q019,D,-1.0
CAND_003_01_001,CENTRE_003,R01,1,Q020,A,4.0
CAND_003_01_001,CENTRE_003,R01,1,Q021,D,4.0
CAND_003_01_001,CENTRE_003,R01,1,Q022,C,4.0
CAND_003_01_001,CENTRE_003,R01,1,Q023,B,4.0
CAND_003_01_001,CENTRE_003,R01,1,Q024,A,4.0
CAND_003_01_001,CENTRE_003,R01,1,Q025,D,4.0
CAND_003_01_001,CENTRE_003,R01,1,Q026,C,4.0
CAND_003_01_001,CENTRE_003,R01,1,Q027,B,4.0
CAND_003_01_001,CENTRE_003,R01,1,Q028,D,-1.0
CAND_003_01_001,CENTRE_003,R01,1,Q029,D,4.0
CAND_003_01_001,CENTRE_003,R01,1,Q030,C,4.0
CAND_003_01_001,CENTRE_003,R01,1,Q031,B,4.0
CAND_003_01_001,CENTRE_003,R01,1,Q032,A,4.0
CAND_003_01_001,CENTRE_003,R01,1,Q033,C,-1.0
CAND_003_01_001,CENTRE_003,R01,1,Q034,C,4.0
CAND_003_01_001,CENTRE_003,R01,1,Q035,B,4.0
CAND_003_01_001,CENTRE_003,R01,1,Q036,A,4.0
CAND_003_01_001,CENTRE_003,R01,1,Q037,A,-1.0
CAND_003_01_001,CENTRE_003,R01,1,Q038,C,4.0
CAND_003_01_001,CENTRE_003,R01,1,Q039,B,4.0
CAND_003_01_001,CENTRE_003,R01,1,Q040,A,4.0
CAND_003_01_001,CENTRE_003,R01,1,Q041,D,4.0
CAND_003_01_001,CENTRE_003,R01,1,Q042,C,4.0
CAND_003_01_001,CENTRE_003,R01,1,Q043,B,4.0
CAND_003_01_001,CENTRE_003,R01,1,Q044,A,4.0
CAND_003_01_001,CENTRE_003,R01,1,Q045,D,4.0
CAND_003_01_001,CENTRE_003,R01,1,Q046,A,-1.0
CAND_003_01_001,CENTRE_003,R01,1,Q047,B,4.0
CAND_003_01_001,CENTRE_003,R01,1,Q048,C,-1.0
CAND_003_01_001,CENTRE_003,R01,1,Q049,D,4.0
CAND_003_01_001,CENTRE_003,R01,1,Q050,C,4.0
CAND_003_01_002,CENTRE_003,R01,2,Q001,D,4.0
CAND_003_01_002,CENTRE_003,R01,2,Q002,C,4.0
CAND_003_01_002,CENTRE_003,R01,2,Q003,B,4.0
CAND_003_01_002,CENTRE_003,R01,2,Q004,A,4.0
CAND_003_01_002,CENTRE_003,R01,2,Q005,D,4.0
CAND_003_01_002,CENTRE_003,R01,2,Q006,C,4.0
CAND_003_01_002,CENTRE_003,R01,2,Q007,B,4.0
CAND_003_01_002,CENTRE_003,R01,2,Q008,A,4.0
CAND_003_01_002,CENTRE_003,R01,2,Q009,D,4.0
CAND_003_01_002,CENTRE_003,R01,2,Q010,C,4.0
CAND_003_01_002,CENTRE_003,R01,2,Q011,B,4.0
CAND_003_01_002,CENTRE_003,R01,2,Q012,A,4.0
CAND_003_01_002,CENTRE_003,R01,2,Q013,D,4.0
CAND_003_01_002,CENTRE_003,R01,2,Q014,C,4.0
CAND_003_01_002,CENTRE_003,R01,2,Q015,B,4.0
CAND_003_01_002,CENTRE_003,R01,2,Q016,A,4.0
CAND_003_01_002,CENTRE_003,R01,2,Q017,D,4.0
CAND_003_01_002,CENTRE_003,R01,2,Q018,B,-1.0
CAND_003_01_002,CENTRE_003,R01,2,Q019,A,-1.0
CAND_003_01_002,CENTRE_003,R01,2,Q020,A,4.0
CAND_003_01_002,CENTRE_003,R01,2,Q021,D,4.0
CAND_003_01_002,CENTRE_003,R01,2,Q022,C,4.0
CAND_003_01_002,CENTRE_003,R01,2,Q023,B,4.0
CAND_003_01_002,CENTRE_003,R01,2,Q024,A,4.0
CAND_003_01_002,CENTRE_003,R01,2,Q025,D,4.0
CAND_003_01_002,CENTRE_003,R01,2,Q026,C,4.0
CAND_003_01_002,CENTRE_003,R01,2,Q027,B,4.0
CAND_003_01_002,CENTRE_003,R01,2,Q028,A,4.0
CAND_003_01_002,CENTRE_003,R01,2,Q029,D,4.0
CAND_003_01_002,CENTRE_003,R01,2,Q030,C,4.0
CAND_003_01_002,CENTRE_003,R01,2,Q031,B,4.0
CAND_003_01_002,CENTRE_003,R01,2,Q032,A,4.0
CAND_003_01_002,CENTRE_003,R01,2,Q033,D,4.0
CAND_003_01_002,CENTRE_003,R01,2,Q034,C,4.0
CAND_003_01_002,CENTRE_003,R01,2,Q035,B,4.0
CAND_003_01_002,CENTRE_003,R01,2,Q036,A,4.0
CAND_003_01_002,CENTRE_003,R01,2,Q037,D,4.0
CAND_003_01_002,CENTRE_003,R01,2,Q038,C,4.0
CAND_003_01_002,CENTRE_003,R01,2,Q039,B,4.0
CAND_003_01_002,CENTRE_003,R01,2,Q040,B,-1.0
CAND_003_01_002,CENTRE_003,R01,2,Q041,D,4.0
CAND_003_01_002,CENTRE_003,R01,2,Q042,C,4.0
CAND_003_01_002,CENTRE_003,R01,2,Q043,B,4.0
CAND_003_01_002,CENTRE_003,R01,2,Q044,A,4.0
CAND_003_01_002,CENTRE_003,R01,2,Q045,D,4.0
CAND_003_01_002,CENTRE_003,R01,2,Q046,C,4.0
CAND_003_01_002,CENTRE_003,R01,2,Q047,B,4.0
CAND_003_01_002,CENTRE_003,R01,2,Q048,A,4.0
CAND_003_01_002,CENTRE_003,R01,2,Q049,D,4.0
CAND_003_01_002,CENTRE_003,R01,2,Q050,C,4.0
CAND_003_01_003,CENTRE_003,R01,3,Q001,D,4.0
CAND_003_01_003,CENTRE_003,R01,3,Q002,B,-1.0
CAND_003_01_003,CENTRE_003,R01,3,Q003,D,-1.0
CAND_003_01_003,CENTRE_003,R01,3,Q004,A,4.0
CAND_003_01_003,CENTRE_003,R01,3,Q005,D,4.0
CAND_003_01_003,CENTRE_003,R01,3,Q006,C,4.0
CAND_003_01_003,CENTRE_003,R01,3,Q007,B,4.0
CAND_003_01_003,CENTRE_003,R01,3,Q008,A,4.0
CAND_003_01_003,CENTRE_003,R01,3,Q009,A,-1.0
CAND_003_01_003,CENTRE_003,R01,3,Q010,C,4.0
CAND_003_01_003,CENTRE_003,R01,3,Q011,B,4.0
CAND_003_01_003,CENTRE_003,R01,3,Q012,A,4.0
CAND_003_01_003,CENTRE_003,R01,3,Q013,D,4.0
CAND_003_01_003,CENTRE_003,R01,3,Q014,C,4.0
CAND_003_01_003,CENTRE_003,R01,3,Q015,B,4.0
CAND_003_01_003,CENTRE_003,R01,3,Q016,D,-1.0
CAND_003_01_003,CENTRE_003,R01,3,Q017,D,4.0
CAND_003_01_003,CENTRE_003,R01,3,Q018,C,4.0
CAND_003_01_003,CENTRE_003,R01,3,Q019,B,4.0
CAND_003_01_003,CENTRE_003,R01,3,Q020,A,4.0
CAND_003_01_003,CENTRE_003,R01,3,Q021,D,4.0
CAND_003_01_003,CENTRE_003,R01,3,Q022,C,4.0
CAND_003_01_003,CENTRE_003,R01,3,Q023,B,4.0
CAND_003_01_003,CENTRE_003,R01,3,Q024,A,4.0
CAND_003_01_003,CENTRE_003,R01,3,Q025,D,4.0
CAND_003_01_003,CENTRE_003,R01,3,Q026,C,4.0
CAND_003_01_003,CENTRE_003,R01,3,Q027,B,4.0
CAND_003_01_003,CENTRE_003,R01,3,Q028,,0.0
CAND_003_01_003,CENTRE_003,R01,3,Q029,D,4.0
CAND_003_01_003,CENTRE_003,R01,3,Q030,C,4.0
CAND_003_01_003,CENTRE_003,R01,3,Q031,C,-1.0
CAND_003_01_003,CENTRE_003,R01,3,Q032,A,4.0
CAND_003_01_003,CENTRE_003,R01,3,Q033,C,-1.0
CAND_003_01_003,CENTRE_003,R01,3,Q034,C,4.0
CAND_003_01_003,CENTRE_003,R01,3,Q035,B,4.0
CAND_003_01_003,CENTRE_003,R01,3,Q036,C,-1.0
CAND_003_01_003,CENTRE_003,R01,3,Q037,D,4.0
CAND_003_01_003,CENTRE_003,R01,3,Q038,,0.0
CAND_003_01_003,CENTRE_003,R01,3,Q039,B,4.0
CAND_003_01_003,CENTRE_003,R01,3,Q040,A,4.0
CAND_003_01_003,CENTRE_003,R01,3,Q041,D,4.0
CAND_003_01_003,CENTRE_003,R01,3,Q042,D,-1.0
CAND_003_01_003,CENTRE_003,R01,3,Q043,B,4.0
CAND_003_01_003,CENTRE_003,R01,3,Q044,A,4.0
CAND_003_01_003,CENTRE_003,R01,3,Q045,D,4.0
CAND_003_01_003,CENTRE_003,R01,3,Q046,C,4.0
CAND_003_01_003,CENTRE_003,R01,3,Q047,B,4.0
CAND_003_01_003,CENTRE_003,R01,3,Q048,A,4.0
CAND_003_01_003,CENTRE_003,R01,3,Q049,D,4.0
CAND_003_01_003,CENTRE_003,R01,3,Q050,A,-1.0
CAND_003_01_004,CENTRE_003,R01,4,Q001,D,4.0
CAND_003_01_004,CENTRE_003,R01,4,Q002,C,4.0
CAND_003_01_004,CENTRE_003,R01,4,Q003,B,4.0
CAND_003_01_004,CENTRE_003,R01,4,Q004,D,-1.0
CAND_003_01_004,CENTRE_003,R01,4,Q005,D,4.0
CAND_003_01_004,CENTRE_003,R01,4,Q006,C,4.0
CAND_003_01_004,CENTRE_003,R01,4,Q007,B,4.0
CAND_003_01_004,CENTRE_003,R01,4,Q008,A,4.0
CAND_003_01_004,CENTRE_003,R01,4,Q009,D,4.0
CAND_003_01_004,CENTRE_003,R01,4,Q010,C,4.0
CAND_003_01_004,CENTRE_003,R01,4,Q011,B,4.0
CAND_003_01_004,CENTRE_003,R01,4,Q012,D,-1.0
CAND_003_01_004,CENTRE_003,R01,4,Q013,D,4.0
CAND_003_01_004,CENTRE_003,R01,4,Q014,D,-1.0
CAND_003_01_004,CENTRE_003,R01,4,Q015,C,-1.0
CAND_003_01_004,CENTRE_003,R01,4,Q016,A,4.0
CAND_003_01_004,CENTRE_003,R01,4,Q017,C,-1.0
CAND_003_01_004,CENTRE_003,R01,4,Q018,C,4.0
CAND_003_01_004,CENTRE_003,R01,4,Q019,B,4.0
CAND_003_01_004,CENTRE_003,R01,4,Q020,A,4.0
CAND_003_01_004,CENTRE_003,R01,4,Q021,D,4.0
CAND_003_01_004,CENTRE_003,R01,4,Q022,C,4.0
CAND_003_01_004,CENTRE_003,R01,4,Q023,B,4.0
CAND_003_01_004,CENTRE_003,R01,4,Q024,B,-1.0
CAND_003_01_004,CENTRE_003,R01,4,Q025,D,4.0
CAND_003_01_004,CENTRE_003,R01,4,Q026,,0.0
CAND_003_01_004,CENTRE_003,R01,4,Q027,B,4.0
CAND_003_01_004,CENTRE_003,R01,4,Q028,C,-1.0
CAND_003_01_004,CENTRE_003,R01,4,Q029,D,4.0
CAND_003_01_004,CENTRE_003,R01,4,Q030,C,4.0
CAND_003_01_004,CENTRE_003,R01,4,Q031,B,4.0
CAND_003_01_004,CENTRE_003,R01,4,Q032,A,4.0
CAND_003_01_004,CENTRE_003,R01,4,Q033,C,-1.0
CAND_003_01_004,CENTRE_003,R01,4,Q034,C,4.0
CAND_003_01_004,CENTRE_003,R01,4,Q035,B,4.0
CAND_003_01_004,CENTRE_003,R01,4,Q036,A,4.0
CAND_003_01_004,CENTRE_003,R01,4,Q037,B,-1.0
CAND_003_01_004,CENTRE_003,R01,4,Q038,A,-1.0
CAND_003_01_004,CENTRE_003,R01,4,Q039,B,4.0
CAND_003_01_004,CENTRE_003,R01,4,Q040,A,4.0
CAND_003_01_004,CENTRE_003,R01,4,Q041,C,-1.0
CAND_003_01_004,CENTRE_003,R01,4,Q042,C,4.0
CAND_003_01_004,CENTRE_003,R01,4,Q043,B,4.0
CAND_003_01_004,CENTRE_003,R01,4,Q044,A,4.0
CAND_003_01_004,CENTRE_003,R01,4,Q045,D,4.0
CAND_003_01_004,CENTRE_003,R01,4,Q046,A,-1.0
CAND_003_01_004,CENTRE_003,R01,4,Q047,B,4.0
CAND_003_01_004,CENTRE_003,R01,4,Q048,A,4.0
CAND_003_01_004,CENTRE_003,R01,4,Q049,D,4.0
CAND_003_01_004,CENTRE_003,R01,4,Q050,C,4.0
CAND_003_01_005,CENTRE_003,R01,5,Q001,D,4.0
CAND_003_01_005,CENTRE_003,R01,5,Q002,C,4.0
CAND_003_01_005,CENTRE_003,R01,5,Q003,B,4.0
CAND_003_01_005,CENTRE_003,R01,5,Q004,A,4.0
CAND_003_01_005,CENTRE_003,R01,5,Q005,D,4.0
CAND_003_01_005,CENTRE_003,R01,5,Q006,C,4.0
CAND_003_01_005,CENTRE_003,R01,5,Q007,B,4.0
CAND_003_01_005,CENTRE_003,R01,5,Q008,A,4.0
CAND_003_01_005,CENTRE_003,R01,5,Q009,D,4.0
CAND_003_01_005,CENTRE_003,R01,5,Q010,A,-1.0
CAND_003_01_005,CENTRE_003,R01,5,Q011,B,4.0
CAND_003_01_005,CENTRE_003,R01,5,Q012,D,-1.0
CAND_003_01_005,CENTRE_003,R01,5,Q013,D,4.0
CAND_003_01_005,CENTRE_003,R01,5,Q014,D,-1.0
CAND_003_01_005,CENTRE_003,R01,5,Q015,C,-1.0
CAND_003_01_005,CENTRE_003,R01,5,Q016,A,4.0
CAND_003_01_005,CENTRE_003,R01,5,Q017,C,-1.0
CAND_003_01_005,CENTRE_003,R01,5,Q018,C,4.0
CAND_003_01_005,CENTRE_003,R01,5,Q019,B,4.0
CAND_003_01_005,CENTRE_003,R01,5,Q020,A,4.0
CAND_003_01_005,CENTRE_003,R01,5,Q021,D,4.0
CAND_003_01_005,CENTRE_003,R01,5,Q022,C,4.0
CAND_003_01_005,CENTRE_003,R01,5,Q023,B,4.0
CAND_003_01_005,CENTRE_003,R01,5,Q024,B,-1.0
CAND_003_01_005,CENTRE_003,R01,5,Q025,D,4.0
CAND_003_01_005,CENTRE_003,R01,5,Q026,,0.0
CAND_003_01_005,CENTRE_003,R01,5,Q027,B,4.0
CAND_003_01_005,CENTRE_003,R01,5,Q028,C,-1.0
CAND_003_01_005,CENTRE_003,R01,5,Q029,D,4.0
CAND_003_01_005,CENTRE_003,R01,5,Q030,C,4.0
CAND_003_01_005,CENTRE_003,R01,5,Q031,B,4.0
CAND_003_01_005,CENTRE_003,R01,5,Q032,A,4.0
CAND_003_01_005,CENTRE_003,R01,5,Q033,C,-1.0
CAND_003_01_005,CENTRE_003,R01,5,Q034,C,4.0
CAND_003_01_005,CENTRE_003,R01,5,Q035,B,4.0
CAND_003_01_005,CENTRE_003,R01,5,Q036,A,4.0
CAND_003_01_005,CENTRE_003,R01,5,Q037,B,-1.0
CAND_003_01_005,CENTRE_003,R01,5,Q038,A,-1.0
CAND_003_01_005,CENTRE_003,R01,5,Q039,B,4.0
CAND_003_01_005,CENTRE_003,R01,5,Q040,A,4.0
CAND_003_01_005,CENTRE_003,R01,5,Q041,C,-1.0
CAND_003_01_005,CENTRE_003,R01,5,Q042,C,4.0
CAND_003_01_005,CENTRE_003,R01,5,Q043,B,4.0
CAND_003_01_005,CENTRE_003,R01,5,Q044,A,4.0
CAND_003_01_005,CENTRE_003,R01,5,Q045,D,4.0
CAND_003_01_005,CENTRE_003,R01,5,Q046,A,-1.0
CAND_003_01_005,CENTRE_003,R01,5,Q047,B,4.0
CAND_003_01_005,CENTRE_003,R01,5,Q048,A,4.0
CAND_003_01_005,CENTRE_003,R01,5,Q049,A,-1.0
CAND_003_01_005,CENTRE_003,R01,5,Q050,B,-1.0
CAND_003_01_006,CENTRE_003,R01,6,Q001,D,4.0
CAND_003_01_006,CENTRE_003,R01,6,Q002,C,4.0
CAND_003_01_006,CENTRE_003,R01,6,Q003,A,-1.0
CAND_003_01_006,CENTRE_003,R01,6,Q004,A,4.0
CAND_003_01_006,CENTRE_003,R01,6,Q005,D,4.0
CAND_003_01_006,CENTRE_003,R01,6,Q006,D,-1.0
CAND_003_01_006,CENTRE_003,R01,6,Q007,B,4.0
CAND_003_01_006,CENTRE_003,R01,6,Q008,A,4.0
CAND_003_01_006,CENTRE_003,R01,6,Q009,D,4.0
CAND_003_01_006,CENTRE_003,R01,6,Q010,,0.0
CAND_003_01_006,CENTRE_003,R01,6,Q011,B,4.0
CAND_003_01_006,CENTRE_003,R01,6,Q012,A,4.0
CAND_003_01_006,CENTRE_003,R01,6,Q013,B,-1.0
CAND_003_01_006,CENTRE_003,R01,6,Q014,C,4.0
CAND_003_01_006,CENTRE_003,R01,6,Q015,C,-1.0
CAND_003_01_006,CENTRE_003,R01,6,Q016,A,4.0
CAND_003_01_006,CENTRE_003,R01,6,Q017,D,4.0
CAND_003_01_006,CENTRE_003,R01,6,Q018,C,4.0
CAND_003_01_006,CENTRE_003,R01,6,Q019,B,4.0
CAND_003_01_006,CENTRE_003,R01,6,Q020,A,4.0
CAND_003_01_006,CENTRE_003,R01,6,Q021,D,4.0
CAND_003_01_006,CENTRE_003,R01,6,Q022,C,4.0
CAND_003_01_006,CENTRE_003,R01,6,Q023,B,4.0
CAND_003_01_006,CENTRE_003,R01,6,Q024,A,4.0
CAND_003_01_006,CENTRE_003,R01,6,Q025,D,4.0
CAND_003_01_006,CENTRE_003,R01,6,Q026,C,4.0
CAND_003_01_006,CENTRE_003,R01,6,Q027,B,4.0
CAND_003_01_006,CENTRE_003,R01,6,Q028,A,4.0
CAND_003_01_006,CENTRE_003,R01,6,Q029,D,4.0
CAND_003_01_006,CENTRE_003,R01,6,Q030,C,4.0
CAND_003_01_006,CENTRE_003,R01,6,Q031,A,-1.0
CAND_003_01_006,CENTRE_003,R01,6,Q032,A,4.0
CAND_003_01_006,CENTRE_003,R01,6,Q033,D,4.0
CAND_003_01_006,CENTRE_003,R01,6,Q034,C,4.0
CAND_003_01_006,CENTRE_003,R01,6,Q035,B,4.0
CAND_003_01_006,CENTRE_003,R01,6,Q036,A,4.0
CAND_003_01_006,CENTRE_003,R01,6,Q037,B,-1.0
CAND_003_01_006,CENTRE_003,R01,6,Q038,C,4.0
CAND_003_01_006,CENTRE_003,R01,6,Q039,B,4.0
CAND_003_01_006,CENTRE_003,R01,6,Q040,A,4.0
CAND_003_01_006,CENTRE_003,R01,6,Q041,D,4.0
CAND_003_01_006,CENTRE_003,R01,6,Q042,C,4.0
CAND_003_01_006,CENTRE_003,R01,6,Q043,D,-1.0
CAND_003_01_006,CENTRE_003,R01,6,Q044,A,4.0
CAND_003_01_006,CENTRE_003,R01,6,Q045,D,4.0
CAND_003_01_006,CENTRE_003,R01,6,Q046,C,4.0
CAND_003_01_006,CENTRE_003,R01,6,Q047,C,-1.0
CAND_003_01_006,CENTRE_003,R01,6,Q048,A,4.0
CAND_003_01_006,CENTRE_003,R01,6,Q049,A,-1.0
CAND_003_01_006,CENTRE_003,R01,6,Q050,C,4.0
CAND_003_01_007,CENTRE_003,R01,7,Q001,C,-1.0
CAND_003_01_007,CENTRE_003,R01,7,Q002,D,-1.0
CAND_003_01_007,CENTRE_003,R01,7,Q003,A,-1.0
CAND_003_01_007,CENTRE_003,R01,7,Q004,A,4.0
CAND_003_01_007,CENTRE_003,R01,7,Q005,D,4.0
CAND_003_01_007,CENTRE_003,R01,7,Q006,D,-1.0
CAND_003_01_007,CENTRE_003,R01,7,Q007,B,4.0
CAND_003_01_007,CENTRE_003,R01,7,Q008,A,4.0
CAND_003_01_007,CENTRE_003,R01,7,Q009,D,4.0
CAND_003_01_007,CENTRE_003,R01,7,Q010,,0.0
CAND_003_01_007,CENTRE_003,R01,7,Q011,B,4.0
CAND_003_01_007,CENTRE_003,R01,7,Q012,A,4.0
CAND_003_01_007,CENTRE_003,R01,7,Q013,B,-1.0
CAND_003_01_007,CENTRE_003,R01,7,Q014,C,4.0
CAND_003_01_007,CENTRE_003,R01,7,Q015,C,-1.0
CAND_003_01_007,CENTRE_003,R01,7,Q016,A,4.0
CAND_003_01_007,CENTRE_003,R01,7,Q017,D,4.0
CAND_003_01_007,CENTRE_003,R01,7,Q018,C,4.0
CAND_003_01_007,CENTRE_003,R01,7,Q019,B,4.0
CAND_003_01_007,CENTRE_003,R01,7,Q020,A,4.0
CAND_003_01_007,CENTRE_003,R01,7,Q021,D,4.0
CAND_003_01_007,CENTRE_003,R01,7,Q022,C,4.0
CAND_003_01_007,CENTRE_003,R01,7,Q023,B,4.0
CAND_003_01_007,CENTRE_003,R01,7,Q024,A,4.0
CAND_003_01_007,CENTRE_003,R01,7,Q025,D,4.0
CAND_003_01_007,CENTRE_003,R01,7,Q026,C,4.0
CAND_003_01_007,CENTRE_003,R01,7,Q027,B,4.0
CAND_003_01_007,CENTRE_003,R01,7,Q028,A,4.0
CAND_003_01_007,CENTRE_003,R01,7,Q029,D,4.0
CAND_003_01_007,CENTRE_003,R01,7,Q030,C,4.0
CAND_003_01_007,CENTRE_003,R01,7,Q031,A,-1.0
CAND_003_01_007,CENTRE_003,R01,7,Q032,A,4.0
CAND_003_01_007,CENTRE_003,R01,7,Q033,D,4.0
CAND_003_01_007,CENTRE_003,R01,7,Q034,C,4.0
CAND_003_01_007,CENTRE_003,R01,7,Q035,B,4.0
CAND_003_01_007,CENTRE_003,R01,7,Q036,A,4.0
CAND_003_01_007,CENTRE_003,R01,7,Q037,B,-1.0
CAND_003_01_007,CENTRE_003,R01,7,Q038,C,4.0
CAND_003_01_007,CENTRE_003,R01,7,Q039,B,4.0
CAND_003_01_007,CENTRE_003,R01,7,Q040,A,4.0
CAND_003_01_007,CENTRE_003,R01,7,Q041,D,4.0
CAND_003_01_007,CENTRE_003,R01,7,Q042,C,4.0
CAND_003_01_007,CENTRE_003,R01,7,Q043,C,-1.0
CAND_003_01_007,CENTRE_003,R01,7,Q044,A,4.0
CAND_003_01_007,CENTRE_003,R01,7,Q045,D,4.0
CAND_003_01_007,CENTRE_003,R01,7,Q046,C,4.0
CAND_003_01_007,CENTRE_003,R01,7,Q047,C,-1.0
CAND_003_01_007,CENTRE_003,R01,7,Q048,A,4.0
CAND_003_01_007,CENTRE_003,R01,7,Q049,A,-1.0
CAND_003_01_007,CENTRE_003,R01,7,Q050,C,4.0
CAND_003_01_008,CENTRE_003,R01,8,Q001,D,4.0
CAND_003_01_008,CENTRE_003,R01,8,Q002,C,4.0
CAND_003_01_008,CENTRE_003,R01,8,Q003,B,4.0
CAND_003_01_008,CENTRE_003,R01,8,Q004,D,-1.0
CAND_003_01_008,CENTRE_003,R01,8,Q005,D,4.0
CAND_003_01_008,CENTRE_003,R01,8,Q006,C,4.0
CAND_003_01_008,CENTRE_003,R01,8,Q007,B,4.0
CAND_003_01_008,CENTRE_003,R01,8,Q008,A,4.0
CAND_003_01_008,CENTRE_003,R01,8,Q009,D,4.0
CAND_003_01_008,CENTRE_003,R01,8,Q010,C,4.0
CAND_003_01_008,CENTRE_003,R01,8,Q011,A,-1.0
CAND_003_01_008,CENTRE_003,R01,8,Q012,A,4.0
CAND_003_01_008,CENTRE_003,R01,8,Q013,D,4.0
CAND_003_01_008,CENTRE_003,R01,8,Q014,C,4.0
CAND_003_01_008,CENTRE_003,R01,8,Q015,B,4.0
CAND_003_01_008,CENTRE_003,R01,8,Q016,A,4.0
CAND_003_01_008,CENTRE_003,R01,8,Q017,D,4.0
CAND_003_01_008,CENTRE_003,R01,8,Q018,C,4.0
CAND_003_01_008,CENTRE_003,R01,8,Q019,B,4.0
CAND_003_01_008,CENTRE_003,R01,8,Q020,A,4.0
CAND_003_01_008,CENTRE_003,R01,8,Q021,A,-1.0
CAND_003_01_008,CENTRE_003,R01,8,Q022,C,4.0
CAND_003_01_008,CENTRE_003,R01,8,Q023,A,-1.0
CAND_003_01_008,CENTRE_003,R01,8,Q024,A,4.0
CAND_003_01_008,CENTRE_003,R01,8,Q025,A,-1.0
CAND_003_01_008,CENTRE_003,R01,8,Q026,C,4.0
CAND_003_01_008,CENTRE_003,R01,8,Q027,B,4.0
CAND_003_01_008,CENTRE_003,R01,8,Q028,A,4.0
CAND_003_01_008,CENTRE_003,R01,8,Q029,D,4.0
CAND_003_01_008,CENTRE_003,R01,8,Q030,C,4.0
CAND_003_01_008,CENTRE_003,R01,8,Q031,B,4.0
CAND_003_01_008,CENTRE_003,R01,8,Q032,A,4.0
CAND_003_01_008,CENTRE_003,R01,8,Q033,D,4.0
CAND_003_01_008,CENTRE_003,R01,8,Q034,C,4.0
CAND_003_01_008,CENTRE_003,R01,8,Q035,B,4.0
CAND_003_01_008,CENTRE_003,R01,8,Q036,A,4.0
CAND_003_01_008,CENTRE_003,R01,8,Q037,D,4.0
CAND_003_01_008,CENTRE_003,R01,8,Q038,C,4.0
CAND_003_01_008,CENTRE_003,R01,8,Q039,B,4.0
CAND_003_01_008,CENTRE_003,R01,8,Q040,A,4.0
CAND_003_01_008,CENTRE_003,R01,8,Q041,D,4.0
CAND_003_01_008,CENTRE_003,R01,8,Q042,C,4.0
CAND_003_01_008,CENTRE_003,R01,8,Q043,B,4.0
CAND_003_01_008,CENTRE_003,R01,8,Q044,D,-1.0
CAND_003_01_008,CENTRE_003,R01,8,Q045,D,4.0
CAND_003_01_008,CENTRE_003,R01,8,Q046,C,4.0
CAND_003_01_008,CENTRE_003,R01,8,Q047,,0.0
CAND_003_01_008,CENTRE_003,R01,8,Q048,A,4.0
CAND_003_01_008,CENTRE_003,R01,8,Q049,D,4.0
CAND_003_01_008,CENTRE_003,R01,8,Q050,C,4.0
CAND_003_01_009,CENTRE_003,R01,9,Q001,A,-1.0
CAND_003_01_009,CENTRE_003,R01,9,Q002,C,4.0
CAND_003_01_009,CENTRE_003,R01,9,Q003,B,4.0
CAND_003_01_009,CENTRE_003,R01,9,Q004,A,4.0
CAND_003_01_009,CENTRE_003,R01,9,Q005,D,4.0
CAND_003_01_009,CENTRE_003,R01,9,Q006,B,-1.0
CAND_003_01_009,CENTRE_003,R01,9,Q007,C,-1.0
CAND_003_01_009,CENTRE_003,R01,9,Q008,A,4.0
CAND_003_01_009,CENTRE_003,R01,9,Q009,D,4.0
CAND_003_01_009,CENTRE_003,R01,9,Q010,C,4.0
CAND_003_01_009,CENTRE_003,R01,9,Q011,B,4.0
CAND_003_01_009,CENTRE_003,R01,9,Q012,A,4.0
CAND_003_01_009,CENTRE_003,R01,9,Q013,D,4.0
CAND_003_01_009,CENTRE_003,R01,9,Q014,A,-1.0
CAND_003_01_009,CENTRE_003,R01,9,Q015,C,-1.0
CAND_003_01_009,CENTRE_003,R01,9,Q016,A,4.0
CAND_003_01_009,CENTRE_003,R01,9,Q017,D,4.0
CAND_003_01_009,CENTRE_003,R01,9,Q018,C,4.0
CAND_003_01_009,CENTRE_003,R01,9,Q019,B,4.0
CAND_003_01_009,CENTRE_003,R01,9,Q020,D,-1.0
CAND_003_01_009,CENTRE_003,R01,9,Q021,A,-1.0
CAND_003_01_009,CENTRE_003,R01,9,Q022,C,4.0
CAND_003_01_009,CENTRE_003,R01,9,Q023,B,4.0
CAND_003_01_009,CENTRE_003,R01,9,Q024,A,4.0
CAND_003_01_009,CENTRE_003,R01,9,Q025,D,4.0
CAND_003_01_009,CENTRE_003,R01,9,Q026,C,4.0
CAND_003_01_009,CENTRE_003,R01,9,Q027,D,-1.0
CAND_003_01_009,CENTRE_003,R01,9,Q028,A,4.0
CAND_003_01_009,CENTRE_003,R01,9,Q029,D,4.0
CAND_003_01_009,CENTRE_003,R01,9,Q030,C,4.0
CAND_003_01_009,CENTRE_003,R01,9,Q031,B,4.0
CAND_003_01_009,CENTRE_003,R01,9,Q032,A,4.0
CAND_003_01_009,CENTRE_003,R01,9,Q033,D,4.0
CAND_003_01_009,CENTRE_003,R01,9,Q034,C,4.0
CAND_003_01_009,CENTRE_003,R01,9,Q035,B,4.0
CAND_003_01_009,CENTRE_003,R01,9,Q036,,0.0
CAND_003_01_009,CENTRE_003,R01,9,Q037,D,4.0
CAND_003_01_009,CENTRE_003,R01,9,Q038,B,-1.0
CAND_003_01_009,CENTRE_003,R01,9,Q039,B,4.0
CAND_003_01_009,CENTRE_003,R01,9,Q040,A,4.0
CAND_003_01_009,CENTRE_003,R01,9,Q041,D,4.0
CAND_003_01_009,CENTRE_003,R01,9,Q042,C,4.0
CAND_003_01_009,CENTRE_003,R01,9,Q043,B,4.0
CAND_003_01_009,CENTRE_003,R01,9,Q044,D,-1.0
CAND_003_01_009,CENTRE_003,R01,9,Q045,D,4.0
CAND_003_01_009,CENTRE_003,R01,9,Q046,C,4.0
CAND_003_01_009,CENTRE_003,R01,9,Q047,B,4.0
CAND_003_01_009,CENTRE_003,R01,9,Q048,A,4.0
CAND_003_01_009,CENTRE_003,R01,9,Q049,D,4.0
CAND_003_01_009,CENTRE_003,R01,9,Q050,C,4.0
CAND_003_01_010,CENTRE_003,R01,10,Q001,D,4.0
CAND_003_01_010,CENTRE_003,R01,10,Q002,C,4.0
CAND_003_01_010,CENTRE_003,R01,10,Q003,C,-1.0
CAND_003_01_010,CENTRE_003,R01,10,Q004,A,4.0
CAND_003_01_010,CENTRE_003,R01,10,Q005,D,4.0
CAND_003_01_010,CENTRE_003,R01,10,Q006,C,4.0
CAND_003_01_010,CENTRE_003,R01,10,Q007,B,4.0
CAND_003_01_010,CENTRE_003,R01,10,Q008,A,4.0
CAND_003_01_010,CENTRE_003,R01,10,Q009,D,4.0
CAND_003_01_010,CENTRE_003,R01,10,Q010,C,4.0
CAND_003_01_010,CENTRE_003,R01,10,Q011,D,-1.0
CAND_003_01_010,CENTRE_003,R01,10,Q012,A,4.0
CAND_003_01_010,CENTRE_003,R01,10,Q013,D,4.0
CAND_003_01_010,CENTRE_003,R01,10,Q014,C,4.0
CAND_003_01_010,CENTRE_003,R01,10,Q015,B,4.0
CAND_003_01_010,CENTRE_003,R01,10,Q016,A,4.0
CAND_003_01_010,CENTRE_003,R01,10,Q017,D,4.0
CAND_003_01_010,CENTRE_003,R01,10,Q018,C,4.0
CAND_003_01_010,CENTRE_003,R01,10,Q019,B,4.0
CAND_003_01_010,CENTRE_003,R01,10,Q020,A,4.0
CAND_003_01_010,CENTRE_003,R01,10,Q021,B,-1.0
CAND_003_01_010,CENTRE_003,R01,10,Q022,C,4.0
CAND_003_01_010,CENTRE_003,R01,10,Q023,B,4.0
CAND_003_01_010,CENTRE_003,R01,10,Q024,A,4.0
CAND_003_01_010,CENTRE_003,R01,10,Q025,D,4.0
CAND_003_01_010,CENTRE_003,R01,10,Q026,C,4.0
CAND_003_01_010,CENTRE_003,R01,10,Q027,B,4.0
CAND_003_01_010,CENTRE_003,R01,10,Q028,D,-1.0
CAND_003_01_010,CENTRE_003,R01,10,Q029,D,4.0
CAND_003_01_010,CENTRE_003,R01,10,Q030,C,4.0
CAND_003_01_010,CENTRE_003,R01,10,Q031,B,4.0
CAND_003_01_010,CENTRE_003,R01,10,Q032,A,4.0
CAND_003_01_010,CENTRE_003,R01,10,Q033,D,4.0
CAND_003_01_010,CENTRE_003,R01,10,Q034,C,4.0
CAND_003_01_010,CENTRE_003,R01,10,Q035,B,4.0
CAND_003_01_010,CENTRE_003,R01,10,Q036,A,4.0
CAND_003_01_010,CENTRE_003,R01,10,Q037,B,-1.0
CAND_003_01_010,CENTRE_003,R01,10,Q038,C,4.0
CAND_003_01_010,CENTRE_003,R01,10,Q039,B,4.0
CAND_003_01_010,CENTRE_003,R01,10,Q040,A,4.0
CAND_003_01_010,CENTRE_003,R01,10,Q041,D,4.0
CAND_003_01_010,CENTRE_003,R01,10,Q042,C,4.0
CAND_003_01_010,CENTRE_003,R01,10,Q043,B,4.0
CAND_003_01_010,CENTRE_003,R01,10,Q044,A,4.0
CAND_003_01_010,CENTRE_003,R01,10,Q045,D,4.0
CAND_003_01_010,CENTRE_003,R01,10,Q046,C,4.0
CAND_003_01_010,CENTRE_003,R01,10,Q047,B,4.0
CAND_003_01_010,CENTRE_003,R01,10,Q048,A,4.0
CAND_003_01_010,CENTRE_003,R01,10,Q049,D,4.0
CAND_003_01_010,CENTRE_003,R01,10,Q050,A,-1.0
CAND_003_01_011,CENTRE_003,R01,11,Q001,D,4.0
CAND_003_01_011,CENTRE_003,R01,11,Q002,C,4.0
CAND_003_01_011,CENTRE_003,R01,11,Q003,B,4.0
CAND_003_01_011,CENTRE_003,R01,11,Q004,A,4.0
CAND_003_01_011,CENTRE_003,R01,11,Q005,D,4.0
CAND_003_01_011,CENTRE_003,R01,11,Q006,C,4.0
CAND_003_01_011,CENTRE_003,R01,11,Q007,B,4.0
CAND_003_01_011,CENTRE_003,R01,11,Q008,A,4.0
CAND_003_01_011,CENTRE_003,R01,11,Q009,D,4.0
CAND_003_01_011,CENTRE_003,R01,11,Q010,C,4.0
CAND_003_01_011,CENTRE_003,R01,11,Q011,B,4.0
CAND_003_01_011,CENTRE_003,R01,11,Q012,A,4.0
CAND_003_01_011,CENTRE_003,R01,11,Q013,D,4.0
CAND_003_01_011,CENTRE_003,R01,11,Q014,C,4.0
CAND_003_01_011,CENTRE_003,R01,11,Q015,B,4.0
CAND_003_01_011,CENTRE_003,R01,11,Q016,A,4.0
CAND_003_01_011,CENTRE_003,R01,11,Q017,A,-1.0
CAND_003_01_011,CENTRE_003,R01,11,Q018,C,4.0
CAND_003_01_011,CENTRE_003,R01,11,Q019,B,4.0
CAND_003_01_011,CENTRE_003,R01,11,Q020,A,4.0
CAND_003_01_011,CENTRE_003,R01,11,Q021,D,4.0
CAND_003_01_011,CENTRE_003,R01,11,Q022,C,4.0
CAND_003_01_011,CENTRE_003,R01,11,Q023,A,-1.0
CAND_003_01_011,CENTRE_003,R01,11,Q024,A,4.0
CAND_003_01_011,CENTRE_003,R01,11,Q025,D,4.0
CAND_003_01_011,CENTRE_003,R01,11,Q026,,0.0
CAND_003_01_011,CENTRE_003,R01,11,Q027,B,4.0
CAND_003_01_011,CENTRE_003,R01,11,Q028,A,4.0
CAND_003_01_011,CENTRE_003,R01,11,Q029,D,4.0
CAND_003_01_011,CENTRE_003,R01,11,Q030,C,4.0
CAND_003_01_011,CENTRE_003,R01,11,Q031,A,-1.0
CAND_003_01_011,CENTRE_003,R01,11,Q032,A,4.0
CAND_003_01_011,CENTRE_003,R01,11,Q033,D,4.0
CAND_003_01_011,CENTRE_003,R01,11,Q034,C,4.0
CAND_003_01_011,CENTRE_003,R01,11,Q035,B,4.0
CAND_003_01_011,CENTRE_003,R01,11,Q036,A,4.0
CAND_003_01_011,CENTRE_003,R01,11,Q037,D,4.0
CAND_003_01_011,CENTRE_003,R01,11,Q038,C,4.0
CAND_003_01_011,CENTRE_003,R01,11,Q039,B,4.0
CAND_003_01_011,CENTRE_003,R01,11,Q040,A,4.0
CAND_003_01_011,CENTRE_003,R01,11,Q041,A,-1.0
CAND_003_01_011,CENTRE_003,R01,11,Q042,C,4.0
CAND_003_01_011,CENTRE_003,R01,11,Q043,B,4.0
CAND_003_01_011,CENTRE_003,R01,11,Q044,A,4.0
CAND_003_01_011,CENTRE_003,R01,11,Q045,D,4.0
CAND_003_01_011,CENTRE_003,R01,11,Q046,A,-1.0
CAND_003_01_011,CENTRE_003,R01,11,Q047,B,4.0
CAND_003_01_011,CENTRE_003,R01,11,Q048,A,4.0
CAND_003_01_011,CENTRE_003,R01,11,Q049,A,-1.0
CAND_003_01_011,CENTRE_003,R01,11,Q050,C,4.0
CAND_003_01_012,CENTRE_003,R01,12,Q001,C,-1.0
CAND_003_01_012,CENTRE_003,R01,12,Q002,A,-1.0
CAND_003_01_012,CENTRE_003,R01,12,Q003,B,4.0
CAND_003_01_012,CENTRE_003,R01,12,Q004,A,4.0
CAND_003_01_012,CENTRE_003,R01,12,Q005,D,4.0
CAND_003_01_012,CENTRE_003,R01,12,Q006,C,4.0
CAND_003_01_012,CENTRE_003,R01,12,Q007,B,4.0
CAND_003_01_012,CENTRE_003,R01,12,Q008,C,-1.0
CAND_003_01_012,CENTRE_003,R01,12,Q009,D,4.0
CAND_003_01_012,CENTRE_003,R01,12,Q010,C,4.0
CAND_003_01_012,CENTRE_003,R01,12,Q011,B,4.0
CAND_003_01_012,CENTRE_003,R01,12,Q012,A,4.0
CAND_003_01_012,CENTRE_003,R01,12,Q013,D,4.0
CAND_003_01_012,CENTRE_003,R01,12,Q014,C,4.0
CAND_003_01_012,CENTRE_003,R01,12,Q015,B,4.0
CAND_003_01_012,CENTRE_003,R01,12,Q016,A,4.0
CAND_003_01_012,CENTRE_003,R01,12,Q017,D,4.0
CAND_003_01_012,CENTRE_003,R01,12,Q018,A,-1.0
CAND_003_01_012,CENTRE_003,R01,12,Q019,B,4.0
CAND_003_01_012,CENTRE_003,R01,12,Q020,B,-1.0
CAND_003_01_012,CENTRE_003,R01,12,Q021,D,4.0
CAND_003_01_012,CENTRE_003,R01,12,Q022,C,4.0
CAND_003_01_012,CENTRE_003,R01,12,Q023,C,-1.0
CAND_003_01_012,CENTRE_003,R01,12,Q024,A,4.0
CAND_003_01_012,CENTRE_003,R01,12,Q025,D,4.0
CAND_003_01_012,CENTRE_003,R01,12,Q026,C,4.0
CAND_003_01_012,CENTRE_003,R01,12,Q027,B,4.0
CAND_003_01_012,CENTRE_003,R01,12,Q028,A,4.0
CAND_003_01_012,CENTRE_003,R01,12,Q029,D,4.0
CAND_003_01_012,CENTRE_003,R01,12,Q030,C,4.0
CAND_003_01_012,CENTRE_003,R01,12,Q031,B,4.0
CAND_003_01_012,CENTRE_003,R01,12,Q032,A,4.0
CAND_003_01_012,CENTRE_003,R01,12,Q033,D,4.0
CAND_003_01_012,CENTRE_003,R01,12,Q034,C,4.0
CAND_003_01_012,CENTRE_003,R01,12,Q035,B,4.0
CAND_003_01_012,CENTRE_003,R01,12,Q036,A,4.0
CAND_003_01_012,CENTRE_003,R01,12,Q037,D,4.0
CAND_003_01_012,CENTRE_003,R01,12,Q038,C,4.0
CAND_003_01_012,CENTRE_003,R01,12,Q039,B,4.0
CAND_003_01_012,CENTRE_003,R01,12,Q040,A,4.0
CAND_003_01_012,CENTRE_003,R01,12,Q041,D,4.0
CAND_003_01_012,CENTRE_003,R01,12,Q042,D,-1.0
CAND_003_01_012,CENTRE_003,R01,12,Q043,B,4.0
CAND_003_01_012,CENTRE_003,R01,12,Q044,A,4.0
CAND_003_01_012,CENTRE_003,R01,12,Q045,D,4.0
CAND_003_01_012,CENTRE_003,R01,12,Q046,,0.0
CAND_003_01_012,CENTRE_003,R01,12,Q047,B,4.0
CAND_003_01_012,CENTRE_003,R01,12,Q048,A,4.0
CAND_003_01_012,CENTRE_003,R01,12,Q049,D,4.0
CAND_003_01_012,CENTRE_003,R01,12,Q050,C,4.0
CAND_003_01_013,CENTRE_003,R01,13,Q001,C,-1.0
CAND_003_01_013,CENTRE_003,R01,13,Q002,A,-1.0
CAND_003_01_013,CENTRE_003,R01,13,Q003,B,4.0
CAND_003_01_013,CENTRE_003,R01,13,Q004,A,4.0
CAND_003_01_013,CENTRE_003,R01,13,Q005,D,4.0
CAND_003_01_013,CENTRE_003,R01,13,Q006,C,4.0
CAND_003_01_013,CENTRE_003,R01,13,Q007,D,-1.0
CAND_003_01_013,CENTRE_003,R01,13,Q008,C,-1.0
CAND_003_01_013,CENTRE_003,R01,13,Q009,D,4.0
CAND_003_01_013,CENTRE_003,R01,13,Q010,C,4.0
CAND_003_01_013,CENTRE_003,R01,13,Q011,B,4.0
CAND_003_01_013,CENTRE_003,R01,13,Q012,A,4.0
CAND_003_01_013,CENTRE_003,R01,13,Q013,D,4.0
CAND_003_01_013,CENTRE_003,R01,13,Q014,C,4.0
CAND_003_01_013,CENTRE_003,R01,13,Q015,B,4.0
CAND_003_01_013,CENTRE_003,R01,13,Q016,A,4.0
CAND_003_01_013,CENTRE_003,R01,13,Q017,D,4.0
CAND_003_01_013,CENTRE_003,R01,13,Q018,A,-1.0
CAND_003_01_013,CENTRE_003,R01,13,Q019,B,4.0
CAND_003_01_013,CENTRE_003,R01,13,Q020,B,-1.0
CAND_003_01_013,CENTRE_003,R01,13,Q021,D,4.0
CAND_003_01_013,CENTRE_003,R01,13,Q022,C,4.0
CAND_003_01_013,CENTRE_003,R01,13,Q023,C,-1.0
CAND_003_01_013,CENTRE_003,R01,13,Q024,A,4.0
CAND_003_01_013,CENTRE_003,R01,13,Q025,D,4.0
CAND_003_01_013,CENTRE_003,R01,13,Q026,C,4.0
CAND_003_01_013,CENTRE_003,R01,13,Q027,B,4.0
CAND_003_01_013,CENTRE_003,R01,13,Q028,A,4.0
CAND_003_01_013,CENTRE_003,R01,13,Q029,D,4.0
CAND_003_01_013,CENTRE_003,R01,13,Q030,C,4.0
CAND_003_01_013,CENTRE_003,R01,13,Q031,B,4.0
CAND_003_01_013,CENTRE_003,R01,13,Q032,A,4.0
CAND_003_01_013,CENTRE_003,R01,13,Q033,D,4.0
CAND_003_01_013,CENTRE_003,R01,13,Q034,C,4.0
CAND_003_01_013,CENTRE_003,R01,13,Q035,B,4.0
CAND_003_01_013,CENTRE_003,R01,13,Q036,A,4.0
CAND_003_01_013,CENTRE_003,R01,13,Q037,D,4.0
CAND_003_01_013,CENTRE_003,R01,13,Q038,C,4.0
CAND_003_01_013,CENTRE_003,R01,13,Q039,B,4.0
CAND_003_01_013,CENTRE_003,R01,13,Q040,A,4.0
CAND_003_01_013,CENTRE_003,R01,13,Q041,D,4.0
CAND_003_01_013,CENTRE_003,R01,13,Q042,D,-1.0
CAND_003_01_013,CENTRE_003,R01,13,Q043,B,4.0
CAND_003_01_013,CENTRE_003,R01,13,Q044,A,4.0
CAND_003_01_013,CENTRE_003,R01,13,Q045,D,4.0
CAND_003_01_013,CENTRE_003,R01,13,Q046,,0.0
CAND_003_01_013,CENTRE_003,R01,13,Q047,B,4.0
CAND_003_01_013,CENTRE_003,R01,13,Q048,A,4.0
CAND_003_01_013,CENTRE_003,R01,13,Q049,D,4.0
CAND_003_01_013,CENTRE_003,R01,13,Q050,C,4.0
CAND_003_01_014,CENTRE_003,R01,14,Q001,B,-1.0
CAND_003_01_014,CENTRE_003,R01,14,Q002,C,4.0
CAND_003_01_014,CENTRE_003,R01,14,Q003,B,4.0
CAND_003_01_014,CENTRE_003,R01,14,Q004,C,-1.0
CAND_003_01_014,CENTRE_003,R01,14,Q005,B,-1.0
CAND_003_01_014,CENTRE_003,R01,14,Q006,C,4.0
CAND_003_01_014,CENTRE_003,R01,14,Q007,B,4.0
CAND_003_01_014,CENTRE_003,R01,14,Q008,A,4.0
CAND_003_01_014,CENTRE_003,R01,14,Q009,D,4.0
CAND_003_01_014,CENTRE_003,R01,14,Q010,B,-1.0
CAND_003_01_014,CENTRE_003,R01,14,Q011,B,4.0
CAND_003_01_014,CENTRE_003,R01,14,Q012,A,4.0
CAND_003_01_014,CENTRE_003,R01,14,Q013,D,4.0
CAND_003_01_014,CENTRE_003,R01,14,Q014,C,4.0
CAND_003_01_014,CENTRE_003,R01,14,Q015,B,4.0
CAND_003_01_014,CENTRE_003,R01,14,Q016,A,4.0
CAND_003_01_014,CENTRE_003,R01,14,Q017,D,4.0
CAND_003_01_014,CENTRE_003,R01,14,Q018,C,4.0
CAND_003_01_014,CENTRE_003,R01,14,Q019,A,-1.0
CAND_003_01_014,CENTRE_003,R01,14,Q020,A,4.0
CAND_003_01_014,CENTRE_003,R01,14,Q021,D,4.0
CAND_003_01_014,CENTRE_003,R01,14,Q022,C,4.0
CAND_003_01_014,CENTRE_003,R01,14,Q023,B,4.0
CAND_003_01_014,CENTRE_003,R01,14,Q024,A,4.0
CAND_003_01_014,CENTRE_003,R01,14,Q025,D,4.0
CAND_003_01_014,CENTRE_003,R01,14,Q026,A,-1.0
CAND_003_01_014,CENTRE_003,R01,14,Q027,B,4.0
CAND_003_01_014,CENTRE_003,R01,14,Q028,A,4.0
CAND_003_01_014,CENTRE_003,R01,14,Q029,D,4.0
CAND_003_01_014,CENTRE_003,R01,14,Q030,C,4.0
CAND_003_01_014,CENTRE_003,R01,14,Q031,A,-1.0
CAND_003_01_014,CENTRE_003,R01,14,Q032,A,4.0
CAND_003_01_014,CENTRE_003,R01,14,Q033,D,4.0
CAND_003_01_014,CENTRE_003,R01,14,Q034,C,4.0
CAND_003_01_014,CENTRE_003,R01,14,Q035,B,4.0
CAND_003_01_014,CENTRE_003,R01,14,Q036,A,4.0
CAND_003_01_014,CENTRE_003,R01,14,Q037,D,4.0
CAND_003_01_014,CENTRE_003,R01,14,Q038,C,4.0
CAND_003_01_014,CENTRE_003,R01,14,Q039,B,4.0
CAND_003_01_014,CENTRE_003,R01,14,Q040,A,4.0
CAND_003_01_014,CENTRE_003,R01,14,Q041,D,4.0
CAND_003_01_014,CENTRE_003,R01,14,Q042,B,-1.0
CAND_003_01_014,CENTRE_003,R01,14,Q043,B,4.0
CAND_003_01_014,CENTRE_003,R01,14,Q044,A,4.0
CAND_003_01_014,CENTRE_003,R01,14,Q045,D,4.0
CAND_003_01_014,CENTRE_003,R01,14,Q046,C,4.0
CAND_003_01_014,CENTRE_003,R01,14,Q047,B,4.0
CAND_003_01_014,CENTRE_003,R01,14,Q048,A,4.0
CAND_003_01_014,CENTRE_003,R01,14,Q049,D,4.0
CAND_003_01_014,CENTRE_003,R01,14,Q050,C,4.0
CAND_003_01_015,CENTRE_003,R01,15,Q001,D,4.0
CAND_003_01_015,CENTRE_003,R01,15,Q002,C,4.0
CAND_003_01_015,CENTRE_003,R01,15,Q003,B,4.0
CAND_003_01_015,CENTRE_003,R01,15,Q004,A,4.0
CAND_003_01_015,CENTRE_003,R01,15,Q005,D,4.0
CAND_003_01_015,CENTRE_003,R01,15,Q006,C,4.0
CAND_003_01_015,CENTRE_003,R01,15,Q007,B,4.0
CAND_003_01_015,CENTRE_003,R01,15,Q008,A,4.0
CAND_003_01_015,CENTRE_003,R01,15,Q009,D,4.0
CAND_003_01_015,CENTRE_003,R01,15,Q010,C,4.0
CAND_003_01_015,CENTRE_003,R01,15,Q011,B,4.0
CAND_003_01_015,CENTRE_003,R01,15,Q012,A,4.0
CAND_003_01_015,CENTRE_003,R01,15,Q013,D,4.0
CAND_003_01_015,CENTRE_003,R01,15,Q014,C,4.0
CAND_003_01_015,CENTRE_003,R01,15,Q015,B,4.0
CAND_003_01_015,CENTRE_003,R01,15,Q016,A,4.0
CAND_003_01_015,CENTRE_003,R01,15,Q017,C,-1.0
CAND_003_01_015,CENTRE_003,R01,15,Q018,C,4.0
CAND_003_01_015,CENTRE_003,R01,15,Q019,B,4.0
CAND_003_01_015,CENTRE_003,R01,15,Q020,A,4.0
CAND_003_01_015,CENTRE_003,R01,15,Q021,D,4.0
CAND_003_01_015,CENTRE_003,R01,15,Q022,B,-1.0
CAND_003_01_015,CENTRE_003,R01,15,Q023,C,-1.0
CAND_003_01_015,CENTRE_003,R01,15,Q024,A,4.0
CAND_003_01_015,CENTRE_003,R01,15,Q025,D,4.0
CAND_003_01_015,CENTRE_003,R01,15,Q026,C,4.0
CAND_003_01_015,CENTRE_003,R01,15,Q027,B,4.0
CAND_003_01_015,CENTRE_003,R01,15,Q028,A,4.0
CAND_003_01_015,CENTRE_003,R01,15,Q029,D,4.0
CAND_003_01_015,CENTRE_003,R01,15,Q030,C,4.0
CAND_003_01_015,CENTRE_003,R01,15,Q031,B,4.0
CAND_003_01_015,CENTRE_003,R01,15,Q032,A,4.0
CAND_003_01_015,CENTRE_003,R01,15,Q033,D,4.0
CAND_003_01_015,CENTRE_003,R01,15,Q034,C,4.0
CAND_003_01_015,CENTRE_003,R01,15,Q035,B,4.0
CAND_003_01_015,CENTRE_003,R01,15,Q036,A,4.0
CAND_003_01_015,CENTRE_003,R01,15,Q037,D,4.0
CAND_003_01_015,CENTRE_003,R01,15,Q038,C,4.0
CAND_003_01_015,CENTRE_003,R01,15,Q039,B,4.0
CAND_003_01_015,CENTRE_003,R01,15,Q040,A,4.0
CAND_003_01_015,CENTRE_003,R01,15,Q041,C,-1.0
CAND_003_01_015,CENTRE_003,R01,15,Q042,C,4.0
CAND_003_01_015,CENTRE_003,R01,15,Q043,B,4.0
CAND_003_01_015,CENTRE_003,R01,15,Q044,A,4.0
CAND_003_01_015,CENTRE_003,R01,15,Q045,D,4.0
CAND_003_01_015,CENTRE_003,R01,15,Q046,C,4.0
CAND_003_01_015,CENTRE_003,R01,15,Q047,B,4.0
CAND_003_01_015,CENTRE_003,R01,15,Q048,A,4.0
CAND_003_01_015,CENTRE_003,R01,15,Q049,D,4.0
CAND_003_01_015,CENTRE_003,R01,15,Q050,C,4.0
CAND_003_01_016,CENTRE_003,R01,16,Q001,D,4.0
CAND_003_01_016,CENTRE_003,R01,16,Q002,C,4.0
CAND_003_01_016,CENTRE_003,R01,16,Q003,B,4.0
CAND_003_01_016,CENTRE_003,R01,16,Q004,A,4.0
CAND_003_01_016,CENTRE_003,R01,16,Q005,D,4.0
CAND_003_01_016,CENTRE_003,R01,16,Q006,C,4.0
CAND_003_01_016,CENTRE_003,R01,16,Q007,B,4.0
CAND_003_01_016,CENTRE_003,R01,16,Q008,A,4.0
CAND_003_01_016,CENTRE_003,R01,16,Q009,D,4.0
CAND_003_01_016,CENTRE_003,R01,16,Q010,C,4.0
CAND_003_01_016,CENTRE_003,R01,16,Q011,C,-1.0
CAND_003_01_016,CENTRE_003,R01,16,Q012,A,4.0
CAND_003_01_016,CENTRE_003,R01,16,Q013,C,-1.0
CAND_003_01_016,CENTRE_003,R01,16,Q014,C,4.0
CAND_003_01_016,CENTRE_003,R01,16,Q015,B,4.0
CAND_003_01_016,CENTRE_003,R01,16,Q016,A,4.0
CAND_003_01_016,CENTRE_003,R01,16,Q017,D,4.0
CAND_003_01_016,CENTRE_003,R01,16,Q018,C,4.0
CAND_003_01_016,CENTRE_003,R01,16,Q019,B,4.0
CAND_003_01_016,CENTRE_003,R01,16,Q020,A,4.0
CAND_003_01_016,CENTRE_003,R01,16,Q021,D,4.0
CAND_003_01_016,CENTRE_003,R01,16,Q022,C,4.0
CAND_003_01_016,CENTRE_003,R01,16,Q023,B,4.0
CAND_003_01_016,CENTRE_003,R01,16,Q024,B,-1.0
CAND_003_01_016,CENTRE_003,R01,16,Q025,D,4.0
CAND_003_01_016,CENTRE_003,R01,16,Q026,A,-1.0
CAND_003_01_016,CENTRE_003,R01,16,Q027,B,4.0
CAND_003_01_016,CENTRE_003,R01,16,Q028,A,4.0
CAND_003_01_016,CENTRE_003,R01,16,Q029,,0.0
CAND_003_01_016,CENTRE_003,R01,16,Q030,D,-1.0
CAND_003_01_016,CENTRE_003,R01,16,Q031,B,4.0
CAND_003_01_016,CENTRE_003,R01,16,Q032,A,4.0
CAND_003_01_016,CENTRE_003,R01,16,Q033,D,4.0
CAND_003_01_016,CENTRE_003,R01,16,Q034,C,4.0
CAND_003_01_016,CENTRE_003,R01,16,Q035,B,4.0
CAND_003_01_016,CENTRE_003,R01,16,Q036,A,4.0
CAND_003_01_016,CENTRE_003,R01,16,Q037,D,4.0
CAND_003_01_016,CENTRE_003,R01,16,Q038,C,4.0
CAND_003_01_016,CENTRE_003,R01,16,Q039,A,-1.0
CAND_003_01_016,CENTRE_003,R01,16,Q040,A,4.0
CAND_003_01_016,CENTRE_003,R01,16,Q041,D,4.0
CAND_003_01_016,CENTRE_003,R01,16,Q042,C,4.0
CAND_003_01_016,CENTRE_003,R01,16,Q043,B,4.0
CAND_003_01_016,CENTRE_003,R01,16,Q044,A,4.0
CAND_003_01_016,CENTRE_003,R01,16,Q045,D,4.0
CAND_003_01_016,CENTRE_003,R01,16,Q046,C,4.0
CAND_003_01_016,CENTRE_003,R01,16,Q047,B,4.0
CAND_003_01_016,CENTRE_003,R01,16,Q048,A,4.0
CAND_003_01_016,CENTRE_003,R01,16,Q049,D,4.0
CAND_003_01_016,CENTRE_003,R01,16,Q050,C,4.0
CAND_003_01_017,CENTRE_003,R01,17,Q001,D,4.0
CAND_003_01_017,CENTRE_003,R01,17,Q002,C,4.0
CAND_003_01_017,CENTRE_003,R01,17,Q003,D,-1.0
CAND_003_01_017,CENTRE_003,R01,17,Q004,A,4.0
CAND_003_01_017,CENTRE_003,R01,17,Q005,C,-1.0
CAND_003_01_017,CENTRE_003,R01,17,Q006,C,4.0
CAND_003_01_017,CENTRE_003,R01,17,Q007,B,4.0
CAND_003_01_017,CENTRE_003,R01,17,Q008,C,-1.0
CAND_003_01_017,CENTRE_003,R01,17,Q009,D,4.0
CAND_003_01_017,CENTRE_003,R01,17,Q010,C,4.0
CAND_003_01_017,CENTRE_003,R01,17,Q011,B,4.0
CAND_003_01_017,CENTRE_003,R01,17,Q012,B,-1.0
CAND_003_01_017,CENTRE_003,R01,17,Q013,D,4.0
CAND_003_01_017,CENTRE_003,R01,17,Q014,C,4.0
CAND_003_01_017,CENTRE_003,R01,17,Q015,B,4.0
CAND_003_01_017,CENTRE_003,R01,17,Q016,A,4.0
CAND_003_01_017,CENTRE_003,R01,17,Q017,D,4.0
CAND_003_01_017,CENTRE_003,R01,17,Q018,C,4.0
CAND_003_01_017,CENTRE_003,R01,17,Q019,B,4.0
CAND_003_01_017,CENTRE_003,R01,17,Q020,D,-1.0
CAND_003_01_017,CENTRE_003,R01,17,Q021,D,4.0
CAND_003_01_017,CENTRE_003,R01,17,Q022,C,4.0
CAND_003_01_017,CENTRE_003,R01,17,Q023,B,4.0
CAND_003_01_017,CENTRE_003,R01,17,Q024,A,4.0
CAND_003_01_017,CENTRE_003,R01,17,Q025,D,4.0
CAND_003_01_017,CENTRE_003,R01,17,Q026,C,4.0
CAND_003_01_017,CENTRE_003,R01,17,Q027,B,4.0
CAND_003_01_017,CENTRE_003,R01,17,Q028,A,4.0
CAND_003_01_017,CENTRE_003,R01,17,Q029,D,4.0
CAND_003_01_017,CENTRE_003,R01,17,Q030,C,4.0
CAND_003_01_017,CENTRE_003,R01,17,Q031,B,4.0
CAND_003_01_017,CENTRE_003,R01,17,Q032,A,4.0
CAND_003_01_017,CENTRE_003,R01,17,Q033,D,4.0
CAND_003_01_017,CENTRE_003,R01,17,Q034,B,-1.0
CAND_003_01_017,CENTRE_003,R01,17,Q035,B,4.0
CAND_003_01_017,CENTRE_003,R01,17,Q036,A,4.0
CAND_003_01_017,CENTRE_003,R01,17,Q037,D,4.0
CAND_003_01_017,CENTRE_003,R01,17,Q038,C,4.0
CAND_003_01_017,CENTRE_003,R01,17,Q039,B,4.0
CAND_003_01_017,CENTRE_003,R01,17,Q040,A,4.0
CAND_003_01_017,CENTRE_003,R01,17,Q041,A,-1.0
CAND_003_01_017,CENTRE_003,R01,17,Q042,A,-1.0
CAND_003_01_017,CENTRE_003,R01,17,Q043,B,4.0
CAND_003_01_017,CENTRE_003,R01,17,Q044,A,4.0
CAND_003_01_017,CENTRE_003,R01,17,Q045,C,-1.0
CAND_003_01_017,CENTRE_003,R01,17,Q046,C,4.0
CAND_003_01_017,CENTRE_003,R01,17,Q047,B,4.0
CAND_003_01_017,CENTRE_003,R01,17,Q048,B,-1.0
CAND_003_01_017,CENTRE_003,R01,17,Q049,D,4.0
CAND_003_01_017,CENTRE_003,R01,17,Q050,C,4.0
CAND_003_01_018,CENTRE_003,R01,18,Q001,D,4.0
CAND_003_01_018,CENTRE_003,R01,18,Q002,C,4.0
CAND_003_01_018,CENTRE_003,R01,18,Q003,B,4.0
CAND_003_01_018,CENTRE_003,R01,18,Q004,A,4.0
CAND_003_01_018,CENTRE_003,R01,18,Q005,D,4.0
CAND_003_01_018,CENTRE_003,R01,18,Q006,C,4.0
CAND_003_01_018,CENTRE_003,R01,18,Q007,A,-1.0
CAND_003_01_018,CENTRE_003,R01,18,Q008,A,4.0
CAND_003_01_018,CENTRE_003,R01,18,Q009,D,4.0
CAND_003_01_018,CENTRE_003,R01,18,Q010,C,4.0
CAND_003_01_018,CENTRE_003,R01,18,Q011,B,4.0
CAND_003_01_018,CENTRE_003,R01,18,Q012,A,4.0
CAND_003_01_018,CENTRE_003,R01,18,Q013,D,4.0
CAND_003_01_018,CENTRE_003,R01,18,Q014,C,4.0
CAND_003_01_018,CENTRE_003,R01,18,Q015,B,4.0
CAND_003_01_018,CENTRE_003,R01,18,Q016,A,4.0
CAND_003_01_018,CENTRE_003,R01,18,Q017,B,-1.0
CAND_003_01_018,CENTRE_003,R01,18,Q018,C,4.0
CAND_003_01_018,CENTRE_003,R01,18,Q019,A,-1.0
CAND_003_01_018,CENTRE_003,R01,18,Q020,A,4.0
CAND_003_01_018,CENTRE_003,R01,18,Q021,D,4.0
CAND_003_01_018,CENTRE_003,R01,18,Q022,C,4.0
CAND_003_01_018,CENTRE_003,R01,18,Q023,B,4.0
CAND_003_01_018,CENTRE_003,R01,18,Q024,A,4.0
CAND_003_01_018,CENTRE_003,R01,18,Q025,B,-1.0
CAND_003_01_018,CENTRE_003,R01,18,Q026,C,4.0
CAND_003_01_018,CENTRE_003,R01,18,Q027,B,4.0
CAND_003_01_018,CENTRE_003,R01,18,Q028,D,-1.0
CAND_003_01_018,CENTRE_003,R01,18,Q029,D,4.0
CAND_003_01_018,CENTRE_003,R01,18,Q030,C,4.0
CAND_003_01_018,CENTRE_003,R01,18,Q031,B,4.0
CAND_003_01_018,CENTRE_003,R01,18,Q032,A,4.0
CAND_003_01_018,CENTRE_003,R01,18,Q033,D,4.0
CAND_003_01_018,CENTRE_003,R01,18,Q034,C,4.0
CAND_003_01_018,CENTRE_003,R01,18,Q035,B,4.0
CAND_003_01_018,CENTRE_003,R01,18,Q036,A,4.0
CAND_003_01_018,CENTRE_003,R01,18,Q037,D,4.0
CAND_003_01_018,CENTRE_003,R01,18,Q038,C,4.0
CAND_003_01_018,CENTRE_003,R01,18,Q039,B,4.0
CAND_003_01_018,CENTRE_003,R01,18,Q040,A,4.0
CAND_003_01_018,CENTRE_003,R01,18,Q041,D,4.0
CAND_003_01_018,CENTRE_003,R01,18,Q042,C,4.0
CAND_003_01_018,CENTRE_003,R01,18,Q043,B,4.0
CAND_003_01_018,CENTRE_003,R01,18,Q044,A,4.0
CAND_003_01_018,CENTRE_003,R01,18,Q045,C,-1.0
CAND_003_01_018,CENTRE_003,R01,18,Q046,C,4.0
CAND_003_01_018,CENTRE_003,R01,18,Q047,B,4.0
CAND_003_01_018,CENTRE_003,R01,18,Q048,A,4.0
CAND_003_01_018,CENTRE_003,R01,18,Q049,D,4.0
CAND_003_01_018,CENTRE_003,R01,18,Q050,C,4.0
CAND_003_01_019,CENTRE_003,R01,19,Q001,D,4.0
CAND_003_01_019,CENTRE_003,R01,19,Q002,C,4.0
CAND_003_01_019,CENTRE_003,R01,19,Q003,B,4.0
CAND_003_01_019,CENTRE_003,R01,19,Q004,A,4.0
CAND_003_01_019,CENTRE_003,R01,19,Q005,D,4.0
CAND_003_01_019,CENTRE_003,R01,19,Q006,D,-1.0
CAND_003_01_019,CENTRE_003,R01,19,Q007,B,4.0
CAND_003_01_019,CENTRE_003,R01,19,Q008,A,4.0
CAND_003_01_019,CENTRE_003,R01,19,Q009,D,4.0
CAND_003_01_019,CENTRE_003,R01,19,Q010,C,4.0
CAND_003_01_019,CENTRE_003,R01,19,Q011,B,4.0
CAND_003_01_019,CENTRE_003,R01,19,Q012,A,4.0
CAND_003_01_019,CENTRE_003,R01,19,Q013,D,4.0
CAND_003_01_019,CENTRE_003,R01,19,Q014,C,4.0
CAND_003_01_019,CENTRE_003,R01,19,Q015,D,-1.0
CAND_003_01_019,CENTRE_003,R01,19,Q016,A,4.0
CAND_003_01_019,CENTRE_003,R01,19,Q017,D,4.0
CAND_003_01_019,CENTRE_003,R01,19,Q018,C,4.0
CAND_003_01_019,CENTRE_003,R01,19,Q019,B,4.0
CAND_003_01_019,CENTRE_003,R01,19,Q020,A,4.0
CAND_003_01_019,CENTRE_003,R01,19,Q021,D,4.0
CAND_003_01_019,CENTRE_003,R01,19,Q022,C,4.0
CAND_003_01_019,CENTRE_003,R01,19,Q023,B,4.0
CAND_003_01_019,CENTRE_003,R01,19,Q024,B,-1.0
CAND_003_01_019,CENTRE_003,R01,19,Q025,D,4.0
CAND_003_01_019,CENTRE_003,R01,19,Q026,C,4.0
CAND_003_01_019,CENTRE_003,R01,19,Q027,B,4.0
CAND_003_01_019,CENTRE_003,R01,19,Q028,A,4.0
CAND_003_01_019,CENTRE_003,R01,19,Q029,D,4.0
CAND_003_01_019,CENTRE_003,R01,19,Q030,,0.0
CAND_003_01_019,CENTRE_003,R01,19,Q031,A,-1.0
CAND_003_01_019,CENTRE_003,R01,19,Q032,A,4.0
CAND_003_01_019,CENTRE_003,R01,19,Q033,D,4.0
CAND_003_01_019,CENTRE_003,R01,19,Q034,C,4.0
CAND_003_01_019,CENTRE_003,R01,19,Q035,C,-1.0
CAND_003_01_019,CENTRE_003,R01,19,Q036,A,4.0
CAND_003_01_019,CENTRE_003,R01,19,Q037,D,4.0
CAND_003_01_019,CENTRE_003,R01,19,Q038,C,4.0
CAND_003_01_019,CENTRE_003,R01,19,Q039,A,-1.0
CAND_003_01_019,CENTRE_003,R01,19,Q040,A,4.0
CAND_003_01_019,CENTRE_003,R01,19,Q041,D,4.0
CAND_003_01_019,CENTRE_003,R01,19,Q042,C,4.0
CAND_003_01_019,CENTRE_003,R01,19,Q043,B,4.0
CAND_003_01_019,CENTRE_003,R01,19,Q044,A,4.0
CAND_003_01_019,CENTRE_003,R01,19,Q045,B,-1.0
CAND_003_01_019,CENTRE_003,R01,19,Q046,C,4.0
CAND_003_01_019,CENTRE_003,R01,19,Q047,B,4.0
CAND_003_01_019,CENTRE_003,R01,19,Q048,A,4.0
CAND_003_01_019,CENTRE_003,R01,19,Q049,D,4.0
CAND_003_01_019,CENTRE_003,R01,19,Q050,C,4.0
CAND_003_01_020,CENTRE_003,R01,20,Q001,D,4.0
CAND_003_01_020,CENTRE_003,R01,20,Q002,C,4.0
CAND_003_01_020,CENTRE_003,R01,20,Q003,B,4.0
CAND_003_01_020,CENTRE_003,R01,20,Q004,A,4.0
CAND_003_01_020,CENTRE_003,R01,20,Q005,D,4.0
CAND_003_01_020,CENTRE_003,R01,20,Q006,C,4.0
CAND_003_01_020,CENTRE_003,R01,20,Q007,B,4.0
CAND_003_01_020,CENTRE_003,R01,20,Q008,A,4.0
CAND_003_01_020,CENTRE_003,R01,20,Q009,D,4.0
CAND_003_01_020,CENTRE_003,R01,20,Q010,C,4.0
CAND_003_01_020,CENTRE_003,R01,20,Q011,B,4.0
CAND_003_01_020,CENTRE_003,R01,20,Q012,A,4.0
CAND_003_01_020,CENTRE_003,R01,20,Q013,B,-1.0
CAND_003_01_020,CENTRE_003,R01,20,Q014,C,4.0
CAND_003_01_020,CENTRE_003,R01,20,Q015,D,-1.0
CAND_003_01_020,CENTRE_003,R01,20,Q016,A,4.0
CAND_003_01_020,CENTRE_003,R01,20,Q017,D,4.0
CAND_003_01_020,CENTRE_003,R01,20,Q018,C,4.0
CAND_003_01_020,CENTRE_003,R01,20,Q019,B,4.0
CAND_003_01_020,CENTRE_003,R01,20,Q020,A,4.0
CAND_003_01_020,CENTRE_003,R01,20,Q021,D,4.0
CAND_003_01_020,CENTRE_003,R01,20,Q022,C,4.0
CAND_003_01_020,CENTRE_003,R01,20,Q023,B,4.0
CAND_003_01_020,CENTRE_003,R01,20,Q024,A,4.0
CAND_003_01_020,CENTRE_003,R01,20,Q025,D,4.0
CAND_003_01_020,CENTRE_003,R01,20,Q026,C,4.0
CAND_003_01_020,CENTRE_003,R01,20,Q027,B,4.0
CAND_003_01_020,CENTRE_003,R01,20,Q028,A,4.0
CAND_003_01_020,CENTRE_003,R01,20,Q029,,0.0
CAND_003_01_020,CENTRE_003,R01,20,Q030,C,4.0
CAND_003_01_020,CENTRE_003,R01,20,Q031,B,4.0
CAND_003_01_020,CENTRE_003,R01,20,Q032,A,4.0
CAND_003_01_020,CENTRE_003,R01,20,Q033,B,-1.0
CAND_003_01_020,CENTRE_003,R01,20,Q034,C,4.0
CAND_003_01_020,CENTRE_003,R01,20,Q035,B,4.0
CAND_003_01_020,CENTRE_003,R01,20,Q036,A,4.0
CAND_003_01_020,CENTRE_003,R01,20,Q037,D,4.0
CAND_003_01_020,CENTRE_003,R01,20,Q038,A,-1.0
CAND_003_01_020,CENTRE_003,R01,20,Q039,C,-1.0
CAND_003_01_020,CENTRE_003,R01,20,Q040,A,4.0
CAND_003_01_020,CENTRE_003,R01,20,Q041,A,-1.0
CAND_003_01_020,CENTRE_003,R01,20,Q042,C,4.0
CAND_003_01_020,CENTRE_003,R01,20,Q043,A,-1.0
CAND_003_01_020,CENTRE_003,R01,20,Q044,A,4.0
CAND_003_01_020,CENTRE_003,R01,20,Q045,D,4.0
CAND_003_01_020,CENTRE_003,R01,20,Q046,C,4.0
CAND_003_01_020,CENTRE_003,R01,20,Q047,A,-1.0
CAND_003_01_020,CENTRE_003,R01,20,Q048,A,4.0
CAND_003_01_020,CENTRE_003,R01,20,Q049,D,4.0
CAND_003_01_020,CENTRE_003,R01,20,Q050,C,4.0
CAND_003_02_001,CENTRE_003,R02,1,Q001,D,4.0
CAND_003_02_001,CENTRE_003,R02,1,Q002,B,-1.0
CAND_003_02_001,CENTRE_003,R02,1,Q003,B,4.0
CAND_003_02_001,CENTRE_003,R02,1,Q004,A,4.0
CAND_003_02_001,CENTRE_003,R02,1,Q005,D,4.0
CAND_003_02_001,CENTRE_003,R02,1,Q006,B,-1.0
CAND_003_02_001,CENTRE_003,R02,1,Q007,B,4.0
CAND_003_02_001,CENTRE_003,R02,1,Q008,A,4.0
CAND_003_02_001,CENTRE_003,R02,1,Q009,D,4.0
CAND_003_02_001,CENTRE_003,R02,1,Q010,C,4.0
CAND_003_02_001,CENTRE_003,R02,1,Q011,B,4.0
CAND_003_02_001,CENTRE_003,R02,1,Q012,C,-1.0
CAND_003_02_001,CENTRE_003,R02,1,Q013,A,-1.0
CAND_003_02_001,CENTRE_003,R02,1,Q014,C,4.0
CAND_003_02_001,CENTRE_003,R02,1,Q015,B,4.0
CAND_003_02_001,CENTRE_003,R02,1,Q016,A,4.0
CAND_003_02_001,CENTRE_003,R02,1,Q017,D,4.0
CAND_003_02_001,CENTRE_003,R02,1,Q018,C,4.0
CAND_003_02_001,CENTRE_003,R02,1,Q019,B,4.0
CAND_003_02_001,CENTRE_003,R02,1,Q020,B,-1.0
CAND_003_02_001,CENTRE_003,R02,1,Q021,D,4.0
CAND_003_02_001,CENTRE_003,R02,1,Q022,C,4.0
CAND_003_02_001,CENTRE_003,R02,1,Q023,C,-1.0
CAND_003_02_001,CENTRE_003,R02,1,Q024,A,4.0
CAND_003_02_001,CENTRE_003,R02,1,Q025,D,4.0
CAND_003_02_001,CENTRE_003,R02,1,Q026,C,4.0
CAND_003_02_001,CENTRE_003,R02,1,Q027,B,4.0
CAND_003_02_001,CENTRE_003,R02,1,Q028,A,4.0
CAND_003_02_001,CENTRE_003,R02,1,Q029,D,4.0
CAND_003_02_001,CENTRE_003,R02,1,Q030,C,4.0
CAND_003_02_001,CENTRE_003,R02,1,Q031,B,4.0
CAND_003_02_001,CENTRE_003,R02,1,Q032,A,4.0
CAND_003_02_001,CENTRE_003,R02,1,Q033,D,4.0
CAND_003_02_001,CENTRE_003,R02,1,Q034,C,4.0
CAND_003_02_001,CENTRE_003,R02,1,Q035,B,4.0
CAND_003_02_001,CENTRE_003,R02,1,Q036,C,-1.0
CAND_003_02_001,CENTRE_003,R02,1,Q037,D,4.0
CAND_003_02_001,CENTRE_003,R02,1,Q038,C,4.0
CAND_003_02_001,CENTRE_003,R02,1,Q039,B,4.0
CAND_003_02_001,CENTRE_003,R02,1,Q040,B,-1.0
CAND_003_02_001,CENTRE_003,R02,1,Q041,B,-1.0
CAND_003_02_001,CENTRE_003,R02,1,Q042,C,4.0
CAND_003_02_001,CENTRE_003,R02,1,Q043,B,4.0
CAND_003_02_001,CENTRE_003,R02,1,Q044,D,-1.0
CAND_003_02_001,CENTRE_003,R02,1,Q045,D,4.0
CAND_003_02_001,CENTRE_003,R02,1,Q046,C,4.0
CAND_003_02_001,CENTRE_003,R02,1,Q047,D,-1.0
CAND_003_02_001,CENTRE_003,R02,1,Q048,A,4.0
CAND_003_02_001,CENTRE_003,R02,1,Q049,D,4.0
CAND_003_02_001,CENTRE_003,R02,1,Q050,C,4.0
CAND_003_02_002,CENTRE_003,R02,2,Q001,D,4.0
CAND_003_02_002,CENTRE_003,R02,2,Q002,C,4.0
CAND_003_02_002,CENTRE_003,R02,2,Q003,B,4.0
CAND_003_02_002,CENTRE_003,R02,2,Q004,A,4.0
CAND_003_02_002,CENTRE_003,R02,2,Q005,D,4.0
CAND_003_02_002,CENTRE_003,R02,2,Q006,A,-1.0
CAND_003_02_002,CENTRE_003,R02,2,Q007,B,4.0
CAND_003_02_002,CENTRE_003,R02,2,Q008,A,4.0
CAND_003_02_002,CENTRE_003,R02,2,Q009,D,4.0
CAND_003_02_002,CENTRE_003,R02,2,Q010,C,4.0
CAND_003_02_002,CENTRE_003,R02,2,Q011,B,4.0
CAND_003_02_002,CENTRE_003,R02,2,Q012,A,4.0
CAND_003_02_002,CENTRE_003,R02,2,Q013,D,4.0
CAND_003_02_002,CENTRE_003,R02,2,Q014,C,4.0
CAND_003_02_002,CENTRE_003,R02,2,Q015,B,4.0
CAND_003_02_002,CENTRE_003,R02,2,Q016,A,4.0
CAND_003_02_002,CENTRE_003,R02,2,Q017,D,4.0
CAND_003_02_002,CENTRE_003,R02,2,Q018,C,4.0
CAND_003_02_002,CENTRE_003,R02,2,Q019,D,-1.0
CAND_003_02_002,CENTRE_003,R02,2,Q020,A,4.0
CAND_003_02_002,CENTRE_003,R02,2,Q021,D,4.0
CAND_003_02_002,CENTRE_003,R02,2,Q022,C,4.0
CAND_003_02_002,CENTRE_003,R02,2,Q023,B,4.0
CAND_003_02_002,CENTRE_003,R02,2,Q024,A,4.0
CAND_003_02_002,CENTRE_003,R02,2,Q025,D,4.0
CAND_003_02_002,CENTRE_003,R02,2,Q026,B,-1.0
CAND_003_02_002,CENTRE_003,R02,2,Q027,B,4.0
CAND_003_02_002,CENTRE_003,R02,2,Q028,A,4.0
CAND_003_02_002,CENTRE_003,R02,2,Q029,D,4.0
CAND_003_02_002,CENTRE_003,R02,2,Q030,C,4.0
CAND_003_02_002,CENTRE_003,R02,2,Q031,B,4.0
CAND_003_02_002,CENTRE_003,R02,2,Q032,A,4.0
CAND_003_02_002,CENTRE_003,R02,2,Q033,D,4.0
CAND_003_02_002,CENTRE_003,R02,2,Q034,C,4.0
CAND_003_02_002,CENTRE_003,R02,2,Q035,B,4.0
CAND_003_02_002,CENTRE_003,R02,2,Q036,A,4.0
CAND_003_02_002,CENTRE_003,R02,2,Q037,D,4.0
CAND_003_02_002,CENTRE_003,R02,2,Q038,C,4.0
CAND_003_02_002,CENTRE_003,R02,2,Q039,B,4.0
CAND_003_02_002,CENTRE_003,R02,2,Q040,A,4.0
CAND_003_02_002,CENTRE_003,R02,2,Q041,D,4.0
CAND_003_02_002,CENTRE_003,R02,2,Q042,C,4.0
CAND_003_02_002,CENTRE_003,R02,2,Q043,,0.0
CAND_003_02_002,CENTRE_003,R02,2,Q044,A,4.0
CAND_003_02_002,CENTRE_003,R02,2,Q045,D,4.0
CAND_003_02_002,CENTRE_003,R02,2,Q046,C,4.0
CAND_003_02_002,CENTRE_003,R02,2,Q047,B,4.0
CAND_003_02_002,CENTRE_003,R02,2,Q048,D,-1.0
CAND_003_02_002,CENTRE_003,R02,2,Q049,D,4.0
CAND_003_02_002,CENTRE_003,R02,2,Q050,C,4.0
CAND_003_02_003,CENTRE_003,R02,3,Q001,D,4.0
CAND_003_02_003,CENTRE_003,R02,3,Q002,A,-1.0
CAND_003_02_003,CENTRE_003,R02,3,Q003,C,-1.0
CAND_003_02_003,CENTRE_003,R02,3,Q004,A,4.0
CAND_003_02_003,CENTRE_003,R02,3,Q005,D,4.0
CAND_003_02_003,CENTRE_003,R02,3,Q006,C,4.0
CAND_003_02_003,CENTRE_003,R02,3,Q007,B,4.0
CAND_003_02_003,CENTRE_003,R02,3,Q008,A,4.0
CAND_003_02_003,CENTRE_003,R02,3,Q009,D,4.0
CAND_003_02_003,CENTRE_003,R02,3,Q010,C,4.0
CAND_003_02_003,CENTRE_003,R02,3,Q011,D,-1.0
CAND_003_02_003,CENTRE_003,R02,3,Q012,A,4.0
CAND_003_02_003,CENTRE_003,R02,3,Q013,D,4.0
CAND_003_02_003,CENTRE_003,R02,3,Q014,C,4.0
CAND_003_02_003,CENTRE_003,R02,3,Q015,B,4.0
CAND_003_02_003,CENTRE_003,R02,3,Q016,A,4.0
CAND_003_02_003,CENTRE_003,R02,3,Q017,B,-1.0
CAND_003_02_003,CENTRE_003,R02,3,Q018,C,4.0
CAND_003_02_003,CENTRE_003,R02,3,Q019,B,4.0
CAND_003_02_003,CENTRE_003,R02,3,Q020,A,4.0
CAND_003_02_003,CENTRE_003,R02,3,Q021,D,4.0
CAND_003_02_003,CENTRE_003,R02,3,Q022,D,-1.0
CAND_003_02_003,CENTRE_003,R02,3,Q023,B,4.0
CAND_003_02_003,CENTRE_003,R02,3,Q024,A,4.0
CAND_003_02_003,CENTRE_003,R02,3,Q025,D,4.0
CAND_003_02_003,CENTRE_003,R02,3,Q026,A,-1.0
CAND_003_02_003,CENTRE_003,R02,3,Q027,B,4.0
CAND_003_02_003,CENTRE_003,R02,3,Q028,B,-1.0
CAND_003_02_003,CENTRE_003,R02,3,Q029,,0.0
CAND_003_02_003,CENTRE_003,R02,3,Q030,A,-1.0
CAND_003_02_003,CENTRE_003,R02,3,Q031,B,4.0
CAND_003_02_003,CENTRE_003,R02,3,Q032,A,4.0
CAND_003_02_003,CENTRE_003,R02,3,Q033,D,4.0
CAND_003_02_003,CENTRE_003,R02,3,Q034,C,4.0
CAND_003_02_003,CENTRE_003,R02,3,Q035,B,4.0
CAND_003_02_003,CENTRE_003,R02,3,Q036,A,4.0
CAND_003_02_003,CENTRE_003,R02,3,Q037,D,4.0
CAND_003_02_003,CENTRE_003,R02,3,Q038,C,4.0
CAND_003_02_003,CENTRE_003,R02,3,Q039,B,4.0
CAND_003_02_003,CENTRE_003,R02,3,Q040,A,4.0
CAND_003_02_003,CENTRE_003,R02,3,Q041,D,4.0
CAND_003_02_003,CENTRE_003,R02,3,Q042,C,4.0
CAND_003_02_003,CENTRE_003,R02,3,Q043,B,4.0
CAND_003_02_003,CENTRE_003,R02,3,Q044,A,4.0
CAND_003_02_003,CENTRE_003,R02,3,Q045,A,-1.0
CAND_003_02_003,CENTRE_003,R02,3,Q046,C,4.0
CAND_003_02_003,CENTRE_003,R02,3,Q047,C,-1.0
CAND_003_02_003,CENTRE_003,R02,3,Q048,A,4.0
CAND_003_02_003,CENTRE_003,R02,3,Q049,D,4.0
CAND_003_02_003,CENTRE_003,R02,3,Q050,C,4.0
CAND_003_02_004,CENTRE_003,R02,4,Q001,D,4.0
CAND_003_02_004,CENTRE_003,R02,4,Q002,D,-1.0
CAND_003_02_004,CENTRE_003,R02,4,Q003,B,4.0
CAND_003_02_004,CENTRE_003,R02,4,Q004,A,4.0
CAND_003_02_004,CENTRE_003,R02,4,Q005,D,4.0
CAND_003_02_004,CENTRE_003,R02,4,Q006,A,-1.0
CAND_003_02_004,CENTRE_003,R02,4,Q007,B,4.0
CAND_003_02_004,CENTRE_003,R02,4,Q008,C,-1.0
CAND_003_02_004,CENTRE_003,R02,4,Q009,D,4.0
CAND_003_02_004,CENTRE_003,R02,4,Q010,C,4.0
CAND_003_02_004,CENTRE_003,R02,4,Q011,B,4.0
CAND_003_02_004,CENTRE_003,R02,4,Q012,B,-1.0
CAND_003_02_004,CENTRE_003,R02,4,Q013,D,4.0
CAND_003_02_004,CENTRE_003,R02,4,Q014,C,4.0
CAND_003_02_004,CENTRE_003,R02,4,Q015,B,4.0
CAND_003_02_004,CENTRE_003,R02,4,Q016,D,-1.0
CAND_003_02_004,CENTRE_003,R02,4,Q017,D,4.0
CAND_003_02_004,CENTRE_003,R02,4,Q018,C,4.0
CAND_003_02_004,CENTRE_003,R02,4,Q019,B,4.0
CAND_003_02_004,CENTRE_003,R02,4,Q020,A,4.0
CAND_003_02_004,CENTRE_003,R02,4,Q021,A,-1.0
CAND_003_02_004,CENTRE_003,R02,4,Q022,A,-1.0
CAND_003_02_004,CENTRE_003,R02,4,Q023,A,-1.0
CAND_003_02_004,CENTRE_003,R02,4,Q024,A,4.0
CAND_003_02_004,CENTRE_003,R02,4,Q025,A,-1.0
CAND_003_02_004,CENTRE_003,R02,4,Q026,C,4.0
CAND_003_02_004,CENTRE_003,R02,4,Q027,B,4.0
CAND_003_02_004,CENTRE_003,R02,4,Q028,A,4.0
CAND_003_02_004,CENTRE_003,R02,4,Q029,D,4.0
CAND_003_02_004,CENTRE_003,R02,4,Q030,,0.0
CAND_003_02_004,CENTRE_003,R02,4,Q031,B,4.0
CAND_003_02_004,CENTRE_003,R02,4,Q032,A,4.0
CAND_003_02_004,CENTRE_003,R02,4,Q033,C,-1.0
CAND_003_02_004,CENTRE_003,R02,4,Q034,C,4.0
CAND_003_02_004,CENTRE_003,R02,4,Q035,B,4.0
CAND_003_02_004,CENTRE_003,R02,4,Q036,C,-1.0
CAND_003_02_004,CENTRE_003,R02,4,Q037,D,4.0
CAND_003_02_004,CENTRE_003,R02,4,Q038,C,4.0
CAND_003_02_004,CENTRE_003,R02,4,Q039,B,4.0
CAND_003_02_004,CENTRE_003,R02,4,Q040,A,4.0
CAND_003_02_004,CENTRE_003,R02,4,Q041,D,4.0
CAND_003_02_004,CENTRE_003,R02,4,Q042,D,-1.0
CAND_003_02_004,CENTRE_003,R02,4,Q043,B,4.0
CAND_003_02_004,CENTRE_003,R02,4,Q044,A,4.0
CAND_003_02_004,CENTRE_003,R02,4,Q045,D,4.0
CAND_003_02_004,CENTRE_003,R02,4,Q046,C,4.0
CAND_003_02_004,CENTRE_003,R02,4,Q047,B,4.0
CAND_003_02_004,CENTRE_003,R02,4,Q048,A,4.0
CAND_003_02_004,CENTRE_003,R02,4,Q049,A,-1.0
CAND_003_02_004,CENTRE_003,R02,4,Q050,C,4.0
CAND_003_02_005,CENTRE_003,R02,5,Q001,D,4.0
CAND_003_02_005,CENTRE_003,R02,5,Q002,C,4.0
CAND_003_02_005,CENTRE_003,R02,5,Q003,B,4.0
CAND_003_02_005,CENTRE_003,R02,5,Q004,A,4.0
CAND_003_02_005,CENTRE_003,R02,5,Q005,D,4.0
CAND_003_02_005,CENTRE_003,R02,5,Q006,A,-1.0
CAND_003_02_005,CENTRE_003,R02,5,Q007,D,-1.0
CAND_003_02_005,CENTRE_003,R02,5,Q008,A,4.0
CAND_003_02_005,CENTRE_003,R02,5,Q009,D,4.0
CAND_003_02_005,CENTRE_003,R02,5,Q010,C,4.0
CAND_003_02_005,CENTRE_003,R02,5,Q011,B,4.0
CAND_003_02_005,CENTRE_003,R02,5,Q012,A,4.0
CAND_003_02_005,CENTRE_003,R02,5,Q013,D,4.0
CAND_003_02_005,CENTRE_003,R02,5,Q014,C,4.0
CAND_003_02_005,CENTRE_003,R02,5,Q015,B,4.0
CAND_003_02_005,CENTRE_003,R02,5,Q016,A,4.0
CAND_003_02_005,CENTRE_003,R02,5,Q017,D,4.0
CAND_003_02_005,CENTRE_003,R02,5,Q018,C,4.0
CAND_003_02_005,CENTRE_003,R02,5,Q019,C,-1.0
CAND_003_02_005,CENTRE_003,R02,5,Q020,A,4.0
CAND_003_02_005,CENTRE_003,R02,5,Q021,B,-1.0
CAND_003_02_005,CENTRE_003,R02,5,Q022,C,4.0
CAND_003_02_005,CENTRE_003,R02,5,Q023,B,4.0
CAND_003_02_005,CENTRE_003,R02,5,Q024,A,4.0
CAND_003_02_005,CENTRE_003,R02,5,Q025,D,4.0
CAND_003_02_005,CENTRE_003,R02,5,Q026,C,4.0
CAND_003_02_005,CENTRE_003,R02,5,Q027,B,4.0
CAND_003_02_005,CENTRE_003,R02,5,Q028,A,4.0
CAND_003_02_005,CENTRE_003,R02,5,Q029,D,4.0
CAND_003_02_005,CENTRE_003,R02,5,Q030,A,-1.0
CAND_003_02_005,CENTRE_003,R02,5,Q031,B,4.0
CAND_003_02_005,CENTRE_003,R02,5,Q032,B,-1.0
CAND_003_02_005,CENTRE_003,R02,5,Q033,D,4.0
CAND_003_02_005,CENTRE_003,R02,5,Q034,C,4.0
CAND_003_02_005,CENTRE_003,R02,5,Q035,B,4.0
CAND_003_02_005,CENTRE_003,R02,5,Q036,C,-1.0
CAND_003_02_005,CENTRE_003,R02,5,Q037,D,4.0
CAND_003_02_005,CENTRE_003,R02,5,Q038,C,4.0
CAND_003_02_005,CENTRE_003,R02,5,Q039,B,4.0
CAND_003_02_005,CENTRE_003,R02,5,Q040,A,4.0
CAND_003_02_005,CENTRE_003,R02,5,Q041,D,4.0
CAND_003_02_005,CENTRE_003,R02,5,Q042,C,4.0
CAND_003_02_005,CENTRE_003,R02,5,Q043,B,4.0
CAND_003_02_005,CENTRE_003,R02,5,Q044,A,4.0
CAND_003_02_005,CENTRE_003,R02,5,Q045,D,4.0
CAND_003_02_005,CENTRE_003,R02,5,Q046,C,4.0
CAND_003_02_005,CENTRE_003,R02,5,Q047,D,-1.0
CAND_003_02_005,CENTRE_003,R02,5,Q048,A,4.0
CAND_003_02_005,CENTRE_003,R02,5,Q049,C,-1.0
CAND_003_02_005,CENTRE_003,R02,5,Q050,C,4.0
CAND_003_02_006,CENTRE_003,R02,6,Q001,D,4.0
CAND_003_02_006,CENTRE_003,R02,6,Q002,C,4.0
CAND_003_02_006,CENTRE_003,R02,6,Q003,B,4.0
CAND_003_02_006,CENTRE_003,R02,6,Q004,A,4.0
CAND_003_02_006,CENTRE_003,R02,6,Q005,D,4.0
CAND_003_02_006,CENTRE_003,R02,6,Q006,C,4.0
CAND_003_02_006,CENTRE_003,R02,6,Q007,A,-1.0
CAND_003_02_006,CENTRE_003,R02,6,Q008,A,4.0
CAND_003_02_006,CENTRE_003,R02,6,Q009,D,4.0
CAND_003_02_006,CENTRE_003,R02,6,Q010,C,4.0
CAND_003_02_006,CENTRE_003,R02,6,Q011,B,4.0
CAND_003_02_006,CENTRE_003,R02,6,Q012,A,4.0
CAND_003_02_006,CENTRE_003,R02,6,Q013,D,4.0
CAND_003_02_006,CENTRE_003,R02,6,Q014,C,4.0
CAND_003_02_006,CENTRE_003,R02,6,Q015,D,-1.0
CAND_003_02_006,CENTRE_003,R02,6,Q016,C,-1.0
CAND_003_02_006,CENTRE_003,R02,6,Q017,D,4.0
CAND_003_02_006,CENTRE_003,R02,6,Q018,C,4.0
CAND_003_02_006,CENTRE_003,R02,6,Q019,B,4.0
CAND_003_02_006,CENTRE_003,R02,6,Q020,A,4.0
CAND_003_02_006,CENTRE_003,R02,6,Q021,A,-1.0
CAND_003_02_006,CENTRE_003,R02,6,Q022,C,4.0
CAND_003_02_006,CENTRE_003,R02,6,Q023,A,-1.0
CAND_003_02_006,CENTRE_003,R02,6,Q024,A,4.0
CAND_003_02_006,CENTRE_003,R02,6,Q025,D,4.0
CAND_003_02_006,CENTRE_003,R02,6,Q026,A,-1.0
CAND_003_02_006,CENTRE_003,R02,6,Q027,D,-1.0
CAND_003_02_006,CENTRE_003,R02,6,Q028,C,-1.0
CAND_003_02_006,CENTRE_003,R02,6,Q029,D,4.0
CAND_003_02_006,CENTRE_003,R02,6,Q030,D,-1.0
CAND_003_02_006,CENTRE_003,R02,6,Q031,B,4.0
CAND_003_02_006,CENTRE_003,R02,6,Q032,A,4.0
CAND_003_02_006,CENTRE_003,R02,6,Q033,D,4.0
CAND_003_02_006,CENTRE_003,R02,6,Q034,,0.0
CAND_003_02_006,CENTRE_003,R02,6,Q035,B,4.0
CAND_003_02_006,CENTRE_003,R02,6,Q036,A,4.0
CAND_003_02_006,CENTRE_003,R02,6,Q037,D,4.0
CAND_003_02_006,CENTRE_003,R02,6,Q038,D,-1.0
CAND_003_02_006,CENTRE_003,R02,6,Q039,B,4.0
CAND_003_02_006,CENTRE_003,R02,6,Q040,A,4.0
CAND_003_02_006,CENTRE_003,R02,6,Q041,D,4.0
CAND_003_02_006,CENTRE_003,R02,6,Q042,C,4.0
CAND_003_02_006,CENTRE_003,R02,6,Q043,A,-1.0
CAND_003_02_006,CENTRE_003,R02,6,Q044,A,4.0
CAND_003_02_006,CENTRE_003,R02,6,Q045,D,4.0
CAND_003_02_006,CENTRE_003,R02,6,Q046,C,4.0
CAND_003_02_006,CENTRE_003,R02,6,Q047,B,4.0
CAND_003_02_006,CENTRE_003,R02,6,Q048,A,4.0
CAND_003_02_006,CENTRE_003,R02,6,Q049,D,4.0
CAND_003_02_006,CENTRE_003,R02,6,Q050,C,4.0
CAND_003_02_007,CENTRE_003,R02,7,Q001,D,4.0
CAND_003_02_007,CENTRE_003,R02,7,Q002,A,-1.0
CAND_003_02_007,CENTRE_003,R02,7,Q003,B,4.0
CAND_003_02_007,CENTRE_003,R02,7,Q004,A,4.0
CAND_003_02_007,CENTRE_003,R02,7,Q005,D,4.0
CAND_003_02_007,CENTRE_003,R02,7,Q006,C,4.0
CAND_003_02_007,CENTRE_003,R02,7,Q007,B,4.0
CAND_003_02_007,CENTRE_003,R02,7,Q008,A,4.0
CAND_003_02_007,CENTRE_003,R02,7,Q009,C,-1.0
CAND_003_02_007,CENTRE_003,R02,7,Q010,C,4.0
CAND_003_02_007,CENTRE_003,R02,7,Q011,D,-1.0
CAND_003_02_007,CENTRE_003,R02,7,Q012,,0.0
CAND_003_02_007,CENTRE_003,R02,7,Q013,D,4.0
CAND_003_02_007,CENTRE_003,R02,7,Q014,C,4.0
CAND_003_02_007,CENTRE_003,R02,7,Q015,B,4.0
CAND_003_02_007,CENTRE_003,R02,7,Q016,A,4.0
CAND_003_02_007,CENTRE_003,R02,7,Q017,D,4.0
CAND_003_02_007,CENTRE_003,R02,7,Q018,C,4.0
CAND_003_02_007,CENTRE_003,R02,7,Q019,B,4.0
CAND_003_02_007,CENTRE_003,R02,7,Q020,A,4.0
CAND_003_02_007,CENTRE_003,R02,7,Q021,D,4.0
CAND_003_02_007,CENTRE_003,R02,7,Q022,C,4.0
CAND_003_02_007,CENTRE_003,R02,7,Q023,B,4.0
CAND_003_02_007,CENTRE_003,R02,7,Q024,C,-1.0
CAND_003_02_007,CENTRE_003,R02,7,Q025,D,4.0
CAND_003_02_007,CENTRE_003,R02,7,Q026,C,4.0
CAND_003_02_007,CENTRE_003,R02,7,Q027,B,4.0
CAND_003_02_007,CENTRE_003,R02,7,Q028,A,4.0
CAND_003_02_007,CENTRE_003,R02,7,Q029,D,4.0
CAND_003_02_007,CENTRE_003,R02,7,Q030,C,4.0
CAND_003_02_007,CENTRE_003,R02,7,Q031,C,-1.0
CAND_003_02_007,CENTRE_003,R02,7,Q032,A,4.0
CAND_003_02_007,CENTRE_003,R02,7,Q033,D,4.0
CAND_003_02_007,CENTRE_003,R02,7,Q034,B,-1.0
CAND_003_02_007,CENTRE_003,R02,7,Q035,B,4.0
CAND_003_02_007,CENTRE_003,R02,7,Q036,A,4.0
CAND_003_02_007,CENTRE_003,R02,7,Q037,A,-1.0
CAND_003_02_007,CENTRE_003,R02,7,Q038,C,4.0
CAND_003_02_007,CENTRE_003,R02,7,Q039,B,4.0
CAND_003_02_007,CENTRE_003,R02,7,Q040,A,4.0
CAND_003_02_007,CENTRE_003,R02,7,Q041,D,4.0
CAND_003_02_007,CENTRE_003,R02,7,Q042,A,-1.0
CAND_003_02_007,CENTRE_003,R02,7,Q043,C,-1.0
CAND_003_02_007,CENTRE_003,R02,7,Q044,A,4.0
CAND_003_02_007,CENTRE_003,R02,7,Q045,D,4.0
CAND_003_02_007,CENTRE_003,R02,7,Q046,C,4.0
CAND_003_02_007,CENTRE_003,R02,7,Q047,B,4.0
CAND_003_02_007,CENTRE_003,R02,7,Q048,A,4.0
CAND_003_02_007,CENTRE_003,R02,7,Q049,D,4.0
CAND_003_02_007,CENTRE_003,R02,7,Q050,C,4.0
CAND_003_02_008,CENTRE_003,R02,8,Q001,D,4.0
CAND_003_02_008,CENTRE_003,R02,8,Q002,C,4.0
CAND_003_02_008,CENTRE_003,R02,8,Q003,B,4.0
CAND_003_02_008,CENTRE_003,R02,8,Q004,B,-1.0
CAND_003_02_008,CENTRE_003,R02,8,Q005,D,4.0
CAND_003_02_008,CENTRE_003,R02,8,Q006,C,4.0
CAND_003_02_008,CENTRE_003,R02,8,Q007,B,4.0
CAND_003_02_008,CENTRE_003,R02,8,Q008,A,4.0
CAND_003_02_008,CENTRE_003,R02,8,Q009,D,4.0
CAND_003_02_008,CENTRE_003,R02,8,Q010,C,4.0
CAND_003_02_008,CENTRE_003,R02,8,Q011,C,-1.0
CAND_003_02_008,CENTRE_003,R02,8,Q012,A,4.0
CAND_003_02_008,CENTRE_003,R02,8,Q013,D,4.0
CAND_003_02_008,CENTRE_003,R02,8,Q014,C,4.0
CAND_003_02_008,CENTRE_003,R02,8,Q015,B,4.0
CAND_003_02_008,CENTRE_003,R02,8,Q016,A,4.0
CAND_003_02_008,CENTRE_003,R02,8,Q017,D,4.0
CAND_003_02_008,CENTRE_003,R02,8,Q018,C,4.0
CAND_003_02_008,CENTRE_003,R02,8,Q019,B,4.0
CAND_003_02_008,CENTRE_003,R02,8,Q020,A,4.0
CAND_003_02_008,CENTRE_003,R02,8,Q021,D,4.0
CAND_003_02_008,CENTRE_003,R02,8,Q022,C,4.0
CAND_003_02_008,CENTRE_003,R02,8,Q023,B,4.0
CAND_003_02_008,CENTRE_003,R02,8,Q024,A,4.0
CAND_003_02_008,CENTRE_003,R02,8,Q025,D,4.0
CAND_003_02_008,CENTRE_003,R02,8,Q026,C,4.0
CAND_003_02_008,CENTRE_003,R02,8,Q027,B,4.0
CAND_003_02_008,CENTRE_003,R02,8,Q028,A,4.0
CAND_003_02_008,CENTRE_003,R02,8,Q029,D,4.0
CAND_003_02_008,CENTRE_003,R02,8,Q030,C,4.0
CAND_003_02_008,CENTRE_003,R02,8,Q031,A,-1.0
CAND_003_02_008,CENTRE_003,R02,8,Q032,A,4.0
CAND_003_02_008,CENTRE_003,R02,8,Q033,D,4.0
CAND_003_02_008,CENTRE_003,R02,8,Q034,C,4.0
CAND_003_02_008,CENTRE_003,R02,8,Q035,C,-1.0
CAND_003_02_008,CENTRE_003,R02,8,Q036,A,4.0
CAND_003_02_008,CENTRE_003,R02,8,Q037,D,4.0
CAND_003_02_008,CENTRE_003,R02,8,Q038,D,-1.0
CAND_003_02_008,CENTRE_003,R02,8,Q039,B,4.0
CAND_003_02_008,CENTRE_003,R02,8,Q040,A,4.0
CAND_003_02_008,CENTRE_003,R02,8,Q041,D,4.0
CAND_003_02_008,CENTRE_003,R02,8,Q042,C,4.0
CAND_003_02_008,CENTRE_003,R02,8,Q043,B,4.0
CAND_003_02_008,CENTRE_003,R02,8,Q044,A,4.0
CAND_003_02_008,CENTRE_003,R02,8,Q045,D,4.0
CAND_003_02_008,CENTRE_003,R02,8,Q046,C,4.0
CAND_003_02_008,CENTRE_003,R02,8,Q047,B,4.0
CAND_003_02_008,CENTRE_003,R02,8,Q048,A,4.0
CAND_003_02_008,CENTRE_003,R02,8,Q049,D,4.0
CAND_003_02_008,CENTRE_003,R02,8,Q050,C,4.0
CAND_003_02_009,CENTRE_003,R02,9,Q001,D,4.0
CAND_003_02_009,CENTRE_003,R02,9,Q002,C,4.0
CAND_003_02_009,CENTRE_003,R02,9,Q003,C,-1.0
CAND_003_02_009,CENTRE_003,R02,9,Q004,A,4.0
CAND_003_02_009,CENTRE_003,R02,9,Q005,D,4.0
CAND_003_02_009,CENTRE_003,R02,9,Q006,C,4.0
CAND_003_02_009,CENTRE_003,R02,9,Q007,B,4.0
CAND_003_02_009,CENTRE_003,R02,9,Q008,A,4.0
CAND_003_02_009,CENTRE_003,R02,9,Q009,D,4.0
CAND_003_02_009,CENTRE_003,R02,9,Q010,C,4.0
CAND_003_02_009,CENTRE_003,R02,9,Q011,B,4.0
CAND_003_02_009,CENTRE_003,R02,9,Q012,A,4.0
CAND_003_02_009,CENTRE_003,R02,9,Q013,B,-1.0
CAND_003_02_009,CENTRE_003,R02,9,Q014,D,-1.0
CAND_003_02_009,CENTRE_003,R02,9,Q015,B,4.0
CAND_003_02_009,CENTRE_003,R02,9,Q016,A,4.0
CAND_003_02_009,CENTRE_003,R02,9,Q017,D,4.0
CAND_003_02_009,CENTRE_003,R02,9,Q018,C,4.0
CAND_003_02_009,CENTRE_003,R02,9,Q019,B,4.0
CAND_003_02_009,CENTRE_003,R02,9,Q020,D,-1.0
CAND_003_02_009,CENTRE_003,R02,9,Q021,D,4.0
CAND_003_02_009,CENTRE_003,R02,9,Q022,C,4.0
CAND_003_02_009,CENTRE_003,R02,9,Q023,A,-1.0
CAND_003_02_009,CENTRE_003,R02,9,Q024,A,4.0
CAND_003_02_009,CENTRE_003,R02,9,Q025,D,4.0
CAND_003_02_009,CENTRE_003,R02,9,Q026,C,4.0
CAND_003_02_009,CENTRE_003,R02,9,Q027,C,-1.0
CAND_003_02_009,CENTRE_003,R02,9,Q028,A,4.0
CAND_003_02_009,CENTRE_003,R02,9,Q029,C,-1.0
CAND_003_02_009,CENTRE_003,R02,9,Q030,C,4.0
CAND_003_02_009,CENTRE_003,R02,9,Q031,B,4.0
CAND_003_02_009,CENTRE_003,R02,9,Q032,A,4.0
CAND_003_02_009,CENTRE_003,R02,9,Q033,D,4.0
CAND_003_02_009,CENTRE_003,R02,9,Q034,D,-1.0
CAND_003_02_009,CENTRE_003,R02,9,Q035,C,-1.0
CAND_003_02_009,CENTRE_003,R02,9,Q036,A,4.0
CAND_003_02_009,CENTRE_003,R02,9,Q037,D,4.0
CAND_003_02_009,CENTRE_003,R02,9,Q038,C,4.0
CAND_003_02_009,CENTRE_003,R02,9,Q039,B,4.0
CAND_003_02_009,CENTRE_003,R02,9,Q040,A,4.0
CAND_003_02_009,CENTRE_003,R02,9,Q041,A,-1.0
CAND_003_02_009,CENTRE_003,R02,9,Q042,C,4.0
CAND_003_02_009,CENTRE_003,R02,9,Q043,B,4.0
CAND_003_02_009,CENTRE_003,R02,9,Q044,A,4.0
CAND_003_02_009,CENTRE_003,R02,9,Q045,D,4.0
CAND_003_02_009,CENTRE_003,R02,9,Q046,C,4.0
CAND_003_02_009,CENTRE_003,R02,9,Q047,D,-1.0
CAND_003_02_009,CENTRE_003,R02,9,Q048,D,-1.0
CAND_003_02_009,CENTRE_003,R02,9,Q049,A,-1.0
CAND_003_02_009,CENTRE_003,R02,9,Q050,C,4.0
CAND_003_02_010,CENTRE_003,R02,10,Q001,D,4.0
CAND_003_02_010,CENTRE_003,R02,10,Q002,C,4.0
CAND_003_02_010,CENTRE_003,R02,10,Q003,B,4.0
CAND_003_02_010,CENTRE_003,R02,10,Q004,A,4.0
CAND_003_02_010,CENTRE_003,R02,10,Q005,D,4.0
CAND_003_02_010,CENTRE_003,R02,10,Q006,C,4.0
CAND_003_02_010,CENTRE_003,R02,10,Q007,B,4.0
CAND_003_02_010,CENTRE_003,R02,10,Q008,D,-1.0
CAND_003_02_010,CENTRE_003,R02,10,Q009,D,4.0
CAND_003_02_010,CENTRE_003,R02,10,Q010,C,4.0
CAND_003_02_010,CENTRE_003,R02,10,Q011,B,4.0
CAND_003_02_010,CENTRE_003,R02,10,Q012,A,4.0
CAND_003_02_010,CENTRE_003,R02,10,Q013,D,4.0
CAND_003_02_010,CENTRE_003,R02,10,Q014,C,4.0
CAND_003_02_010,CENTRE_003,R02,10,Q015,B,4.0
CAND_003_02_010,CENTRE_003,R02,10,Q016,A,4.0
CAND_003_02_010,CENTRE_003,R02,10,Q017,D,4.0
CAND_003_02_010,CENTRE_003,R02,10,Q018,C,4.0
CAND_003_02_010,CENTRE_003,R02,10,Q019,B,4.0
CAND_003_02_010,CENTRE_003,R02,10,Q020,C,-1.0
CAND_003_02_010,CENTRE_003,R02,10,Q021,,0.0
CAND_003_02_010,CENTRE_003,R02,10,Q022,A,-1.0
CAND_003_02_010,CENTRE_003,R02,10,Q023,B,4.0
CAND_003_02_010,CENTRE_003,R02,10,Q024,A,4.0
CAND_003_02_010,CENTRE_003,R02,10,Q025,D,4.0
CAND_003_02_010,CENTRE_003,R02,10,Q026,C,4.0
CAND_003_02_010,CENTRE_003,R02,10,Q027,B,4.0
CAND_003_02_010,CENTRE_003,R02,10,Q028,A,4.0
CAND_003_02_010,CENTRE_003,R02,10,Q029,D,4.0
CAND_003_02_010,CENTRE_003,R02,10,Q030,C,4.0
CAND_003_02_010,CENTRE_003,R02,10,Q031,B,4.0
CAND_003_02_010,CENTRE_003,R02,10,Q032,A,4.0
CAND_003_02_010,CENTRE_003,R02,10,Q033,D,4.0
CAND_003_02_010,CENTRE_003,R02,10,Q034,C,4.0
CAND_003_02_010,CENTRE_003,R02,10,Q035,B,4.0
CAND_003_02_010,CENTRE_003,R02,10,Q036,A,4.0
CAND_003_02_010,CENTRE_003,R02,10,Q037,B,-1.0
CAND_003_02_010,CENTRE_003,R02,10,Q038,C,4.0
CAND_003_02_010,CENTRE_003,R02,10,Q039,D,-1.0
CAND_003_02_010,CENTRE_003,R02,10,Q040,A,4.0
CAND_003_02_010,CENTRE_003,R02,10,Q041,D,4.0
CAND_003_02_010,CENTRE_003,R02,10,Q042,C,4.0
CAND_003_02_010,CENTRE_003,R02,10,Q043,B,4.0
CAND_003_02_010,CENTRE_003,R02,10,Q044,D,-1.0
CAND_003_02_010,CENTRE_003,R02,10,Q045,D,4.0
CAND_003_02_010,CENTRE_003,R02,10,Q046,C,4.0
CAND_003_02_010,CENTRE_003,R02,10,Q047,B,4.0
CAND_003_02_010,CENTRE_003,R02,10,Q048,A,4.0
CAND_003_02_010,CENTRE_003,R02,10,Q049,D,4.0
CAND_003_02_010,CENTRE_003,R02,10,Q050,B,-1.0
CAND_003_02_011,CENTRE_003,R02,11,Q001,D,4.0
CAND_003_02_011,CENTRE_003,R02,11,Q002,,0.0
CAND_003_02_011,CENTRE_003,R02,11,Q003,B,4.0
CAND_003_02_011,CENTRE_003,R02,11,Q004,A,4.0
CAND_003_02_011,CENTRE_003,R02,11,Q005,B,-1.0
CAND_003_02_011,CENTRE_003,R02,11,Q006,B,-1.0
CAND_003_02_011,CENTRE_003,R02,11,Q007,B,4.0
CAND_003_02_011,CENTRE_003,R02,11,Q008,A,4.0
CAND_003_02_011,CENTRE_003,R02,11,Q009,D,4.0
CAND_003_02_011,CENTRE_003,R02,11,Q010,C,4.0
CAND_003_02_011,CENTRE_003,R02,11,Q011,B,4.0
CAND_003_02_011,CENTRE_003,R02,11,Q012,A,4.0
CAND_003_02_011,CENTRE_003,R02,11,Q013,D,4.0
CAND_003_02_011,CENTRE_003,R02,11,Q014,C,4.0
CAND_003_02_011,CENTRE_003,R02,11,Q015,A,-1.0
CAND_003_02_011,CENTRE_003,R02,11,Q016,A,4.0
CAND_003_02_011,CENTRE_003,R02,11,Q017,D,4.0
CAND_003_02_011,CENTRE_003,R02,11,Q018,C,4.0
CAND_003_02_011,CENTRE_003,R02,11,Q019,B,4.0
CAND_003_02_011,CENTRE_003,R02,11,Q020,A,4.0
CAND_003_02_011,CENTRE_003,R02,11,Q021,D,4.0
CAND_003_02_011,CENTRE_003,R02,11,Q022,C,4.0
CAND_003_02_011,CENTRE_003,R02,11,Q023,B,4.0
CAND_003_02_011,CENTRE_003,R02,11,Q024,A,4.0
CAND_003_02_011,CENTRE_003,R02,11,Q025,A,-1.0
CAND_003_02_011,CENTRE_003,R02,11,Q026,C,4.0
CAND_003_02_011,CENTRE_003,R02,11,Q027,A,-1.0
CAND_003_02_011,CENTRE_003,R02,11,Q028,D,-1.0
CAND_003_02_011,CENTRE_003,R02,11,Q029,D,4.0
CAND_003_02_011,CENTRE_003,R02,11,Q030,,0.0
CAND_003_02_011,CENTRE_003,R02,11,Q031,B,4.0
CAND_003_02_011,CENTRE_003,R02,11,Q032,A,4.0
CAND_003_02_011,CENTRE_003,R02,11,Q033,B,-1.0
CAND_003_02_011,CENTRE_003,R02,11,Q034,C,4.0
CAND_003_02_011,CENTRE_003,R02,11,Q035,B,4.0
CAND_003_02_011,CENTRE_003,R02,11,Q036,A,4.0
CAND_003_02_011,CENTRE_003,R02,11,Q037,D,4.0
CAND_003_02_011,CENTRE_003,R02,11,Q038,C,4.0
CAND_003_02_011,CENTRE_003,R02,11,Q039,B,4.0
CAND_003_02_011,CENTRE_003,R02,11,Q040,A,4.0
CAND_003_02_011,CENTRE_003,R02,11,Q041,D,4.0
CAND_003_02_011,CENTRE_003,R02,11,Q042,C,4.0
CAND_003_02_011,CENTRE_003,R02,11,Q043,B,4.0
CAND_003_02_011,CENTRE_003,R02,11,Q044,A,4.0
CAND_003_02_011,CENTRE_003,R02,11,Q045,D,4.0
CAND_003_02_011,CENTRE_003,R02,11,Q046,,0.0
CAND_003_02_011,CENTRE_003,R02,11,Q047,B,4.0
CAND_003_02_011,CENTRE_003,R02,11,Q048,A,4.0
CAND_003_02_011,CENTRE_003,R02,11,Q049,D,4.0
CAND_003_02_011,CENTRE_003,R02,11,Q050,C,4.0
CAND_003_02_012,CENTRE_003,R02,12,Q001,A,-1.0
CAND_003_02_012,CENTRE_003,R02,12,Q002,C,4.0
CAND_003_02_012,CENTRE_003,R02,12,Q003,C,-1.0
CAND_003_02_012,CENTRE_003,R02,12,Q004,A,4.0
CAND_003_02_012,CENTRE_003,R02,12,Q005,D,4.0
CAND_003_02_012,CENTRE_003,R02,12,Q006,C,4.0
CAND_003_02_012,CENTRE_003,R02,12,Q007,A,-1.0
CAND_003_02_012,CENTRE_003,R02,12,Q008,A,4.0
CAND_003_02_012,CENTRE_003,R02,12,Q009,D,4.0
CAND_003_02_012,CENTRE_003,R02,12,Q010,C,4.0
CAND_003_02_012,CENTRE_003,R02,12,Q011,B,4.0
CAND_003_02_012,CENTRE_003,R02,12,Q012,A,4.0
CAND_003_02_012,CENTRE_003,R02,12,Q013,D,4.0
CAND_003_02_012,CENTRE_003,R02,12,Q014,C,4.0
CAND_003_02_012,CENTRE_003,R02,12,Q015,B,4.0
CAND_003_02_012,CENTRE_003,R02,12,Q016,B,-1.0
CAND_003_02_012,CENTRE_003,R02,12,Q017,D,4.0
CAND_003_02_012,CENTRE_003,R02,12,Q018,C,4.0
CAND_003_02_012,CENTRE_003,R02,12,Q019,B,4.0
CAND_003_02_012,CENTRE_003,R02,12,Q020,A,4.0
CAND_003_02_012,CENTRE_003,R02,12,Q021,A,-1.0
CAND_003_02_012,CENTRE_003,R02,12,Q022,D,-1.0
CAND_003_02_012,CENTRE_003,R02,12,Q023,B,4.0
CAND_003_02_012,CENTRE_003,R02,12,Q024,A,4.0
CAND_003_02_012,CENTRE_003,R02,12,Q025,D,4.0
CAND_003_02_012,CENTRE_003,R02,12,Q026,A,-1.0
CAND_003_02_012,CENTRE_003,R02,12,Q027,B,4.0
CAND_003_02_012,CENTRE_003,R02,12,Q028,A,4.0
CAND_003_02_012,CENTRE_003,R02,12,Q029,D,4.0
CAND_003_02_012,CENTRE_003,R02,12,Q030,C,4.0
CAND_003_02_012,CENTRE_003,R02,12,Q031,B,4.0
CAND_003_02_012,CENTRE_003,R02,12,Q032,A,4.0
CAND_003_02_012,CENTRE_003,R02,12,Q033,D,4.0
CAND_003_02_012,CENTRE_003,R02,12,Q034,C,4.0
CAND_003_02_012,CENTRE_003,R02,12,Q035,B,4.0
CAND_003_02_012,CENTRE_003,R02,12,Q036,A,4.0
CAND_003_02_012,CENTRE_003,R02,12,Q037,C,-1.0
CAND_003_02_012,CENTRE_003,R02,12,Q038,C,4.0
CAND_003_02_012,CENTRE_003,R02,12,Q039,A,-1.0
CAND_003_02_012,CENTRE_003,R02,12,Q040,A,4.0
CAND_003_02_012,CENTRE_003,R02,12,Q041,D,4.0
CAND_003_02_012,CENTRE_003,R02,12,Q042,C,4.0
CAND_003_02_012,CENTRE_003,R02,12,Q043,B,4.0
CAND_003_02_012,CENTRE_003,R02,12,Q044,A,4.0
CAND_003_02_012,CENTRE_003,R02,12,Q045,D,4.0
CAND_003_02_012,CENTRE_003,R02,12,Q046,C,4.0
CAND_003_02_012,CENTRE_003,R02,12,Q047,B,4.0
CAND_003_02_012,CENTRE_003,R02,12,Q048,A,4.0
CAND_003_02_012,CENTRE_003,R02,12,Q049,D,4.0
CAND_003_02_012,CENTRE_003,R02,12,Q050,A,-1.0
CAND_003_02_013,CENTRE_003,R02,13,Q001,,0.0
CAND_003_02_013,CENTRE_003,R02,13,Q002,C,4.0
CAND_003_02_013,CENTRE_003,R02,13,Q003,A,-1.0
CAND_003_02_013,CENTRE_003,R02,13,Q004,B,-1.0
CAND_003_02_013,CENTRE_003,R02,13,Q005,D,4.0
CAND_003_02_013,CENTRE_003,R02,13,Q006,C,4.0
CAND_003_02_013,CENTRE_003,R02,13,Q007,C,-1.0
CAND_003_02_013,CENTRE_003,R02,13,Q008,A,4.0
CAND_003_02_013,CENTRE_003,R02,13,Q009,,0.0
CAND_003_02_013,CENTRE_003,R02,13,Q010,C,4.0
CAND_003_02_013,CENTRE_003,R02,13,Q011,C,-1.0
CAND_003_02_013,CENTRE_003,R02,13,Q012,C,-1.0
CAND_003_02_013,CENTRE_003,R02,13,Q013,D,4.0
CAND_003_02_013,CENTRE_003,R02,13,Q014,C,4.0
CAND_003_02_013,CENTRE_003,R02,13,Q015,B,4.0
CAND_003_02_013,CENTRE_003,R02,13,Q016,A,4.0
CAND_003_02_013,CENTRE_003,R02,13,Q017,A,-1.0
CAND_003_02_013,CENTRE_003,R02,13,Q018,C,4.0
CAND_003_02_013,CENTRE_003,R02,13,Q019,B,4.0
CAND_003_02_013,CENTRE_003,R02,13,Q020,A,4.0
CAND_003_02_013,CENTRE_003,R02,13,Q021,D,4.0
CAND_003_02_013,CENTRE_003,R02,13,Q022,A,-1.0
CAND_003_02_013,CENTRE_003,R02,13,Q023,B,4.0
CAND_003_02_013,CENTRE_003,R02,13,Q024,A,4.0
CAND_003_02_013,CENTRE_003,R02,13,Q025,D,4.0
CAND_003_02_013,CENTRE_003,R02,13,Q026,D,-1.0
CAND_003_02_013,CENTRE_003,R02,13,Q027,B,4.0
CAND_003_02_013,CENTRE_003,R02,13,Q028,C,-1.0
CAND_003_02_013,CENTRE_003,R02,13,Q029,D,4.0
CAND_003_02_013,CENTRE_003,R02,13,Q030,C,4.0
CAND_003_02_013,CENTRE_003,R02,13,Q031,B,4.0
CAND_003_02_013,CENTRE_003,R02,13,Q032,A,4.0
CAND_003_02_013,CENTRE_003,R02,13,Q033,D,4.0
CAND_003_02_013,CENTRE_003,R02,13,Q034,C,4.0
CAND_003_02_013,CENTRE_003,R02,13,Q035,B,4.0
CAND_003_02_013,CENTRE_003,R02,13,Q036,A,4.0
CAND_003_02_013,CENTRE_003,R02,13,Q037,C,-1.0
CAND_003_02_013,CENTRE_003,R02,13,Q038,D,-1.0
CAND_003_02_013,CENTRE_003,R02,13,Q039,B,4.0
CAND_003_02_013,CENTRE_003,R02,13,Q040,A,4.0
CAND_003_02_013,CENTRE_003,R02,13,Q041,A,-1.0
CAND_003_02_013,CENTRE_003,R02,13,Q042,C,4.0
CAND_003_02_013,CENTRE_003,R02,13,Q043,A,-1.0
CAND_003_02_013,CENTRE_003,R02,13,Q044,A,4.0
CAND_003_02_013,CENTRE_003,R02,13,Q045,D,4.0
CAND_003_02_013,CENTRE_003,R02,13,Q046,C,4.0
CAND_003_02_013,CENTRE_003,R02,13,Q047,D,-1.0
CAND_003_02_013,CENTRE_003,R02,13,Q048,C,-1.0
CAND_003_02_013,CENTRE_003,R02,13,Q049,D,4.0
CAND_003_02_013,CENTRE_003,R02,13,Q050,C,4.0
CAND_003_02_014,CENTRE_003,R02,14,Q001,D,4.0
CAND_003_02_014,CENTRE_003,R02,14,Q002,C,4.0
CAND_003_02_014,CENTRE_003,R02,14,Q003,B,4.0
CAND_003_02_014,CENTRE_003,R02,14,Q004,A,4.0
CAND_003_02_014,CENTRE_003,R02,14,Q005,D,4.0
CAND_003_02_014,CENTRE_003,R02,14,Q006,C,4.0
CAND_003_02_014,CENTRE_003,R02,14,Q007,B,4.0
CAND_003_02_014,CENTRE_003,R02,14,Q008,A,4.0
CAND_003_02_014,CENTRE_003,R02,14,Q009,D,4.0
CAND_003_02_014,CENTRE_003,R02,14,Q010,C,4.0
CAND_003_02_014,CENTRE_003,R02,14,Q011,B,4.0
CAND_003_02_014,CENTRE_003,R02,14,Q012,A,4.0
CAND_003_02_014,CENTRE_003,R02,14,Q013,D,4.0
CAND_003_02_014,CENTRE_003,R02,14,Q014,A,-1.0
CAND_003_02_014,CENTRE_003,R02,14,Q015,B,4.0
CAND_003_02_014,CENTRE_003,R02,14,Q016,A,4.0
CAND_003_02_014,CENTRE_003,R02,14,Q017,D,4.0
CAND_003_02_014,CENTRE_003,R02,14,Q018,D,-1.0
CAND_003_02_014,CENTRE_003,R02,14,Q019,A,-1.0
CAND_003_02_014,CENTRE_003,R02,14,Q020,A,4.0
CAND_003_02_014,CENTRE_003,R02,14,Q021,,0.0
CAND_003_02_014,CENTRE_003,R02,14,Q022,C,4.0
CAND_003_02_014,CENTRE_003,R02,14,Q023,B,4.0
CAND_003_02_014,CENTRE_003,R02,14,Q024,A,4.0
CAND_003_02_014,CENTRE_003,R02,14,Q025,D,4.0
CAND_003_02_014,CENTRE_003,R02,14,Q026,C,4.0
CAND_003_02_014,CENTRE_003,R02,14,Q027,B,4.0
CAND_003_02_014,CENTRE_003,R02,14,Q028,B,-1.0
CAND_003_02_014,CENTRE_003,R02,14,Q029,D,4.0
CAND_003_02_014,CENTRE_003,R02,14,Q030,D,-1.0
CAND_003_02_014,CENTRE_003,R02,14,Q031,D,-1.0
CAND_003_02_014,CENTRE_003,R02,14,Q032,B,-1.0
CAND_003_02_014,CENTRE_003,R02,14,Q033,D,4.0
CAND_003_02_014,CENTRE_003,R02,14,Q034,C,4.0
CAND_003_02_014,CENTRE_003,R02,14,Q035,B,4.0
CAND_003_02_014,CENTRE_003,R02,14,Q036,,0.0
CAND_003_02_014,CENTRE_003,R02,14,Q037,D,4.0
CAND_003_02_014,CENTRE_003,R02,14,Q038,D,-1.0
CAND_003_02_014,CENTRE_003,R02,14,Q039,B,4.0
CAND_003_02_014,CENTRE_003,R02,14,Q040,A,4.0
CAND_003_02_014,CENTRE_003,R02,14,Q041,C,-1.0
CAND_003_02_014,CENTRE_003,R02,14,Q042,C,4.0
CAND_003_02_014,CENTRE_003,R02,14,Q043,B,4.0
CAND_003_02_014,CENTRE_003,R02,14,Q044,A,4.0
CAND_003_02_014,CENTRE_003,R02,14,Q045,D,4.0
CAND_003_02_014,CENTRE_003,R02,14,Q046,C,4.0
CAND_003_02_014,CENTRE_003,R02,14,Q047,B,4.0
CAND_003_02_014,CENTRE_003,R02,14,Q048,A,4.0
CAND_003_02_014,CENTRE_003,R02,14,Q049,,0.0
CAND_003_02_014,CENTRE_003,R02,14,Q050,C,4.0
CAND_003_02_015,CENTRE_003,R02,15,Q001,A,-1.0
CAND_003_02_015,CENTRE_003,R02,15,Q002,C,4.0
CAND_003_02_015,CENTRE_003,R02,15,Q003,,0.0
CAND_003_02_015,CENTRE_003,R02,15,Q004,A,4.0
CAND_003_02_015,CENTRE_003,R02,15,Q005,A,-1.0
CAND_003_02_015,CENTRE_003,R02,15,Q006,C,4.0
CAND_003_02_015,CENTRE_003,R02,15,Q007,B,4.0
CAND_003_02_015,CENTRE_003,R02,15,Q008,A,4.0
CAND_003_02_015,CENTRE_003,R02,15,Q009,D,4.0
CAND_003_02_015,CENTRE_003,R02,15,Q010,C,4.0
CAND_003_02_015,CENTRE_003,R02,15,Q011,B,4.0
CAND_003_02_015,CENTRE_003,R02,15,Q012,A,4.0
CAND_003_02_015,CENTRE_003,R02,15,Q013,D,4.0
CAND_003_02_015,CENTRE_003,R02,15,Q014,C,4.0
CAND_003_02_015,CENTRE_003,R02,15,Q015,B,4.0
CAND_003_02_015,CENTRE_003,R02,15,Q016,C,-1.0
CAND_003_02_015,CENTRE_003,R02,15,Q017,D,4.0
CAND_003_02_015,CENTRE_003,R02,15,Q018,C,4.0
CAND_003_02_015,CENTRE_003,R02,15,Q019,B,4.0
CAND_003_02_015,CENTRE_003,R02,15,Q020,A,4.0
CAND_003_02_015,CENTRE_003,R02,15,Q021,D,4.0
CAND_003_02_015,CENTRE_003,R02,15,Q022,D,-1.0
CAND_003_02_015,CENTRE_003,R02,15,Q023,C,-1.0
CAND_003_02_015,CENTRE_003,R02,15,Q024,A,4.0
CAND_003_02_015,CENTRE_003,R02,15,Q025,D,4.0
CAND_003_02_015,CENTRE_003,R02,15,Q026,C,4.0
CAND_003_02_015,CENTRE_003,R02,15,Q027,B,4.0
CAND_003_02_015,CENTRE_003,R02,15,Q028,A,4.0
CAND_003_02_015,CENTRE_003,R02,15,Q029,D,4.0
CAND_003_02_015,CENTRE_003,R02,15,Q030,A,-1.0
CAND_003_02_015,CENTRE_003,R02,15,Q031,B,4.0
CAND_003_02_015,CENTRE_003,R02,15,Q032,A,4.0
CAND_003_02_015,CENTRE_003,R02,15,Q033,D,4.0
CAND_003_02_015,CENTRE_003,R02,15,Q034,C,4.0
CAND_003_02_015,CENTRE_003,R02,15,Q035,,0.0
CAND_003_02_015,CENTRE_003,R02,15,Q036,B,-1.0
CAND_003_02_015,CENTRE_003,R02,15,Q037,D,4.0
CAND_003_02_015,CENTRE_003,R02,15,Q038,B,-1.0
CAND_003_02_015,CENTRE_003,R02,15,Q039,B,4.0
CAND_003_02_015,CENTRE_003,R02,15,Q040,A,4.0
CAND_003_02_015,CENTRE_003,R02,15,Q041,D,4.0
CAND_003_02_015,CENTRE_003,R02,15,Q042,C,4.0
CAND_003_02_015,CENTRE_003,R02,15,Q043,A,-1.0
CAND_003_02_015,CENTRE_003,R02,15,Q044,A,4.0
CAND_003_02_015,CENTRE_003,R02,15,Q045,B,-1.0
CAND_003_02_015,CENTRE_003,R02,15,Q046,C,4.0
CAND_003_02_015,CENTRE_003,R02,15,Q047,B,4.0
CAND_003_02_015,CENTRE_003,R02,15,Q048,A,4.0
CAND_003_02_015,CENTRE_003,R02,15,Q049,C,-1.0
CAND_003_02_015,CENTRE_003,R02,15,Q050,C,4.0
CAND_003_02_016,CENTRE_003,R02,16,Q001,D,4.0
CAND_003_02_016,CENTRE_003,R02,16,Q002,A,-1.0
CAND_003_02_016,CENTRE_003,R02,16,Q003,B,4.0
CAND_003_02_016,CENTRE_003,R02,16,Q004,A,4.0
CAND_003_02_016,CENTRE_003,R02,16,Q005,D,4.0
CAND_003_02_016,CENTRE_003,R02,16,Q006,C,4.0
CAND_003_02_016,CENTRE_003,R02,16,Q007,C,-1.0
CAND_003_02_016,CENTRE_003,R02,16,Q008,B,-1.0
CAND_003_02_016,CENTRE_003,R02,16,Q009,C,-1.0
CAND_003_02_016,CENTRE_003,R02,16,Q010,C,4.0
CAND_003_02_016,CENTRE_003,R02,16,Q011,B,4.0
CAND_003_02_016,CENTRE_003,R02,16,Q012,A,4.0
CAND_003_02_016,CENTRE_003,R02,16,Q013,D,4.0
CAND_003_02_016,CENTRE_003,R02,16,Q014,C,4.0
CAND_003_02_016,CENTRE_003,R02,16,Q015,B,4.0
CAND_003_02_016,CENTRE_003,R02,16,Q016,C,-1.0
CAND_003_02_016,CENTRE_003,R02,16,Q017,D,4.0
CAND_003_02_016,CENTRE_003,R02,16,Q018,C,4.0
CAND_003_02_016,CENTRE_003,R02,16,Q019,B,4.0
CAND_003_02_016,CENTRE_003,R02,16,Q020,,0.0
CAND_003_02_016,CENTRE_003,R02,16,Q021,B,-1.0
CAND_003_02_016,CENTRE_003,R02,16,Q022,C,4.0
CAND_003_02_016,CENTRE_003,R02,16,Q023,B,4.0
CAND_003_02_016,CENTRE_003,R02,16,Q024,A,4.0
CAND_003_02_016,CENTRE_003,R02,16,Q025,D,4.0
CAND_003_02_016,CENTRE_003,R02,16,Q026,C,4.0
CAND_003_02_016,CENTRE_003,R02,16,Q027,B,4.0
CAND_003_02_016,CENTRE_003,R02,16,Q028,A,4.0
CAND_003_02_016,CENTRE_003,R02,16,Q029,D,4.0
CAND_003_02_016,CENTRE_003,R02,16,Q030,C,4.0
CAND_003_02_016,CENTRE_003,R02,16,Q031,B,4.0
CAND_003_02_016,CENTRE_003,R02,16,Q032,A,4.0
CAND_003_02_016,CENTRE_003,R02,16,Q033,D,4.0
CAND_003_02_016,CENTRE_003,R02,16,Q034,C,4.0
CAND_003_02_016,CENTRE_003,R02,16,Q035,B,4.0
CAND_003_02_016,CENTRE_003,R02,16,Q036,A,4.0
CAND_003_02_016,CENTRE_003,R02,16,Q037,D,4.0
CAND_003_02_016,CENTRE_003,R02,16,Q038,C,4.0
CAND_003_02_016,CENTRE_003,R02,16,Q039,D,-1.0
CAND_003_02_016,CENTRE_003,R02,16,Q040,B,-1.0
CAND_003_02_016,CENTRE_003,R02,16,Q041,D,4.0
CAND_003_02_016,CENTRE_003,R02,16,Q042,C,4.0
CAND_003_02_016,CENTRE_003,R02,16,Q043,B,4.0
CAND_003_02_016,CENTRE_003,R02,16,Q044,D,-1.0
CAND_003_02_016,CENTRE_003,R02,16,Q045,D,4.0
CAND_003_02_016,CENTRE_003,R02,16,Q046,C,4.0
CAND_003_02_016,CENTRE_003,R02,16,Q047,B,4.0
CAND_003_02_016,CENTRE_003,R02,16,Q048,A,4.0
CAND_003_02_016,CENTRE_003,R02,16,Q049,B,-1.0
CAND_003_02_016,CENTRE_003,R02,16,Q050,C,4.0
CAND_003_02_017,CENTRE_003,R02,17,Q001,C,-1.0
CAND_003_02_017,CENTRE_003,R02,17,Q002,C,4.0
CAND_003_02_017,CENTRE_003,R02,17,Q003,B,4.0
CAND_003_02_017,CENTRE_003,R02,17,Q004,A,4.0
CAND_003_02_017,CENTRE_003,R02,17,Q005,D,4.0
CAND_003_02_017,CENTRE_003,R02,17,Q006,D,-1.0
CAND_003_02_017,CENTRE_003,R02,17,Q007,C,-1.0
CAND_003_02_017,CENTRE_003,R02,17,Q008,A,4.0
CAND_003_02_017,CENTRE_003,R02,17,Q009,A,-1.0
CAND_003_02_017,CENTRE_003,R02,17,Q010,C,4.0
CAND_003_02_017,CENTRE_003,R02,17,Q011,B,4.0
CAND_003_02_017,CENTRE_003,R02,17,Q012,A,4.0
CAND_003_02_017,CENTRE_003,R02,17,Q013,D,4.0
CAND_003_02_017,CENTRE_003,R02,17,Q014,C,4.0
CAND_003_02_017,CENTRE_003,R02,17,Q015,B,4.0
CAND_003_02_017,CENTRE_003,R02,17,Q016,A,4.0
CAND_003_02_017,CENTRE_003,R02,17,Q017,A,-1.0
CAND_003_02_017,CENTRE_003,R02,17,Q018,C,4.0
CAND_003_02_017,CENTRE_003,R02,17,Q019,B,4.0
CAND_003_02_017,CENTRE_003,R02,17,Q020,A,4.0
CAND_003_02_017,CENTRE_003,R02,17,Q021,D,4.0
CAND_003_02_017,CENTRE_003,R02,17,Q022,C,4.0
CAND_003_02_017,CENTRE_003,R02,17,Q023,B,4.0
CAND_003_02_017,CENTRE_003,R02,17,Q024,A,4.0
CAND_003_02_017,CENTRE_003,R02,17,Q025,D,4.0
CAND_003_02_017,CENTRE_003,R02,17,Q026,C,4.0
CAND_003_02_017,CENTRE_003,R02,17,Q027,B,4.0
CAND_003_02_017,CENTRE_003,R02,17,Q028,B,-1.0
CAND_003_02_017,CENTRE_003,R02,17,Q029,A,-1.0
CAND_003_02_017,CENTRE_003,R02,17,Q030,C,4.0
CAND_003_02_017,CENTRE_003,R02,17,Q031,B,4.0
CAND_003_02_017,CENTRE_003,R02,17,Q032,D,-1.0
CAND_003_02_017,CENTRE_003,R02,17,Q033,A,-1.0
CAND_003_02_017,CENTRE_003,R02,17,Q034,C,4.0
CAND_003_02_017,CENTRE_003,R02,17,Q035,B,4.0
CAND_003_02_017,CENTRE_003,R02,17,Q036,C,-1.0
CAND_003_02_017,CENTRE_003,R02,17,Q037,D,4.0
CAND_003_02_017,CENTRE_003,R02,17,Q038,A,-1.0
CAND_003_02_017,CENTRE_003,R02,17,Q039,B,4.0
CAND_003_02_017,CENTRE_003,R02,17,Q040,A,4.0
CAND_003_02_017,CENTRE_003,R02,17,Q041,D,4.0
CAND_003_02_017,CENTRE_003,R02,17,Q042,B,-1.0
CAND_003_02_017,CENTRE_003,R02,17,Q043,D,-1.0
CAND_003_02_017,CENTRE_003,R02,17,Q044,A,4.0
CAND_003_02_017,CENTRE_003,R02,17,Q045,C,-1.0
CAND_003_02_017,CENTRE_003,R02,17,Q046,C,4.0
CAND_003_02_017,CENTRE_003,R02,17,Q047,C,-1.0
CAND_003_02_017,CENTRE_003,R02,17,Q048,A,4.0
CAND_003_02_017,CENTRE_003,R02,17,Q049,D,4.0
CAND_003_02_017,CENTRE_003,R02,17,Q050,,0.0
CAND_003_02_018,CENTRE_003,R02,18,Q001,D,4.0
CAND_003_02_018,CENTRE_003,R02,18,Q002,C,4.0
CAND_003_02_018,CENTRE_003,R02,18,Q003,B,4.0
CAND_003_02_018,CENTRE_003,R02,18,Q004,A,4.0
CAND_003_02_018,CENTRE_003,R02,18,Q005,D,4.0
CAND_003_02_018,CENTRE_003,R02,18,Q006,C,4.0
CAND_003_02_018,CENTRE_003,R02,18,Q007,B,4.0
CAND_003_02_018,CENTRE_003,R02,18,Q008,A,4.0
CAND_003_02_018,CENTRE_003,R02,18,Q009,D,4.0
CAND_003_02_018,CENTRE_003,R02,18,Q010,C,4.0
CAND_003_02_018,CENTRE_003,R02,18,Q011,B,4.0
CAND_003_02_018,CENTRE_003,R02,18,Q012,A,4.0
CAND_003_02_018,CENTRE_003,R02,18,Q013,C,-1.0
CAND_003_02_018,CENTRE_003,R02,18,Q014,C,4.0
CAND_003_02_018,CENTRE_003,R02,18,Q015,B,4.0
CAND_003_02_018,CENTRE_003,R02,18,Q016,A,4.0
CAND_003_02_018,CENTRE_003,R02,18,Q017,D,4.0
CAND_003_02_018,CENTRE_003,R02,18,Q018,C,4.0
CAND_003_02_018,CENTRE_003,R02,18,Q019,B,4.0
CAND_003_02_018,CENTRE_003,R02,18,Q020,A,4.0
CAND_003_02_018,CENTRE_003,R02,18,Q021,D,4.0
CAND_003_02_018,CENTRE_003,R02,18,Q022,C,4.0
CAND_003_02_018,CENTRE_003,R02,18,Q023,B,4.0
CAND_003_02_018,CENTRE_003,R02,18,Q024,A,4.0
CAND_003_02_018,CENTRE_003,R02,18,Q025,D,4.0
CAND_003_02_018,CENTRE_003,R02,18,Q026,A,-1.0
CAND_003_02_018,CENTRE_003,R02,18,Q027,A,-1.0
CAND_003_02_018,CENTRE_003,R02,18,Q028,A,4.0
CAND_003_02_018,CENTRE_003,R02,18,Q029,D,4.0
CAND_003_02_018,CENTRE_003,R02,18,Q030,C,4.0
CAND_003_02_018,CENTRE_003,R02,18,Q031,B,4.0
CAND_003_02_018,CENTRE_003,R02,18,Q032,A,4.0
CAND_003_02_018,CENTRE_003,R02,18,Q033,D,4.0
CAND_003_02_018,CENTRE_003,R02,18,Q034,A,-1.0
CAND_003_02_018,CENTRE_003,R02,18,Q035,B,4.0
CAND_003_02_018,CENTRE_003,R02,18,Q036,A,4.0
CAND_003_02_018,CENTRE_003,R02,18,Q037,D,4.0
CAND_003_02_018,CENTRE_003,R02,18,Q038,C,4.0
CAND_003_02_018,CENTRE_003,R02,18,Q039,B,4.0
CAND_003_02_018,CENTRE_003,R02,18,Q040,A,4.0
CAND_003_02_018,CENTRE_003,R02,18,Q041,C,-1.0
CAND_003_02_018,CENTRE_003,R02,18,Q042,C,4.0
CAND_003_02_018,CENTRE_003,R02,18,Q043,B,4.0
CAND_003_02_018,CENTRE_003,R02,18,Q044,A,4.0
CAND_003_02_018,CENTRE_003,R02,18,Q045,D,4.0
CAND_003_02_018,CENTRE_003,R02,18,Q046,C,4.0
CAND_003_02_018,CENTRE_003,R02,18,Q047,B,4.0
CAND_003_02_018,CENTRE_003,R02,18,Q048,A,4.0
CAND_003_02_018,CENTRE_003,R02,18,Q049,D,4.0
CAND_003_02_018,CENTRE_003,R02,18,Q050,C,4.0
CAND_003_02_019,CENTRE_003,R02,19,Q001,D,4.0
CAND_003_02_019,CENTRE_003,R02,19,Q002,A,-1.0
CAND_003_02_019,CENTRE_003,R02,19,Q003,B,4.0
CAND_003_02_019,CENTRE_003,R02,19,Q004,,0.0
CAND_003_02_019,CENTRE_003,R02,19,Q005,D,4.0
CAND_003_02_019,CENTRE_003,R02,19,Q006,C,4.0
CAND_003_02_019,CENTRE_003,R02,19,Q007,B,4.0
CAND_003_02_019,CENTRE_003,R02,19,Q008,A,4.0
CAND_003_02_019,CENTRE_003,R02,19,Q009,D,4.0
CAND_003_02_019,CENTRE_003,R02,19,Q010,C,4.0
CAND_003_02_019,CENTRE_003,R02,19,Q011,B,4.0
CAND_003_02_019,CENTRE_003,R02,19,Q012,,0.0
CAND_003_02_019,CENTRE_003,R02,19,Q013,D,4.0
CAND_003_02_019,CENTRE_003,R02,19,Q014,C,4.0
CAND_003_02_019,CENTRE_003,R02,19,Q015,B,4.0
CAND_003_02_019,CENTRE_003,R02,19,Q016,B,-1.0
CAND_003_02_019,CENTRE_003,R02,19,Q017,D,4.0
CAND_003_02_019,CENTRE_003,R02,19,Q018,D,-1.0
CAND_003_02_019,CENTRE_003,R02,19,Q019,B,4.0
CAND_003_02_019,CENTRE_003,R02,19,Q020,A,4.0
CAND_003_02_019,CENTRE_003,R02,19,Q021,B,-1.0
CAND_003_02_019,CENTRE_003,R02,19,Q022,A,-1.0
CAND_003_02_019,CENTRE_003,R02,19,Q023,B,4.0
CAND_003_02_019,CENTRE_003,R02,19,Q024,A,4.0
CAND_003_02_019,CENTRE_003,R02,19,Q025,A,-1.0
CAND_003_02_019,CENTRE_003,R02,19,Q026,C,4.0
CAND_003_02_019,CENTRE_003,R02,19,Q027,B,4.0
CAND_003_02_019,CENTRE_003,R02,19,Q028,A,4.0
CAND_003_02_019,CENTRE_003,R02,19,Q029,D,4.0
CAND_003_02_019,CENTRE_003,R02,19,Q030,C,4.0
CAND_003_02_019,CENTRE_003,R02,19,Q031,,0.0
CAND_003_02_019,CENTRE_003,R02,19,Q032,A,4.0
CAND_003_02_019,CENTRE_003,R02,19,Q033,D,4.0
CAND_003_02_019,CENTRE_003,R02,19,Q034,C,4.0
CAND_003_02_019,CENTRE_003,R02,19,Q035,B,4.0
CAND_003_02_019,CENTRE_003,R02,19,Q036,A,4.0
CAND_003_02_019,CENTRE_003,R02,19,Q037,D,4.0
CAND_003_02_019,CENTRE_003,R02,19,Q038,C,4.0
CAND_003_02_019,CENTRE_003,R02,19,Q039,B,4.0
CAND_003_02_019,CENTRE_003,R02,19,Q040,A,4.0
CAND_003_02_019,CENTRE_003,R02,19,Q041,D,4.0
CAND_003_02_019,CENTRE_003,R02,19,Q042,C,4.0
CAND_003_02_019,CENTRE_003,R02,19,Q043,B,4.0
CAND_003_02_019,CENTRE_003,R02,19,Q044,C,-1.0
CAND_003_02_019,CENTRE_003,R02,19,Q045,D,4.0
CAND_003_02_019,CENTRE_003,R02,19,Q046,C,4.0
CAND_003_02_019,CENTRE_003,R02,19,Q047,C,-1.0
CAND_003_02_019,CENTRE_003,R02,19,Q048,A,4.0
CAND_003_02_019,CENTRE_003,R02,19,Q049,D,4.0
CAND_003_02_019,CENTRE_003,R02,19,Q050,C,4.0
CAND_003_02_020,CENTRE_003,R02,20,Q001,D,4.0
CAND_003_02_020,CENTRE_003,R02,20,Q002,C,4.0
CAND_003_02_020,CENTRE_003,R02,20,Q003,B,4.0
CAND_003_02_020,CENTRE_003,R02,20,Q004,A,4.0
CAND_003_02_020,CENTRE_003,R02,20,Q005,D,4.0
CAND_003_02_020,CENTRE_003,R02,20,Q006,C,4.0
CAND_003_02_020,CENTRE_003,R02,20,Q007,B,4.0
CAND_003_02_020,CENTRE_003,R02,20,Q008,A,4.0
CAND_003_02_020,CENTRE_003,R02,20,Q009,D,4.0
CAND_003_02_020,CENTRE_003,R02,20,Q010,C,4.0
CAND_003_02_020,CENTRE_003,R02,20,Q011,C,-1.0
CAND_003_02_020,CENTRE_003,R02,20,Q012,A,4.0
CAND_003_02_020,CENTRE_003,R02,20,Q013,D,4.0
CAND_003_02_020,CENTRE_003,R02,20,Q014,C,4.0
CAND_003_02_020,CENTRE_003,R02,20,Q015,B,4.0
CAND_003_02_020,CENTRE_003,R02,20,Q016,A,4.0
CAND_003_02_020,CENTRE_003,R02,20,Q017,C,-1.0
CAND_003_02_020,CENTRE_003,R02,20,Q018,C,4.0
CAND_003_02_020,CENTRE_003,R02,20,Q019,B,4.0
CAND_003_02_020,CENTRE_003,R02,20,Q020,A,4.0
CAND_003_02_020,CENTRE_003,R02,20,Q021,D,4.0
CAND_003_02_020,CENTRE_003,R02,20,Q022,A,-1.0
CAND_003_02_020,CENTRE_003,R02,20,Q023,B,4.0
CAND_003_02_020,CENTRE_003,R02,20,Q024,A,4.0
CAND_003_02_020,CENTRE_003,R02,20,Q025,D,4.0
CAND_003_02_020,CENTRE_003,R02,20,Q026,C,4.0
CAND_003_02_020,CENTRE_003,R02,20,Q027,B,4.0
CAND_003_02_020,CENTRE_003,R02,20,Q028,A,4.0
CAND_003_02_020,CENTRE_003,R02,20,Q029,D,4.0
CAND_003_02_020,CENTRE_003,R02,20,Q030,C,4.0
CAND_003_02_020,CENTRE_003,R02,20,Q031,B,4.0
CAND_003_02_020,CENTRE_003,R02,20,Q032,A,4.0
CAND_003_02_020,CENTRE_003,R02,20,Q033,D,4.0
CAND_003_02_020,CENTRE_003,R02,20,Q034,C,4.0
CAND_003_02_020,CENTRE_003,R02,20,Q035,B,4.0
CAND_003_02_020,CENTRE_003,R02,20,Q036,A,4.0
CAND_003_02_020,CENTRE_003,R02,20,Q037,D,4.0
CAND_003_02_020,CENTRE_003,R02,20,Q038,C,4.0
CAND_003_02_020,CENTRE_003,R02,20,Q039,B,4.0
CAND_003_02_020,CENTRE_003,R02,20,Q040,D,-1.0
CAND_003_02_020,CENTRE_003,R02,20,Q041,D,4.0
CAND_003_02_020,CENTRE_003,R02,20,Q042,B,-1.0
CAND_003_02_020,CENTRE_003,R02,20,Q043,B,4.0
CAND_003_02_020,CENTRE_003,R02,20,Q044,A,4.0
CAND_003_02_020,CENTRE_003,R02,20,Q045,D,4.0
CAND_003_02_020,CENTRE_003,R02,20,Q046,B,-1.0
CAND_003_02_020,CENTRE_003,R02,20,Q047,B,4.0
CAND_003_02_020,CENTRE_003,R02,20,Q048,A,4.0
CAND_003_02_020,CENTRE_003,R02,20,Q049,D,4.0
CAND_003_02_020,CENTRE_003,R02,20,Q050,C,4.0
CAND_004_01_001,CENTRE_004,R01,1,Q001,C,-1.0
CAND_004_01_001,CENTRE_004,R01,1,Q002,A,-1.0
CAND_004_01_001,CENTRE_004,R01,1,Q003,C,-1.0
CAND_004_01_001,CENTRE_004,R01,1,Q004,A,4.0
CAND_004_01_001,CENTRE_004,R01,1,Q005,D,4.0
CAND_004_01_001,CENTRE_004,R01,1,Q006,C,4.0
CAND_004_01_001,CENTRE_004,R01,1,Q007,B,4.0
CAND_004_01_001,CENTRE_004,R01,1,Q008,A,4.0
CAND_004_01_001,CENTRE_004,R01,1,Q009,D,4.0
CAND_004_01_001,CENTRE_004,R01,1,Q010,B,-1.0
CAND_004_01_001,CENTRE_004,R01,1,Q011,B,4.0
CAND_004_01_001,CENTRE_004,R01,1,Q012,D,-1.0
CAND_004_01_001,CENTRE_004,R01,1,Q013,A,-1.0
CAND_004_01_001,CENTRE_004,R01,1,Q014,C,4.0
CAND_004_01_001,CENTRE_004,R01,1,Q015,D,-1.0
CAND_004_01_001,CENTRE_004,R01,1,Q016,C,-1.0
CAND_004_01_001,CENTRE_004,R01,1,Q017,A,-1.0
CAND_004_01_001,CENTRE_004,R01,1,Q018,C,4.0
CAND_004_01_001,CENTRE_004,R01,1,Q019,B,4.0
CAND_004_01_001,CENTRE_004,R01,1,Q020,A,4.0
CAND_004_01_001,CENTRE_004,R01,1,Q021,D,4.0
CAND_004_01_001,CENTRE_004,R01,1,Q022,A,-1.0
CAND_004_01_001,CENTRE_004,R01,1,Q023,B,4.0
CAND_004_01_001,CENTRE_004,R01,1,Q024,D,-1.0
CAND_004_01_001,CENTRE_004,R01,1,Q025,A,-1.0
CAND_004_01_001,CENTRE_004,R01,1,Q026,C,4.0
CAND_004_01_001,CENTRE_004,R01,1,Q027,C,-1.0
CAND_004_01_001,CENTRE_004,R01,1,Q028,A,4.0
CAND_004_01_001,CENTRE_004,R01,1,Q029,D,4.0
CAND_004_01_001,CENTRE_004,R01,1,Q030,B,-1.0
CAND_004_01_001,CENTRE_004,R01,1,Q031,D,-1.0
CAND_004_01_001,CENTRE_004,R01,1,Q032,A,4.0
CAND_004_01_001,CENTRE_004,R01,1,Q033,D,4.0
CAND_004_01_001,CENTRE_004,R01,1,Q034,B,-1.0
CAND_004_01_001,CENTRE_004,R01,1,Q035,D,-1.0
CAND_004_01_001,CENTRE_004,R01,1,Q036,A,4.0
CAND_004_01_001,CENTRE_004,R01,1,Q037,B,-1.0
CAND_004_01_001,CENTRE_004,R01,1,Q038,C,4.0
CAND_004_01_001,CENTRE_004,R01,1,Q039,C,-1.0
CAND_004_01_001,CENTRE_004,R01,1,Q040,C,-1.0
CAND_004_01_001,CENTRE_004,R01,1,Q041,C,-1.0
CAND_004_01_001,CENTRE_004,R01,1,Q042,D,-1.0
CAND_004_01_001,CENTRE_004,R01,1,Q043,B,4.0
CAND_004_01_001,CENTRE_004,R01,1,Q044,,0.0
CAND_004_01_001,CENTRE_004,R01,1,Q045,D,4.0
CAND_004_01_001,CENTRE_004,R01,1,Q046,C,4.0
CAND_004_01_001,CENTRE_004,R01,1,Q047,A,-1.0
CAND_004_01_001,CENTRE_004,R01,1,Q048,A,4.0
CAND_004_01_001,CENTRE_004,R01,1,Q049,C,-1.0
CAND_004_01_001,CENTRE_004,R01,1,Q050,B,-1.0
CAND_004_01_002,CENTRE_004,R01,2,Q001,D,4.0
CAND_004_01_002,CENTRE_004,R01,2,Q002,A,-1.0
CAND_004_01_002,CENTRE_004,R01,2,Q003,B,4.0
CAND_004_01_002,CENTRE_004,R01,2,Q004,A,4.0
CAND_004_01_002,CENTRE_004,R01,2,Q005,C,-1.0
CAND_004_01_002,CENTRE_004,R01,2,Q006,C,4.0
CAND_004_01_002,CENTRE_004,R01,2,Q007,B,4.0
CAND_004_01_002,CENTRE_004,R01,2,Q008,A,4.0
CAND_004_01_002,CENTRE_004,R01,2,Q009,D,4.0
CAND_004_01_002,CENTRE_004,R01,2,Q010,D,-1.0
CAND_004_01_002,CENTRE_004,R01,2,Q011,B,4.0
CAND_004_01_002,CENTRE_004,R01,2,Q012,A,4.0
CAND_004_01_002,CENTRE_004,R01,2,Q013,A,-1.0
CAND_004_01_002,CENTRE_004,R01,2,Q014,C,4.0
CAND_004_01_002,CENTRE_004,R01,2,Q015,B,4.0
CAND_004_01_002,CENTRE_004,R01,2,Q016,A,4.0
CAND_004_01_002,CENTRE_004,R01,2,Q017,D,4.0
CAND_004_01_002,CENTRE_004,R01,2,Q018,C,4.0
CAND_004_01_002,CENTRE_004,R01,2,Q019,B,4.0
CAND_004_01_002,CENTRE_004,R01,2,Q020,A,4.0
CAND_004_01_002,CENTRE_004,R01,2,Q021,D,4.0
CAND_004_01_002,CENTRE_004,R01,2,Q022,C,4.0
CAND_004_01_002,CENTRE_004,R01,2,Q023,B,4.0
CAND_004_01_002,CENTRE_004,R01,2,Q024,A,4.0
CAND_004_01_002,CENTRE_004,R01,2,Q025,D,4.0
CAND_004_01_002,CENTRE_004,R01,2,Q026,C,4.0
CAND_004_01_002,CENTRE_004,R01,2,Q027,B,4.0
CAND_004_01_002,CENTRE_004,R01,2,Q028,A,4.0
CAND_004_01_002,CENTRE_004,R01,2,Q029,D,4.0
CAND_004_01_002,CENTRE_004,R01,2,Q030,C,4.0
CAND_004_01_002,CENTRE_004,R01,2,Q031,A,-1.0
CAND_004_01_002,CENTRE_004,R01,2,Q032,A,4.0
CAND_004_01_002,CENTRE_004,R01,2,Q033,D,4.0
CAND_004_01_002,CENTRE_004,R01,2,Q034,C,4.0
CAND_004_01_002,CENTRE_004,R01,2,Q035,B,4.0
CAND_004_01_002,CENTRE_004,R01,2,Q036,A,4.0
CAND_004_01_002,CENTRE_004,R01,2,Q037,A,-1.0
CAND_004_01_002,CENTRE_004,R01,2,Q038,C,4.0
CAND_004_01_002,CENTRE_004,R01,2,Q039,B,4.0
CAND_004_01_002,CENTRE_004,R01,2,Q040,A,4.0
CAND_004_01_002,CENTRE_004,R01,2,Q041,D,4.0
CAND_004_01_002,CENTRE_004,R01,2,Q042,C,4.0
CAND_004_01_002,CENTRE_004,R01,2,Q043,B,4.0
CAND_004_01_002,CENTRE_004,R01,2,Q044,A,4.0
CAND_004_01_002,CENTRE_004,R01,2,Q045,D,4.0
CAND_004_01_002,CENTRE_004,R01,2,Q046,A,-1.0
CAND_004_01_002,CENTRE_004,R01,2,Q047,B,4.0
CAND_004_01_002,CENTRE_004,R01,2,Q048,C,-1.0
CAND_004_01_002,CENTRE_004,R01,2,Q049,D,4.0
CAND_004_01_002,CENTRE_004,R01,2,Q050,B,-1.0
CAND_004_01_003,CENTRE_004,R01,3,Q001,D,4.0
CAND_004_01_003,CENTRE_004,R01,3,Q002,C,4.0
CAND_004_01_003,CENTRE_004,R01,3,Q003,B,4.0
CAND_004_01_003,CENTRE_004,R01,3,Q004,D,-1.0
CAND_004_01_003,CENTRE_004,R01,3,Q005,D,4.0
CAND_004_01_003,CENTRE_004,R01,3,Q006,B,-1.0
CAND_004_01_003,CENTRE_004,R01,3,Q007,C,-1.0
CAND_004_01_003,CENTRE_004,R01,3,Q008,B,-1.0
CAND_004_01_003,CENTRE_004,R01,3,Q009,D,4.0
CAND_004_01_003,CENTRE_004,R01,3,Q010,C,4.0
CAND_004_01_003,CENTRE_004,R01,3,Q011,B,4.0
CAND_004_01_003,CENTRE_004,R01,3,Q012,B,-1.0
CAND_004_01_003,CENTRE_004,R01,3,Q013,C,-1.0
CAND_004_01_003,CENTRE_004,R01,3,Q014,C,4.0
CAND_004_01_003,CENTRE_004,R01,3,Q015,B,4.0
CAND_004_01_003,CENTRE_004,R01,3,Q016,A,4.0
CAND_004_01_003,CENTRE_004,R01,3,Q017,A,-1.0
CAND_004_01_003,CENTRE_004,R01,3,Q018,B,-1.0
CAND_004_01_003,CENTRE_004,R01,3,Q019,A,-1.0
CAND_004_01_003,CENTRE_004,R01,3,Q020,B,-1.0
CAND_004_01_003,CENTRE_004,R01,3,Q021,D,4.0
CAND_004_01_003,CENTRE_004,R01,3,Q022,D,-1.0
CAND_004_01_003,CENTRE_004,R01,3,Q023,B,4.0
CAND_004_01_003,CENTRE_004,R01,3,Q024,A,4.0
CAND_004_01_003,CENTRE_004,R01,3,Q025,D,4.0
CAND_004_01_003,CENTRE_004,R01,3,Q026,C,4.0
CAND_004_01_003,CENTRE_004,R01,3,Q027,B,4.0
CAND_004_01_003,CENTRE_004,R01,3,Q028,C,-1.0
CAND_004_01_003,CENTRE_004,R01,3,Q029,C,-1.0
CAND_004_01_003,CENTRE_004,R01,3,Q030,C,4.0
CAND_004_01_003,CENTRE_004,R01,3,Q031,B,4.0
CAND_004_01_003,CENTRE_004,R01,3,Q032,A,4.0
CAND_004_01_003,CENTRE_004,R01,3,Q033,D,4.0
CAND_004_01_003,CENTRE_004,R01,3,Q034,C,4.0
CAND_004_01_003,CENTRE_004,R01,3,Q035,B,4.0
CAND_004_01_003,CENTRE_004,R01,3,Q036,A,4.0
CAND_004_01_003,CENTRE_004,R01,3,Q037,A,-1.0
CAND_004_01_003,CENTRE_004,R01,3,Q038,C,4.0
CAND_004_01_003,CENTRE_004,R01,3,Q039,C,-1.0
CAND_004_01_003,CENTRE_004,R01,3,Q040,A,4.0
CAND_004_01_003,CENTRE_004,R01,3,Q041,D,4.0
CAND_004_01_003,CENTRE_004,R01,3,Q042,A,-1.0
CAND_004_01_003,CENTRE_004,R01,3,Q043,D,-1.0
CAND_004_01_003,CENTRE_004,R01,3,Q044,A,4.0
CAND_004_01_003,CENTRE_004,R01,3,Q045,C,-1.0
CAND_004_01_003,CENTRE_004,R01,3,Q046,C,4.0
CAND_004_01_003,CENTRE_004,R01,3,Q047,C,-1.0
CAND_004_01_003,CENTRE_004,R01,3,Q048,A,4.0
CAND_004_01_003,CENTRE_004,R01,3,Q049,D,4.0
CAND_004_01_003,CENTRE_004,R01,3,Q050,A,-1.0
CAND_004_01_004,CENTRE_004,R01,4,Q001,A,-1.0
CAND_004_01_004,CENTRE_004,R01,4,Q002,C,4.0
CAND_004_01_004,CENTRE_004,R01,4,Q003,B,4.0
CAND_004_01_004,CENTRE_004,R01,4,Q004,C,-1.0
CAND_004_01_004,CENTRE_004,R01,4,Q005,D,4.0
CAND_004_01_004,CENTRE_004,R01,4,Q006,C,4.0
CAND_004_01_004,CENTRE_004,R01,4,Q007,D,-1.0
CAND_004_01_004,CENTRE_004,R01,4,Q008,A,4.0
CAND_004_01_004,CENTRE_004,R01,4,Q009,C,-1.0
CAND_004_01_004,CENTRE_004,R01,4,Q010,C,4.0
CAND_004_01_004,CENTRE_004,R01,4,Q011,B,4.0
CAND_004_01_004,CENTRE_004,R01,4,Q012,A,4.0
CAND_004_01_004,CENTRE_004,R01,4,Q013,D,4.0
CAND_004_01_004,CENTRE_004,R01,4,Q014,C,4.0
CAND_004_01_004,CENTRE_004,R01,4,Q015,B,4.0
CAND_004_01_004,CENTRE_004,R01,4,Q016,C,-1.0
CAND_004_01_004,CENTRE_004,R01,4,Q017,D,4.0
CAND_004_01_004,CENTRE_004,R01,4,Q018,C,4.0
CAND_004_01_004,CENTRE_004,R01,4,Q019,,0.0
CAND_004_01_004,CENTRE_004,R01,4,Q020,A,4.0
CAND_004_01_004,CENTRE_004,R01,4,Q021,D,4.0
CAND_004_01_004,CENTRE_004,R01,4,Q022,C,4.0
CAND_004_01_004,CENTRE_004,R01,4,Q023,D,-1.0
CAND_004_01_004,CENTRE_004,R01,4,Q024,A,4.0
CAND_004_01_004,CENTRE_004,R01,4,Q025,D,4.0
CAND_004_01_004,CENTRE_004,R01,4,Q026,C,4.0
CAND_004_01_004,CENTRE_004,R01,4,Q027,D,-1.0
CAND_004_01_004,CENTRE_004,R01,4,Q028,B,-1.0
CAND_004_01_004,CENTRE_004,R01,4,Q029,D,4.0
CAND_004_01_004,CENTRE_004,R01,4,Q030,C,4.0
CAND_004_01_004,CENTRE_004,R01,4,Q031,C,-1.0
CAND_004_01_004,CENTRE_004,R01,4,Q032,A,4.0
CAND_004_01_004,CENTRE_004,R01,4,Q033,B,-1.0
CAND_004_01_004,CENTRE_004,R01,4,Q034,C,4.0
CAND_004_01_004,CENTRE_004,R01,4,Q035,B,4.0
CAND_004_01_004,CENTRE_004,R01,4,Q036,A,4.0
CAND_004_01_004,CENTRE_004,R01,4,Q037,A,-1.0
CAND_004_01_004,CENTRE_004,R01,4,Q038,A,-1.0
CAND_004_01_004,CENTRE_004,R01,4,Q039,B,4.0
CAND_004_01_004,CENTRE_004,R01,4,Q040,A,4.0
CAND_004_01_004,CENTRE_004,R01,4,Q041,D,4.0
CAND_004_01_004,CENTRE_004,R01,4,Q042,C,4.0
CAND_004_01_004,CENTRE_004,R01,4,Q043,A,-1.0
CAND_004_01_004,CENTRE_004,R01,4,Q044,A,4.0
CAND_004_01_004,CENTRE_004,R01,4,Q045,A,-1.0
CAND_004_01_004,CENTRE_004,R01,4,Q046,C,4.0
CAND_004_01_004,CENTRE_004,R01,4,Q047,D,-1.0
CAND_004_01_004,CENTRE_004,R01,4,Q048,C,-1.0
CAND_004_01_004,CENTRE_004,R01,4,Q049,D,4.0
CAND_004_01_004,CENTRE_004,R01,4,Q050,D,-1.0
CAND_004_01_005,CENTRE_004,R01,5,Q001,,0.0
CAND_004_01_005,CENTRE_004,R01,5,Q002,C,4.0
CAND_004_01_005,CENTRE_004,R01,5,Q003,D,-1.0
CAND_004_01_005,CENTRE_004,R01,5,Q004,D,-1.0
CAND_004_01_005,CENTRE_004,R01,5,Q005,A,-1.0
CAND_004_01_005,CENTRE_004,R01,5,Q006,B,-1.0
CAND_004_01_005,CENTRE_004,R01,5,Q007,D,-1.0
CAND_004_01_005,CENTRE_004,R01,5,Q008,,0.0
CAND_004_01_005,CENTRE_004,R01,5,Q009,D,4.0
CAND_004_01_005,CENTRE_004,R01,5,Q010,B,-1.0
CAND_004_01_005,CENTRE_004,R01,5,Q011,D,-1.0
CAND_004_01_005,CENTRE_004,R01,5,Q012,B,-1.0
CAND_004_01_005,CENTRE_004,R01,5,Q013,D,4.0
CAND_004_01_005,CENTRE_004,R01,5,Q014,D,-1.0
CAND_004_01_005,CENTRE_004,R01,5,Q015,B,4.0
CAND_004_01_005,CENTRE_004,R01,5,Q016,A,4.0
CAND_004_01_005,CENTRE_004,R01,5,Q017,D,4.0
CAND_004_01_005,CENTRE_004,R01,5,Q018,A,-1.0
CAND_004_01_005,CENTRE_004,R01,5,Q019,A,-1.0
CAND_004_01_005,CENTRE_004,R01,5,Q020,A,4.0
CAND_004_01_005,CENTRE_004,R01,5,Q021,D,4.0
CAND_004_01_005,CENTRE_004,R01,5,Q022,,0.0
CAND_004_01_005,CENTRE_004,R01,5,Q023,A,-1.0
CAND_004_01_005,CENTRE_004,R01,5,Q024,A,4.0
CAND_004_01_005,CENTRE_004,R01,5,Q025,D,4.0
CAND_004_01_005,CENTRE_004,R01,5,Q026,A,-1.0
CAND_004_01_005,CENTRE_004,R01,5,Q027,B,4.0
CAND_004_01_005,CENTRE_004,R01,5,Q028,C,-1.0
CAND_004_01_005,CENTRE_004,R01,5,Q029,D,4.0
CAND_004_01_005,CENTRE_004,R01,5,Q030,B,-1.0
CAND_004_01_005,CENTRE_004,R01,5,Q031,D,-1.0
CAND_004_01_005,CENTRE_004,R01,5,Q032,A,4.0
CAND_004_01_005,CENTRE_004,R01,5,Q033,C,-1.0
CAND_004_01_005,CENTRE_004,R01,5,Q034,D,-1.0
CAND_004_01_005,CENTRE_004,R01,5,Q035,B,4.0
CAND_004_01_005,CENTRE_004,R01,5,Q036,A,4.0
CAND_004_01_005,CENTRE_004,R01,5,Q037,C,-1.0
CAND_004_01_005,CENTRE_004,R01,5,Q038,B,-1.0
CAND_004_01_005,CENTRE_004,R01,5,Q039,A,-1.0
CAND_004_01_005,CENTRE_004,R01,5,Q040,D,-1.0
CAND_004_01_005,CENTRE_004,R01,5,Q041,D,4.0
CAND_004_01_005,CENTRE_004,R01,5,Q042,C,4.0
CAND_004_01_005,CENTRE_004,R01,5,Q043,C,-1.0
CAND_004_01_005,CENTRE_004,R01,5,Q044,A,4.0
CAND_004_01_005,CENTRE_004,R01,5,Q045,D,4.0
CAND_004_01_005,CENTRE_004,R01,5,Q046,C,4.0
CAND_004_01_005,CENTRE_004,R01,5,Q047,B,4.0
CAND_004_01_005,CENTRE_004,R01,5,Q048,,0.0
CAND_004_01_005,CENTRE_004,R01,5,Q049,B,-1.0
CAND_004_01_005,CENTRE_004,R01,5,Q050,C,4.0
CAND_004_01_006,CENTRE_004,R01,6,Q001,C,-1.0
CAND_004_01_006,CENTRE_004,R01,6,Q002,C,4.0
CAND_004_01_006,CENTRE_004,R01,6,Q003,B,4.0
CAND_004_01_006,CENTRE_004,R01,6,Q004,A,4.0
CAND_004_01_006,CENTRE_004,R01,6,Q005,D,4.0
CAND_004_01_006,CENTRE_004,R01,6,Q006,D,-1.0
CAND_004_01_006,CENTRE_004,R01,6,Q007,B,4.0
CAND_004_01_006,CENTRE_004,R01,6,Q008,A,4.0
CAND_004_01_006,CENTRE_004,R01,6,Q009,D,4.0
CAND_004_01_006,CENTRE_004,R01,6,Q010,C,4.0
CAND_004_01_006,CENTRE_004,R01,6,Q011,B,4.0
CAND_004_01_006,CENTRE_004,R01,6,Q012,A,4.0
CAND_004_01_006,CENTRE_004,R01,6,Q013,D,4.0
CAND_004_01_006,CENTRE_004,R01,6,Q014,D,-1.0
CAND_004_01_006,CENTRE_004,R01,6,Q015,B,4.0
CAND_004_01_006,CENTRE_004,R01,6,Q016,A,4.0
CAND_004_01_006,CENTRE_004,R01,6,Q017,B,-1.0
CAND_004_01_006,CENTRE_004,R01,6,Q018,A,-1.0
CAND_004_01_006,CENTRE_004,R01,6,Q019,B,4.0
CAND_004_01_006,CENTRE_004,R01,6,Q020,D,-1.0
CAND_004_01_006,CENTRE_004,R01,6,Q021,D,4.0
CAND_004_01_006,CENTRE_004,R01,6,Q022,C,4.0
CAND_004_01_006,CENTRE_004,R01,6,Q023,B,4.0
CAND_004_01_006,CENTRE_004,R01,6,Q024,A,4.0
CAND_004_01_006,CENTRE_004,R01,6,Q025,D,4.0
CAND_004_01_006,CENTRE_004,R01,6,Q026,,0.0
CAND_004_01_006,CENTRE_004,R01,6,Q027,B,4.0
CAND_004_01_006,CENTRE_004,R01,6,Q028,A,4.0
CAND_004_01_006,CENTRE_004,R01,6,Q029,D,4.0
CAND_004_01_006,CENTRE_004,R01,6,Q030,C,4.0
CAND_004_01_006,CENTRE_004,R01,6,Q031,B,4.0
CAND_004_01_006,CENTRE_004,R01,6,Q032,A,4.0
CAND_004_01_006,CENTRE_004,R01,6,Q033,D,4.0
CAND_004_01_006,CENTRE_004,R01,6,Q034,C,4.0
CAND_004_01_006,CENTRE_004,R01,6,Q035,A,-1.0
CAND_004_01_006,CENTRE_004,R01,6,Q036,A,4.0
CAND_004_01_006,CENTRE_004,R01,6,Q037,B,-1.0
CAND_004_01_006,CENTRE_004,R01,6,Q038,A,-1.0
CAND_004_01_006,CENTRE_004,R01,6,Q039,B,4.0
CAND_004_01_006,CENTRE_004,R01,6,Q040,A,4.0
CAND_004_01_006,CENTRE_004,R01,6,Q041,D,4.0
CAND_004_01_006,CENTRE_004,R01,6,Q042,B,-1.0
CAND_004_01_006,CENTRE_004,R01,6,Q043,B,4.0
CAND_004_01_006,CENTRE_004,R01,6,Q044,C,-1.0
CAND_004_01_006,CENTRE_004,R01,6,Q045,D,4.0
CAND_004_01_006,CENTRE_004,R01,6,Q046,C,4.0
CAND_004_01_006,CENTRE_004,R01,6,Q047,B,4.0
CAND_004_01_006,CENTRE_004,R01,6,Q048,A,4.0
CAND_004_01_006,CENTRE_004,R01,6,Q049,D,4.0
CAND_004_01_006,CENTRE_004,R01,6,Q050,C,4.0
CAND_004_01_007,CENTRE_004,R01,7,Q001,C,-1.0
CAND_004_01_007,CENTRE_004,R01,7,Q002,C,4.0
CAND_004_01_007,CENTRE_004,R01,7,Q003,A,-1.0
CAND_004_01_007,CENTRE_004,R01,7,Q004,A,4.0
CAND_004_01_007,CENTRE_004,R01,7,Q005,D,4.0
CAND_004_01_007,CENTRE_004,R01,7,Q006,,0.0
CAND_004_01_007,CENTRE_004,R01,7,Q007,B,4.0
CAND_004_01_007,CENTRE_004,R01,7,Q008,A,4.0
CAND_004_01_007,CENTRE_004,R01,7,Q009,D,4.0
CAND_004_01_007,CENTRE_004,R01,7,Q010,A,-1.0
CAND_004_01_007,CENTRE_004,R01,7,Q011,B,4.0
CAND_004_01_007,CENTRE_004,R01,7,Q012,D,-1.0
CAND_004_01_007,CENTRE_004,R01,7,Q013,A,-1.0
CAND_004_01_007,CENTRE_004,R01,7,Q014,C,4.0
CAND_004_01_007,CENTRE_004,R01,7,Q015,B,4.0
CAND_004_01_007,CENTRE_004,R01,7,Q016,A,4.0
CAND_004_01_007,CENTRE_004,R01,7,Q017,A,-1.0
CAND_004_01_007,CENTRE_004,R01,7,Q018,D,-1.0
CAND_004_01_007,CENTRE_004,R01,7,Q019,B,4.0
CAND_004_01_007,CENTRE_004,R01,7,Q020,A,4.0
CAND_004_01_007,CENTRE_004,R01,7,Q021,D,4.0
CAND_004_01_007,CENTRE_004,R01,7,Q022,A,-1.0
CAND_004_01_007,CENTRE_004,R01,7,Q023,B,4.0
CAND_004_01_007,CENTRE_004,R01,7,Q024,A,4.0
CAND_004_01_007,CENTRE_004,R01,7,Q025,D,4.0
CAND_004_01_007,CENTRE_004,R01,7,Q026,C,4.0
CAND_004_01_007,CENTRE_004,R01,7,Q027,C,-1.0
CAND_004_01_007,CENTRE_004,R01,7,Q028,A,4.0
CAND_004_01_007,CENTRE_004,R01,7,Q029,D,4.0
CAND_004_01_007,CENTRE_004,R01,7,Q030,B,-1.0
CAND_004_01_007,CENTRE_004,R01,7,Q031,B,4.0
CAND_004_01_007,CENTRE_004,R01,7,Q032,A,4.0
CAND_004_01_007,CENTRE_004,R01,7,Q033,C,-1.0
CAND_004_01_007,CENTRE_004,R01,7,Q034,C,4.0
CAND_004_01_007,CENTRE_004,R01,7,Q035,A,-1.0
CAND_004_01_007,CENTRE_004,R01,7,Q036,A,4.0
CAND_004_01_007,CENTRE_004,R01,7,Q037,C,-1.0
CAND_004_01_007,CENTRE_004,R01,7,Q038,C,4.0
CAND_004_01_007,CENTRE_004,R01,7,Q039,B,4.0
CAND_004_01_007,CENTRE_004,R01,7,Q040,A,4.0
CAND_004_01_007,CENTRE_004,R01,7,Q041,D,4.0
CAND_004_01_007,CENTRE_004,R01,7,Q042,D,-1.0
CAND_004_01_007,CENTRE_004,R01,7,Q043,D,-1.0
CAND_004_01_007,CENTRE_004,R01,7,Q044,,0.0
CAND_004_01_007,CENTRE_004,R01,7,Q045,D,4.0
CAND_004_01_007,CENTRE_004,R01,7,Q046,D,-1.0
CAND_004_01_007,CENTRE_004,R01,7,Q047,A,-1.0
CAND_004_01_007,CENTRE_004,R01,7,Q048,A,4.0
CAND_004_01_007,CENTRE_004,R01,7,Q049,D,4.0
CAND_004_01_007,CENTRE_004,R01,7,Q050,C,4.0
CAND_004_01_008,CENTRE_004,R01,8,Q001,B,-1.0
CAND_004_01_008,CENTRE_004,R01,8,Q002,A,-1.0
CAND_004_01_008,CENTRE_004,R01,8,Q003,B,4.0
CAND_004_01_008,CENTRE_004,R01,8,Q004,A,4.0
CAND_004_01_008,CENTRE_004,R01,8,Q005,D,4.0
CAND_004_01_008,CENTRE_004,R01,8,Q006,C,4.0
CAND_004_01_008,CENTRE_004,R01,8,Q007,B,4.0
CAND_004_01_008,CENTRE_004,R01,8,Q008,B,-1.0
CAND_004_01_008,CENTRE_004,R01,8,Q009,D,4.0
CAND_004_01_008,CENTRE_004,R01,8,Q010,C,4.0
CAND_004_01_008,CENTRE_004,R01,8,Q011,D,-1.0
CAND_004_01_008,CENTRE_004,R01,8,Q012,A,4.0
CAND_004_01_008,CENTRE_004,R01,8,Q013,D,4.0
CAND_004_01_008,CENTRE_004,R01,8,Q014,,0.0
CAND_004_01_008,CENTRE_004,R01,8,Q015,B,4.0
CAND_004_01_008,CENTRE_004,R01,8,Q016,A,4.0
CAND_004_01_008,CENTRE_004,R01,8,Q017,D,4.0
CAND_004_01_008,CENTRE_004,R01,8,Q018,C,4.0
CAND_004_01_008,CENTRE_004,R01,8,Q019,A,-1.0
CAND_004_01_008,CENTRE_004,R01,8,Q020,A,4.0
CAND_004_01_008,CENTRE_004,R01,8,Q021,B,-1.0
CAND_004_01_008,CENTRE_004,R01,8,Q022,C,4.0
CAND_004_01_008,CENTRE_004,R01,8,Q023,B,4.0
CAND_004_01_008,CENTRE_004,R01,8,Q024,B,-1.0
CAND_004_01_008,CENTRE_004,R01,8,Q025,D,4.0
CAND_004_01_008,CENTRE_004,R01,8,Q026,C,4.0
CAND_004_01_008,CENTRE_004,R01,8,Q027,D,-1.0
CAND_004_01_008,CENTRE_004,R01,8,Q028,A,4.0
CAND_004_01_008,CENTRE_004,R01,8,Q029,,0.0
CAND_004_01_008,CENTRE_004,R01,8,Q030,A,-1.0
CAND_004_01_008,CENTRE_004,R01,8,Q031,B,4.0
CAND_004_01_008,CENTRE_004,R01,8,Q032,A,4.0
CAND_004_01_008,CENTRE_004,R01,8,Q033,D,4.0
CAND_004_01_008,CENTRE_004,R01,8,Q034,C,4.0
CAND_004_01_008,CENTRE_004,R01,8,Q035,B,4.0
CAND_004_01_008,CENTRE_004,R01,8,Q036,B,-1.0
CAND_004_01_008,CENTRE_004,R01,8,Q037,D,4.0
CAND_004_01_008,CENTRE_004,R01,8,Q038,C,4.0
CAND_004_01_008,CENTRE_004,R01,8,Q039,B,4.0
CAND_004_01_008,CENTRE_004,R01,8,Q040,A,4.0
CAND_004_01_008,CENTRE_004,R01,8,Q041,D,4.0
CAND_004_01_008,CENTRE_004,R01,8,Q042,C,4.0
CAND_004_01_008,CENTRE_004,R01,8,Q043,B,4.0
CAND_004_01_008,CENTRE_004,R01,8,Q044,B,-1.0
CAND_004_01_008,CENTRE_004,R01,8,Q045,D,4.0
CAND_004_01_008,CENTRE_004,R01,8,Q046,C,4.0
CAND_004_01_008,CENTRE_004,R01,8,Q047,B,4.0
CAND_004_01_008,CENTRE_004,R01,8,Q048,A,4.0
CAND_004_01_008,CENTRE_004,R01,8,Q049,B,-1.0
CAND_004_01_008,CENTRE_004,R01,8,Q050,C,4.0
CAND_004_01_009,CENTRE_004,R01,9,Q001,D,4.0
CAND_004_01_009,CENTRE_004,R01,9,Q002,C,4.0
CAND_004_01_009,CENTRE_004,R01,9,Q003,B,4.0
CAND_004_01_009,CENTRE_004,R01,9,Q004,B,-1.0
CAND_004_01_009,CENTRE_004,R01,9,Q005,D,4.0
CAND_004_01_009,CENTRE_004,R01,9,Q006,C,4.0
CAND_004_01_009,CENTRE_004,R01,9,Q007,D,-1.0
CAND_004_01_009,CENTRE_004,R01,9,Q008,A,4.0
CAND_004_01_009,CENTRE_004,R01,9,Q009,D,4.0
CAND_004_01_009,CENTRE_004,R01,9,Q010,A,-1.0
CAND_004_01_009,CENTRE_004,R01,9,Q011,D,-1.0
CAND_004_01_009,CENTRE_004,R01,9,Q012,B,-1.0
CAND_004_01_009,CENTRE_004,R01,9,Q013,D,4.0
CAND_004_01_009,CENTRE_004,R01,9,Q014,C,4.0
CAND_004_01_009,CENTRE_004,R01,9,Q015,B,4.0
CAND_004_01_009,CENTRE_004,R01,9,Q016,A,4.0
CAND_004_01_009,CENTRE_004,R01,9,Q017,,0.0
CAND_004_01_009,CENTRE_004,R01,9,Q018,C,4.0
CAND_004_01_009,CENTRE_004,R01,9,Q019,C,-1.0
CAND_004_01_009,CENTRE_004,R01,9,Q020,A,4.0
CAND_004_01_009,CENTRE_004,R01,9,Q021,D,4.0
CAND_004_01_009,CENTRE_004,R01,9,Q022,C,4.0
CAND_004_01_009,CENTRE_004,R01,9,Q023,B,4.0
CAND_004_01_009,CENTRE_004,R01,9,Q024,A,4.0
CAND_004_01_009,CENTRE_004,R01,9,Q025,D,4.0
CAND_004_01_009,CENTRE_004,R01,9,Q026,C,4.0
CAND_004_01_009,CENTRE_004,R01,9,Q027,B,4.0
CAND_004_01_009,CENTRE_004,R01,9,Q028,A,4.0
CAND_004_01_009,CENTRE_004,R01,9,Q029,D,4.0
CAND_004_01_009,CENTRE_004,R01,9,Q030,B,-1.0
CAND_004_01_009,CENTRE_004,R01,9,Q031,A,-1.0
CAND_004_01_009,CENTRE_004,R01,9,Q032,A,4.0
CAND_004_01_009,CENTRE_004,R01,9,Q033,B,-1.0
CAND_004_01_009,CENTRE_004,R01,9,Q034,A,-1.0
CAND_004_01_009,CENTRE_004,R01,9,Q035,D,-1.0
CAND_004_01_009,CENTRE_004,R01,9,Q036,D,-1.0
CAND_004_01_009,CENTRE_004,R01,9,Q037,D,4.0
CAND_004_01_009,CENTRE_004,R01,9,Q038,C,4.0
CAND_004_01_009,CENTRE_004,R01,9,Q039,B,4.0
CAND_004_01_009,CENTRE_004,R01,9,Q040,A,4.0
CAND_004_01_009,CENTRE_004,R01,9,Q041,D,4.0
CAND_004_01_009,CENTRE_004,R01,9,Q042,C,4.0
CAND_004_01_009,CENTRE_004,R01,9,Q043,A,-1.0
CAND_004_01_009,CENTRE_004,R01,9,Q044,D,-1.0
CAND_004_01_009,CENTRE_004,R01,9,Q045,,0.0
CAND_004_01_009,CENTRE_004,R01,9,Q046,C,4.0
CAND_004_01_009,CENTRE_004,R01,9,Q047,B,4.0
CAND_004_01_009,CENTRE_004,R01,9,Q048,A,4.0
CAND_004_01_009,CENTRE_004,R01,9,Q049,D,4.0
CAND_004_01_009,CENTRE_004,R01,9,Q050,D,-1.0
CAND_004_01_010,CENTRE_004,R01,10,Q001,A,-1.0
CAND_004_01_010,CENTRE_004,R01,10,Q002,C,4.0
CAND_004_01_010,CENTRE_004,R01,10,Q003,C,-1.0
CAND_004_01_010,CENTRE_004,R01,10,Q004,B,-1.0
CAND_004_01_010,CENTRE_004,R01,10,Q005,D,4.0
CAND_004_01_010,CENTRE_004,R01,10,Q006,C,4.0
CAND_004_01_010,CENTRE_004,R01,10,Q007,D,-1.0
CAND_004_01_010,CENTRE_004,R01,10,Q008,A,4.0
CAND_004_01_010,CENTRE_004,R01,10,Q009,D,4.0
CAND_004_01_010,CENTRE_004,R01,10,Q010,D,-1.0
CAND_004_01_010,CENTRE_004,R01,10,Q011,C,-1.0
CAND_004_01_010,CENTRE_004,R01,10,Q012,A,4.0
CAND_004_01_010,CENTRE_004,R01,10,Q013,B,-1.0
CAND_004_01_010,CENTRE_004,R01,10,Q014,C,4.0
CAND_004_01_010,CENTRE_004,R01,10,Q015,D,-1.0
CAND_004_01_010,CENTRE_004,R01,10,Q016,D,-1.0
CAND_004_01_010,CENTRE_004,R01,10,Q017,D,4.0
CAND_004_01_010,CENTRE_004,R01,10,Q018,D,-1.0
CAND_004_01_010,CENTRE_004,R01,10,Q019,B,4.0
CAND_004_01_010,CENTRE_004,R01,10,Q020,D,-1.0
CAND_004_01_010,CENTRE_004,R01,10,Q021,A,-1.0
CAND_004_01_010,CENTRE_004,R01,10,Q022,B,-1.0
CAND_004_01_010,CENTRE_004,R01,10,Q023,,0.0
CAND_004_01_010,CENTRE_004,R01,10,Q024,A,4.0
CAND_004_01_010,CENTRE_004,R01,10,Q025,D,4.0
CAND_004_01_010,CENTRE_004,R01,10,Q026,A,-1.0
CAND_004_01_010,CENTRE_004,R01,10,Q027,B,4.0
CAND_004_01_010,CENTRE_004,R01,10,Q028,A,4.0
CAND_004_01_010,CENTRE_004,R01,10,Q029,D,4.0
CAND_004_01_010,CENTRE_004,R01,10,Q030,D,-1.0
CAND_004_01_010,CENTRE_004,R01,10,Q031,B,4.0
CAND_004_01_010,CENTRE_004,R01,10,Q032,A,4.0
CAND_004_01_010,CENTRE_004,R01,10,Q033,D,4.0
CAND_004_01_010,CENTRE_004,R01,10,Q034,B,-1.0
CAND_004_01_010,CENTRE_004,R01,10,Q035,C,-1.0
CAND_004_01_010,CENTRE_004,R01,10,Q036,B,-1.0
CAND_004_01_010,CENTRE_004,R01,10,Q037,D,4.0
CAND_004_01_010,CENTRE_004,R01,10,Q038,C,4.0
CAND_004_01_010,CENTRE_004,R01,10,Q039,A,-1.0
CAND_004_01_010,CENTRE_004,R01,10,Q040,D,-1.0
CAND_004_01_010,CENTRE_004,R01,10,Q041,B,-1.0
CAND_004_01_010,CENTRE_004,R01,10,Q042,D,-1.0
CAND_004_01_010,CENTRE_004,R01,10,Q043,B,4.0
CAND_004_01_010,CENTRE_004,R01,10,Q044,D,-1.0
CAND_004_01_010,CENTRE_004,R01,10,Q045,D,4.0
CAND_004_01_010,CENTRE_004,R01,10,Q046,C,4.0
CAND_004_01_010,CENTRE_004,R01,10,Q047,D,-1.0
CAND_004_01_010,CENTRE_004,R01,10,Q048,D,-1.0
CAND_004_01_010,CENTRE_004,R01,10,Q049,D,4.0
CAND_004_01_010,CENTRE_004,R01,10,Q050,D,-1.0
CAND_004_01_011,CENTRE_004,R01,11,Q001,D,4.0
CAND_004_01_011,CENTRE_004,R01,11,Q002,C,4.0
CAND_004_01_011,CENTRE_004,R01,11,Q003,B,4.0
CAND_004_01_011,CENTRE_004,R01,11,Q004,A,4.0
CAND_004_01_011,CENTRE_004,R01,11,Q005,D,4.0
CAND_004_01_011,CENTRE_004,R01,11,Q006,C,4.0
CAND_004_01_011,CENTRE_004,R01,11,Q007,C,-1.0
CAND_004_01_011,CENTRE_004,R01,11,Q008,A,4.0
CAND_004_01_011,CENTRE_004,R01,11,Q009,D,4.0
CAND_004_01_011,CENTRE_004,R01,11,Q010,B,-1.0
CAND_004_01_011,CENTRE_004,R01,11,Q011,C,-1.0
CAND_004_01_011,CENTRE_004,R01,11,Q012,A,4.0
CAND_004_01_011,CENTRE_004,R01,11,Q013,D,4.0
CAND_004_01_011,CENTRE_004,R01,11,Q014,C,4.0
CAND_004_01_011,CENTRE_004,R01,11,Q015,B,4.0
CAND_004_01_011,CENTRE_004,R01,11,Q016,A,4.0
CAND_004_01_011,CENTRE_004,R01,11,Q017,D,4.0
CAND_004_01_011,CENTRE_004,R01,11,Q018,A,-1.0
CAND_004_01_011,CENTRE_004,R01,11,Q019,C,-1.0
CAND_004_01_011,CENTRE_004,R01,11,Q020,A,4.0
CAND_004_01_011,CENTRE_004,R01,11,Q021,D,4.0
CAND_004_01_011,CENTRE_004,R01,11,Q022,C,4.0
CAND_004_01_011,CENTRE_004,R01,11,Q023,A,-1.0
CAND_004_01_011,CENTRE_004,R01,11,Q024,A,4.0
CAND_004_01_011,CENTRE_004,R01,11,Q025,D,4.0
CAND_004_01_011,CENTRE_004,R01,11,Q026,D,-1.0
CAND_004_01_011,CENTRE_004,R01,11,Q027,A,-1.0
CAND_004_01_011,CENTRE_004,R01,11,Q028,,0.0
CAND_004_01_011,CENTRE_004,R01,11,Q029,D,4.0
CAND_004_01_011,CENTRE_004,R01,11,Q030,C,4.0
CAND_004_01_011,CENTRE_004,R01,11,Q031,B,4.0
CAND_004_01_011,CENTRE_004,R01,11,Q032,B,-1.0
CAND_004_01_011,CENTRE_004,R01,11,Q033,A,-1.0
CAND_004_01_011,CENTRE_004,R01,11,Q034,C,4.0
CAND_004_01_011,CENTRE_004,R01,11,Q035,D,-1.0
CAND_004_01_011,CENTRE_004,R01,11,Q036,C,-1.0
CAND_004_01_011,CENTRE_004,R01,11,Q037,D,4.0
CAND_004_01_011,CENTRE_004,R01,11,Q038,C,4.0
CAND_004_01_011,CENTRE_004,R01,11,Q039,B,4.0
CAND_004_01_011,CENTRE_004,R01,11,Q040,A,4.0
CAND_004_01_011,CENTRE_004,R01,11,Q041,D,4.0
CAND_004_01_011,CENTRE_004,R01,11,Q042,D,-1.0
CAND_004_01_011,CENTRE_004,R01,11,Q043,B,4.0
CAND_004_01_011,CENTRE_004,R01,11,Q044,,0.0
CAND_004_01_011,CENTRE_004,R01,11,Q045,B,-1.0
CAND_004_01_011,CENTRE_004,R01,11,Q046,D,-1.0
CAND_004_01_011,CENTRE_004,R01,11,Q047,C,-1.0
CAND_004_01_011,CENTRE_004,R01,11,Q048,A,4.0
CAND_004_01_011,CENTRE_004,R01,11,Q049,C,-1.0
CAND_004_01_011,CENTRE_004,R01,11,Q050,A,-1.0
CAND_004_01_012,CENTRE_004,R01,12,Q001,D,4.0
CAND_004_01_012,CENTRE_004,R01,12,Q002,B,-1.0
CAND_004_01_012,CENTRE_004,R01,12,Q003,B,4.0
CAND_004_01_012,CENTRE_004,R01,12,Q004,A,4.0
CAND_004_01_012,CENTRE_004,R01,12,Q005,A,-1.0
CAND_004_01_012,CENTRE_004,R01,12,Q006,C,4.0
CAND_004_01_012,CENTRE_004,R01,12,Q007,,0.0
CAND_004_01_012,CENTRE_004,R01,12,Q008,D,-1.0
CAND_004_01_012,CENTRE_004,R01,12,Q009,B,-1.0
CAND_004_01_012,CENTRE_004,R01,12,Q010,C,4.0
CAND_004_01_012,CENTRE_004,R01,12,Q011,A,-1.0
CAND_004_01_012,CENTRE_004,R01,12,Q012,D,-1.0
CAND_004_01_012,CENTRE_004,R01,12,Q013,D,4.0
CAND_004_01_012,CENTRE_004,R01,12,Q014,D,-1.0
CAND_004_01_012,CENTRE_004,R01,12,Q015,B,4.0
CAND_004_01_012,CENTRE_004,R01,12,Q016,A,4.0
CAND_004_01_012,CENTRE_004,R01,12,Q017,D,4.0
CAND_004_01_012,CENTRE_004,R01,12,Q018,C,4.0
CAND_004_01_012,CENTRE_004,R01,12,Q019,A,-1.0
CAND_004_01_012,CENTRE_004,R01,12,Q020,A,4.0
CAND_004_01_012,CENTRE_004,R01,12,Q021,A,-1.0
CAND_004_01_012,CENTRE_004,R01,12,Q022,A,-1.0
CAND_004_01_012,CENTRE_004,R01,12,Q023,B,4.0
CAND_004_01_012,CENTRE_004,R01,12,Q024,B,-1.0
CAND_004_01_012,CENTRE_004,R01,12,Q025,D,4.0
CAND_004_01_012,CENTRE_004,R01,12,Q026,D,-1.0
CAND_004_01_012,CENTRE_004,R01,12,Q027,C,-1.0
CAND_004_01_012,CENTRE_004,R01,12,Q028,,0.0
CAND_004_01_012,CENTRE_004,R01,12,Q029,D,4.0
CAND_004_01_012,CENTRE_004,R01,12,Q030,D,-1.0
CAND_004_01_012,CENTRE_004,R01,12,Q031,B,4.0
CAND_004_01_012,CENTRE_004,R01,12,Q032,A,4.0
CAND_004_01_012,CENTRE_004,R01,12,Q033,D,4.0
CAND_004_01_012,CENTRE_004,R01,12,Q034,A,-1.0
CAND_004_01_012,CENTRE_004,R01,12,Q035,B,4.0
CAND_004_01_012,CENTRE_004,R01,12,Q036,A,4.0
CAND_004_01_012,CENTRE_004,R01,12,Q037,D,4.0
CAND_004_01_012,CENTRE_004,R01,12,Q038,D,-1.0
CAND_004_01_012,CENTRE_004,R01,12,Q039,A,-1.0
CAND_004_01_012,CENTRE_004,R01,12,Q040,B,-1.0
CAND_004_01_012,CENTRE_004,R01,12,Q041,D,4.0
CAND_004_01_012,CENTRE_004,R01,12,Q042,D,-1.0
CAND_004_01_012,CENTRE_004,R01,12,Q043,A,-1.0
CAND_004_01_012,CENTRE_004,R01,12,Q044,B,-1.0
CAND_004_01_012,CENTRE_004,R01,12,Q045,D,4.0
CAND_004_01_012,CENTRE_004,R01,12,Q046,B,-1.0
CAND_004_01_012,CENTRE_004,R01,12,Q047,B,4.0
CAND_004_01_012,CENTRE_004,R01,12,Q048,D,-1.0
CAND_004_01_012,CENTRE_004,R01,12,Q049,D,4.0
CAND_004_01_012,CENTRE_004,R01,12,Q050,,0.0
CAND_004_01_013,CENTRE_004,R01,13,Q001,D,4.0
CAND_004_01_013,CENTRE_004,R01,13,Q002,B,-1.0
CAND_004_01_013,CENTRE_004,R01,13,Q003,A,-1.0
CAND_004_01_013,CENTRE_004,R01,13,Q004,B,-1.0
CAND_004_01_013,CENTRE_004,R01,13,Q005,,0.0
CAND_004_01_013,CENTRE_004,R01,13,Q006,A,-1.0
CAND_004_01_013,CENTRE_004,R01,13,Q007,B,4.0
CAND_004_01_013,CENTRE_004,R01,13,Q008,A,4.0
CAND_004_01_013,CENTRE_004,R01,13,Q009,A,-1.0
CAND_004_01_013,CENTRE_004,R01,13,Q010,C,4.0
CAND_004_01_013,CENTRE_004,R01,13,Q011,D,-1.0
CAND_004_01_013,CENTRE_004,R01,13,Q012,C,-1.0
CAND_004_01_013,CENTRE_004,R01,13,Q013,B,-1.0
CAND_004_01_013,CENTRE_004,R01,13,Q014,D,-1.0
CAND_004_01_013,CENTRE_004,R01,13,Q015,C,-1.0
CAND_004_01_013,CENTRE_004,R01,13,Q016,C,-1.0
CAND_004_01_013,CENTRE_004,R01,13,Q017,D,4.0
CAND_004_01_013,CENTRE_004,R01,13,Q018,C,4.0
CAND_004_01_013,CENTRE_004,R01,13,Q019,C,-1.0
CAND_004_01_013,CENTRE_004,R01,13,Q020,A,4.0
CAND_004_01_013,CENTRE_004,R01,13,Q021,D,4.0
CAND_004_01_013,CENTRE_004,R01,13,Q022,C,4.0
CAND_004_01_013,CENTRE_004,R01,13,Q023,B,4.0
CAND_004_01_013,CENTRE_004,R01,13,Q024,A,4.0
CAND_004_01_013,CENTRE_004,R01,13,Q025,B,-1.0
CAND_004_01_013,CENTRE_004,R01,13,Q026,B,-1.0
CAND_004_01_013,CENTRE_004,R01,13,Q027,D,-1.0
CAND_004_01_013,CENTRE_004,R01,13,Q028,A,4.0
CAND_004_01_013,CENTRE_004,R01,13,Q029,D,4.0
CAND_004_01_013,CENTRE_004,R01,13,Q030,C,4.0
CAND_004_01_013,CENTRE_004,R01,13,Q031,C,-1.0
CAND_004_01_013,CENTRE_004,R01,13,Q032,A,4.0
CAND_004_01_013,CENTRE_004,R01,13,Q033,B,-1.0
CAND_004_01_013,CENTRE_004,R01,13,Q034,C,4.0
CAND_004_01_013,CENTRE_004,R01,13,Q035,C,-1.0
CAND_004_01_013,CENTRE_004,R01,13,Q036,D,-1.0
CAND_004_01_013,CENTRE_004,R01,13,Q037,D,4.0
CAND_004_01_013,CENTRE_004,R01,13,Q038,,0.0
CAND_004_01_013,CENTRE_004,R01,13,Q039,B,4.0
CAND_004_01_013,CENTRE_004,R01,13,Q040,A,4.0
CAND_004_01_013,CENTRE_004,R01,13,Q041,C,-1.0
CAND_004_01_013,CENTRE_004,R01,13,Q042,C,4.0
CAND_004_01_013,CENTRE_004,R01,13,Q043,A,-1.0
CAND_004_01_013,CENTRE_004,R01,13,Q044,,0.0
CAND_004_01_013,CENTRE_004,R01,13,Q045,A,-1.0
CAND_004_01_013,CENTRE_004,R01,13,Q046,B,-1.0
CAND_004_01_013,CENTRE_004,R01,13,Q047,D,-1.0
CAND_004_01_013,CENTRE_004,R01,13,Q048,A,4.0
CAND_004_01_013,CENTRE_004,R01,13,Q049,D,4.0
CAND_004_01_013,CENTRE_004,R01,13,Q050,D,-1.0
CAND_004_01_014,CENTRE_004,R01,14,Q001,A,-1.0
CAND_004_01_014,CENTRE_004,R01,14,Q002,A,-1.0
CAND_004_01_014,CENTRE_004,R01,14,Q003,A,-1.0
CAND_004_01_014,CENTRE_004,R01,14,Q004,A,4.0
CAND_004_01_014,CENTRE_004,R01,14,Q005,D,4.0
CAND_004_01_014,CENTRE_004,R01,14,Q006,B,-1.0
CAND_004_01_014,CENTRE_004,R01,14,Q007,,0.0
CAND_004_01_014,CENTRE_004,R01,14,Q008,A,4.0
CAND_004_01_014,CENTRE_004,R01,14,Q009,D,4.0
CAND_004_01_014,CENTRE_004,R01,14,Q010,A,-1.0
CAND_004_01_014,CENTRE_004,R01,14,Q011,B,4.0
CAND_004_01_014,CENTRE_004,R01,14,Q012,A,4.0
CAND_004_01_014,CENTRE_004,R01,14,Q013,A,-1.0
CAND_004_01_014,CENTRE_004,R01,14,Q014,A,-1.0
CAND_004_01_014,CENTRE_004,R01,14,Q015,B,4.0
CAND_004_01_014,CENTRE_004,R01,14,Q016,A,4.0
CAND_004_01_014,CENTRE_004,R01,14,Q017,A,-1.0
CAND_004_01_014,CENTRE_004,R01,14,Q018,C,4.0
CAND_004_01_014,CENTRE_004,R01,14,Q019,A,-1.0
CAND_004_01_014,CENTRE_004,R01,14,Q020,A,4.0
CAND_004_01_014,CENTRE_004,R01,14,Q021,C,-1.0
CAND_004_01_014,CENTRE_004,R01,14,Q022,B,-1.0
CAND_004_01_014,CENTRE_004,R01,14,Q023,B,4.0
CAND_004_01_014,CENTRE_004,R01,14,Q024,A,4.0
CAND_004_01_014,CENTRE_004,R01,14,Q025,D,4.0
CAND_004_01_014,CENTRE_004,R01,14,Q026,C,4.0
CAND_004_01_014,CENTRE_004,R01,14,Q027,B,4.0
CAND_004_01_014,CENTRE_004,R01,14,Q028,C,-1.0
CAND_004_01_014,CENTRE_004,R01,14,Q029,D,4.0
CAND_004_01_014,CENTRE_004,R01,14,Q030,C,4.0
CAND_004_01_014,CENTRE_004,R01,14,Q031,B,4.0
CAND_004_01_014,CENTRE_004,R01,14,Q032,A,4.0
CAND_004_01_014,CENTRE_004,R01,14,Q033,D,4.0
CAND_004_01_014,CENTRE_004,R01,14,Q034,B,-1.0
CAND_004_01_014,CENTRE_004,R01,14,Q035,B,4.0
CAND_004_01_014,CENTRE_004,R01,14,Q036,A,4.0
CAND_004_01_014,CENTRE_004,R01,14,Q037,D,4.0
CAND_004_01_014,CENTRE_004,R01,14,Q038,C,4.0
CAND_004_01_014,CENTRE_004,R01,14,Q039,B,4.0
CAND_004_01_014,CENTRE_004,R01,14,Q040,A,4.0
CAND_004_01_014,CENTRE_004,R01,14,Q041,D,4.0
CAND_004_01_014,CENTRE_004,R01,14,Q042,A,-1.0
CAND_004_01_014,CENTRE_004,R01,14,Q043,B,4.0
CAND_004_01_014,CENTRE_004,R01,14,Q044,A,4.0
CAND_004_01_014,CENTRE_004,R01,14,Q045,D,4.0
CAND_004_01_014,CENTRE_004,R01,14,Q046,C,4.0
CAND_004_01_014,CENTRE_004,R01,14,Q047,B,4.0
CAND_004_01_014,CENTRE_004,R01,14,Q048,,0.0
CAND_004_01_014,CENTRE_004,R01,14,Q049,B,-1.0
CAND_004_01_014,CENTRE_004,R01,14,Q050,,0.0
CAND_004_01_015,CENTRE_004,R01,15,Q001,C,-1.0
CAND_004_01_015,CENTRE_004,R01,15,Q002,,0.0
CAND_004_01_015,CENTRE_004,R01,15,Q003,B,4.0
CAND_004_01_015,CENTRE_004,R01,15,Q004,A,4.0
CAND_004_01_015,CENTRE_004,R01,15,Q005,A,-1.0
CAND_004_01_015,CENTRE_004,R01,15,Q006,C,4.0
CAND_004_01_015,CENTRE_004,R01,15,Q007,A,-1.0
CAND_004_01_015,CENTRE_004,R01,15,Q008,A,4.0
CAND_004_01_015,CENTRE_004,R01,15,Q009,D,4.0
CAND_004_01_015,CENTRE_004,R01,15,Q010,B,-1.0
CAND_004_01_015,CENTRE_004,R01,15,Q011,B,4.0
CAND_004_01_015,CENTRE_004,R01,15,Q012,D,-1.0
CAND_004_01_015,CENTRE_004,R01,15,Q013,D,4.0
CAND_004_01_015,CENTRE_004,R01,15,Q014,D,-1.0
CAND_004_01_015,CENTRE_004,R01,15,Q015,B,4.0
CAND_004_01_015,CENTRE_004,R01,15,Q016,A,4.0
CAND_004_01_015,CENTRE_004,R01,15,Q017,A,-1.0
CAND_004_01_015,CENTRE_004,R01,15,Q018,C,4.0
CAND_004_01_015,CENTRE_004,R01,15,Q019,C,-1.0
CAND_004_01_015,CENTRE_004,R01,15,Q020,C,-1.0
CAND_004_01_015,CENTRE_004,R01,15,Q021,D,4.0
CAND_004_01_015,CENTRE_004,R01,15,Q022,A,-1.0
CAND_004_01_015,CENTRE_004,R01,15,Q023,C,-1.0
CAND_004_01_015,CENTRE_004,R01,15,Q024,A,4.0
CAND_004_01_015,CENTRE_004,R01,15,Q025,D,4.0
CAND_004_01_015,CENTRE_004,R01,15,Q026,D,-1.0
CAND_004_01_015,CENTRE_004,R01,15,Q027,B,4.0
CAND_004_01_015,CENTRE_004,R01,15,Q028,A,4.0
CAND_004_01_015,CENTRE_004,R01,15,Q029,A,-1.0
CAND_004_01_015,CENTRE_004,R01,15,Q030,C,4.0
CAND_004_01_015,CENTRE_004,R01,15,Q031,B,4.0
CAND_004_01_015,CENTRE_004,R01,15,Q032,A,4.0
CAND_004_01_015,CENTRE_004,R01,15,Q033,C,-1.0
CAND_004_01_015,CENTRE_004,R01,15,Q034,A,-1.0
CAND_004_01_015,CENTRE_004,R01,15,Q035,D,-1.0
CAND_004_01_015,CENTRE_004,R01,15,Q036,B,-1.0
CAND_004_01_015,CENTRE_004,R01,15,Q037,D,4.0
CAND_004_01_015,CENTRE_004,R01,15,Q038,,0.0
CAND_004_01_015,CENTRE_004,R01,15,Q039,B,4.0
CAND_004_01_015,CENTRE_004,R01,15,Q040,A,4.0
CAND_004_01_015,CENTRE_004,R01,15,Q041,D,4.0
CAND_004_01_015,CENTRE_004,R01,15,Q042,A,-1.0
CAND_004_01_015,CENTRE_004,R01,15,Q043,B,4.0
CAND_004_01_015,CENTRE_004,R01,15,Q044,A,4.0
CAND_004_01_015,CENTRE_004,R01,15,Q045,D,4.0
CAND_004_01_015,CENTRE_004,R01,15,Q046,C,4.0
CAND_004_01_015,CENTRE_004,R01,15,Q047,A,-1.0
CAND_004_01_015,CENTRE_004,R01,15,Q048,A,4.0
CAND_004_01_015,CENTRE_004,R01,15,Q049,C,-1.0
CAND_004_01_015,CENTRE_004,R01,15,Q050,C,4.0
CAND_004_01_016,CENTRE_004,R01,16,Q001,D,4.0
CAND_004_01_016,CENTRE_004,R01,16,Q002,D,-1.0
CAND_004_01_016,CENTRE_004,R01,16,Q003,B,4.0
CAND_004_01_016,CENTRE_004,R01,16,Q004,C,-1.0
CAND_004_01_016,CENTRE_004,R01,16,Q005,A,-1.0
CAND_004_01_016,CENTRE_004,R01,16,Q006,C,4.0
CAND_004_01_016,CENTRE_004,R01,16,Q007,B,4.0
CAND_004_01_016,CENTRE_004,R01,16,Q008,C,-1.0
CAND_004_01_016,CENTRE_004,R01,16,Q009,C,-1.0
CAND_004_01_016,CENTRE_004,R01,16,Q010,B,-1.0
CAND_004_01_016,CENTRE_004,R01,16,Q011,D,-1.0
CAND_004_01_016,CENTRE_004,R01,16,Q012,A,4.0
CAND_004_01_016,CENTRE_004,R01,16,Q013,C,-1.0
CAND_004_01_016,CENTRE_004,R01,16,Q014,A,-1.0
CAND_004_01_016,CENTRE_004,R01,16,Q015,A,-1.0
CAND_004_01_016,CENTRE_004,R01,16,Q016,B,-1.0
CAND_004_01_016,CENTRE_004,R01,16,Q017,D,4.0
CAND_004_01_016,CENTRE_004,R01,16,Q018,A,-1.0
CAND_004_01_016,CENTRE_004,R01,16,Q019,B,4.0
CAND_004_01_016,CENTRE_004,R01,16,Q020,C,-1.0
CAND_004_01_016,CENTRE_004,R01,16,Q021,D,4.0
CAND_004_01_016,CENTRE_004,R01,16,Q022,D,-1.0
CAND_004_01_016,CENTRE_004,R01,16,Q023,B,4.0
CAND_004_01_016,CENTRE_004,R01,16,Q024,C,-1.0
CAND_004_01_016,CENTRE_004,R01,16,Q025,D,4.0
CAND_004_01_016,CENTRE_004,R01,16,Q026,D,-1.0
CAND_004_01_016,CENTRE_004,R01,16,Q027,D,-1.0
CAND_004_01_016,CENTRE_004,R01,16,Q028,C,-1.0
CAND_004_01_016,CENTRE_004,R01,16,Q029,B,-1.0
CAND_004_01_016,CENTRE_004,R01,16,Q030,B,-1.0
CAND_004_01_016,CENTRE_004,R01,16,Q031,C,-1.0
CAND_004_01_016,CENTRE_004,R01,16,Q032,C,-1.0
CAND_004_01_016,CENTRE_004,R01,16,Q033,C,-1.0
CAND_004_01_016,CENTRE_004,R01,16,Q034,A,-1.0
CAND_004_01_016,CENTRE_004,R01,16,Q035,B,4.0
CAND_004_01_016,CENTRE_004,R01,16,Q036,A,4.0
CAND_004_01_016,CENTRE_004,R01,16,Q037,,0.0
CAND_004_01_016,CENTRE_004,R01,16,Q038,C,4.0
CAND_004_01_016,CENTRE_004,R01,16,Q039,,0.0
CAND_004_01_016,CENTRE_004,R01,16,Q040,A,4.0
CAND_004_01_016,CENTRE_004,R01,16,Q041,D,4.0
CAND_004_01_016,CENTRE_004,R01,16,Q042,C,4.0
CAND_004_01_016,CENTRE_004,R01,16,Q043,B,4.0
CAND_004_01_016,CENTRE_004,R01,16,Q044,B,-1.0
CAND_004_01_016,CENTRE_004,R01,16,Q045,B,-1.0
CAND_004_01_016,CENTRE_004,R01,16,Q046,C,4.0
CAND_004_01_016,CENTRE_004,R01,16,Q047,D,-1.0
CAND_004_01_016,CENTRE_004,R01,16,Q048,A,4.0
CAND_004_01_016,CENTRE_004,R01,16,Q049,,0.0
CAND_004_01_016,CENTRE_004,R01,16,Q050,D,-1.0
CAND_004_01_017,CENTRE_004,R01,17,Q001,D,4.0
CAND_004_01_017,CENTRE_004,R01,17,Q002,C,4.0
CAND_004_01_017,CENTRE_004,R01,17,Q003,A,-1.0
CAND_004_01_017,CENTRE_004,R01,17,Q004,A,4.0
CAND_004_01_017,CENTRE_004,R01,17,Q005,D,4.0
CAND_004_01_017,CENTRE_004,R01,17,Q006,D,-1.0
CAND_004_01_017,CENTRE_004,R01,17,Q007,B,4.0
CAND_004_01_017,CENTRE_004,R01,17,Q008,,0.0
CAND_004_01_017,CENTRE_004,R01,17,Q009,B,-1.0
CAND_004_01_017,CENTRE_004,R01,17,Q010,C,4.0
CAND_004_01_017,CENTRE_004,R01,17,Q011,B,4.0
CAND_004_01_017,CENTRE_004,R01,17,Q012,A,4.0
CAND_004_01_017,CENTRE_004,R01,17,Q013,D,4.0
CAND_004_01_017,CENTRE_004,R01,17,Q014,D,-1.0
CAND_004_01_017,CENTRE_004,R01,17,Q015,D,-1.0
CAND_004_01_017,CENTRE_004,R01,17,Q016,D,-1.0
CAND_004_01_017,CENTRE_004,R01,17,Q017,D,4.0
CAND_004_01_017,CENTRE_004,R01,17,Q018,B,-1.0
CAND_004_01_017,CENTRE_004,R01,17,Q019,B,4.0
CAND_004_01_017,CENTRE_004,R01,17,Q020,D,-1.0
CAND_004_01_017,CENTRE_004,R01,17,Q021,,0.0
CAND_004_01_017,CENTRE_004,R01,17,Q022,D,-1.0
CAND_004_01_017,CENTRE_004,R01,17,Q023,B,4.0
CAND_004_01_017,CENTRE_004,R01,17,Q024,A,4.0
CAND_004_01_017,CENTRE_004,R01,17,Q025,D,4.0
CAND_004_01_017,CENTRE_004,R01,17,Q026,C,4.0
CAND_004_01_017,CENTRE_004,R01,17,Q027,D,-1.0
CAND_004_01_017,CENTRE_004,R01,17,Q028,B,-1.0
CAND_004_01_017,CENTRE_004,R01,17,Q029,D,4.0
CAND_004_01_017,CENTRE_004,R01,17,Q030,C,4.0
CAND_004_01_017,CENTRE_004,R01,17,Q031,B,4.0
CAND_004_01_017,CENTRE_004,R01,17,Q032,A,4.0
CAND_004_01_017,CENTRE_004,R01,17,Q033,,0.0
CAND_004_01_017,CENTRE_004,R01,17,Q034,,0.0
CAND_004_01_017,CENTRE_004,R01,17,Q035,A,-1.0
CAND_004_01_017,CENTRE_004,R01,17,Q036,A,4.0
CAND_004_01_017,CENTRE_004,R01,17,Q037,D,4.0
CAND_004_01_017,CENTRE_004,R01,17,Q038,A,-1.0
CAND_004_01_017,CENTRE_004,R01,17,Q039,B,4.0
CAND_004_01_017,CENTRE_004,R01,17,Q040,A,4.0
CAND_004_01_017,CENTRE_004,R01,17,Q041,D,4.0
CAND_004_01_017,CENTRE_004,R01,17,Q042,D,-1.0
CAND_004_01_017,CENTRE_004,R01,17,Q043,A,-1.0
CAND_004_01_017,CENTRE_004,R01,17,Q044,C,-1.0
CAND_004_01_017,CENTRE_004,R01,17,Q045,D,4.0
CAND_004_01_017,CENTRE_004,R01,17,Q046,A,-1.0
CAND_004_01_017,CENTRE_004,R01,17,Q047,B,4.0
CAND_004_01_017,CENTRE_004,R01,17,Q048,A,4.0
CAND_004_01_017,CENTRE_004,R01,17,Q049,A,-1.0
CAND_004_01_017,CENTRE_004,R01,17,Q050,C,4.0
CAND_004_01_018,CENTRE_004,R01,18,Q001,B,-1.0
CAND_004_01_018,CENTRE_004,R01,18,Q002,C,4.0
CAND_004_01_018,CENTRE_004,R01,18,Q003,B,4.0
CAND_004_01_018,CENTRE_004,R01,18,Q004,D,-1.0
CAND_004_01_018,CENTRE_004,R01,18,Q005,C,-1.0
CAND_004_01_018,CENTRE_004,R01,18,Q006,C,4.0
CAND_004_01_018,CENTRE_004,R01,18,Q007,D,-1.0
CAND_004_01_018,CENTRE_004,R01,18,Q008,A,4.0
CAND_004_01_018,CENTRE_004,R01,18,Q009,B,-1.0
CAND_004_01_018,CENTRE_004,R01,18,Q010,C,4.0
CAND_004_01_018,CENTRE_004,R01,18,Q011,D,-1.0
CAND_004_01_018,CENTRE_004,R01,18,Q012,,0.0
CAND_004_01_018,CENTRE_004,R01,18,Q013,B,-1.0
CAND_004_01_018,CENTRE_004,R01,18,Q014,C,4.0
CAND_004_01_018,CENTRE_004,R01,18,Q015,D,-1.0
CAND_004_01_018,CENTRE_004,R01,18,Q016,A,4.0
CAND_004_01_018,CENTRE_004,R01,18,Q017,D,4.0
CAND_004_01_018,CENTRE_004,R01,18,Q018,B,-1.0
CAND_004_01_018,CENTRE_004,R01,18,Q019,C,-1.0
CAND_004_01_018,CENTRE_004,R01,18,Q020,B,-1.0
CAND_004_01_018,CENTRE_004,R01,18,Q021,D,4.0
CAND_004_01_018,CENTRE_004,R01,18,Q022,C,4.0
CAND_004_01_018,CENTRE_004,R01,18,Q023,B,4.0
CAND_004_01_018,CENTRE_004,R01,18,Q024,C,-1.0
CAND_004_01_018,CENTRE_004,R01,18,Q025,D,4.0
CAND_004_01_018,CENTRE_004,R01,18,Q026,C,4.0
CAND_004_01_018,CENTRE_004,R01,18,Q027,B,4.0
CAND_004_01_018,CENTRE_004,R01,18,Q028,A,4.0
CAND_004_01_018,CENTRE_004,R01,18,Q029,C,-1.0
CAND_004_01_018,CENTRE_004,R01,18,Q030,B,-1.0
CAND_004_01_018,CENTRE_004,R01,18,Q031,C,-1.0
CAND_004_01_018,CENTRE_004,R01,18,Q032,C,-1.0
CAND_004_01_018,CENTRE_004,R01,18,Q033,D,4.0
CAND_004_01_018,CENTRE_004,R01,18,Q034,D,-1.0
CAND_004_01_018,CENTRE_004,R01,18,Q035,B,4.0
CAND_004_01_018,CENTRE_004,R01,18,Q036,A,4.0
CAND_004_01_018,CENTRE_004,R01,18,Q037,D,4.0
CAND_004_01_018,CENTRE_004,R01,18,Q038,A,-1.0
CAND_004_01_018,CENTRE_004,R01,18,Q039,D,-1.0
CAND_004_01_018,CENTRE_004,R01,18,Q040,B,-1.0
CAND_004_01_018,CENTRE_004,R01,18,Q041,A,-1.0
CAND_004_01_018,CENTRE_004,R01,18,Q042,C,4.0
CAND_004_01_018,CENTRE_004,R01,18,Q043,B,4.0
CAND_004_01_018,CENTRE_004,R01,18,Q044,C,-1.0
CAND_004_01_018,CENTRE_004,R01,18,Q045,B,-1.0
CAND_004_01_018,CENTRE_004,R01,18,Q046,C,4.0
CAND_004_01_018,CENTRE_004,R01,18,Q047,B,4.0
CAND_004_01_018,CENTRE_004,R01,18,Q048,A,4.0
CAND_004_01_018,CENTRE_004,R01,18,Q049,D,4.0
CAND_004_01_018,CENTRE_004,R01,18,Q050,A,-1.0
CAND_004_01_019,CENTRE_004,R01,19,Q001,C,-1.0
CAND_004_01_019,CENTRE_004,R01,19,Q002,C,4.0
CAND_004_01_019,CENTRE_004,R01,19,Q003,C,-1.0
CAND_004_01_019,CENTRE_004,R01,19,Q004,A,4.0
CAND_004_01_019,CENTRE_004,R01,19,Q005,D,4.0
CAND_004_01_019,CENTRE_004,R01,19,Q006,C,4.0
CAND_004_01_019,CENTRE_004,R01,19,Q007,A,-1.0
CAND_004_01_019,CENTRE_004,R01,19,Q008,C,-1.0
CAND_004_01_019,CENTRE_004,R01,19,Q009,A,-1.0
CAND_004_01_019,CENTRE_004,R01,19,Q010,C,4.0
CAND_004_01_019,CENTRE_004,R01,19,Q011,B,4.0
CAND_004_01_019,CENTRE_004,R01,19,Q012,C,-1.0
CAND_004_01_019,CENTRE_004,R01,19,Q013,C,-1.0
CAND_004_01_019,CENTRE_004,R01,19,Q014,D,-1.0
CAND_004_01_019,CENTRE_004,R01,19,Q015,B,4.0
CAND_004_01_019,CENTRE_004,R01,19,Q016,D,-1.0
CAND_004_01_019,CENTRE_004,R01,19,Q017,D,4.0
CAND_004_01_019,CENTRE_004,R01,19,Q018,A,-1.0
CAND_004_01_019,CENTRE_004,R01,19,Q019,B,4.0
CAND_004_01_019,CENTRE_004,R01,19,Q020,A,4.0
CAND_004_01_019,CENTRE_004,R01,19,Q021,B,-1.0
CAND_004_01_019,CENTRE_004,R01,19,Q022,A,-1.0
CAND_004_01_019,CENTRE_004,R01,19,Q023,,0.0
CAND_004_01_019,CENTRE_004,R01,19,Q024,A,4.0
CAND_004_01_019,CENTRE_004,R01,19,Q025,D,4.0
CAND_004_01_019,CENTRE_004,R01,19,Q026,C,4.0
CAND_004_01_019,CENTRE_004,R01,19,Q027,B,4.0
CAND_004_01_019,CENTRE_004,R01,19,Q028,A,4.0
CAND_004_01_019,CENTRE_004,R01,19,Q029,D,4.0
CAND_004_01_019,CENTRE_004,R01,19,Q030,B,-1.0
CAND_004_01_019,CENTRE_004,R01,19,Q031,A,-1.0
CAND_004_01_019,CENTRE_004,R01,19,Q032,A,4.0
CAND_004_01_019,CENTRE_004,R01,19,Q033,A,-1.0
CAND_004_01_019,CENTRE_004,R01,19,Q034,C,4.0
CAND_004_01_019,CENTRE_004,R01,19,Q035,C,-1.0
CAND_004_01_019,CENTRE_004,R01,19,Q036,,0.0
CAND_004_01_019,CENTRE_004,R01,19,Q037,D,4.0
CAND_004_01_019,CENTRE_004,R01,19,Q038,B,-1.0
CAND_004_01_019,CENTRE_004,R01,19,Q039,B,4.0
CAND_004_01_019,CENTRE_004,R01,19,Q040,C,-1.0
CAND_004_01_019,CENTRE_004,R01,19,Q041,B,-1.0
CAND_004_01_019,CENTRE_004,R01,19,Q042,B,-1.0
CAND_004_01_019,CENTRE_004,R01,19,Q043,D,-1.0
CAND_004_01_019,CENTRE_004,R01,19,Q044,A,4.0
CAND_004_01_019,CENTRE_004,R01,19,Q045,A,-1.0
CAND_004_01_019,CENTRE_004,R01,19,Q046,B,-1.0
CAND_004_01_019,CENTRE_004,R01,19,Q047,,0.0
CAND_004_01_019,CENTRE_004,R01,19,Q048,A,4.0
CAND_004_01_019,CENTRE_004,R01,19,Q049,B,-1.0
CAND_004_01_019,CENTRE_004,R01,19,Q050,C,4.0
CAND_004_01_020,CENTRE_004,R01,20,Q001,A,-1.0
CAND_004_01_020,CENTRE_004,R01,20,Q002,C,4.0
CAND_004_01_020,CENTRE_004,R01,20,Q003,B,4.0
CAND_004_01_020,CENTRE_004,R01,20,Q004,B,-1.0
CAND_004_01_020,CENTRE_004,R01,20,Q005,B,-1.0
CAND_004_01_020,CENTRE_004,R01,20,Q006,C,4.0
CAND_004_01_020,CENTRE_004,R01,20,Q007,B,4.0
CAND_004_01_020,CENTRE_004,R01,20,Q008,,0.0
CAND_004_01_020,CENTRE_004,R01,20,Q009,D,4.0
CAND_004_01_020,CENTRE_004,R01,20,Q010,C,4.0
CAND_004_01_020,CENTRE_004,R01,20,Q011,B,4.0
CAND_004_01_020,CENTRE_004,R01,20,Q012,A,4.0
CAND_004_01_020,CENTRE_004,R01,20,Q013,D,4.0
CAND_004_01_020,CENTRE_004,R01,20,Q014,C,4.0
CAND_004_01_020,CENTRE_004,R01,20,Q015,B,4.0
CAND_004_01_020,CENTRE_004,R01,20,Q016,C,-1.0
CAND_004_01_020,CENTRE_004,R01,20,Q017,D,4.0
CAND_004_01_020,CENTRE_004,R01,20,Q018,C,4.0
CAND_004_01_020,CENTRE_004,R01,20,Q019,B,4.0
CAND_004_01_020,CENTRE_004,R01,20,Q020,C,-1.0
CAND_004_01_020,CENTRE_004,R01,20,Q021,B,-1.0
CAND_004_01_020,CENTRE_004,R01,20,Q022,C,4.0
CAND_004_01_020,CENTRE_004,R01,20,Q023,B,4.0
CAND_004_01_020,CENTRE_004,R01,20,Q024,D,-1.0
CAND_004_01_020,CENTRE_004,R01,20,Q025,A,-1.0
CAND_004_01_020,CENTRE_004,R01,20,Q026,C,4.0
CAND_004_01_020,CENTRE_004,R01,20,Q027,B,4.0
CAND_004_01_020,CENTRE_004,R01,20,Q028,A,4.0
CAND_004_01_020,CENTRE_004,R01,20,Q029,A,-1.0
CAND_004_01_020,CENTRE_004,R01,20,Q030,C,4.0
CAND_004_01_020,CENTRE_004,R01,20,Q031,,0.0
CAND_004_01_020,CENTRE_004,R01,20,Q032,C,-1.0
CAND_004_01_020,CENTRE_004,R01,20,Q033,D,4.0
CAND_004_01_020,CENTRE_004,R01,20,Q034,C,4.0
CAND_004_01_020,CENTRE_004,R01,20,Q035,D,-1.0
CAND_004_01_020,CENTRE_004,R01,20,Q036,C,-1.0
CAND_004_01_020,CENTRE_004,R01,20,Q037,C,-1.0
CAND_004_01_020,CENTRE_004,R01,20,Q038,C,4.0
CAND_004_01_020,CENTRE_004,R01,20,Q039,B,4.0
CAND_004_01_020,CENTRE_004,R01,20,Q040,A,4.0
CAND_004_01_020,CENTRE_004,R01,20,Q041,A,-1.0
CAND_004_01_020,CENTRE_004,R01,20,Q042,C,4.0
CAND_004_01_020,CENTRE_004,R01,20,Q043,B,4.0
CAND_004_01_020,CENTRE_004,R01,20,Q044,D,-1.0
CAND_004_01_020,CENTRE_004,R01,20,Q045,D,4.0
CAND_004_01_020,CENTRE_004,R01,20,Q046,C,4.0
CAND_004_01_020,CENTRE_004,R01,20,Q047,B,4.0
CAND_004_01_020,CENTRE_004,R01,20,Q048,A,4.0
CAND_004_01_020,CENTRE_004,R01,20,Q049,D,4.0
CAND_004_01_020,CENTRE_004,R01,20,Q050,C,4.0
CAND_004_02_001,CENTRE_004,R02,1,Q001,D,4.0
CAND_004_02_001,CENTRE_004,R02,1,Q002,C,4.0
CAND_004_02_001,CENTRE_004,R02,1,Q003,C,-1.0
CAND_004_02_001,CENTRE_004,R02,1,Q004,A,4.0
CAND_004_02_001,CENTRE_004,R02,1,Q005,B,-1.0
CAND_004_02_001,CENTRE_004,R02,1,Q006,C,4.0
CAND_004_02_001,CENTRE_004,R02,1,Q007,B,4.0
CAND_004_02_001,CENTRE_004,R02,1,Q008,D,-1.0
CAND_004_02_001,CENTRE_004,R02,1,Q009,D,4.0
CAND_004_02_001,CENTRE_004,R02,1,Q010,D,-1.0
CAND_004_02_001,CENTRE_004,R02,1,Q011,B,4.0
CAND_004_02_001,CENTRE_004,R02,1,Q012,C,-1.0
CAND_004_02_001,CENTRE_004,R02,1,Q013,,0.0
CAND_004_02_001,CENTRE_004,R02,1,Q014,C,4.0
CAND_004_02_001,CENTRE_004,R02,1,Q015,B,4.0
CAND_004_02_001,CENTRE_004,R02,1,Q016,A,4.0
CAND_004_02_001,CENTRE_004,R02,1,Q017,D,4.0
CAND_004_02_001,CENTRE_004,R02,1,Q018,D,-1.0
CAND_004_02_001,CENTRE_004,R02,1,Q019,B,4.0
CAND_004_02_001,CENTRE_004,R02,1,Q020,A,4.0
CAND_004_02_001,CENTRE_004,R02,1,Q021,D,4.0
CAND_004_02_001,CENTRE_004,R02,1,Q022,A,-1.0
CAND_004_02_001,CENTRE_004,R02,1,Q023,C,-1.0
CAND_004_02_001,CENTRE_004,R02,1,Q024,A,4.0
CAND_004_02_001,CENTRE_004,R02,1,Q025,B,-1.0
CAND_004_02_001,CENTRE_004,R02,1,Q026,C,4.0
CAND_004_02_001,CENTRE_004,R02,1,Q027,B,4.0
CAND_004_02_001,CENTRE_004,R02,1,Q028,,0.0
CAND_004_02_001,CENTRE_004,R02,1,Q029,B,-1.0
CAND_004_02_001,CENTRE_004,R02,1,Q030,A,-1.0
CAND_004_02_001,CENTRE_004,R02,1,Q031,D,-1.0
CAND_004_02_001,CENTRE_004,R02,1,Q032,A,4.0
CAND_004_02_001,CENTRE_004,R02,1,Q033,D,4.0
CAND_004_02_001,CENTRE_004,R02,1,Q034,D,-1.0
CAND_004_02_001,CENTRE_004,R02,1,Q035,C,-1.0
CAND_004_02_001,CENTRE_004,R02,1,Q036,A,4.0
CAND_004_02_001,CENTRE_004,R02,1,Q037,A,-1.0
CAND_004_02_001,CENTRE_004,R02,1,Q038,D,-1.0
CAND_004_02_001,CENTRE_004,R02,1,Q039,C,-1.0
CAND_004_02_001,CENTRE_004,R02,1,Q040,D,-1.0
CAND_004_02_001,CENTRE_004,R02,1,Q041,D,4.0
CAND_004_02_001,CENTRE_004,R02,1,Q042,D,-1.0
CAND_004_02_001,CENTRE_004,R02,1,Q043,D,-1.0
CAND_004_02_001,CENTRE_004,R02,1,Q044,A,4.0
CAND_004_02_001,CENTRE_004,R02,1,Q045,B,-1.0
CAND_004_02_001,CENTRE_004,R02,1,Q046,C,4.0
CAND_004_02_001,CENTRE_004,R02,1,Q047,B,4.0
CAND_004_02_001,CENTRE_004,R02,1,Q048,B,-1.0
CAND_004_02_001,CENTRE_004,R02,1,Q049,D,4.0
CAND_004_02_001,CENTRE_004,R02,1,Q050,C,4.0
CAND_004_02_002,CENTRE_004,R02,2,Q001,C,-1.0
CAND_004_02_002,CENTRE_004,R02,2,Q002,D,-1.0
CAND_004_02_002,CENTRE_004,R02,2,Q003,B,4.0
CAND_004_02_002,CENTRE_004,R02,2,Q004,A,4.0
CAND_004_02_002,CENTRE_004,R02,2,Q005,D,4.0
CAND_004_02_002,CENTRE_004,R02,2,Q006,C,4.0
CAND_004_02_002,CENTRE_004,R02,2,Q007,B,4.0
CAND_004_02_002,CENTRE_004,R02,2,Q008,A,4.0
CAND_004_02_002,CENTRE_004,R02,2,Q009,D,4.0
CAND_004_02_002,CENTRE_004,R02,2,Q010,C,4.0
CAND_004_02_002,CENTRE_004,R02,2,Q011,B,4.0
CAND_004_02_002,CENTRE_004,R02,2,Q012,A,4.0
CAND_004_02_002,CENTRE_004,R02,2,Q013,D,4.0
CAND_004_02_002,CENTRE_004,R02,2,Q014,C,4.0
CAND_004_02_002,CENTRE_004,R02,2,Q015,B,4.0
CAND_004_02_002,CENTRE_004,R02,2,Q016,A,4.0
CAND_004_02_002,CENTRE_004,R02,2,Q017,D,4.0
CAND_004_02_002,CENTRE_004,R02,2,Q018,,0.0
CAND_004_02_002,CENTRE_004,R02,2,Q019,B,4.0
CAND_004_02_002,CENTRE_004,R02,2,Q020,D,-1.0
CAND_004_02_002,CENTRE_004,R02,2,Q021,A,-1.0
CAND_004_02_002,CENTRE_004,R02,2,Q022,C,4.0
CAND_004_02_002,CENTRE_004,R02,2,Q023,C,-1.0
CAND_004_02_002,CENTRE_004,R02,2,Q024,C,-1.0
CAND_004_02_002,CENTRE_004,R02,2,Q025,D,4.0
CAND_004_02_002,CENTRE_004,R02,2,Q026,C,4.0
CAND_004_02_002,CENTRE_004,R02,2,Q027,B,4.0
CAND_004_02_002,CENTRE_004,R02,2,Q028,A,4.0
CAND_004_02_002,CENTRE_004,R02,2,Q029,D,4.0
CAND_004_02_002,CENTRE_004,R02,2,Q030,C,4.0
CAND_004_02_002,CENTRE_004,R02,2,Q031,B,4.0
CAND_004_02_002,CENTRE_004,R02,2,Q032,A,4.0
CAND_004_02_002,CENTRE_004,R02,2,Q033,D,4.0
CAND_004_02_002,CENTRE_004,R02,2,Q034,C,4.0
CAND_004_02_002,CENTRE_004,R02,2,Q035,B,4.0
CAND_004_02_002,CENTRE_004,R02,2,Q036,B,-1.0
CAND_004_02_002,CENTRE_004,R02,2,Q037,D,4.0
CAND_004_02_002,CENTRE_004,R02,2,Q038,,0.0
CAND_004_02_002,CENTRE_004,R02,2,Q039,C,-1.0
CAND_004_02_002,CENTRE_004,R02,2,Q040,C,-1.0
CAND_004_02_002,CENTRE_004,R02,2,Q041,D,4.0
CAND_004_02_002,CENTRE_004,R02,2,Q042,C,4.0
CAND_004_02_002,CENTRE_004,R02,2,Q043,B,4.0
CAND_004_02_002,CENTRE_004,R02,2,Q044,D,-1.0
CAND_004_02_002,CENTRE_004,R02,2,Q045,D,4.0
CAND_004_02_002,CENTRE_004,R02,2,Q046,C,4.0
CAND_004_02_002,CENTRE_004,R02,2,Q047,B,4.0
CAND_004_02_002,CENTRE_004,R02,2,Q048,A,4.0
CAND_004_02_002,CENTRE_004,R02,2,Q049,B,-1.0
CAND_004_02_002,CENTRE_004,R02,2,Q050,A,-1.0
CAND_004_02_003,CENTRE_004,R02,3,Q001,C,-1.0
CAND_004_02_003,CENTRE_004,R02,3,Q002,D,-1.0
CAND_004_02_003,CENTRE_004,R02,3,Q003,B,4.0
CAND_004_02_003,CENTRE_004,R02,3,Q004,A,4.0
CAND_004_02_003,CENTRE_004,R02,3,Q005,D,4.0
CAND_004_02_003,CENTRE_004,R02,3,Q006,C,4.0
CAND_004_02_003,CENTRE_004,R02,3,Q007,B,4.0
CAND_004_02_003,CENTRE_004,R02,3,Q008,A,4.0
CAND_004_02_003,CENTRE_004,R02,3,Q009,D,4.0
CAND_004_02_003,CENTRE_004,R02,3,Q010,C,4.0
CAND_004_02_003,CENTRE_004,R02,3,Q011,B,4.0
CAND_004_02_003,CENTRE_004,R02,3,Q012,A,4.0
CAND_004_02_003,CENTRE_004,R02,3,Q013,D,4.0
CAND_004_02_003,CENTRE_004,R02,3,Q014,C,4.0
CAND_004_02_003,CENTRE_004,R02,3,Q015,A,-1.0
CAND_004_02_003,CENTRE_004,R02,3,Q016,A,4.0
CAND_004_02_003,CENTRE_004,R02,3,Q017,D,4.0
CAND_004_02_003,CENTRE_004,R02,3,Q018,,0.0
CAND_004_02_003,CENTRE_004,R02,3,Q019,B,4.0
CAND_004_02_003,CENTRE_004,R02,3,Q020,D,-1.0
CAND_004_02_003,CENTRE_004,R02,3,Q021,A,-1.0
CAND_004_02_003,CENTRE_004,R02,3,Q022,C,4.0
CAND_004_02_003,CENTRE_004,R02,3,Q023,C,-1.0
CAND_004_02_003,CENTRE_004,R02,3,Q024,C,-1.0
CAND_004_02_003,CENTRE_004,R02,3,Q025,D,4.0
CAND_004_02_003,CENTRE_004,R02,3,Q026,C,4.0
CAND_004_02_003,CENTRE_004,R02,3,Q027,B,4.0
CAND_004_02_003,CENTRE_004,R02,3,Q028,A,4.0
CAND_004_02_003,CENTRE_004,R02,3,Q029,D,4.0
CAND_004_02_003,CENTRE_004,R02,3,Q030,C,4.0
CAND_004_02_003,CENTRE_004,R02,3,Q031,B,4.0
CAND_004_02_003,CENTRE_004,R02,3,Q032,A,4.0
CAND_004_02_003,CENTRE_004,R02,3,Q033,C,-1.0
CAND_004_02_003,CENTRE_004,R02,3,Q034,C,4.0
CAND_004_02_003,CENTRE_004,R02,3,Q035,B,4.0
CAND_004_02_003,CENTRE_004,R02,3,Q036,B,-1.0
CAND_004_02_003,CENTRE_004,R02,3,Q037,D,4.0
CAND_004_02_003,CENTRE_004,R02,3,Q038,,0.0
CAND_004_02_003,CENTRE_004,R02,3,Q039,C,-1.0
CAND_004_02_003,CENTRE_004,R02,3,Q040,C,-1.0
CAND_004_02_003,CENTRE_004,R02,3,Q041,D,4.0
CAND_004_02_003,CENTRE_004,R02,3,Q042,C,4.0
CAND_004_02_003,CENTRE_004,R02,3,Q043,B,4.0
CAND_004_02_003,CENTRE_004,R02,3,Q044,D,-1.0
CAND_004_02_003,CENTRE_004,R02,3,Q045,D,4.0
CAND_004_02_003,CENTRE_004,R02,3,Q046,C,4.0
CAND_004_02_003,CENTRE_004,R02,3,Q047,B,4.0
CAND_004_02_003,CENTRE_004,R02,3,Q048,A,4.0
CAND_004_02_003,CENTRE_004,R02,3,Q049,B,-1.0
CAND_004_02_003,CENTRE_004,R02,3,Q050,A,-1.0
CAND_004_02_004,CENTRE_004,R02,4,Q001,B,-1.0
CAND_004_02_004,CENTRE_004,R02,4,Q002,C,4.0
CAND_004_02_004,CENTRE_004,R02,4,Q003,D,-1.0
CAND_004_02_004,CENTRE_004,R02,4,Q004,A,4.0
CAND_004_02_004,CENTRE_004,R02,4,Q005,B,-1.0
CAND_004_02_004,CENTRE_004,R02,4,Q006,C,4.0
CAND_004_02_004,CENTRE_004,R02,4,Q007,D,-1.0
CAND_004_02_004,CENTRE_004,R02,4,Q008,A,4.0
CAND_004_02_004,CENTRE_004,R02,4,Q009,D,4.0
CAND_004_02_004,CENTRE_004,R02,4,Q010,C,4.0
CAND_004_02_004,CENTRE_004,R02,4,Q011,B,4.0
CAND_004_02_004,CENTRE_004,R02,4,Q012,A,4.0
CAND_004_02_004,CENTRE_004,R02,4,Q013,D,4.0
CAND_004_02_004,CENTRE_004,R02,4,Q014,C,4.0
CAND_004_02_004,CENTRE_004,R02,4,Q015,B,4.0
CAND_004_02_004,CENTRE_004,R02,4,Q016,A,4.0
CAND_004_02_004,CENTRE_004,R02,4,Q017,A,-1.0
CAND_004_02_004,CENTRE_004,R02,4,Q018,C,4.0
CAND_004_02_004,CENTRE_004,R02,4,Q019,B,4.0
CAND_004_02_004,CENTRE_004,R02,4,Q020,D,-1.0
CAND_004_02_004,CENTRE_004,R02,4,Q021,C,-1.0
CAND_004_02_004,CENTRE_004,R02,4,Q022,B,-1.0
CAND_004_02_004,CENTRE_004,R02,4,Q023,B,4.0
CAND_004_02_004,CENTRE_004,R02,4,Q024,A,4.0
CAND_004_02_004,CENTRE_004,R02,4,Q025,D,4.0
CAND_004_02_004,CENTRE_004,R02,4,Q026,C,4.0
CAND_004_02_004,CENTRE_004,R02,4,Q027,B,4.0
CAND_004_02_004,CENTRE_004,R02,4,Q028,A,4.0
CAND_004_02_004,CENTRE_004,R02,4,Q029,D,4.0
CAND_004_02_004,CENTRE_004,R02,4,Q030,A,-1.0
CAND_004_02_004,CENTRE_004,R02,4,Q031,B,4.0
CAND_004_02_004,CENTRE_004,R02,4,Q032,A,4.0
CAND_004_02_004,CENTRE_004,R02,4,Q033,D,4.0
CAND_004_02_004,CENTRE_004,R02,4,Q034,D,-1.0
CAND_004_02_004,CENTRE_004,R02,4,Q035,D,-1.0
CAND_004_02_004,CENTRE_004,R02,4,Q036,A,4.0
CAND_004_02_004,CENTRE_004,R02,4,Q037,D,4.0
CAND_004_02_004,CENTRE_004,R02,4,Q038,C,4.0
CAND_004_02_004,CENTRE_004,R02,4,Q039,B,4.0
CAND_004_02_004,CENTRE_004,R02,4,Q040,A,4.0
CAND_004_02_004,CENTRE_004,R02,4,Q041,D,4.0
CAND_004_02_004,CENTRE_004,R02,4,Q042,,0.0
CAND_004_02_004,CENTRE_004,R02,4,Q043,A,-1.0
CAND_004_02_004,CENTRE_004,R02,4,Q044,A,4.0
CAND_004_02_004,CENTRE_004,R02,4,Q045,D,4.0
CAND_004_02_004,CENTRE_004,R02,4,Q046,A,-1.0
CAND_004_02_004,CENTRE_004,R02,4,Q047,B,4.0
CAND_004_02_004,CENTRE_004,R02,4,Q048,D,-1.0
CAND_004_02_004,CENTRE_004,R02,4,Q049,D,4.0
CAND_004_02_004,CENTRE_004,R02,4,Q050,C,4.0
CAND_004_02_005,CENTRE_004,R02,5,Q001,D,4.0
CAND_004_02_005,CENTRE_004,R02,5,Q002,C,4.0
CAND_004_02_005,CENTRE_004,R02,5,Q003,C,-1.0
CAND_004_02_005,CENTRE_004,R02,5,Q004,B,-1.0
CAND_004_02_005,CENTRE_004,R02,5,Q005,C,-1.0
CAND_004_02_005,CENTRE_004,R02,5,Q006,C,4.0
CAND_004_02_005,CENTRE_004,R02,5,Q007,C,-1.0
CAND_004_02_005,CENTRE_004,R02,5,Q008,C,-1.0
CAND_004_02_005,CENTRE_004,R02,5,Q009,A,-1.0
CAND_004_02_005,CENTRE_004,R02,5,Q010,C,4.0
CAND_004_02_005,CENTRE_004,R02,5,Q011,B,4.0
CAND_004_02_005,CENTRE_004,R02,5,Q012,A,4.0
CAND_004_02_005,CENTRE_004,R02,5,Q013,C,-1.0
CAND_004_02_005,CENTRE_004,R02,5,Q014,C,4.0
CAND_004_02_005,CENTRE_004,R02,5,Q015,B,4.0
CAND_004_02_005,CENTRE_004,R02,5,Q016,A,4.0
CAND_004_02_005,CENTRE_004,R02,5,Q017,D,4.0
CAND_004_02_005,CENTRE_004,R02,5,Q018,C,4.0
CAND_004_02_005,CENTRE_004,R02,5,Q019,C,-1.0
CAND_004_02_005,CENTRE_004,R02,5,Q020,A,4.0
CAND_004_02_005,CENTRE_004,R02,5,Q021,B,-1.0
CAND_004_02_005,CENTRE_004,R02,5,Q022,C,4.0
CAND_004_02_005,CENTRE_004,R02,5,Q023,B,4.0
CAND_004_02_005,CENTRE_004,R02,5,Q024,A,4.0
CAND_004_02_005,CENTRE_004,R02,5,Q025,D,4.0
CAND_004_02_005,CENTRE_004,R02,5,Q026,D,-1.0
CAND_004_02_005,CENTRE_004,R02,5,Q027,A,-1.0
CAND_004_02_005,CENTRE_004,R02,5,Q028,B,-1.0
CAND_004_02_005,CENTRE_004,R02,5,Q029,D,4.0
CAND_004_02_005,CENTRE_004,R02,5,Q030,C,4.0
CAND_004_02_005,CENTRE_004,R02,5,Q031,D,-1.0
CAND_004_02_005,CENTRE_004,R02,5,Q032,A,4.0
CAND_004_02_005,CENTRE_004,R02,5,Q033,A,-1.0
CAND_004_02_005,CENTRE_004,R02,5,Q034,C,4.0
CAND_004_02_005,CENTRE_004,R02,5,Q035,B,4.0
CAND_004_02_005,CENTRE_004,R02,5,Q036,A,4.0
CAND_004_02_005,CENTRE_004,R02,5,Q037,D,4.0
CAND_004_02_005,CENTRE_004,R02,5,Q038,C,4.0
CAND_004_02_005,CENTRE_004,R02,5,Q039,D,-1.0
CAND_004_02_005,CENTRE_004,R02,5,Q040,C,-1.0
CAND_004_02_005,CENTRE_004,R02,5,Q041,B,-1.0
CAND_004_02_005,CENTRE_004,R02,5,Q042,C,4.0
CAND_004_02_005,CENTRE_004,R02,5,Q043,A,-1.0
CAND_004_02_005,CENTRE_004,R02,5,Q044,A,4.0
CAND_004_02_005,CENTRE_004,R02,5,Q045,B,-1.0
CAND_004_02_005,CENTRE_004,R02,5,Q046,C,4.0
CAND_004_02_005,CENTRE_004,R02,5,Q047,B,4.0
CAND_004_02_005,CENTRE_004,R02,5,Q048,A,4.0
CAND_004_02_005,CENTRE_004,R02,5,Q049,D,4.0
CAND_004_02_005,CENTRE_004,R02,5,Q050,B,-1.0
CAND_004_02_006,CENTRE_004,R02,6,Q001,B,-1.0
CAND_004_02_006,CENTRE_004,R02,6,Q002,C,4.0
CAND_004_02_006,CENTRE_004,R02,6,Q003,D,-1.0
CAND_004_02_006,CENTRE_004,R02,6,Q004,A,4.0
CAND_004_02_006,CENTRE_004,R02,6,Q005,,0.0
CAND_004_02_006,CENTRE_004,R02,6,Q006,C,4.0
CAND_004_02_006,CENTRE_004,R02,6,Q007,B,4.0
CAND_004_02_006,CENTRE_004,R02,6,Q008,B,-1.0
CAND_004_02_006,CENTRE_004,R02,6,Q009,B,-1.0
CAND_004_02_006,CENTRE_004,R02,6,Q010,C,4.0
CAND_004_02_006,CENTRE_004,R02,6,Q011,B,4.0
CAND_004_02_006,CENTRE_004,R02,6,Q012,A,4.0
CAND_004_02_006,CENTRE_004,R02,6,Q013,D,4.0
CAND_004_02_006,CENTRE_004,R02,6,Q014,A,-1.0
CAND_004_02_006,CENTRE_004,R02,6,Q015,D,-1.0
CAND_004_02_006,CENTRE_004,R02,6,Q016,A,4.0
CAND_004_02_006,CENTRE_004,R02,6,Q017,D,4.0
CAND_004_02_006,CENTRE_004,R02,6,Q018,A,-1.0
CAND_004_02_006,CENTRE_004,R02,6,Q019,B,4.0
CAND_004_02_006,CENTRE_004,R02,6,Q020,A,4.0
CAND_004_02_006,CENTRE_004,R02,6,Q021,B,-1.0
CAND_004_02_006,CENTRE_004,R02,6,Q022,C,4.0
CAND_004_02_006,CENTRE_004,R02,6,Q023,B,4.0
CAND_004_02_006,CENTRE_004,R02,6,Q024,D,-1.0
CAND_004_02_006,CENTRE_004,R02,6,Q025,D,4.0
CAND_004_02_006,CENTRE_004,R02,6,Q026,C,4.0
CAND_004_02_006,CENTRE_004,R02,6,Q027,B,4.0
CAND_004_02_006,CENTRE_004,R02,6,Q028,A,4.0
CAND_004_02_006,CENTRE_004,R02,6,Q029,D,4.0
CAND_004_02_006,CENTRE_004,R02,6,Q030,C,4.0
CAND_004_02_006,CENTRE_004,R02,6,Q031,B,4.0
CAND_004_02_006,CENTRE_004,R02,6,Q032,C,-1.0
CAND_004_02_006,CENTRE_004,R02,6,Q033,C,-1.0
CAND_004_02_006,CENTRE_004,R02,6,Q034,C,4.0
CAND_004_02_006,CENTRE_004,R02,6,Q035,,0.0
CAND_004_02_006,CENTRE_004,R02,6,Q036,C,-1.0
CAND_004_02_006,CENTRE_004,R02,6,Q037,B,-1.0
CAND_004_02_006,CENTRE_004,R02,6,Q038,B,-1.0
CAND_004_02_006,CENTRE_004,R02,6,Q039,B,4.0
CAND_004_02_006,CENTRE_004,R02,6,Q040,A,4.0
CAND_004_02_006,CENTRE_004,R02,6,Q041,D,4.0
CAND_004_02_006,CENTRE_004,R02,6,Q042,B,-1.0
CAND_004_02_006,CENTRE_004,R02,6,Q043,A,-1.0
CAND_004_02_006,CENTRE_004,R02,6,Q044,A,4.0
CAND_004_02_006,CENTRE_004,R02,6,Q045,D,4.0
CAND_004_02_006,CENTRE_004,R02,6,Q046,C,4.0
CAND_004_02_006,CENTRE_004,R02,6,Q047,B,4.0
CAND_004_02_006,CENTRE_004,R02,6,Q048,A,4.0
CAND_004_02_006,CENTRE_004,R02,6,Q049,D,4.0
CAND_004_02_006,CENTRE_004,R02,6,Q050,A,-1.0
CAND_004_02_007,CENTRE_004,R02,7,Q001,B,-1.0
CAND_004_02_007,CENTRE_004,R02,7,Q002,D,-1.0
CAND_004_02_007,CENTRE_004,R02,7,Q003,B,4.0
CAND_004_02_007,CENTRE_004,R02,7,Q004,A,4.0
CAND_004_02_007,CENTRE_004,R02,7,Q005,D,4.0
CAND_004_02_007,CENTRE_004,R02,7,Q006,C,4.0
CAND_004_02_007,CENTRE_004,R02,7,Q007,B,4.0
CAND_004_02_007,CENTRE_004,R02,7,Q008,A,4.0
CAND_004_02_007,CENTRE_004,R02,7,Q009,D,4.0
CAND_004_02_007,CENTRE_004,R02,7,Q010,C,4.0
CAND_004_02_007,CENTRE_004,R02,7,Q011,C,-1.0
CAND_004_02_007,CENTRE_004,R02,7,Q012,A,4.0
CAND_004_02_007,CENTRE_004,R02,7,Q013,C,-1.0
CAND_004_02_007,CENTRE_004,R02,7,Q014,C,4.0
CAND_004_02_007,CENTRE_004,R02,7,Q015,B,4.0
CAND_004_02_007,CENTRE_004,R02,7,Q016,A,4.0
CAND_004_02_007,CENTRE_004,R02,7,Q017,C,-1.0
CAND_004_02_007,CENTRE_004,R02,7,Q018,C,4.0
CAND_004_02_007,CENTRE_004,R02,7,Q019,B,4.0
CAND_004_02_007,CENTRE_004,R02,7,Q020,A,4.0
CAND_004_02_007,CENTRE_004,R02,7,Q021,D,4.0
CAND_004_02_007,CENTRE_004,R02,7,Q022,B,-1.0
CAND_004_02_007,CENTRE_004,R02,7,Q023,C,-1.0
CAND_004_02_007,CENTRE_004,R02,7,Q024,A,4.0
CAND_004_02_007,CENTRE_004,R02,7,Q025,,0.0
CAND_004_02_007,CENTRE_004,R02,7,Q026,C,4.0
CAND_004_02_007,CENTRE_004,R02,7,Q027,B,4.0
CAND_004_02_007,CENTRE_004,R02,7,Q028,A,4.0
CAND_004_02_007,CENTRE_004,R02,7,Q029,D,4.0
CAND_004_02_007,CENTRE_004,R02,7,Q030,B,-1.0
CAND_004_02_007,CENTRE_004,R02,7,Q031,D,-1.0
CAND_004_02_007,CENTRE_004,R02,7,Q032,D,-1.0
CAND_004_02_007,CENTRE_004,R02,7,Q033,A,-1.0
CAND_004_02_007,CENTRE_004,R02,7,Q034,C,4.0
CAND_004_02_007,CENTRE_004,R02,7,Q035,B,4.0
CAND_004_02_007,CENTRE_004,R02,7,Q036,A,4.0
CAND_004_02_007,CENTRE_004,R02,7,Q037,D,4.0
CAND_004_02_007,CENTRE_004,R02,7,Q038,D,-1.0
CAND_004_02_007,CENTRE_004,R02,7,Q039,B,4.0
CAND_004_02_007,CENTRE_004,R02,7,Q040,A,4.0
CAND_004_02_007,CENTRE_004,R02,7,Q041,C,-1.0
CAND_004_02_007,CENTRE_004,R02,7,Q042,C,4.0
CAND_004_02_007,CENTRE_004,R02,7,Q043,B,4.0
CAND_004_02_007,CENTRE_004,R02,7,Q044,A,4.0
CAND_004_02_007,CENTRE_004,R02,7,Q045,D,4.0
CAND_004_02_007,CENTRE_004,R02,7,Q046,B,-1.0
CAND_004_02_007,CENTRE_004,R02,7,Q047,B,4.0
CAND_004_02_007,CENTRE_004,R02,7,Q048,B,-1.0
CAND_004_02_007,CENTRE_004,R02,7,Q049,B,-1.0
CAND_004_02_007,CENTRE_004,R02,7,Q050,A,-1.0
CAND_004_02_008,CENTRE_004,R02,8,Q001,D,4.0
CAND_004_02_008,CENTRE_004,R02,8,Q002,C,4.0
CAND_004_02_008,CENTRE_004,R02,8,Q003,B,4.0
CAND_004_02_008,CENTRE_004,R02,8,Q004,A,4.0
CAND_004_02_008,CENTRE_004,R02,8,Q005,,0.0
CAND_004_02_008,CENTRE_004,R02,8,Q006,C,4.0
CAND_004_02_008,CENTRE_004,R02,8,Q007,A,-1.0
CAND_004_02_008,CENTRE_004,R02,8,Q008,A,4.0
CAND_004_02_008,CENTRE_004,R02,8,Q009,D,4.0
CAND_004_02_008,CENTRE_004,R02,8,Q010,B,-1.0
CAND_004_02_008,CENTRE_004,R02,8,Q011,A,-1.0
CAND_004_02_008,CENTRE_004,R02,8,Q012,A,4.0
CAND_004_02_008,CENTRE_004,R02,8,Q013,D,4.0
CAND_004_02_008,CENTRE_004,R02,8,Q014,C,4.0
CAND_004_02_008,CENTRE_004,R02,8,Q015,B,4.0
CAND_004_02_008,CENTRE_004,R02,8,Q016,A,4.0
CAND_004_02_008,CENTRE_004,R02,8,Q017,,0.0
CAND_004_02_008,CENTRE_004,R02,8,Q018,C,4.0
CAND_004_02_008,CENTRE_004,R02,8,Q019,B,4.0
CAND_004_02_008,CENTRE_004,R02,8,Q020,C,-1.0
CAND_004_02_008,CENTRE_004,R02,8,Q021,B,-1.0
CAND_004_02_008,CENTRE_004,R02,8,Q022,A,-1.0
CAND_004_02_008,CENTRE_004,R02,8,Q023,,0.0
CAND_004_02_008,CENTRE_004,R02,8,Q024,C,-1.0
CAND_004_02_008,CENTRE_004,R02,8,Q025,D,4.0
CAND_004_02_008,CENTRE_004,R02,8,Q026,B,-1.0
CAND_004_02_008,CENTRE_004,R02,8,Q027,B,4.0
CAND_004_02_008,CENTRE_004,R02,8,Q028,B,-1.0
CAND_004_02_008,CENTRE_004,R02,8,Q029,D,4.0
CAND_004_02_008,CENTRE_004,R02,8,Q030,C,4.0
CAND_004_02_008,CENTRE_004,R02,8,Q031,A,-1.0
CAND_004_02_008,CENTRE_004,R02,8,Q032,D,-1.0
CAND_004_02_008,CENTRE_004,R02,8,Q033,B,-1.0
CAND_004_02_008,CENTRE_004,R02,8,Q034,A,-1.0
CAND_004_02_008,CENTRE_004,R02,8,Q035,D,-1.0
CAND_004_02_008,CENTRE_004,R02,8,Q036,C,-1.0
CAND_004_02_008,CENTRE_004,R02,8,Q037,A,-1.0
CAND_004_02_008,CENTRE_004,R02,8,Q038,C,4.0
CAND_004_02_008,CENTRE_004,R02,8,Q039,B,4.0
CAND_004_02_008,CENTRE_004,R02,8,Q040,A,4.0
CAND_004_02_008,CENTRE_004,R02,8,Q041,D,4.0
CAND_004_02_008,CENTRE_004,R02,8,Q042,A,-1.0
CAND_004_02_008,CENTRE_004,R02,8,Q043,C,-1.0
CAND_004_02_008,CENTRE_004,R02,8,Q044,A,4.0
CAND_004_02_008,CENTRE_004,R02,8,Q045,A,-1.0
CAND_004_02_008,CENTRE_004,R02,8,Q046,C,4.0
CAND_004_02_008,CENTRE_004,R02,8,Q047,A,-1.0
CAND_004_02_008,CENTRE_004,R02,8,Q048,A,4.0
CAND_004_02_008,CENTRE_004,R02,8,Q049,D,4.0
CAND_004_02_008,CENTRE_004,R02,8,Q050,,0.0
CAND_004_02_009,CENTRE_004,R02,9,Q001,D,4.0
CAND_004_02_009,CENTRE_004,R02,9,Q002,C,4.0
CAND_004_02_009,CENTRE_004,R02,9,Q003,D,-1.0
CAND_004_02_009,CENTRE_004,R02,9,Q004,A,4.0
CAND_004_02_009,CENTRE_004,R02,9,Q005,A,-1.0
CAND_004_02_009,CENTRE_004,R02,9,Q006,C,4.0
CAND_004_02_009,CENTRE_004,R02,9,Q007,B,4.0
CAND_004_02_009,CENTRE_004,R02,9,Q008,D,-1.0
CAND_004_02_009,CENTRE_004,R02,9,Q009,D,4.0
CAND_004_02_009,CENTRE_004,R02,9,Q010,A,-1.0
CAND_004_02_009,CENTRE_004,R02,9,Q011,B,4.0
CAND_004_02_009,CENTRE_004,R02,9,Q012,A,4.0
CAND_004_02_009,CENTRE_004,R02,9,Q013,A,-1.0
CAND_004_02_009,CENTRE_004,R02,9,Q014,C,4.0
CAND_004_02_009,CENTRE_004,R02,9,Q015,D,-1.0
CAND_004_02_009,CENTRE_004,R02,9,Q016,A,4.0
CAND_004_02_009,CENTRE_004,R02,9,Q017,D,4.0
CAND_004_02_009,CENTRE_004,R02,9,Q018,C,4.0
CAND_004_02_009,CENTRE_004,R02,9,Q019,A,-1.0
CAND_004_02_009,CENTRE_004,R02,9,Q020,A,4.0
CAND_004_02_009,CENTRE_004,R02,9,Q021,D,4.0
CAND_004_02_009,CENTRE_004,R02,9,Q022,C,4.0
CAND_004_02_009,CENTRE_004,R02,9,Q023,B,4.0
CAND_004_02_009,CENTRE_004,R02,9,Q024,A,4.0
CAND_004_02_009,CENTRE_004,R02,9,Q025,D,4.0
CAND_004_02_009,CENTRE_004,R02,9,Q026,C,4.0
CAND_004_02_009,CENTRE_004,R02,9,Q027,A,-1.0
CAND_004_02_009,CENTRE_004,R02,9,Q028,A,4.0
CAND_004_02_009,CENTRE_004,R02,9,Q029,D,4.0
CAND_004_02_009,CENTRE_004,R02,9,Q030,C,4.0
CAND_004_02_009,CENTRE_004,R02,9,Q031,B,4.0
CAND_004_02_009,CENTRE_004,R02,9,Q032,C,-1.0
CAND_004_02_009,CENTRE_004,R02,9,Q033,D,4.0
CAND_004_02_009,CENTRE_004,R02,9,Q034,A,-1.0
CAND_004_02_009,CENTRE_004,R02,9,Q035,B,4.0
CAND_004_02_009,CENTRE_004,R02,9,Q036,A,4.0
CAND_004_02_009,CENTRE_004,R02,9,Q037,B,-1.0
CAND_004_02_009,CENTRE_004,R02,9,Q038,C,4.0
CAND_004_02_009,CENTRE_004,R02,9,Q039,B,4.0
CAND_004_02_009,CENTRE_004,R02,9,Q040,D,-1.0
CAND_004_02_009,CENTRE_004,R02,9,Q041,D,4.0
CAND_004_02_009,CENTRE_004,R02,9,Q042,B,-1.0
CAND_004_02_009,CENTRE_004,R02,9,Q043,B,4.0
CAND_004_02_009,CENTRE_004,R02,9,Q044,A,4.0
CAND_004_02_009,CENTRE_004,R02,9,Q045,D,4.0
CAND_004_02_009,CENTRE_004,R02,9,Q046,C,4.0
CAND_004_02_009,CENTRE_004,R02,9,Q047,A,-1.0
CAND_004_02_009,CENTRE_004,R02,9,Q048,A,4.0
CAND_004_02_009,CENTRE_004,R02,9,Q049,C,-1.0
CAND_004_02_009,CENTRE_004,R02,9,Q050,C,4.0
CAND_004_02_010,CENTRE_004,R02,10,Q001,B,-1.0
CAND_004_02_010,CENTRE_004,R02,10,Q002,C,4.0
CAND_004_02_010,CENTRE_004,R02,10,Q003,B,4.0
CAND_004_02_010,CENTRE_004,R02,10,Q004,B,-1.0
CAND_004_02_010,CENTRE_004,R02,10,Q005,D,4.0
CAND_004_02_010,CENTRE_004,R02,10,Q006,A,-1.0
CAND_004_02_010,CENTRE_004,R02,10,Q007,C,-1.0
CAND_004_02_010,CENTRE_004,R02,10,Q008,A,4.0
CAND_004_02_010,CENTRE_004,R02,10,Q009,D,4.0
CAND_004_02_010,CENTRE_004,R02,10,Q010,,0.0
CAND_004_02_010,CENTRE_004,R02,10,Q011,C,-1.0
CAND_004_02_010,CENTRE_004,R02,10,Q012,D,-1.0
CAND_004_02_010,CENTRE_004,R02,10,Q013,D,4.0
CAND_004_02_010,CENTRE_004,R02,10,Q014,A,-1.0
CAND_004_02_010,CENTRE_004,R02,10,Q015,B,4.0
CAND_004_02_010,CENTRE_004,R02,10,Q016,B,-1.0
CAND_004_02_010,CENTRE_004,R02,10,Q017,A,-1.0
CAND_004_02_010,CENTRE_004,R02,10,Q018,A,-1.0
CAND_004_02_010,CENTRE_004,R02,10,Q019,A,-1.0
CAND_004_02_010,CENTRE_004,R02,10,Q020,A,4.0
CAND_004_02_010,CENTRE_004,R02,10,Q021,D,4.0
CAND_004_02_010,CENTRE_004,R02,10,Q022,C,4.0
CAND_004_02_010,CENTRE_004,R02,10,Q023,D,-1.0
CAND_004_02_010,CENTRE_004,R02,10,Q024,A,4.0
CAND_004_02_010,CENTRE_004,R02,10,Q025,A,-1.0
CAND_004_02_010,CENTRE_004,R02,10,Q026,C,4.0
CAND_004_02_010,CENTRE_004,R02,10,Q027,C,-1.0
CAND_004_02_010,CENTRE_004,R02,10,Q028,A,4.0
CAND_004_02_010,CENTRE_004,R02,10,Q029,B,-1.0
CAND_004_02_010,CENTRE_004,R02,10,Q030,B,-1.0
CAND_004_02_010,CENTRE_004,R02,10,Q031,B,4.0
CAND_004_02_010,CENTRE_004,R02,10,Q032,A,4.0
CAND_004_02_010,CENTRE_004,R02,10,Q033,C,-1.0
CAND_004_02_010,CENTRE_004,R02,10,Q034,A,-1.0
CAND_004_02_010,CENTRE_004,R02,10,Q035,C,-1.0
CAND_004_02_010,CENTRE_004,R02,10,Q036,B,-1.0
CAND_004_02_010,CENTRE_004,R02,10,Q037,D,4.0
CAND_004_02_010,CENTRE_004,R02,10,Q038,C,4.0
CAND_004_02_010,CENTRE_004,R02,10,Q039,B,4.0
CAND_004_02_010,CENTRE_004,R02,10,Q040,C,-1.0
CAND_004_02_010,CENTRE_004,R02,10,Q041,D,4.0
CAND_004_02_010,CENTRE_004,R02,10,Q042,B,-1.0
CAND_004_02_010,CENTRE_004,R02,10,Q043,B,4.0
CAND_004_02_010,CENTRE_004,R02,10,Q044,B,-1.0
CAND_004_02_010,CENTRE_004,R02,10,Q045,D,4.0
CAND_004_02_010,CENTRE_004,R02,10,Q046,C,4.0
CAND_004_02_010,CENTRE_004,R02,10,Q047,B,4.0
CAND_004_02_010,CENTRE_004,R02,10,Q048,A,4.0
CAND_004_02_010,CENTRE_004,R02,10,Q049,C,-1.0
CAND_004_02_010,CENTRE_004,R02,10,Q050,C,4.0
CAND_004_02_011,CENTRE_004,R02,11,Q001,D,4.0
CAND_004_02_011,CENTRE_004,R02,11,Q002,A,-1.0
CAND_004_02_011,CENTRE_004,R02,11,Q003,B,4.0
CAND_004_02_011,CENTRE_004,R02,11,Q004,A,4.0
CAND_004_02_011,CENTRE_004,R02,11,Q005,D,4.0
CAND_004_02_011,CENTRE_004,R02,11,Q006,D,-1.0
CAND_004_02_011,CENTRE_004,R02,11,Q007,B,4.0
CAND_004_02_011,CENTRE_004,R02,11,Q008,A,4.0
CAND_004_02_011,CENTRE_004,R02,11,Q009,B,-1.0
CAND_004_02_011,CENTRE_004,R02,11,Q010,C,4.0
CAND_004_02_011,CENTRE_004,R02,11,Q011,B,4.0
CAND_004_02_011,CENTRE_004,R02,11,Q012,A,4.0
CAND_004_02_011,CENTRE_004,R02,11,Q013,B,-1.0
CAND_004_02_011,CENTRE_004,R02,11,Q014,A,-1.0
CAND_004_02_011,CENTRE_004,R02,11,Q015,B,4.0
CAND_004_02_011,CENTRE_004,R02,11,Q016,C,-1.0
CAND_004_02_011,CENTRE_004,R02,11,Q017,D,4.0
CAND_004_02_011,CENTRE_004,R02,11,Q018,D,-1.0
CAND_004_02_011,CENTRE_004,R02,11,Q019,D,-1.0
CAND_004_02_011,CENTRE_004,R02,11,Q020,A,4.0
CAND_004_02_011,CENTRE_004,R02,11,Q021,C,-1.0
CAND_004_02_011,CENTRE_004,R02,11,Q022,C,4.0
CAND_004_02_011,CENTRE_004,R02,11,Q023,B,4.0
CAND_004_02_011,CENTRE_004,R02,11,Q024,A,4.0
CAND_004_02_011,CENTRE_004,R02,11,Q025,D,4.0
CAND_004_02_011,CENTRE_004,R02,11,Q026,A,-1.0
CAND_004_02_011,CENTRE_004,R02,11,Q027,B,4.0
CAND_004_02_011,CENTRE_004,R02,11,Q028,D,-1.0
CAND_004_02_011,CENTRE_004,R02,11,Q029,D,4.0
CAND_004_02_011,CENTRE_004,R02,11,Q030,C,4.0
CAND_004_02_011,CENTRE_004,R02,11,Q031,D,-1.0
CAND_004_02_011,CENTRE_004,R02,11,Q032,A,4.0
CAND_004_02_011,CENTRE_004,R02,11,Q033,D,4.0
CAND_004_02_011,CENTRE_004,R02,11,Q034,C,4.0
CAND_004_02_011,CENTRE_004,R02,11,Q035,B,4.0
CAND_004_02_011,CENTRE_004,R02,11,Q036,B,-1.0
CAND_004_02_011,CENTRE_004,R02,11,Q037,D,4.0
CAND_004_02_011,CENTRE_004,R02,11,Q038,C,4.0
CAND_004_02_011,CENTRE_004,R02,11,Q039,D,-1.0
CAND_004_02_011,CENTRE_004,R02,11,Q040,A,4.0
CAND_004_02_011,CENTRE_004,R02,11,Q041,C,-1.0
CAND_004_02_011,CENTRE_004,R02,11,Q042,B,-1.0
CAND_004_02_011,CENTRE_004,R02,11,Q043,A,-1.0
CAND_004_02_011,CENTRE_004,R02,11,Q044,A,4.0
CAND_004_02_011,CENTRE_004,R02,11,Q045,C,-1.0
CAND_004_02_011,CENTRE_004,R02,11,Q046,,0.0
CAND_004_02_011,CENTRE_004,R02,11,Q047,B,4.0
CAND_004_02_011,CENTRE_004,R02,11,Q048,C,-1.0
CAND_004_02_011,CENTRE_004,R02,11,Q049,,0.0
CAND_004_02_011,CENTRE_004,R02,11,Q050,C,4.0
CAND_004_02_012,CENTRE_004,R02,12,Q001,,0.0
CAND_004_02_012,CENTRE_004,R02,12,Q002,D,-1.0
CAND_004_02_012,CENTRE_004,R02,12,Q003,C,-1.0
CAND_004_02_012,CENTRE_004,R02,12,Q004,B,-1.0
CAND_004_02_012,CENTRE_004,R02,12,Q005,D,4.0
CAND_004_02_012,CENTRE_004,R02,12,Q006,D,-1.0
CAND_004_02_012,CENTRE_004,R02,12,Q007,A,-1.0
CAND_004_02_012,CENTRE_004,R02,12,Q008,A,4.0
CAND_004_02_012,CENTRE_004,R02,12,Q009,B,-1.0
CAND_004_02_012,CENTRE_004,R02,12,Q010,A,-1.0
CAND_004_02_012,CENTRE_004,R02,12,Q011,C,-1.0
CAND_004_02_012,CENTRE_004,R02,12,Q012,A,4.0
CAND_004_02_012,CENTRE_004,R02,12,Q013,A,-1.0
CAND_004_02_012,CENTRE_004,R02,12,Q014,C,4.0
CAND_004_02_012,CENTRE_004,R02,12,Q015,B,4.0
CAND_004_02_012,CENTRE_004,R02,12,Q016,,0.0
CAND_004_02_012,CENTRE_004,R02,12,Q017,D,4.0
CAND_004_02_012,CENTRE_004,R02,12,Q018,B,-1.0
CAND_004_02_012,CENTRE_004,R02,12,Q019,B,4.0
CAND_004_02_012,CENTRE_004,R02,12,Q020,C,-1.0
CAND_004_02_012,CENTRE_004,R02,12,Q021,A,-1.0
CAND_004_02_012,CENTRE_004,R02,12,Q022,A,-1.0
CAND_004_02_012,CENTRE_004,R02,12,Q023,B,4.0
CAND_004_02_012,CENTRE_004,R02,12,Q024,A,4.0
CAND_004_02_012,CENTRE_004,R02,12,Q025,B,-1.0
CAND_004_02_012,CENTRE_004,R02,12,Q026,B,-1.0
CAND_004_02_012,CENTRE_004,R02,12,Q027,,0.0
CAND_004_02_012,CENTRE_004,R02,12,Q028,A,4.0
CAND_004_02_012,CENTRE_004,R02,12,Q029,C,-1.0
CAND_004_02_012,CENTRE_004,R02,12,Q030,C,4.0
CAND_004_02_012,CENTRE_004,R02,12,Q031,B,4.0
CAND_004_02_012,CENTRE_004,R02,12,Q032,C,-1.0
CAND_004_02_012,CENTRE_004,R02,12,Q033,D,4.0
CAND_004_02_012,CENTRE_004,R02,12,Q034,C,4.0
CAND_004_02_012,CENTRE_004,R02,12,Q035,C,-1.0
CAND_004_02_012,CENTRE_004,R02,12,Q036,C,-1.0
CAND_004_02_012,CENTRE_004,R02,12,Q037,A,-1.0
CAND_004_02_012,CENTRE_004,R02,12,Q038,C,4.0
CAND_004_02_012,CENTRE_004,R02,12,Q039,B,4.0
CAND_004_02_012,CENTRE_004,R02,12,Q040,,0.0
CAND_004_02_012,CENTRE_004,R02,12,Q041,D,4.0
CAND_004_02_012,CENTRE_004,R02,12,Q042,A,-1.0
CAND_004_02_012,CENTRE_004,R02,12,Q043,A,-1.0
CAND_004_02_012,CENTRE_004,R02,12,Q044,A,4.0
CAND_004_02_012,CENTRE_004,R02,12,Q045,D,4.0
CAND_004_02_012,CENTRE_004,R02,12,Q046,C,4.0
CAND_004_02_012,CENTRE_004,R02,12,Q047,C,-1.0
CAND_004_02_012,CENTRE_004,R02,12,Q048,B,-1.0
CAND_004_02_012,CENTRE_004,R02,12,Q049,C,-1.0
CAND_004_02_012,CENTRE_004,R02,12,Q050,C,4.0
CAND_004_02_013,CENTRE_004,R02,13,Q001,B,-1.0
CAND_004_02_013,CENTRE_004,R02,13,Q002,B,-1.0
CAND_004_02_013,CENTRE_004,R02,13,Q003,B,4.0
CAND_004_02_013,CENTRE_004,R02,13,Q004,A,4.0
CAND_004_02_013,CENTRE_004,R02,13,Q005,C,-1.0
CAND_004_02_013,CENTRE_004,R02,13,Q006,C,4.0
CAND_004_02_013,CENTRE_004,R02,13,Q007,D,-1.0
CAND_004_02_013,CENTRE_004,R02,13,Q008,A,4.0
CAND_004_02_013,CENTRE_004,R02,13,Q009,D,4.0
CAND_004_02_013,CENTRE_004,R02,13,Q010,C,4.0
CAND_004_02_013,CENTRE_004,R02,13,Q011,D,-1.0
CAND_004_02_013,CENTRE_004,R02,13,Q012,B,-1.0
CAND_004_02_013,CENTRE_004,R02,13,Q013,C,-1.0
CAND_004_02_013,CENTRE_004,R02,13,Q014,C,4.0
CAND_004_02_013,CENTRE_004,R02,13,Q015,A,-1.0
CAND_004_02_013,CENTRE_004,R02,13,Q016,A,4.0
CAND_004_02_013,CENTRE_004,R02,13,Q017,D,4.0
CAND_004_02_013,CENTRE_004,R02,13,Q018,C,4.0
CAND_004_02_013,CENTRE_004,R02,13,Q019,C,-1.0
CAND_004_02_013,CENTRE_004,R02,13,Q020,A,4.0
CAND_004_02_013,CENTRE_004,R02,13,Q021,,0.0
CAND_004_02_013,CENTRE_004,R02,13,Q022,C,4.0
CAND_004_02_013,CENTRE_004,R02,13,Q023,C,-1.0
CAND_004_02_013,CENTRE_004,R02,13,Q024,D,-1.0
CAND_004_02_013,CENTRE_004,R02,13,Q025,D,4.0
CAND_004_02_013,CENTRE_004,R02,13,Q026,B,-1.0
CAND_004_02_013,CENTRE_004,R02,13,Q027,D,-1.0
CAND_004_02_013,CENTRE_004,R02,13,Q028,A,4.0
CAND_004_02_013,CENTRE_004,R02,13,Q029,D,4.0
CAND_004_02_013,CENTRE_004,R02,13,Q030,B,-1.0
CAND_004_02_013,CENTRE_004,R02,13,Q031,B,4.0
CAND_004_02_013,CENTRE_004,R02,13,Q032,A,4.0
CAND_004_02_013,CENTRE_004,R02,13,Q033,D,4.0
CAND_004_02_013,CENTRE_004,R02,13,Q034,D,-1.0
CAND_004_02_013,CENTRE_004,R02,13,Q035,C,-1.0
CAND_004_02_013,CENTRE_004,R02,13,Q036,A,4.0
CAND_004_02_013,CENTRE_004,R02,13,Q037,D,4.0
CAND_004_02_013,CENTRE_004,R02,13,Q038,A,-1.0
CAND_004_02_013,CENTRE_004,R02,13,Q039,,0.0
CAND_004_02_013,CENTRE_004,R02,13,Q040,B,-1.0
CAND_004_02_013,CENTRE_004,R02,13,Q041,D,4.0
CAND_004_02_013,CENTRE_004,R02,13,Q042,C,4.0
CAND_004_02_013,CENTRE_004,R02,13,Q043,A,-1.0
CAND_004_02_013,CENTRE_004,R02,13,Q044,B,-1.0
CAND_004_02_013,CENTRE_004,R02,13,Q045,,0.0
CAND_004_02_013,CENTRE_004,R02,13,Q046,B,-1.0
CAND_004_02_013,CENTRE_004,R02,13,Q047,B,4.0
CAND_004_02_013,CENTRE_004,R02,13,Q048,D,-1.0
CAND_004_02_013,CENTRE_004,R02,13,Q049,D,4.0
CAND_004_02_013,CENTRE_004,R02,13,Q050,C,4.0
CAND_004_02_014,CENTRE_004,R02,14,Q001,D,4.0
CAND_004_02_014,CENTRE_004,R02,14,Q002,C,4.0
CAND_004_02_014,CENTRE_004,R02,14,Q003,B,4.0
CAND_004_02_014,CENTRE_004,R02,14,Q004,A,4.0
CAND_004_02_014,CENTRE_004,R02,14,Q005,B,-1.0
CAND_004_02_014,CENTRE_004,R02,14,Q006,C,4.0
CAND_004_02_014,CENTRE_004,R02,14,Q007,B,4.0
CAND_004_02_014,CENTRE_004,R02,14,Q008,A,4.0
CAND_004_02_014,CENTRE_004,R02,14,Q009,D,4.0
CAND_004_02_014,CENTRE_004,R02,14,Q010,C,4.0
CAND_004_02_014,CENTRE_004,R02,14,Q011,B,4.0
CAND_004_02_014,CENTRE_004,R02,14,Q012,A,4.0
CAND_004_02_014,CENTRE_004,R02,14,Q013,D,4.0
CAND_004_02_014,CENTRE_004,R02,14,Q014,C,4.0
CAND_004_02_014,CENTRE_004,R02,14,Q015,,0.0
CAND_004_02_014,CENTRE_004,R02,14,Q016,A,4.0
CAND_004_02_014,CENTRE_004,R02,14,Q017,,0.0
CAND_004_02_014,CENTRE_004,R02,14,Q018,C,4.0
CAND_004_02_014,CENTRE_004,R02,14,Q019,,0.0
CAND_004_02_014,CENTRE_004,R02,14,Q020,A,4.0
CAND_004_02_014,CENTRE_004,R02,14,Q021,D,4.0
CAND_004_02_014,CENTRE_004,R02,14,Q022,B,-1.0
CAND_004_02_014,CENTRE_004,R02,14,Q023,A,-1.0
CAND_004_02_014,CENTRE_004,R02,14,Q024,A,4.0
CAND_004_02_014,CENTRE_004,R02,14,Q025,D,4.0
CAND_004_02_014,CENTRE_004,R02,14,Q026,C,4.0
CAND_004_02_014,CENTRE_004,R02,14,Q027,,0.0
CAND_004_02_014,CENTRE_004,R02,14,Q028,C,-1.0
CAND_004_02_014,CENTRE_004,R02,14,Q029,D,4.0
CAND_004_02_014,CENTRE_004,R02,14,Q030,A,-1.0
CAND_004_02_014,CENTRE_004,R02,14,Q031,B,4.0
CAND_004_02_014,CENTRE_004,R02,14,Q032,D,-1.0
CAND_004_02_014,CENTRE_004,R02,14,Q033,D,4.0
CAND_004_02_014,CENTRE_004,R02,14,Q034,C,4.0
CAND_004_02_014,CENTRE_004,R02,14,Q035,C,-1.0
CAND_004_02_014,CENTRE_004,R02,14,Q036,D,-1.0
CAND_004_02_014,CENTRE_004,R02,14,Q037,D,4.0
CAND_004_02_014,CENTRE_004,R02,14,Q038,C,4.0
CAND_004_02_014,CENTRE_004,R02,14,Q039,D,-1.0
CAND_004_02_014,CENTRE_004,R02,14,Q040,A,4.0
CAND_004_02_014,CENTRE_004,R02,14,Q041,D,4.0
CAND_004_02_014,CENTRE_004,R02,14,Q042,C,4.0
CAND_004_02_014,CENTRE_004,R02,14,Q043,B,4.0
CAND_004_02_014,CENTRE_004,R02,14,Q044,A,4.0
CAND_004_02_014,CENTRE_004,R02,14,Q045,A,-1.0
CAND_004_02_014,CENTRE_004,R02,14,Q046,,0.0
CAND_004_02_014,CENTRE_004,R02,14,Q047,B,4.0
CAND_004_02_014,CENTRE_004,R02,14,Q048,A,4.0
CAND_004_02_014,CENTRE_004,R02,14,Q049,B,-1.0
CAND_004_02_014,CENTRE_004,R02,14,Q050,C,4.0
CAND_004_02_015,CENTRE_004,R02,15,Q001,D,4.0
CAND_004_02_015,CENTRE_004,R02,15,Q002,C,4.0
CAND_004_02_015,CENTRE_004,R02,15,Q003,B,4.0
CAND_004_02_015,CENTRE_004,R02,15,Q004,A,4.0
CAND_004_02_015,CENTRE_004,R02,15,Q005,B,-1.0
CAND_004_02_015,CENTRE_004,R02,15,Q006,C,4.0
CAND_004_02_015,CENTRE_004,R02,15,Q007,B,4.0
CAND_004_02_015,CENTRE_004,R02,15,Q008,A,4.0
CAND_004_02_015,CENTRE_004,R02,15,Q009,D,4.0
CAND_004_02_015,CENTRE_004,R02,15,Q010,D,-1.0
CAND_004_02_015,CENTRE_004,R02,15,Q011,B,4.0
CAND_004_02_015,CENTRE_004,R02,15,Q012,A,4.0
CAND_004_02_015,CENTRE_004,R02,15,Q013,D,4.0
CAND_004_02_015,CENTRE_004,R02,15,Q014,C,4.0
CAND_004_02_015,CENTRE_004,R02,15,Q015,,0.0
CAND_004_02_015,CENTRE_004,R02,15,Q016,A,4.0
CAND_004_02_015,CENTRE_004,R02,15,Q017,,0.0
CAND_004_02_015,CENTRE_004,R02,15,Q018,C,4.0
CAND_004_02_015,CENTRE_004,R02,15,Q019,,0.0
CAND_004_02_015,CENTRE_004,R02,15,Q020,A,4.0
CAND_004_02_015,CENTRE_004,R02,15,Q021,D,4.0
CAND_004_02_015,CENTRE_004,R02,15,Q022,B,-1.0
CAND_004_02_015,CENTRE_004,R02,15,Q023,A,-1.0
CAND_004_02_015,CENTRE_004,R02,15,Q024,A,4.0
CAND_004_02_015,CENTRE_004,R02,15,Q025,D,4.0
CAND_004_02_015,CENTRE_004,R02,15,Q026,D,-1.0
CAND_004_02_015,CENTRE_004,R02,15,Q027,,0.0
CAND_004_02_015,CENTRE_004,R02,15,Q028,C,-1.0
CAND_004_02_015,CENTRE_004,R02,15,Q029,D,4.0
CAND_004_02_015,CENTRE_004,R02,15,Q030,C,4.0
CAND_004_02_015,CENTRE_004,R02,15,Q031,B,4.0
CAND_004_02_015,CENTRE_004,R02,15,Q032,D,-1.0
CAND_004_02_015,CENTRE_004,R02,15,Q033,D,4.0
CAND_004_02_015,CENTRE_004,R02,15,Q034,C,4.0
CAND_004_02_015,CENTRE_004,R02,15,Q035,C,-1.0
CAND_004_02_015,CENTRE_004,R02,15,Q036,A,4.0
CAND_004_02_015,CENTRE_004,R02,15,Q037,D,4.0
CAND_004_02_015,CENTRE_004,R02,15,Q038,C,4.0
CAND_004_02_015,CENTRE_004,R02,15,Q039,D,-1.0
CAND_004_02_015,CENTRE_004,R02,15,Q040,A,4.0
CAND_004_02_015,CENTRE_004,R02,15,Q041,D,4.0
CAND_004_02_015,CENTRE_004,R02,15,Q042,C,4.0
CAND_004_02_015,CENTRE_004,R02,15,Q043,B,4.0
CAND_004_02_015,CENTRE_004,R02,15,Q044,A,4.0
CAND_004_02_015,CENTRE_004,R02,15,Q045,A,-1.0
CAND_004_02_015,CENTRE_004,R02,15,Q046,,0.0
CAND_004_02_015,CENTRE_004,R02,15,Q047,B,4.0
CAND_004_02_015,CENTRE_004,R02,15,Q048,A,4.0
CAND_004_02_015,CENTRE_004,R02,15,Q049,B,-1.0
CAND_004_02_015,CENTRE_004,R02,15,Q050,C,4.0
CAND_004_02_016,CENTRE_004,R02,16,Q001,C,-1.0
CAND_004_02_016,CENTRE_004,R02,16,Q002,,0.0
CAND_004_02_016,CENTRE_004,R02,16,Q003,D,-1.0
CAND_004_02_016,CENTRE_004,R02,16,Q004,A,4.0
CAND_004_02_016,CENTRE_004,R02,16,Q005,D,4.0
CAND_004_02_016,CENTRE_004,R02,16,Q006,B,-1.0
CAND_004_02_016,CENTRE_004,R02,16,Q007,A,-1.0
CAND_004_02_016,CENTRE_004,R02,16,Q008,A,4.0
CAND_004_02_016,CENTRE_004,R02,16,Q009,,0.0
CAND_004_02_016,CENTRE_004,R02,16,Q010,C,4.0
CAND_004_02_016,CENTRE_004,R02,16,Q011,B,4.0
CAND_004_02_016,CENTRE_004,R02,16,Q012,C,-1.0
CAND_004_02_016,CENTRE_004,R02,16,Q013,C,-1.0
CAND_004_02_016,CENTRE_004,R02,16,Q014,C,4.0
CAND_004_02_016,CENTRE_004,R02,16,Q015,C,-1.0
CAND_004_02_016,CENTRE_004,R02,16,Q016,A,4.0
CAND_004_02_016,CENTRE_004,R02,16,Q017,D,4.0
CAND_004_02_016,CENTRE_004,R02,16,Q018,A,-1.0
CAND_004_02_016,CENTRE_004,R02,16,Q019,D,-1.0
CAND_004_02_016,CENTRE_004,R02,16,Q020,A,4.0
CAND_004_02_016,CENTRE_004,R02,16,Q021,,0.0
CAND_004_02_016,CENTRE_004,R02,16,Q022,D,-1.0
CAND_004_02_016,CENTRE_004,R02,16,Q023,B,4.0
CAND_004_02_016,CENTRE_004,R02,16,Q024,C,-1.0
CAND_004_02_016,CENTRE_004,R02,16,Q025,D,4.0
CAND_004_02_016,CENTRE_004,R02,16,Q026,D,-1.0
CAND_004_02_016,CENTRE_004,R02,16,Q027,B,4.0
CAND_004_02_016,CENTRE_004,R02,16,Q028,C,-1.0
CAND_004_02_016,CENTRE_004,R02,16,Q029,D,4.0
CAND_004_02_016,CENTRE_004,R02,16,Q030,C,4.0
CAND_004_02_016,CENTRE_004,R02,16,Q031,A,-1.0
CAND_004_02_016,CENTRE_004,R02,16,Q032,A,4.0
CAND_004_02_016,CENTRE_004,R02,16,Q033,A,-1.0
CAND_004_02_016,CENTRE_004,R02,16,Q034,A,-1.0
CAND_004_02_016,CENTRE_004,R02,16,Q035,B,4.0
CAND_004_02_016,CENTRE_004,R02,16,Q036,A,4.0
CAND_004_02_016,CENTRE_004,R02,16,Q037,D,4.0
CAND_004_02_016,CENTRE_004,R02,16,Q038,C,4.0
CAND_004_02_016,CENTRE_004,R02,16,Q039,B,4.0
CAND_004_02_016,CENTRE_004,R02,16,Q040,A,4.0
CAND_004_02_016,CENTRE_004,R02,16,Q041,D,4.0
CAND_004_02_016,CENTRE_004,R02,16,Q042,,0.0
CAND_004_02_016,CENTRE_004,R02,16,Q043,B,4.0
CAND_004_02_016,CENTRE_004,R02,16,Q044,A,4.0
CAND_004_02_016,CENTRE_004,R02,16,Q045,A,-1.0
CAND_004_02_016,CENTRE_004,R02,16,Q046,A,-1.0
CAND_004_02_016,CENTRE_004,R02,16,Q047,A,-1.0
CAND_004_02_016,CENTRE_004,R02,16,Q048,C,-1.0
CAND_004_02_016,CENTRE_004,R02,16,Q049,A,-1.0
CAND_004_02_016,CENTRE_004,R02,16,Q050,C,4.0
CAND_004_02_017,CENTRE_004,R02,17,Q001,A,-1.0
CAND_004_02_017,CENTRE_004,R02,17,Q002,A,-1.0
CAND_004_02_017,CENTRE_004,R02,17,Q003,B,4.0
CAND_004_02_017,CENTRE_004,R02,17,Q004,A,4.0
CAND_004_02_017,CENTRE_004,R02,17,Q005,B,-1.0
CAND_004_02_017,CENTRE_004,R02,17,Q006,C,4.0
CAND_004_02_017,CENTRE_004,R02,17,Q007,B,4.0
CAND_004_02_017,CENTRE_004,R02,17,Q008,B,-1.0
CAND_004_02_017,CENTRE_004,R02,17,Q009,A,-1.0
CAND_004_02_017,CENTRE_004,R02,17,Q010,D,-1.0
CAND_004_02_017,CENTRE_004,R02,17,Q011,B,4.0
CAND_004_02_017,CENTRE_004,R02,17,Q012,C,-1.0
CAND_004_02_017,CENTRE_004,R02,17,Q013,D,4.0
CAND_004_02_017,CENTRE_004,R02,17,Q014,C,4.0
CAND_004_02_017,CENTRE_004,R02,17,Q015,B,4.0
CAND_004_02_017,CENTRE_004,R02,17,Q016,A,4.0
CAND_004_02_017,CENTRE_004,R02,17,Q017,D,4.0
CAND_004_02_017,CENTRE_004,R02,17,Q018,D,-1.0
CAND_004_02_017,CENTRE_004,R02,17,Q019,B,4.0
CAND_004_02_017,CENTRE_004,R02,17,Q020,A,4.0
CAND_004_02_017,CENTRE_004,R02,17,Q021,A,-1.0
CAND_004_02_017,CENTRE_004,R02,17,Q022,C,4.0
CAND_004_02_017,CENTRE_004,R02,17,Q023,D,-1.0
CAND_004_02_017,CENTRE_004,R02,17,Q024,D,-1.0
CAND_004_02_017,CENTRE_004,R02,17,Q025,D,4.0
CAND_004_02_017,CENTRE_004,R02,17,Q026,B,-1.0
CAND_004_02_017,CENTRE_004,R02,17,Q027,D,-1.0
CAND_004_02_017,CENTRE_004,R02,17,Q028,A,4.0
CAND_004_02_017,CENTRE_004,R02,17,Q029,C,-1.0
CAND_004_02_017,CENTRE_004,R02,17,Q030,B,-1.0
CAND_004_02_017,CENTRE_004,R02,17,Q031,C,-1.0
CAND_004_02_017,CENTRE_004,R02,17,Q032,C,-1.0
CAND_004_02_017,CENTRE_004,R02,17,Q033,B,-1.0
CAND_004_02_017,CENTRE_004,R02,17,Q034,C,4.0
CAND_004_02_017,CENTRE_004,R02,17,Q035,B,4.0
CAND_004_02_017,CENTRE_004,R02,17,Q036,B,-1.0
CAND_004_02_017,CENTRE_004,R02,17,Q037,C,-1.0
CAND_004_02_017,CENTRE_004,R02,17,Q038,C,4.0
CAND_004_02_017,CENTRE_004,R02,17,Q039,C,-1.0
CAND_004_02_017,CENTRE_004,R02,17,Q040,A,4.0
CAND_004_02_017,CENTRE_004,R02,17,Q041,D,4.0
CAND_004_02_017,CENTRE_004,R02,17,Q042,B,-1.0
CAND_004_02_017,CENTRE_004,R02,17,Q043,B,4.0
CAND_004_02_017,CENTRE_004,R02,17,Q044,A,4.0
CAND_004_02_017,CENTRE_004,R02,17,Q045,A,-1.0
CAND_004_02_017,CENTRE_004,R02,17,Q046,D,-1.0
CAND_004_02_017,CENTRE_004,R02,17,Q047,C,-1.0
CAND_004_02_017,CENTRE_004,R02,17,Q048,C,-1.0
CAND_004_02_017,CENTRE_004,R02,17,Q049,D,4.0
CAND_004_02_017,CENTRE_004,R02,17,Q050,C,4.0
CAND_004_02_018,CENTRE_004,R02,18,Q001,D,4.0
CAND_004_02_018,CENTRE_004,R02,18,Q002,C,4.0
CAND_004_02_018,CENTRE_004,R02,18,Q003,B,4.0
CAND_004_02_018,CENTRE_004,R02,18,Q004,D,-1.0
CAND_004_02_018,CENTRE_004,R02,18,Q005,D,4.0
CAND_004_02_018,CENTRE_004,R02,18,Q006,C,4.0
CAND_004_02_018,CENTRE_004,R02,18,Q007,B,4.0
CAND_004_02_018,CENTRE_004,R02,18,Q008,D,-1.0
CAND_004_02_018,CENTRE_004,R02,18,Q009,D,4.0
CAND_004_02_018,CENTRE_004,R02,18,Q010,,0.0
CAND_004_02_018,CENTRE_004,R02,18,Q011,B,4.0
CAND_004_02_018,CENTRE_004,R02,18,Q012,D,-1.0
CAND_004_02_018,CENTRE_004,R02,18,Q013,C,-1.0
CAND_004_02_018,CENTRE_004,R02,18,Q014,C,4.0
CAND_004_02_018,CENTRE_004,R02,18,Q015,C,-1.0
CAND_004_02_018,CENTRE_004,R02,18,Q016,A,4.0
CAND_004_02_018,CENTRE_004,R02,18,Q017,D,4.0
CAND_004_02_018,CENTRE_004,R02,18,Q018,B,-1.0
CAND_004_02_018,CENTRE_004,R02,18,Q019,B,4.0
CAND_004_02_018,CENTRE_004,R02,18,Q020,D,-1.0
CAND_004_02_018,CENTRE_004,R02,18,Q021,,0.0
CAND_004_02_018,CENTRE_004,R02,18,Q022,C,4.0
CAND_004_02_018,CENTRE_004,R02,18,Q023,B,4.0
CAND_004_02_018,CENTRE_004,R02,18,Q024,A,4.0
CAND_004_02_018,CENTRE_004,R02,18,Q025,B,-1.0
CAND_004_02_018,CENTRE_004,R02,18,Q026,B,-1.0
CAND_004_02_018,CENTRE_004,R02,18,Q027,B,4.0
CAND_004_02_018,CENTRE_004,R02,18,Q028,A,4.0
CAND_004_02_018,CENTRE_004,R02,18,Q029,D,4.0
CAND_004_02_018,CENTRE_004,R02,18,Q030,B,-1.0
CAND_004_02_018,CENTRE_004,R02,18,Q031,C,-1.0
CAND_004_02_018,CENTRE_004,R02,18,Q032,A,4.0
CAND_004_02_018,CENTRE_004,R02,18,Q033,D,4.0
CAND_004_02_018,CENTRE_004,R02,18,Q034,C,4.0
CAND_004_02_018,CENTRE_004,R02,18,Q035,A,-1.0
CAND_004_02_018,CENTRE_004,R02,18,Q036,A,4.0
CAND_004_02_018,CENTRE_004,R02,18,Q037,D,4.0
CAND_004_02_018,CENTRE_004,R02,18,Q038,D,-1.0
CAND_004_02_018,CENTRE_004,R02,18,Q039,C,-1.0
CAND_004_02_018,CENTRE_004,R02,18,Q040,B,-1.0
CAND_004_02_018,CENTRE_004,R02,18,Q041,B,-1.0
CAND_004_02_018,CENTRE_004,R02,18,Q042,C,4.0
CAND_004_02_018,CENTRE_004,R02,18,Q043,B,4.0
CAND_004_02_018,CENTRE_004,R02,18,Q044,C,-1.0
CAND_004_02_018,CENTRE_004,R02,18,Q045,D,4.0
CAND_004_02_018,CENTRE_004,R02,18,Q046,C,4.0
CAND_004_02_018,CENTRE_004,R02,18,Q047,C,-1.0
CAND_004_02_018,CENTRE_004,R02,18,Q048,B,-1.0
CAND_004_02_018,CENTRE_004,R02,18,Q049,C,-1.0
CAND_004_02_018,CENTRE_004,R02,18,Q050,C,4.0
CAND_004_02_019,CENTRE_004,R02,19,Q001,D,4.0
CAND_004_02_019,CENTRE_004,R02,19,Q002,C,4.0
CAND_004_02_019,CENTRE_004,R02,19,Q003,B,4.0
CAND_004_02_019,CENTRE_004,R02,19,Q004,B,-1.0
CAND_004_02_019,CENTRE_004,R02,19,Q005,D,4.0
CAND_004_02_019,CENTRE_004,R02,19,Q006,A,-1.0
CAND_004_02_019,CENTRE_004,R02,19,Q007,D,-1.0
CAND_004_02_019,CENTRE_004,R02,19,Q008,C,-1.0
CAND_004_02_019,CENTRE_004,R02,19,Q009,A,-1.0
CAND_004_02_019,CENTRE_004,R02,19,Q010,A,-1.0
CAND_004_02_019,CENTRE_004,R02,19,Q011,B,4.0
CAND_004_02_019,CENTRE_004,R02,19,Q012,A,4.0
CAND_004_02_019,CENTRE_004,R02,19,Q013,D,4.0
CAND_004_02_019,CENTRE_004,R02,19,Q014,A,-1.0
CAND_004_02_019,CENTRE_004,R02,19,Q015,B,4.0
CAND_004_02_019,CENTRE_004,R02,19,Q016,,0.0
CAND_004_02_019,CENTRE_004,R02,19,Q017,D,4.0
CAND_004_02_019,CENTRE_004,R02,19,Q018,C,4.0
CAND_004_02_019,CENTRE_004,R02,19,Q019,B,4.0
CAND_004_02_019,CENTRE_004,R02,19,Q020,A,4.0
CAND_004_02_019,CENTRE_004,R02,19,Q021,D,4.0
CAND_004_02_019,CENTRE_004,R02,19,Q022,B,-1.0
CAND_004_02_019,CENTRE_004,R02,19,Q023,A,-1.0
CAND_004_02_019,CENTRE_004,R02,19,Q024,A,4.0
CAND_004_02_019,CENTRE_004,R02,19,Q025,C,-1.0
CAND_004_02_019,CENTRE_004,R02,19,Q026,A,-1.0
CAND_004_02_019,CENTRE_004,R02,19,Q027,A,-1.0
CAND_004_02_019,CENTRE_004,R02,19,Q028,C,-1.0
CAND_004_02_019,CENTRE_004,R02,19,Q029,D,4.0
CAND_004_02_019,CENTRE_004,R02,19,Q030,B,-1.0
CAND_004_02_019,CENTRE_004,R02,19,Q031,B,4.0
CAND_004_02_019,CENTRE_004,R02,19,Q032,A,4.0
CAND_004_02_019,CENTRE_004,R02,19,Q033,C,-1.0
CAND_004_02_019,CENTRE_004,R02,19,Q034,C,4.0
CAND_004_02_019,CENTRE_004,R02,19,Q035,B,4.0
CAND_004_02_019,CENTRE_004,R02,19,Q036,A,4.0
CAND_004_02_019,CENTRE_004,R02,19,Q037,D,4.0
CAND_004_02_019,CENTRE_004,R02,19,Q038,B,-1.0
CAND_004_02_019,CENTRE_004,R02,19,Q039,A,-1.0
CAND_004_02_019,CENTRE_004,R02,19,Q040,B,-1.0
CAND_004_02_019,CENTRE_004,R02,19,Q041,D,4.0
CAND_004_02_019,CENTRE_004,R02,19,Q042,C,4.0
CAND_004_02_019,CENTRE_004,R02,19,Q043,B,4.0
CAND_004_02_019,CENTRE_004,R02,19,Q044,B,-1.0
CAND_004_02_019,CENTRE_004,R02,19,Q045,,0.0
CAND_004_02_019,CENTRE_004,R02,19,Q046,C,4.0
CAND_004_02_019,CENTRE_004,R02,19,Q047,D,-1.0
CAND_004_02_019,CENTRE_004,R02,19,Q048,A,4.0
CAND_004_02_019,CENTRE_004,R02,19,Q049,B,-1.0
CAND_004_02_019,CENTRE_004,R02,19,Q050,D,-1.0
CAND_004_02_020,CENTRE_004,R02,20,Q001,D,4.0
CAND_004_02_020,CENTRE_004,R02,20,Q002,D,-1.0
CAND_004_02_020,CENTRE_004,R02,20,Q003,D,-1.0
CAND_004_02_020,CENTRE_004,R02,20,Q004,,0.0
CAND_004_02_020,CENTRE_004,R02,20,Q005,A,-1.0
CAND_004_02_020,CENTRE_004,R02,20,Q006,D,-1.0
CAND_004_02_020,CENTRE_004,R02,20,Q007,A,-1.0
CAND_004_02_020,CENTRE_004,R02,20,Q008,D,-1.0
CAND_004_02_020,CENTRE_004,R02,20,Q009,D,4.0
CAND_004_02_020,CENTRE_004,R02,20,Q010,C,4.0
CAND_004_02_020,CENTRE_004,R02,20,Q011,A,-1.0
CAND_004_02_020,CENTRE_004,R02,20,Q012,B,-1.0
CAND_004_02_020,CENTRE_004,R02,20,Q013,D,4.0
CAND_004_02_020,CENTRE_004,R02,20,Q014,C,4.0
CAND_004_02_020,CENTRE_004,R02,20,Q015,B,4.0
CAND_004_02_020,CENTRE_004,R02,20,Q016,D,-1.0
CAND_004_02_020,CENTRE_004,R02,20,Q017,D,4.0
CAND_004_02_020,CENTRE_004,R02,20,Q018,B,-1.0
CAND_004_02_020,CENTRE_004,R02,20,Q019,C,-1.0
CAND_004_02_020,CENTRE_004,R02,20,Q020,D,-1.0
CAND_004_02_020,CENTRE_004,R02,20,Q021,D,4.0
CAND_004_02_020,CENTRE_004,R02,20,Q022,B,-1.0
CAND_004_02_020,CENTRE_004,R02,20,Q023,D,-1.0
CAND_004_02_020,CENTRE_004,R02,20,Q024,A,4.0
CAND_004_02_020,CENTRE_004,R02,20,Q025,B,-1.0
CAND_004_02_020,CENTRE_004,R02,20,Q026,,0.0
CAND_004_02_020,CENTRE_004,R02,20,Q027,B,4.0
CAND_004_02_020,CENTRE_004,R02,20,Q028,A,4.0
CAND_004_02_020,CENTRE_004,R02,20,Q029,B,-1.0
CAND_004_02_020,CENTRE_004,R02,20,Q030,C,4.0
CAND_004_02_020,CENTRE_004,R02,20,Q031,A,-1.0
CAND_004_02_020,CENTRE_004,R02,20,Q032,C,-1.0
CAND_004_02_020,CENTRE_004,R02,20,Q033,B,-1.0
CAND_004_02_020,CENTRE_004,R02,20,Q034,A,-1.0
CAND_004_02_020,CENTRE_004,R02,20,Q035,C,-1.0
CAND_004_02_020,CENTRE_004,R02,20,Q036,C,-1.0
CAND_004_02_020,CENTRE_004,R02,20,Q037,D,4.0
CAND_004_02_020,CENTRE_004,R02,20,Q038,C,4.0
CAND_004_02_020,CENTRE_004,R02,20,Q039,D,-1.0
CAND_004_02_020,CENTRE_004,R02,20,Q040,A,4.0
CAND_004_02_020,CENTRE_004,R02,20,Q041,,0.0
CAND_004_02_020,CENTRE_004,R02,20,Q042,C,4.0
CAND_004_02_020,CENTRE_004,R02,20,Q043,C,-1.0
CAND_004_02_020,CENTRE_004,R02,20,Q044,C,-1.0
CAND_004_02_020,CENTRE_004,R02,20,Q045,D,4.0
CAND_004_02_020,CENTRE_004,R02,20,Q046,A,-1.0
CAND_004_02_020,CENTRE_004,R02,20,Q047,C,-1.0
CAND_004_02_020,CENTRE_004,R02,20,Q048,C,-1.0
CAND_004_02_020,CENTRE_004,R02,20,Q049,D,4.0
CAND_004_02_020,CENTRE_004,R02,20,Q050,C,4.0
CAND_005_01_001,CENTRE_005,R01,1,Q001,A,-1.0
CAND_005_01_001,CENTRE_005,R01,1,Q002,C,4.0
CAND_005_01_001,CENTRE_005,R01,1,Q003,B,4.0
CAND_005_01_001,CENTRE_005,R01,1,Q004,A,4.0
CAND_005_01_001,CENTRE_005,R01,1,Q005,D,4.0
CAND_005_01_001,CENTRE_005,R01,1,Q006,C,4.0
CAND_005_01_001,CENTRE_005,R01,1,Q007,B,4.0
CAND_005_01_001,CENTRE_005,R01,1,Q008,A,4.0
CAND_005_01_001,CENTRE_005,R01,1,Q009,B,-1.0
CAND_005_01_001,CENTRE_005,R01,1,Q010,C,4.0
CAND_005_01_001,CENTRE_005,R01,1,Q011,B,4.0
CAND_005_01_001,CENTRE_005,R01,1,Q012,B,-1.0
CAND_005_01_001,CENTRE_005,R01,1,Q013,D,4.0
CAND_005_01_001,CENTRE_005,R01,1,Q014,C,4.0
CAND_005_01_001,CENTRE_005,R01,1,Q015,B,4.0
CAND_005_01_001,CENTRE_005,R01,1,Q016,A,4.0
CAND_005_01_001,CENTRE_005,R01,1,Q017,C,-1.0
CAND_005_01_001,CENTRE_005,R01,1,Q018,C,4.0
CAND_005_01_001,CENTRE_005,R01,1,Q019,B,4.0
CAND_005_01_001,CENTRE_005,R01,1,Q020,C,-1.0
CAND_005_01_001,CENTRE_005,R01,1,Q021,D,4.0
CAND_005_01_001,CENTRE_005,R01,1,Q022,B,-1.0
CAND_005_01_001,CENTRE_005,R01,1,Q023,B,4.0
CAND_005_01_001,CENTRE_005,R01,1,Q024,A,4.0
CAND_005_01_001,CENTRE_005,R01,1,Q025,D,4.0
CAND_005_01_001,CENTRE_005,R01,1,Q026,C,4.0
CAND_005_01_001,CENTRE_005,R01,1,Q027,B,4.0
CAND_005_01_001,CENTRE_005,R01,1,Q028,A,4.0
CAND_005_01_001,CENTRE_005,R01,1,Q029,A,-1.0
CAND_005_01_001,CENTRE_005,R01,1,Q030,C,4.0
CAND_005_01_001,CENTRE_005,R01,1,Q031,,0.0
CAND_005_01_001,CENTRE_005,R01,1,Q032,A,4.0
CAND_005_01_001,CENTRE_005,R01,1,Q033,D,4.0
CAND_005_01_001,CENTRE_005,R01,1,Q034,C,4.0
CAND_005_01_001,CENTRE_005,R01,1,Q035,B,4.0
CAND_005_01_001,CENTRE_005,R01,1,Q036,A,4.0
CAND_005_01_001,CENTRE_005,R01,1,Q037,B,-1.0
CAND_005_01_001,CENTRE_005,R01,1,Q038,D,-1.0
CAND_005_01_001,CENTRE_005,R01,1,Q039,A,-1.0
CAND_005_01_001,CENTRE_005,R01,1,Q040,D,-1.0
CAND_005_01_001,CENTRE_005,R01,1,Q041,C,-1.0
CAND_005_01_001,CENTRE_005,R01,1,Q042,C,4.0
CAND_005_01_001,CENTRE_005,R01,1,Q043,D,-1.0
CAND_005_01_001,CENTRE_005,R01,1,Q044,A,4.0
CAND_005_01_001,CENTRE_005,R01,1,Q045,D,4.0
CAND_005_01_001,CENTRE_005,R01,1,Q046,C,4.0
CAND_005_01_001,CENTRE_005,R01,1,Q047,B,4.0
CAND_005_01_001,CENTRE_005,R01,1,Q048,B,-1.0
CAND_005_01_001,CENTRE_005,R01,1,Q049,D,4.0
CAND_005_01_001,CENTRE_005,R01,1,Q050,C,4.0
CAND_005_01_002,CENTRE_005,R01,2,Q001,A,-1.0
CAND_005_01_002,CENTRE_005,R01,2,Q002,C,4.0
CAND_005_01_002,CENTRE_005,R01,2,Q003,C,-1.0
CAND_005_01_002,CENTRE_005,R01,2,Q004,A,4.0
CAND_005_01_002,CENTRE_005,R01,2,Q005,D,4.0
CAND_005_01_002,CENTRE_005,R01,2,Q006,A,-1.0
CAND_005_01_002,CENTRE_005,R01,2,Q007,B,4.0
CAND_005_01_002,CENTRE_005,R01,2,Q008,A,4.0
CAND_005_01_002,CENTRE_005,R01,2,Q009,A,-1.0
CAND_005_01_002,CENTRE_005,R01,2,Q010,B,-1.0
CAND_005_01_002,CENTRE_005,R01,2,Q011,D,-1.0
CAND_005_01_002,CENTRE_005,R01,2,Q012,A,4.0
CAND_005_01_002,CENTRE_005,R01,2,Q013,C,-1.0
CAND_005_01_002,CENTRE_005,R01,2,Q014,C,4.0
CAND_005_01_002,CENTRE_005,R01,2,Q015,B,4.0
CAND_005_01_002,CENTRE_005,R01,2,Q016,A,4.0
CAND_005_01_002,CENTRE_005,R01,2,Q017,C,-1.0
CAND_005_01_002,CENTRE_005,R01,2,Q018,C,4.0
CAND_005_01_002,CENTRE_005,R01,2,Q019,A,-1.0
CAND_005_01_002,CENTRE_005,R01,2,Q020,A,4.0
CAND_005_01_002,CENTRE_005,R01,2,Q021,D,4.0
CAND_005_01_002,CENTRE_005,R01,2,Q022,C,4.0
CAND_005_01_002,CENTRE_005,R01,2,Q023,B,4.0
CAND_005_01_002,CENTRE_005,R01,2,Q024,A,4.0
CAND_005_01_002,CENTRE_005,R01,2,Q025,D,4.0
CAND_005_01_002,CENTRE_005,R01,2,Q026,C,4.0
CAND_005_01_002,CENTRE_005,R01,2,Q027,C,-1.0
CAND_005_01_002,CENTRE_005,R01,2,Q028,A,4.0
CAND_005_01_002,CENTRE_005,R01,2,Q029,D,4.0
CAND_005_01_002,CENTRE_005,R01,2,Q030,C,4.0
CAND_005_01_002,CENTRE_005,R01,2,Q031,C,-1.0
CAND_005_01_002,CENTRE_005,R01,2,Q032,A,4.0
CAND_005_01_002,CENTRE_005,R01,2,Q033,D,4.0
CAND_005_01_002,CENTRE_005,R01,2,Q034,C,4.0
CAND_005_01_002,CENTRE_005,R01,2,Q035,B,4.0
CAND_005_01_002,CENTRE_005,R01,2,Q036,A,4.0
CAND_005_01_002,CENTRE_005,R01,2,Q037,D,4.0
CAND_005_01_002,CENTRE_005,R01,2,Q038,C,4.0
CAND_005_01_002,CENTRE_005,R01,2,Q039,B,4.0
CAND_005_01_002,CENTRE_005,R01,2,Q040,A,4.0
CAND_005_01_002,CENTRE_005,R01,2,Q041,D,4.0
CAND_005_01_002,CENTRE_005,R01,2,Q042,C,4.0
CAND_005_01_002,CENTRE_005,R01,2,Q043,A,-1.0
CAND_005_01_002,CENTRE_005,R01,2,Q044,A,4.0
CAND_005_01_002,CENTRE_005,R01,2,Q045,D,4.0
CAND_005_01_002,CENTRE_005,R01,2,Q046,C,4.0
CAND_005_01_002,CENTRE_005,R01,2,Q047,B,4.0
CAND_005_01_002,CENTRE_005,R01,2,Q048,,0.0
CAND_005_01_002,CENTRE_005,R01,2,Q049,D,4.0
CAND_005_01_002,CENTRE_005,R01,2,Q050,C,4.0
CAND_005_01_003,CENTRE_005,R01,3,Q001,,0.0
CAND_005_01_003,CENTRE_005,R01,3,Q002,A,-1.0
CAND_005_01_003,CENTRE_005,R01,3,Q003,A,-1.0
CAND_005_01_003,CENTRE_005,R01,3,Q004,A,4.0
CAND_005_01_003,CENTRE_005,R01,3,Q005,B,-1.0
CAND_005_01_003,CENTRE_005,R01,3,Q006,B,-1.0
CAND_005_01_003,CENTRE_005,R01,3,Q007,B,4.0
CAND_005_01_003,CENTRE_005,R01,3,Q008,A,4.0
CAND_005_01_003,CENTRE_005,R01,3,Q009,D,4.0
CAND_005_01_003,CENTRE_005,R01,3,Q010,C,4.0
CAND_005_01_003,CENTRE_005,R01,3,Q011,B,4.0
CAND_005_01_003,CENTRE_005,R01,3,Q012,D,-1.0
CAND_005_01_003,CENTRE_005,R01,3,Q013,B,-1.0
CAND_005_01_003,CENTRE_005,R01,3,Q014,C,4.0
CAND_005_01_003,CENTRE_005,R01,3,Q015,A,-1.0
CAND_005_01_003,CENTRE_005,R01,3,Q016,A,4.0
CAND_005_01_003,CENTRE_005,R01,3,Q017,A,-1.0
CAND_005_01_003,CENTRE_005,R01,3,Q018,B,-1.0
CAND_005_01_003,CENTRE_005,R01,3,Q019,B,4.0
CAND_005_01_003,CENTRE_005,R01,3,Q020,A,4.0
CAND_005_01_003,CENTRE_005,R01,3,Q021,D,4.0
CAND_005_01_003,CENTRE_005,R01,3,Q022,C,4.0
CAND_005_01_003,CENTRE_005,R01,3,Q023,C,-1.0
CAND_005_01_003,CENTRE_005,R01,3,Q024,A,4.0
CAND_005_01_003,CENTRE_005,R01,3,Q025,C,-1.0
CAND_005_01_003,CENTRE_005,R01,3,Q026,D,-1.0
CAND_005_01_003,CENTRE_005,R01,3,Q027,A,-1.0
CAND_005_01_003,CENTRE_005,R01,3,Q028,A,4.0
CAND_005_01_003,CENTRE_005,R01,3,Q029,D,4.0
CAND_005_01_003,CENTRE_005,R01,3,Q030,C,4.0
CAND_005_01_003,CENTRE_005,R01,3,Q031,B,4.0
CAND_005_01_003,CENTRE_005,R01,3,Q032,A,4.0
CAND_005_01_003,CENTRE_005,R01,3,Q033,B,-1.0
CAND_005_01_003,CENTRE_005,R01,3,Q034,C,4.0
CAND_005_01_003,CENTRE_005,R01,3,Q035,A,-1.0
CAND_005_01_003,CENTRE_005,R01,3,Q036,A,4.0
CAND_005_01_003,CENTRE_005,R01,3,Q037,B,-1.0
CAND_005_01_003,CENTRE_005,R01,3,Q038,C,4.0
CAND_005_01_003,CENTRE_005,R01,3,Q039,B,4.0
CAND_005_01_003,CENTRE_005,R01,3,Q040,A,4.0
CAND_005_01_003,CENTRE_005,R01,3,Q041,B,-1.0
CAND_005_01_003,CENTRE_005,R01,3,Q042,C,4.0
CAND_005_01_003,CENTRE_005,R01,3,Q043,B,4.0
CAND_005_01_003,CENTRE_005,R01,3,Q044,A,4.0
CAND_005_01_003,CENTRE_005,R01,3,Q045,D,4.0
CAND_005_01_003,CENTRE_005,R01,3,Q046,C,4.0
CAND_005_01_003,CENTRE_005,R01,3,Q047,B,4.0
CAND_005_01_003,CENTRE_005,R01,3,Q048,A,4.0
CAND_005_01_003,CENTRE_005,R01,3,Q049,B,-1.0
CAND_005_01_003,CENTRE_005,R01,3,Q050,C,4.0
CAND_005_01_004,CENTRE_005,R01,4,Q001,D,4.0
CAND_005_01_004,CENTRE_005,R01,4,Q002,C,4.0
CAND_005_01_004,CENTRE_005,R01,4,Q003,D,-1.0
CAND_005_01_004,CENTRE_005,R01,4,Q004,D,-1.0
CAND_005_01_004,CENTRE_005,R01,4,Q005,B,-1.0
CAND_005_01_004,CENTRE_005,R01,4,Q006,C,4.0
CAND_005_01_004,CENTRE_005,R01,4,Q007,B,4.0
CAND_005_01_004,CENTRE_005,R01,4,Q008,C,-1.0
CAND_005_01_004,CENTRE_005,R01,4,Q009,D,4.0
CAND_005_01_004,CENTRE_005,R01,4,Q010,C,4.0
CAND_005_01_004,CENTRE_005,R01,4,Q011,B,4.0
CAND_005_01_004,CENTRE_005,R01,4,Q012,B,-1.0
CAND_005_01_004,CENTRE_005,R01,4,Q013,C,-1.0
CAND_005_01_004,CENTRE_005,R01,4,Q014,C,4.0
CAND_005_01_004,CENTRE_005,R01,4,Q015,A,-1.0
CAND_005_01_004,CENTRE_005,R01,4,Q016,D,-1.0
CAND_005_01_004,CENTRE_005,R01,4,Q017,D,4.0
CAND_005_01_004,CENTRE_005,R01,4,Q018,A,-1.0
CAND_005_01_004,CENTRE_005,R01,4,Q019,B,4.0
CAND_005_01_004,CENTRE_005,R01,4,Q020,A,4.0
CAND_005_01_004,CENTRE_005,R01,4,Q021,D,4.0
CAND_005_01_004,CENTRE_005,R01,4,Q022,C,4.0
CAND_005_01_004,CENTRE_005,R01,4,Q023,B,4.0
CAND_005_01_004,CENTRE_005,R01,4,Q024,A,4.0
CAND_005_01_004,CENTRE_005,R01,4,Q025,D,4.0
CAND_005_01_004,CENTRE_005,R01,4,Q026,C,4.0
CAND_005_01_004,CENTRE_005,R01,4,Q027,A,-1.0
CAND_005_01_004,CENTRE_005,R01,4,Q028,A,4.0
CAND_005_01_004,CENTRE_005,R01,4,Q029,D,4.0
CAND_005_01_004,CENTRE_005,R01,4,Q030,D,-1.0
CAND_005_01_004,CENTRE_005,R01,4,Q031,,0.0
CAND_005_01_004,CENTRE_005,R01,4,Q032,A,4.0
CAND_005_01_004,CENTRE_005,R01,4,Q033,D,4.0
CAND_005_01_004,CENTRE_005,R01,4,Q034,B,-1.0
CAND_005_01_004,CENTRE_005,R01,4,Q035,B,4.0
CAND_005_01_004,CENTRE_005,R01,4,Q036,B,-1.0
CAND_005_01_004,CENTRE_005,R01,4,Q037,D,4.0
CAND_005_01_004,CENTRE_005,R01,4,Q038,A,-1.0
CAND_005_01_004,CENTRE_005,R01,4,Q039,A,-1.0
CAND_005_01_004,CENTRE_005,R01,4,Q040,A,4.0
CAND_005_01_004,CENTRE_005,R01,4,Q041,D,4.0
CAND_005_01_004,CENTRE_005,R01,4,Q042,C,4.0
CAND_005_01_004,CENTRE_005,R01,4,Q043,D,-1.0
CAND_005_01_004,CENTRE_005,R01,4,Q044,A,4.0
CAND_005_01_004,CENTRE_005,R01,4,Q045,D,4.0
CAND_005_01_004,CENTRE_005,R01,4,Q046,,0.0
CAND_005_01_004,CENTRE_005,R01,4,Q047,C,-1.0
CAND_005_01_004,CENTRE_005,R01,4,Q048,,0.0
CAND_005_01_004,CENTRE_005,R01,4,Q049,B,-1.0
CAND_005_01_004,CENTRE_005,R01,4,Q050,C,4.0
CAND_005_01_005,CENTRE_005,R01,5,Q001,B,-1.0
CAND_005_01_005,CENTRE_005,R01,5,Q002,A,-1.0
CAND_005_01_005,CENTRE_005,R01,5,Q003,,0.0
CAND_005_01_005,CENTRE_005,R01,5,Q004,A,4.0
CAND_005_01_005,CENTRE_005,R01,5,Q005,B,-1.0
CAND_005_01_005,CENTRE_005,R01,5,Q006,A,-1.0
CAND_005_01_005,CENTRE_005,R01,5,Q007,C,-1.0
CAND_005_01_005,CENTRE_005,R01,5,Q008,B,-1.0
CAND_005_01_005,CENTRE_005,R01,5,Q009,B,-1.0
CAND_005_01_005,CENTRE_005,R01,5,Q010,C,4.0
CAND_005_01_005,CENTRE_005,R01,5,Q011,C,-1.0
CAND_005_01_005,CENTRE_005,R01,5,Q012,C,-1.0
CAND_005_01_005,CENTRE_005,R01,5,Q013,B,-1.0
CAND_005_01_005,CENTRE_005,R01,5,Q014,A,-1.0
CAND_005_01_005,CENTRE_005,R01,5,Q015,C,-1.0
CAND_005_01_005,CENTRE_005,R01,5,Q016,D,-1.0
CAND_005_01_005,CENTRE_005,R01,5,Q017,C,-1.0
CAND_005_01_005,CENTRE_005,R01,5,Q018,A,-1.0
CAND_005_01_005,CENTRE_005,R01,5,Q019,C,-1.0
CAND_005_01_005,CENTRE_005,R01,5,Q020,C,-1.0
CAND_005_01_005,CENTRE_005,R01,5,Q021,A,-1.0
CAND_005_01_005,CENTRE_005,R01,5,Q022,D,-1.0
CAND_005_01_005,CENTRE_005,R01,5,Q023,B,4.0
CAND_005_01_005,CENTRE_005,R01,5,Q024,A,4.0
CAND_005_01_005,CENTRE_005,R01,5,Q025,C,-1.0
CAND_005_01_005,CENTRE_005,R01,5,Q026,C,4.0
CAND_005_01_005,CENTRE_005,R01,5,Q027,D,-1.0
CAND_005_01_005,CENTRE_005,R01,5,Q028,A,4.0
CAND_005_01_005,CENTRE_005,R01,5,Q029,C,-1.0
CAND_005_01_005,CENTRE_005,R01,5,Q030,D,-1.0
CAND_005_01_005,CENTRE_005,R01,5,Q031,B,4.0
CAND_005_01_005,CENTRE_005,R01,5,Q032,B,-1.0
CAND_005_01_005,CENTRE_005,R01,5,Q033,B,-1.0
CAND_005_01_005,CENTRE_005,R01,5,Q034,B,-1.0
CAND_005_01_005,CENTRE_005,R01,5,Q035,D,-1.0
CAND_005_01_005,CENTRE_005,R01,5,Q036,C,-1.0
CAND_005_01_005,CENTRE_005,R01,5,Q037,A,-1.0
CAND_005_01_005,CENTRE_005,R01,5,Q038,C,4.0
CAND_005_01_005,CENTRE_005,R01,5,Q039,D,-1.0
CAND_005_01_005,CENTRE_005,R01,5,Q040,B,-1.0
CAND_005_01_005,CENTRE_005,R01,5,Q041,A,-1.0
CAND_005_01_005,CENTRE_005,R01,5,Q042,D,-1.0
CAND_005_01_005,CENTRE_005,R01,5,Q043,C,-1.0
CAND_005_01_005,CENTRE_005,R01,5,Q044,A,4.0
CAND_005_01_005,CENTRE_005,R01,5,Q045,D,4.0
CAND_005_01_005,CENTRE_005,R01,5,Q046,A,-1.0
CAND_005_01_005,CENTRE_005,R01,5,Q047,B,4.0
CAND_005_01_005,CENTRE_005,R01,5,Q048,A,4.0
CAND_005_01_005,CENTRE_005,R01,5,Q049,D,4.0
CAND_005_01_005,CENTRE_005,R01,5,Q050,C,4.0
CAND_005_01_006,CENTRE_005,R01,6,Q001,D,4.0
CAND_005_01_006,CENTRE_005,R01,6,Q002,C,4.0
CAND_005_01_006,CENTRE_005,R01,6,Q003,C,-1.0
CAND_005_01_006,CENTRE_005,R01,6,Q004,A,4.0
CAND_005_01_006,CENTRE_005,R01,6,Q005,D,4.0
CAND_005_01_006,CENTRE_005,R01,6,Q006,C,4.0
CAND_005_01_006,CENTRE_005,R01,6,Q007,B,4.0
CAND_005_01_006,CENTRE_005,R01,6,Q008,A,4.0
CAND_005_01_006,CENTRE_005,R01,6,Q009,D,4.0
CAND_005_01_006,CENTRE_005,R01,6,Q010,C,4.0
CAND_005_01_006,CENTRE_005,R01,6,Q011,D,-1.0
CAND_005_01_006,CENTRE_005,R01,6,Q012,A,4.0
CAND_005_01_006,CENTRE_005,R01,6,Q013,D,4.0
CAND_005_01_006,CENTRE_005,R01,6,Q014,C,4.0
CAND_005_01_006,CENTRE_005,R01,6,Q015,B,4.0
CAND_005_01_006,CENTRE_005,R01,6,Q016,A,4.0
CAND_005_01_006,CENTRE_005,R01,6,Q017,B,-1.0
CAND_005_01_006,CENTRE_005,R01,6,Q018,B,-1.0
CAND_005_01_006,CENTRE_005,R01,6,Q019,B,4.0
CAND_005_01_006,CENTRE_005,R01,6,Q020,A,4.0
CAND_005_01_006,CENTRE_005,R01,6,Q021,D,4.0
CAND_005_01_006,CENTRE_005,R01,6,Q022,A,-1.0
CAND_005_01_006,CENTRE_005,R01,6,Q023,B,4.0
CAND_005_01_006,CENTRE_005,R01,6,Q024,B,-1.0
CAND_005_01_006,CENTRE_005,R01,6,Q025,D,4.0
CAND_005_01_006,CENTRE_005,R01,6,Q026,C,4.0
CAND_005_01_006,CENTRE_005,R01,6,Q027,B,4.0
CAND_005_01_006,CENTRE_005,R01,6,Q028,B,-1.0
CAND_005_01_006,CENTRE_005,R01,6,Q029,D,4.0
CAND_005_01_006,CENTRE_005,R01,6,Q030,B,-1.0
CAND_005_01_006,CENTRE_005,R01,6,Q031,B,4.0
CAND_005_01_006,CENTRE_005,R01,6,Q032,A,4.0
CAND_005_01_006,CENTRE_005,R01,6,Q033,A,-1.0
CAND_005_01_006,CENTRE_005,R01,6,Q034,C,4.0
CAND_005_01_006,CENTRE_005,R01,6,Q035,B,4.0
CAND_005_01_006,CENTRE_005,R01,6,Q036,A,4.0
CAND_005_01_006,CENTRE_005,R01,6,Q037,D,4.0
CAND_005_01_006,CENTRE_005,R01,6,Q038,C,4.0
CAND_005_01_006,CENTRE_005,R01,6,Q039,B,4.0
CAND_005_01_006,CENTRE_005,R01,6,Q040,A,4.0
CAND_005_01_006,CENTRE_005,R01,6,Q041,D,4.0
CAND_005_01_006,CENTRE_005,R01,6,Q042,C,4.0
CAND_005_01_006,CENTRE_005,R01,6,Q043,B,4.0
CAND_005_01_006,CENTRE_005,R01,6,Q044,A,4.0
CAND_005_01_006,CENTRE_005,R01,6,Q045,C,-1.0
CAND_005_01_006,CENTRE_005,R01,6,Q046,C,4.0
CAND_005_01_006,CENTRE_005,R01,6,Q047,B,4.0
CAND_005_01_006,CENTRE_005,R01,6,Q048,C,-1.0
CAND_005_01_006,CENTRE_005,R01,6,Q049,D,4.0
CAND_005_01_006,CENTRE_005,R01,6,Q050,C,4.0
CAND_005_01_007,CENTRE_005,R01,7,Q001,D,4.0
CAND_005_01_007,CENTRE_005,R01,7,Q002,C,4.0
CAND_005_01_007,CENTRE_005,R01,7,Q003,B,4.0
CAND_005_01_007,CENTRE_005,R01,7,Q004,C,-1.0
CAND_005_01_007,CENTRE_005,R01,7,Q005,D,4.0
CAND_005_01_007,CENTRE_005,R01,7,Q006,C,4.0
CAND_005_01_007,CENTRE_005,R01,7,Q007,A,-1.0
CAND_005_01_007,CENTRE_005,R01,7,Q008,,0.0
CAND_005_01_007,CENTRE_005,R01,7,Q009,D,4.0
CAND_005_01_007,CENTRE_005,R01,7,Q010,C,4.0
CAND_005_01_007,CENTRE_005,R01,7,Q011,A,-1.0
CAND_005_01_007,CENTRE_005,R01,7,Q012,B,-1.0
CAND_005_01_007,CENTRE_005,R01,7,Q013,D,4.0
CAND_005_01_007,CENTRE_005,R01,7,Q014,C,4.0
CAND_005_01_007,CENTRE_005,R01,7,Q015,D,-1.0
CAND_005_01_007,CENTRE_005,R01,7,Q016,A,4.0
CAND_005_01_007,CENTRE_005,R01,7,Q017,D,4.0
CAND_005_01_007,CENTRE_005,R01,7,Q018,D,-1.0
CAND_005_01_007,CENTRE_005,R01,7,Q019,D,-1.0
CAND_005_01_007,CENTRE_005,R01,7,Q020,B,-1.0
CAND_005_01_007,CENTRE_005,R01,7,Q021,D,4.0
CAND_005_01_007,CENTRE_005,R01,7,Q022,A,-1.0
CAND_005_01_007,CENTRE_005,R01,7,Q023,B,4.0
CAND_005_01_007,CENTRE_005,R01,7,Q024,C,-1.0
CAND_005_01_007,CENTRE_005,R01,7,Q025,D,4.0
CAND_005_01_007,CENTRE_005,R01,7,Q026,A,-1.0
CAND_005_01_007,CENTRE_005,R01,7,Q027,B,4.0
CAND_005_01_007,CENTRE_005,R01,7,Q028,A,4.0
CAND_005_01_007,CENTRE_005,R01,7,Q029,B,-1.0
CAND_005_01_007,CENTRE_005,R01,7,Q030,D,-1.0
CAND_005_01_007,CENTRE_005,R01,7,Q031,B,4.0
CAND_005_01_007,CENTRE_005,R01,7,Q032,A,4.0
CAND_005_01_007,CENTRE_005,R01,7,Q033,B,-1.0
CAND_005_01_007,CENTRE_005,R01,7,Q034,C,4.0
CAND_005_01_007,CENTRE_005,R01,7,Q035,B,4.0
CAND_005_01_007,CENTRE_005,R01,7,Q036,A,4.0
CAND_005_01_007,CENTRE_005,R01,7,Q037,D,4.0
CAND_005_01_007,CENTRE_005,R01,7,Q038,B,-1.0
CAND_005_01_007,CENTRE_005,R01,7,Q039,B,4.0
CAND_005_01_007,CENTRE_005,R01,7,Q040,D,-1.0
CAND_005_01_007,CENTRE_005,R01,7,Q041,D,4.0
CAND_005_01_007,CENTRE_005,R01,7,Q042,A,-1.0
CAND_005_01_007,CENTRE_005,R01,7,Q043,B,4.0
CAND_005_01_007,CENTRE_005,R01,7,Q044,A,4.0
CAND_005_01_007,CENTRE_005,R01,7,Q045,D,4.0
CAND_005_01_007,CENTRE_005,R01,7,Q046,C,4.0
CAND_005_01_007,CENTRE_005,R01,7,Q047,A,-1.0
CAND_005_01_007,CENTRE_005,R01,7,Q048,A,4.0
CAND_005_01_007,CENTRE_005,R01,7,Q049,D,4.0
CAND_005_01_007,CENTRE_005,R01,7,Q050,A,-1.0
CAND_005_01_008,CENTRE_005,R01,8,Q001,D,4.0
CAND_005_01_008,CENTRE_005,R01,8,Q002,A,-1.0
CAND_005_01_008,CENTRE_005,R01,8,Q003,A,-1.0
CAND_005_01_008,CENTRE_005,R01,8,Q004,C,-1.0
CAND_005_01_008,CENTRE_005,R01,8,Q005,A,-1.0
CAND_005_01_008,CENTRE_005,R01,8,Q006,B,-1.0
CAND_005_01_008,CENTRE_005,R01,8,Q007,B,4.0
CAND_005_01_008,CENTRE_005,R01,8,Q008,A,4.0
CAND_005_01_008,CENTRE_005,R01,8,Q009,D,4.0
CAND_005_01_008,CENTRE_005,R01,8,Q010,C,4.0
CAND_005_01_008,CENTRE_005,R01,8,Q011,C,-1.0
CAND_005_01_008,CENTRE_005,R01,8,Q012,D,-1.0
CAND_005_01_008,CENTRE_005,R01,8,Q013,C,-1.0
CAND_005_01_008,CENTRE_005,R01,8,Q014,D,-1.0
CAND_005_01_008,CENTRE_005,R01,8,Q015,B,4.0
CAND_005_01_008,CENTRE_005,R01,8,Q016,B,-1.0
CAND_005_01_008,CENTRE_005,R01,8,Q017,D,4.0
CAND_005_01_008,CENTRE_005,R01,8,Q018,C,4.0
CAND_005_01_008,CENTRE_005,R01,8,Q019,B,4.0
CAND_005_01_008,CENTRE_005,R01,8,Q020,A,4.0
CAND_005_01_008,CENTRE_005,R01,8,Q021,C,-1.0
CAND_005_01_008,CENTRE_005,R01,8,Q022,C,4.0
CAND_005_01_008,CENTRE_005,R01,8,Q023,B,4.0
CAND_005_01_008,CENTRE_005,R01,8,Q024,A,4.0
CAND_005_01_008,CENTRE_005,R01,8,Q025,B,-1.0
CAND_005_01_008,CENTRE_005,R01,8,Q026,C,4.0
CAND_005_01_008,CENTRE_005,R01,8,Q027,C,-1.0
CAND_005_01_008,CENTRE_005,R01,8,Q028,C,-1.0
CAND_005_01_008,CENTRE_005,R01,8,Q029,D,4.0
CAND_005_01_008,CENTRE_005,R01,8,Q030,D,-1.0
CAND_005_01_008,CENTRE_005,R01,8,Q031,D,-1.0
CAND_005_01_008,CENTRE_005,R01,8,Q032,C,-1.0
CAND_005_01_008,CENTRE_005,R01,8,Q033,D,4.0
CAND_005_01_008,CENTRE_005,R01,8,Q034,D,-1.0
CAND_005_01_008,CENTRE_005,R01,8,Q035,C,-1.0
CAND_005_01_008,CENTRE_005,R01,8,Q036,C,-1.0
CAND_005_01_008,CENTRE_005,R01,8,Q037,B,-1.0
CAND_005_01_008,CENTRE_005,R01,8,Q038,B,-1.0
CAND_005_01_008,CENTRE_005,R01,8,Q039,C,-1.0
CAND_005_01_008,CENTRE_005,R01,8,Q040,C,-1.0
CAND_005_01_008,CENTRE_005,R01,8,Q041,A,-1.0
CAND_005_01_008,CENTRE_005,R01,8,Q042,A,-1.0
CAND_005_01_008,CENTRE_005,R01,8,Q043,A,-1.0
CAND_005_01_008,CENTRE_005,R01,8,Q044,D,-1.0
CAND_005_01_008,CENTRE_005,R01,8,Q045,B,-1.0
CAND_005_01_008,CENTRE_005,R01,8,Q046,D,-1.0
CAND_005_01_008,CENTRE_005,R01,8,Q047,A,-1.0
CAND_005_01_008,CENTRE_005,R01,8,Q048,A,4.0
CAND_005_01_008,CENTRE_005,R01,8,Q049,A,-1.0
CAND_005_01_008,CENTRE_005,R01,8,Q050,B,-1.0
CAND_005_01_009,CENTRE_005,R01,9,Q001,D,4.0
CAND_005_01_009,CENTRE_005,R01,9,Q002,C,4.0
CAND_005_01_009,CENTRE_005,R01,9,Q003,A,-1.0
CAND_005_01_009,CENTRE_005,R01,9,Q004,A,4.0
CAND_005_01_009,CENTRE_005,R01,9,Q005,D,4.0
CAND_005_01_009,CENTRE_005,R01,9,Q006,C,4.0
CAND_005_01_009,CENTRE_005,R01,9,Q007,B,4.0
CAND_005_01_009,CENTRE_005,R01,9,Q008,B,-1.0
CAND_005_01_009,CENTRE_005,R01,9,Q009,D,4.0
CAND_005_01_009,CENTRE_005,R01,9,Q010,B,-1.0
CAND_005_01_009,CENTRE_005,R01,9,Q011,C,-1.0
CAND_005_01_009,CENTRE_005,R01,9,Q012,C,-1.0
CAND_005_01_009,CENTRE_005,R01,9,Q013,D,4.0
CAND_005_01_009,CENTRE_005,R01,9,Q014,C,4.0
CAND_005_01_009,CENTRE_005,R01,9,Q015,C,-1.0
CAND_005_01_009,CENTRE_005,R01,9,Q016,A,4.0
CAND_005_01_009,CENTRE_005,R01,9,Q017,D,4.0
CAND_005_01_009,CENTRE_005,R01,9,Q018,C,4.0
CAND_005_01_009,CENTRE_005,R01,9,Q019,B,4.0
CAND_005_01_009,CENTRE_005,R01,9,Q020,B,-1.0
CAND_005_01_009,CENTRE_005,R01,9,Q021,C,-1.0
CAND_005_01_009,CENTRE_005,R01,9,Q022,A,-1.0
CAND_005_01_009,CENTRE_005,R01,9,Q023,A,-1.0
CAND_005_01_009,CENTRE_005,R01,9,Q024,A,4.0
CAND_005_01_009,CENTRE_005,R01,9,Q025,,0.0
CAND_005_01_009,CENTRE_005,R01,9,Q026,C,4.0
CAND_005_01_009,CENTRE_005,R01,9,Q027,C,-1.0
CAND_005_01_009,CENTRE_005,R01,9,Q028,A,4.0
CAND_005_01_009,CENTRE_005,R01,9,Q029,D,4.0
CAND_005_01_009,CENTRE_005,R01,9,Q030,B,-1.0
CAND_005_01_009,CENTRE_005,R01,9,Q031,A,-1.0
CAND_005_01_009,CENTRE_005,R01,9,Q032,A,4.0
CAND_005_01_009,CENTRE_005,R01,9,Q033,A,-1.0
CAND_005_01_009,CENTRE_005,R01,9,Q034,C,4.0
CAND_005_01_009,CENTRE_005,R01,9,Q035,D,-1.0
CAND_005_01_009,CENTRE_005,R01,9,Q036,B,-1.0
CAND_005_01_009,CENTRE_005,R01,9,Q037,B,-1.0
CAND_005_01_009,CENTRE_005,R01,9,Q038,A,-1.0
CAND_005_01_009,CENTRE_005,R01,9,Q039,C,-1.0
CAND_005_01_009,CENTRE_005,R01,9,Q040,B,-1.0
CAND_005_01_009,CENTRE_005,R01,9,Q041,D,4.0
CAND_005_01_009,CENTRE_005,R01,9,Q042,C,4.0
CAND_005_01_009,CENTRE_005,R01,9,Q043,D,-1.0
CAND_005_01_009,CENTRE_005,R01,9,Q044,B,-1.0
CAND_005_01_009,CENTRE_005,R01,9,Q045,D,4.0
CAND_005_01_009,CENTRE_005,R01,9,Q046,C,4.0
CAND_005_01_009,CENTRE_005,R01,9,Q047,D,-1.0
CAND_005_01_009,CENTRE_005,R01,9,Q048,C,-1.0
CAND_005_01_009,CENTRE_005,R01,9,Q049,D,4.0
CAND_005_01_009,CENTRE_005,R01,9,Q050,D,-1.0
CAND_005_01_010,CENTRE_005,R01,10,Q001,D,4.0
CAND_005_01_010,CENTRE_005,R01,10,Q002,C,4.0
CAND_005_01_010,CENTRE_005,R01,10,Q003,A,-1.0
CAND_005_01_010,CENTRE_005,R01,10,Q004,A,4.0
CAND_005_01_010,CENTRE_005,R01,10,Q005,D,4.0
CAND_005_01_010,CENTRE_005,R01,10,Q006,C,4.0
CAND_005_01_010,CENTRE_005,R01,10,Q007,B,4.0
CAND_005_01_010,CENTRE_005,R01,10,Q008,B,-1.0
CAND_005_01_010,CENTRE_005,R01,10,Q009,D,4.0
CAND_005_01_010,CENTRE_005,R01,10,Q010,B,-1.0
CAND_005_01_010,CENTRE_005,R01,10,Q011,C,-1.0
CAND_005_01_010,CENTRE_005,R01,10,Q012,C,-1.0
CAND_005_01_010,CENTRE_005,R01,10,Q013,D,4.0
CAND_005_01_010,CENTRE_005,R01,10,Q014,C,4.0
CAND_005_01_010,CENTRE_005,R01,10,Q015,C,-1.0
CAND_005_01_010,CENTRE_005,R01,10,Q016,A,4.0
CAND_005_01_010,CENTRE_005,R01,10,Q017,D,4.0
CAND_005_01_010,CENTRE_005,R01,10,Q018,C,4.0
CAND_005_01_010,CENTRE_005,R01,10,Q019,B,4.0
CAND_005_01_010,CENTRE_005,R01,10,Q020,B,-1.0
CAND_005_01_010,CENTRE_005,R01,10,Q021,C,-1.0
CAND_005_01_010,CENTRE_005,R01,10,Q022,A,-1.0
CAND_005_01_010,CENTRE_005,R01,10,Q023,A,-1.0
CAND_005_01_010,CENTRE_005,R01,10,Q024,A,4.0
CAND_005_01_010,CENTRE_005,R01,10,Q025,,0.0
CAND_005_01_010,CENTRE_005,R01,10,Q026,C,4.0
CAND_005_01_010,CENTRE_005,R01,10,Q027,C,-1.0
CAND_005_01_010,CENTRE_005,R01,10,Q028,A,4.0
CAND_005_01_010,CENTRE_005,R01,10,Q029,D,4.0
CAND_005_01_010,CENTRE_005,R01,10,Q030,B,-1.0
CAND_005_01_010,CENTRE_005,R01,10,Q031,A,-1.0
CAND_005_01_010,CENTRE_005,R01,10,Q032,A,4.0
CAND_005_01_010,CENTRE_005,R01,10,Q033,D,4.0
CAND_005_01_010,CENTRE_005,R01,10,Q034,C,4.0
CAND_005_01_010,CENTRE_005,R01,10,Q035,D,-1.0
CAND_005_01_010,CENTRE_005,R01,10,Q036,B,-1.0
CAND_005_01_010,CENTRE_005,R01,10,Q037,D,4.0
CAND_005_01_010,CENTRE_005,R01,10,Q038,A,-1.0
CAND_005_01_010,CENTRE_005,R01,10,Q039,C,-1.0
CAND_005_01_010,CENTRE_005,R01,10,Q040,B,-1.0
CAND_005_01_010,CENTRE_005,R01,10,Q041,D,4.0
CAND_005_01_010,CENTRE_005,R01,10,Q042,C,4.0
CAND_005_01_010,CENTRE_005,R01,10,Q043,D,-1.0
CAND_005_01_010,CENTRE_005,R01,10,Q044,A,4.0
CAND_005_01_010,CENTRE_005,R01,10,Q045,D,4.0
CAND_005_01_010,CENTRE_005,R01,10,Q046,C,4.0
CAND_005_01_010,CENTRE_005,R01,10,Q047,B,4.0
CAND_005_01_010,CENTRE_005,R01,10,Q048,C,-1.0
CAND_005_01_010,CENTRE_005,R01,10,Q049,D,4.0
CAND_005_01_010,CENTRE_005,R01,10,Q050,D,-1.0
CAND_005_01_011,CENTRE_005,R01,11,Q001,D,4.0
CAND_005_01_011,CENTRE_005,R01,11,Q002,C,4.0
CAND_005_01_011,CENTRE_005,R01,11,Q003,A,-1.0
CAND_005_01_011,CENTRE_005,R01,11,Q004,A,4.0
CAND_005_01_011,CENTRE_005,R01,11,Q005,D,4.0
CAND_005_01_011,CENTRE_005,R01,11,Q006,C,4.0
CAND_005_01_011,CENTRE_005,R01,11,Q007,B,4.0
CAND_005_01_011,CENTRE_005,R01,11,Q008,A,4.0
CAND_005_01_011,CENTRE_005,R01,11,Q009,D,4.0
CAND_005_01_011,CENTRE_005,R01,11,Q010,C,4.0
CAND_005_01_011,CENTRE_005,R01,11,Q011,D,-1.0
CAND_005_01_011,CENTRE_005,R01,11,Q012,A,4.0
CAND_005_01_011,CENTRE_005,R01,11,Q013,D,4.0
CAND_005_01_011,CENTRE_005,R01,11,Q014,A,-1.0
CAND_005_01_011,CENTRE_005,R01,11,Q015,B,4.0
CAND_005_01_011,CENTRE_005,R01,11,Q016,B,-1.0
CAND_005_01_011,CENTRE_005,R01,11,Q017,D,4.0
CAND_005_01_011,CENTRE_005,R01,11,Q018,C,4.0
CAND_005_01_011,CENTRE_005,R01,11,Q019,A,-1.0
CAND_005_01_011,CENTRE_005,R01,11,Q020,C,-1.0
CAND_005_01_011,CENTRE_005,R01,11,Q021,D,4.0
CAND_005_01_011,CENTRE_005,R01,11,Q022,C,4.0
CAND_005_01_011,CENTRE_005,R01,11,Q023,A,-1.0
CAND_005_01_011,CENTRE_005,R01,11,Q024,A,4.0
CAND_005_01_011,CENTRE_005,R01,11,Q025,D,4.0
CAND_005_01_011,CENTRE_005,R01,11,Q026,C,4.0
CAND_005_01_011,CENTRE_005,R01,11,Q027,A,-1.0
CAND_005_01_011,CENTRE_005,R01,11,Q028,A,4.0
CAND_005_01_011,CENTRE_005,R01,11,Q029,D,4.0
CAND_005_01_011,CENTRE_005,R01,11,Q030,C,4.0
CAND_005_01_011,CENTRE_005,R01,11,Q031,D,-1.0
CAND_005_01_011,CENTRE_005,R01,11,Q032,C,-1.0
CAND_005_01_011,CENTRE_005,R01,11,Q033,D,4.0
CAND_005_01_011,CENTRE_005,R01,11,Q034,C,4.0
CAND_005_01_011,CENTRE_005,R01,11,Q035,B,4.0
CAND_005_01_011,CENTRE_005,R01,11,Q036,A,4.0
CAND_005_01_011,CENTRE_005,R01,11,Q037,D,4.0
CAND_005_01_011,CENTRE_005,R01,11,Q038,C,4.0
CAND_005_01_011,CENTRE_005,R01,11,Q039,B,4.0
CAND_005_01_011,CENTRE_005,R01,11,Q040,C,-1.0
CAND_005_01_011,CENTRE_005,R01,11,Q041,D,4.0
CAND_005_01_011,CENTRE_005,R01,11,Q042,B,-1.0
CAND_005_01_011,CENTRE_005,R01,11,Q043,B,4.0
CAND_005_01_011,CENTRE_005,R01,11,Q044,A,4.0
CAND_005_01_011,CENTRE_005,R01,11,Q045,C,-1.0
CAND_005_01_011,CENTRE_005,R01,11,Q046,D,-1.0
CAND_005_01_011,CENTRE_005,R01,11,Q047,B,4.0
CAND_005_01_011,CENTRE_005,R01,11,Q048,C,-1.0
CAND_005_01_011,CENTRE_005,R01,11,Q049,D,4.0
CAND_005_01_011,CENTRE_005,R01,11,Q050,C,4.0
CAND_005_01_012,CENTRE_005,R01,12,Q001,D,4.0
CAND_005_01_012,CENTRE_005,R01,12,Q002,D,-1.0
CAND_005_01_012,CENTRE_005,R01,12,Q003,A,-1.0
CAND_005_01_012,CENTRE_005,R01,12,Q004,C,-1.0
CAND_005_01_012,CENTRE_005,R01,12,Q005,D,4.0
CAND_005_01_012,CENTRE_005,R01,12,Q006,C,4.0
CAND_005_01_012,CENTRE_005,R01,12,Q007,B,4.0
CAND_005_01_012,CENTRE_005,R01,12,Q008,D,-1.0
CAND_005_01_012,CENTRE_005,R01,12,Q009,C,-1.0
CAND_005_01_012,CENTRE_005,R01,12,Q010,D,-1.0
CAND_005_01_012,CENTRE_005,R01,12,Q011,A,-1.0
CAND_005_01_012,CENTRE_005,R01,12,Q012,A,4.0
CAND_005_01_012,CENTRE_005,R01,12,Q013,D,4.0
CAND_005_01_012,CENTRE_005,R01,12,Q014,C,4.0
CAND_005_01_012,CENTRE_005,R01,12,Q015,B,4.0
CAND_005_01_012,CENTRE_005,R01,12,Q016,A,4.0
CAND_005_01_012,CENTRE_005,R01,12,Q017,D,4.0
CAND_005_01_012,CENTRE_005,R01,12,Q018,B,-1.0
CAND_005_01_012,CENTRE_005,R01,12,Q019,A,-1.0
CAND_005_01_012,CENTRE_005,R01,12,Q020,C,-1.0
CAND_005_01_012,CENTRE_005,R01,12,Q021,D,4.0
CAND_005_01_012,CENTRE_005,R01,12,Q022,C,4.0
CAND_005_01_012,CENTRE_005,R01,12,Q023,C,-1.0
CAND_005_01_012,CENTRE_005,R01,12,Q024,A,4.0
CAND_005_01_012,CENTRE_005,R01,12,Q025,D,4.0
CAND_005_01_012,CENTRE_005,R01,12,Q026,A,-1.0
CAND_005_01_012,CENTRE_005,R01,12,Q027,C,-1.0
CAND_005_01_012,CENTRE_005,R01,12,Q028,A,4.0
CAND_005_01_012,CENTRE_005,R01,12,Q029,D,4.0
CAND_005_01_012,CENTRE_005,R01,12,Q030,C,4.0
CAND_005_01_012,CENTRE_005,R01,12,Q031,B,4.0
CAND_005_01_012,CENTRE_005,R01,12,Q032,A,4.0
CAND_005_01_012,CENTRE_005,R01,12,Q033,D,4.0
CAND_005_01_012,CENTRE_005,R01,12,Q034,A,-1.0
CAND_005_01_012,CENTRE_005,R01,12,Q035,B,4.0
CAND_005_01_012,CENTRE_005,R01,12,Q036,A,4.0
CAND_005_01_012,CENTRE_005,R01,12,Q037,D,4.0
CAND_005_01_012,CENTRE_005,R01,12,Q038,C,4.0
CAND_005_01_012,CENTRE_005,R01,12,Q039,B,4.0
CAND_005_01_012,CENTRE_005,R01,12,Q040,D,-1.0
CAND_005_01_012,CENTRE_005,R01,12,Q041,D,4.0
CAND_005_01_012,CENTRE_005,R01,12,Q042,C,4.0
CAND_005_01_012,CENTRE_005,R01,12,Q043,C,-1.0
CAND_005_01_012,CENTRE_005,R01,12,Q044,D,-1.0
CAND_005_01_012,CENTRE_005,R01,12,Q045,D,4.0
CAND_005_01_012,CENTRE_005,R01,12,Q046,D,-1.0
CAND_005_01_012,CENTRE_005,R01,12,Q047,B,4.0
CAND_005_01_012,CENTRE_005,R01,12,Q048,C,-1.0
CAND_005_01_012,CENTRE_005,R01,12,Q049,D,4.0
CAND_005_01_012,CENTRE_005,R01,12,Q050,D,-1.0
CAND_005_01_013,CENTRE_005,R01,13,Q001,D,4.0
CAND_005_01_013,CENTRE_005,R01,13,Q002,,0.0
CAND_005_01_013,CENTRE_005,R01,13,Q003,B,4.0
CAND_005_01_013,CENTRE_005,R01,13,Q004,A,4.0
CAND_005_01_013,CENTRE_005,R01,13,Q005,D,4.0
CAND_005_01_013,CENTRE_005,R01,13,Q006,C,4.0
CAND_005_01_013,CENTRE_005,R01,13,Q007,D,-1.0
CAND_005_01_013,CENTRE_005,R01,13,Q008,A,4.0
CAND_005_01_013,CENTRE_005,R01,13,Q009,B,-1.0
CAND_005_01_013,CENTRE_005,R01,13,Q010,A,-1.0
CAND_005_01_013,CENTRE_005,R01,13,Q011,B,4.0
CAND_005_01_013,CENTRE_005,R01,13,Q012,A,4.0
CAND_005_01_013,CENTRE_005,R01,13,Q013,B,-1.0
CAND_005_01_013,CENTRE_005,R01,13,Q014,A,-1.0
CAND_005_01_013,CENTRE_005,R01,13,Q015,A,-1.0
CAND_005_01_013,CENTRE_005,R01,13,Q016,C,-1.0
CAND_005_01_013,CENTRE_005,R01,13,Q017,B,-1.0
CAND_005_01_013,CENTRE_005,R01,13,Q018,D,-1.0
CAND_005_01_013,CENTRE_005,R01,13,Q019,D,-1.0
CAND_005_01_013,CENTRE_005,R01,13,Q020,A,4.0
CAND_005_01_013,CENTRE_005,R01,13,Q021,C,-1.0
CAND_005_01_013,CENTRE_005,R01,13,Q022,D,-1.0
CAND_005_01_013,CENTRE_005,R01,13,Q023,A,-1.0
CAND_005_01_013,CENTRE_005,R01,13,Q024,A,4.0
CAND_005_01_013,CENTRE_005,R01,13,Q025,D,4.0
CAND_005_01_013,CENTRE_005,R01,13,Q026,C,4.0
CAND_005_01_013,CENTRE_005,R01,13,Q027,B,4.0
CAND_005_01_013,CENTRE_005,R01,13,Q028,D,-1.0
CAND_005_01_013,CENTRE_005,R01,13,Q029,,0.0
CAND_005_01_013,CENTRE_005,R01,13,Q030,B,-1.0
CAND_005_01_013,CENTRE_005,R01,13,Q031,B,4.0
CAND_005_01_013,CENTRE_005,R01,13,Q032,A,4.0
CAND_005_01_013,CENTRE_005,R01,13,Q033,D,4.0
CAND_005_01_013,CENTRE_005,R01,13,Q034,A,-1.0
CAND_005_01_013,CENTRE_005,R01,13,Q035,B,4.0
CAND_005_01_013,CENTRE_005,R01,13,Q036,A,4.0
CAND_005_01_013,CENTRE_005,R01,13,Q037,D,4.0
CAND_005_01_013,CENTRE_005,R01,13,Q038,D,-1.0
CAND_005_01_013,CENTRE_005,R01,13,Q039,B,4.0
CAND_005_01_013,CENTRE_005,R01,13,Q040,B,-1.0
CAND_005_01_013,CENTRE_005,R01,13,Q041,D,4.0
CAND_005_01_013,CENTRE_005,R01,13,Q042,C,4.0
CAND_005_01_013,CENTRE_005,R01,13,Q043,,0.0
CAND_005_01_013,CENTRE_005,R01,13,Q044,A,4.0
CAND_005_01_013,CENTRE_005,R01,13,Q045,B,-1.0
CAND_005_01_013,CENTRE_005,R01,13,Q046,C,4.0
CAND_005_01_013,CENTRE_005,R01,13,Q047,B,4.0
CAND_005_01_013,CENTRE_005,R01,13,Q048,A,4.0
CAND_005_01_013,CENTRE_005,R01,13,Q049,A,-1.0
CAND_005_01_013,CENTRE_005,R01,13,Q050,C,4.0
CAND_005_01_014,CENTRE_005,R01,14,Q001,A,-1.0
CAND_005_01_014,CENTRE_005,R01,14,Q002,C,4.0
CAND_005_01_014,CENTRE_005,R01,14,Q003,D,-1.0
CAND_005_01_014,CENTRE_005,R01,14,Q004,D,-1.0
CAND_005_01_014,CENTRE_005,R01,14,Q005,D,4.0
CAND_005_01_014,CENTRE_005,R01,14,Q006,C,4.0
CAND_005_01_014,CENTRE_005,R01,14,Q007,B,4.0
CAND_005_01_014,CENTRE_005,R01,14,Q008,A,4.0
CAND_005_01_014,CENTRE_005,R01,14,Q009,,0.0
CAND_005_01_014,CENTRE_005,R01,14,Q010,C,4.0
CAND_005_01_014,CENTRE_005,R01,14,Q011,B,4.0
CAND_005_01_014,CENTRE_005,R01,14,Q012,A,4.0
CAND_005_01_014,CENTRE_005,R01,14,Q013,C,-1.0
CAND_005_01_014,CENTRE_005,R01,14,Q014,C,4.0
CAND_005_01_014,CENTRE_005,R01,14,Q015,B,4.0
CAND_005_01_014,CENTRE_005,R01,14,Q016,A,4.0
CAND_005_01_014,CENTRE_005,R01,14,Q017,D,4.0
CAND_005_01_014,CENTRE_005,R01,14,Q018,C,4.0
CAND_005_01_014,CENTRE_005,R01,14,Q019,D,-1.0
CAND_005_01_014,CENTRE_005,R01,14,Q020,A,4.0
CAND_005_01_014,CENTRE_005,R01,14,Q021,D,4.0
CAND_005_01_014,CENTRE_005,R01,14,Q022,C,4.0
CAND_005_01_014,CENTRE_005,R01,14,Q023,A,-1.0
CAND_005_01_014,CENTRE_005,R01,14,Q024,,0.0
CAND_005_01_014,CENTRE_005,R01,14,Q025,D,4.0
CAND_005_01_014,CENTRE_005,R01,14,Q026,C,4.0
CAND_005_01_014,CENTRE_005,R01,14,Q027,C,-1.0
CAND_005_01_014,CENTRE_005,R01,14,Q028,C,-1.0
CAND_005_01_014,CENTRE_005,R01,14,Q029,D,4.0
CAND_005_01_014,CENTRE_005,R01,14,Q030,C,4.0
CAND_005_01_014,CENTRE_005,R01,14,Q031,B,4.0
CAND_005_01_014,CENTRE_005,R01,14,Q032,B,-1.0
CAND_005_01_014,CENTRE_005,R01,14,Q033,D,4.0
CAND_005_01_014,CENTRE_005,R01,14,Q034,D,-1.0
CAND_005_01_014,CENTRE_005,R01,14,Q035,B,4.0
CAND_005_01_014,CENTRE_005,R01,14,Q036,A,4.0
CAND_005_01_014,CENTRE_005,R01,14,Q037,D,4.0
CAND_005_01_014,CENTRE_005,R01,14,Q038,C,4.0
CAND_005_01_014,CENTRE_005,R01,14,Q039,B,4.0
CAND_005_01_014,CENTRE_005,R01,14,Q040,A,4.0
CAND_005_01_014,CENTRE_005,R01,14,Q041,D,4.0
CAND_005_01_014,CENTRE_005,R01,14,Q042,C,4.0
CAND_005_01_014,CENTRE_005,R01,14,Q043,B,4.0
CAND_005_01_014,CENTRE_005,R01,14,Q044,D,-1.0
CAND_005_01_014,CENTRE_005,R01,14,Q045,D,4.0
CAND_005_01_014,CENTRE_005,R01,14,Q046,C,4.0
CAND_005_01_014,CENTRE_005,R01,14,Q047,C,-1.0
CAND_005_01_014,CENTRE_005,R01,14,Q048,A,4.0
CAND_005_01_014,CENTRE_005,R01,14,Q049,D,4.0
CAND_005_01_014,CENTRE_005,R01,14,Q050,C,4.0
CAND_005_01_015,CENTRE_005,R01,15,Q001,D,4.0
CAND_005_01_015,CENTRE_005,R01,15,Q002,C,4.0
CAND_005_01_015,CENTRE_005,R01,15,Q003,C,-1.0
CAND_005_01_015,CENTRE_005,R01,15,Q004,A,4.0
CAND_005_01_015,CENTRE_005,R01,15,Q005,B,-1.0
CAND_005_01_015,CENTRE_005,R01,15,Q006,D,-1.0
CAND_005_01_015,CENTRE_005,R01,15,Q007,B,4.0
CAND_005_01_015,CENTRE_005,R01,15,Q008,A,4.0
CAND_005_01_015,CENTRE_005,R01,15,Q009,C,-1.0
CAND_005_01_015,CENTRE_005,R01,15,Q010,C,4.0
CAND_005_01_015,CENTRE_005,R01,15,Q011,B,4.0
CAND_005_01_015,CENTRE_005,R01,15,Q012,C,-1.0
CAND_005_01_015,CENTRE_005,R01,15,Q013,D,4.0
CAND_005_01_015,CENTRE_005,R01,15,Q014,C,4.0
CAND_005_01_015,CENTRE_005,R01,15,Q015,B,4.0
CAND_005_01_015,CENTRE_005,R01,15,Q016,A,4.0
CAND_005_01_015,CENTRE_005,R01,15,Q017,D,4.0
CAND_005_01_015,CENTRE_005,R01,15,Q018,B,-1.0
CAND_005_01_015,CENTRE_005,R01,15,Q019,B,4.0
CAND_005_01_015,CENTRE_005,R01,15,Q020,A,4.0
CAND_005_01_015,CENTRE_005,R01,15,Q021,D,4.0
CAND_005_01_015,CENTRE_005,R01,15,Q022,C,4.0
CAND_005_01_015,CENTRE_005,R01,15,Q023,A,-1.0
CAND_005_01_015,CENTRE_005,R01,15,Q024,D,-1.0
CAND_005_01_015,CENTRE_005,R01,15,Q025,D,4.0
CAND_005_01_015,CENTRE_005,R01,15,Q026,C,4.0
CAND_005_01_015,CENTRE_005,R01,15,Q027,D,-1.0
CAND_005_01_015,CENTRE_005,R01,15,Q028,A,4.0
CAND_005_01_015,CENTRE_005,R01,15,Q029,B,-1.0
CAND_005_01_015,CENTRE_005,R01,15,Q030,C,4.0
CAND_005_01_015,CENTRE_005,R01,15,Q031,B,4.0
CAND_005_01_015,CENTRE_005,R01,15,Q032,B,-1.0
CAND_005_01_015,CENTRE_005,R01,15,Q033,D,4.0
CAND_005_01_015,CENTRE_005,R01,15,Q034,C,4.0
CAND_005_01_015,CENTRE_005,R01,15,Q035,D,-1.0
CAND_005_01_015,CENTRE_005,R01,15,Q036,A,4.0
CAND_005_01_015,CENTRE_005,R01,15,Q037,D,4.0
CAND_005_01_015,CENTRE_005,R01,15,Q038,C,4.0
CAND_005_01_015,CENTRE_005,R01,15,Q039,B,4.0
CAND_005_01_015,CENTRE_005,R01,15,Q040,A,4.0
CAND_005_01_015,CENTRE_005,R01,15,Q041,D,4.0
CAND_005_01_015,CENTRE_005,R01,15,Q042,C,4.0
CAND_005_01_015,CENTRE_005,R01,15,Q043,B,4.0
CAND_005_01_015,CENTRE_005,R01,15,Q044,B,-1.0
CAND_005_01_015,CENTRE_005,R01,15,Q045,D,4.0
CAND_005_01_015,CENTRE_005,R01,15,Q046,C,4.0
CAND_005_01_015,CENTRE_005,R01,15,Q047,B,4.0
CAND_005_01_015,CENTRE_005,R01,15,Q048,D,-1.0
CAND_005_01_015,CENTRE_005,R01,15,Q049,D,4.0
CAND_005_01_015,CENTRE_005,R01,15,Q050,C,4.0
CAND_005_01_016,CENTRE_005,R01,16,Q001,C,-1.0
CAND_005_01_016,CENTRE_005,R01,16,Q002,D,-1.0
CAND_005_01_016,CENTRE_005,R01,16,Q003,B,4.0
CAND_005_01_016,CENTRE_005,R01,16,Q004,A,4.0
CAND_005_01_016,CENTRE_005,R01,16,Q005,B,-1.0
CAND_005_01_016,CENTRE_005,R01,16,Q006,C,4.0
CAND_005_01_016,CENTRE_005,R01,16,Q007,B,4.0
CAND_005_01_016,CENTRE_005,R01,16,Q008,C,-1.0
CAND_005_01_016,CENTRE_005,R01,16,Q009,B,-1.0
CAND_005_01_016,CENTRE_005,R01,16,Q010,A,-1.0
CAND_005_01_016,CENTRE_005,R01,16,Q011,A,-1.0
CAND_005_01_016,CENTRE_005,R01,16,Q012,A,4.0
CAND_005_01_016,CENTRE_005,R01,16,Q013,D,4.0
CAND_005_01_016,CENTRE_005,R01,16,Q014,,0.0
CAND_005_01_016,CENTRE_005,R01,16,Q015,B,4.0
CAND_005_01_016,CENTRE_005,R01,16,Q016,C,-1.0
CAND_005_01_016,CENTRE_005,R01,16,Q017,D,4.0
CAND_005_01_016,CENTRE_005,R01,16,Q018,C,4.0
CAND_005_01_016,CENTRE_005,R01,16,Q019,B,4.0
CAND_005_01_016,CENTRE_005,R01,16,Q020,B,-1.0
CAND_005_01_016,CENTRE_005,R01,16,Q021,D,4.0
CAND_005_01_016,CENTRE_005,R01,16,Q022,B,-1.0
CAND_005_01_016,CENTRE_005,R01,16,Q023,B,4.0
CAND_005_01_016,CENTRE_005,R01,16,Q024,B,-1.0
CAND_005_01_016,CENTRE_005,R01,16,Q025,D,4.0
CAND_005_01_016,CENTRE_005,R01,16,Q026,D,-1.0
CAND_005_01_016,CENTRE_005,R01,16,Q027,D,-1.0
CAND_005_01_016,CENTRE_005,R01,16,Q028,A,4.0
CAND_005_01_016,CENTRE_005,R01,16,Q029,C,-1.0
CAND_005_01_016,CENTRE_005,R01,16,Q030,C,4.0
CAND_005_01_016,CENTRE_005,R01,16,Q031,C,-1.0
CAND_005_01_016,CENTRE_005,R01,16,Q032,A,4.0
CAND_005_01_016,CENTRE_005,R01,16,Q033,D,4.0
CAND_005_01_016,CENTRE_005,R01,16,Q034,C,4.0
CAND_005_01_016,CENTRE_005,R01,16,Q035,B,4.0
CAND_005_01_016,CENTRE_005,R01,16,Q036,,0.0
CAND_005_01_016,CENTRE_005,R01,16,Q037,A,-1.0
CAND_005_01_016,CENTRE_005,R01,16,Q038,C,4.0
CAND_005_01_016,CENTRE_005,R01,16,Q039,A,-1.0
CAND_005_01_016,CENTRE_005,R01,16,Q040,C,-1.0
CAND_005_01_016,CENTRE_005,R01,16,Q041,D,4.0
CAND_005_01_016,CENTRE_005,R01,16,Q042,C,4.0
CAND_005_01_016,CENTRE_005,R01,16,Q043,C,-1.0
CAND_005_01_016,CENTRE_005,R01,16,Q044,A,4.0
CAND_005_01_016,CENTRE_005,R01,16,Q045,D,4.0
CAND_005_01_016,CENTRE_005,R01,16,Q046,C,4.0
CAND_005_01_016,CENTRE_005,R01,16,Q047,B,4.0
CAND_005_01_016,CENTRE_005,R01,16,Q048,B,-1.0
CAND_005_01_016,CENTRE_005,R01,16,Q049,,0.0
CAND_005_01_016,CENTRE_005,R01,16,Q050,B,-1.0
CAND_005_01_017,CENTRE_005,R01,17,Q001,D,4.0
CAND_005_01_017,CENTRE_005,R01,17,Q002,C,4.0
CAND_005_01_017,CENTRE_005,R01,17,Q003,B,4.0
CAND_005_01_017,CENTRE_005,R01,17,Q004,A,4.0
CAND_005_01_017,CENTRE_005,R01,17,Q005,A,-1.0
CAND_005_01_017,CENTRE_005,R01,17,Q006,C,4.0
CAND_005_01_017,CENTRE_005,R01,17,Q007,B,4.0
CAND_005_01_017,CENTRE_005,R01,17,Q008,B,-1.0
CAND_005_01_017,CENTRE_005,R01,17,Q009,D,4.0
CAND_005_01_017,CENTRE_005,R01,17,Q010,C,4.0
CAND_005_01_017,CENTRE_005,R01,17,Q011,B,4.0
CAND_005_01_017,CENTRE_005,R01,17,Q012,D,-1.0
CAND_005_01_017,CENTRE_005,R01,17,Q013,A,-1.0
CAND_005_01_017,CENTRE_005,R01,17,Q014,B,-1.0
CAND_005_01_017,CENTRE_005,R01,17,Q015,B,4.0
CAND_005_01_017,CENTRE_005,R01,17,Q016,C,-1.0
CAND_005_01_017,CENTRE_005,R01,17,Q017,B,-1.0
CAND_005_01_017,CENTRE_005,R01,17,Q018,C,4.0
CAND_005_01_017,CENTRE_005,R01,17,Q019,C,-1.0
CAND_005_01_017,CENTRE_005,R01,17,Q020,A,4.0
CAND_005_01_017,CENTRE_005,R01,17,Q021,D,4.0
CAND_005_01_017,CENTRE_005,R01,17,Q022,A,-1.0
CAND_005_01_017,CENTRE_005,R01,17,Q023,B,4.0
CAND_005_01_017,CENTRE_005,R01,17,Q024,A,4.0
CAND_005_01_017,CENTRE_005,R01,17,Q025,D,4.0
CAND_005_01_017,CENTRE_005,R01,17,Q026,C,4.0
CAND_005_01_017,CENTRE_005,R01,17,Q027,D,-1.0
CAND_005_01_017,CENTRE_005,R01,17,Q028,D,-1.0
CAND_005_01_017,CENTRE_005,R01,17,Q029,C,-1.0
CAND_005_01_017,CENTRE_005,R01,17,Q030,C,4.0
CAND_005_01_017,CENTRE_005,R01,17,Q031,,0.0
CAND_005_01_017,CENTRE_005,R01,17,Q032,A,4.0
CAND_005_01_017,CENTRE_005,R01,17,Q033,D,4.0
CAND_005_01_017,CENTRE_005,R01,17,Q034,C,4.0
CAND_005_01_017,CENTRE_005,R01,17,Q035,B,4.0
CAND_005_01_017,CENTRE_005,R01,17,Q036,A,4.0
CAND_005_01_017,CENTRE_005,R01,17,Q037,D,4.0
CAND_005_01_017,CENTRE_005,R01,17,Q038,C,4.0
CAND_005_01_017,CENTRE_005,R01,17,Q039,B,4.0
CAND_005_01_017,CENTRE_005,R01,17,Q040,A,4.0
CAND_005_01_017,CENTRE_005,R01,17,Q041,D,4.0
CAND_005_01_017,CENTRE_005,R01,17,Q042,C,4.0
CAND_005_01_017,CENTRE_005,R01,17,Q043,B,4.0
CAND_005_01_017,CENTRE_005,R01,17,Q044,A,4.0
CAND_005_01_017,CENTRE_005,R01,17,Q045,D,4.0
CAND_005_01_017,CENTRE_005,R01,17,Q046,C,4.0
CAND_005_01_017,CENTRE_005,R01,17,Q047,B,4.0
CAND_005_01_017,CENTRE_005,R01,17,Q048,A,4.0
CAND_005_01_017,CENTRE_005,R01,17,Q049,D,4.0
CAND_005_01_017,CENTRE_005,R01,17,Q050,C,4.0
CAND_005_01_018,CENTRE_005,R01,18,Q001,C,-1.0
CAND_005_01_018,CENTRE_005,R01,18,Q002,C,4.0
CAND_005_01_018,CENTRE_005,R01,18,Q003,B,4.0
CAND_005_01_018,CENTRE_005,R01,18,Q004,B,-1.0
CAND_005_01_018,CENTRE_005,R01,18,Q005,D,4.0
CAND_005_01_018,CENTRE_005,R01,18,Q006,C,4.0
CAND_005_01_018,CENTRE_005,R01,18,Q007,C,-1.0
CAND_005_01_018,CENTRE_005,R01,18,Q008,C,-1.0
CAND_005_01_018,CENTRE_005,R01,18,Q009,D,4.0
CAND_005_01_018,CENTRE_005,R01,18,Q010,C,4.0
CAND_005_01_018,CENTRE_005,R01,18,Q011,B,4.0
CAND_005_01_018,CENTRE_005,R01,18,Q012,,0.0
CAND_005_01_018,CENTRE_005,R01,18,Q013,D,4.0
CAND_005_01_018,CENTRE_005,R01,18,Q014,C,4.0
CAND_005_01_018,CENTRE_005,R01,18,Q015,B,4.0
CAND_005_01_018,CENTRE_005,R01,18,Q016,D,-1.0
CAND_005_01_018,CENTRE_005,R01,18,Q017,D,4.0
CAND_005_01_018,CENTRE_005,R01,18,Q018,C,4.0
CAND_005_01_018,CENTRE_005,R01,18,Q019,A,-1.0
CAND_005_01_018,CENTRE_005,R01,18,Q020,A,4.0
CAND_005_01_018,CENTRE_005,R01,18,Q021,D,4.0
CAND_005_01_018,CENTRE_005,R01,18,Q022,C,4.0
CAND_005_01_018,CENTRE_005,R01,18,Q023,B,4.0
CAND_005_01_018,CENTRE_005,R01,18,Q024,B,-1.0
CAND_005_01_018,CENTRE_005,R01,18,Q025,,0.0
CAND_005_01_018,CENTRE_005,R01,18,Q026,C,4.0
CAND_005_01_018,CENTRE_005,R01,18,Q027,B,4.0
CAND_005_01_018,CENTRE_005,R01,18,Q028,B,-1.0
CAND_005_01_018,CENTRE_005,R01,18,Q029,C,-1.0
CAND_005_01_018,CENTRE_005,R01,18,Q030,D,-1.0
CAND_005_01_018,CENTRE_005,R01,18,Q031,C,-1.0
CAND_005_01_018,CENTRE_005,R01,18,Q032,,0.0
CAND_005_01_018,CENTRE_005,R01,18,Q033,C,-1.0
CAND_005_01_018,CENTRE_005,R01,18,Q034,C,4.0
CAND_005_01_018,CENTRE_005,R01,18,Q035,A,-1.0
CAND_005_01_018,CENTRE_005,R01,18,Q036,B,-1.0
CAND_005_01_018,CENTRE_005,R01,18,Q037,,0.0
CAND_005_01_018,CENTRE_005,R01,18,Q038,A,-1.0
CAND_005_01_018,CENTRE_005,R01,18,Q039,B,4.0
CAND_005_01_018,CENTRE_005,R01,18,Q040,B,-1.0
CAND_005_01_018,CENTRE_005,R01,18,Q041,D,4.0
CAND_005_01_018,CENTRE_005,R01,18,Q042,C,4.0
CAND_005_01_018,CENTRE_005,R01,18,Q043,A,-1.0
CAND_005_01_018,CENTRE_005,R01,18,Q044,,0.0
CAND_005_01_018,CENTRE_005,R01,18,Q045,D,4.0
CAND_005_01_018,CENTRE_005,R01,18,Q046,D,-1.0
CAND_005_01_018,CENTRE_005,R01,18,Q047,A,-1.0
CAND_005_01_018,CENTRE_005,R01,18,Q048,D,-1.0
CAND_005_01_018,CENTRE_005,R01,18,Q049,A,-1.0
CAND_005_01_018,CENTRE_005,R01,18,Q050,B,-1.0
CAND_005_01_019,CENTRE_005,R01,19,Q001,C,-1.0
CAND_005_01_019,CENTRE_005,R01,19,Q002,C,4.0
CAND_005_01_019,CENTRE_005,R01,19,Q003,B,4.0
CAND_005_01_019,CENTRE_005,R01,19,Q004,B,-1.0
CAND_005_01_019,CENTRE_005,R01,19,Q005,D,4.0
CAND_005_01_019,CENTRE_005,R01,19,Q006,C,4.0
CAND_005_01_019,CENTRE_005,R01,19,Q007,C,-1.0
CAND_005_01_019,CENTRE_005,R01,19,Q008,A,4.0
CAND_005_01_019,CENTRE_005,R01,19,Q009,D,4.0
CAND_005_01_019,CENTRE_005,R01,19,Q010,C,4.0
CAND_005_01_019,CENTRE_005,R01,19,Q011,B,4.0
CAND_005_01_019,CENTRE_005,R01,19,Q012,,0.0
CAND_005_01_019,CENTRE_005,R01,19,Q013,D,4.0
CAND_005_01_019,CENTRE_005,R01,19,Q014,C,4.0
CAND_005_01_019,CENTRE_005,R01,19,Q015,B,4.0
CAND_005_01_019,CENTRE_005,R01,19,Q016,D,-1.0
CAND_005_01_019,CENTRE_005,R01,19,Q017,D,4.0
CAND_005_01_019,CENTRE_005,R01,19,Q018,C,4.0
CAND_005_01_019,CENTRE_005,R01,19,Q019,A,-1.0
CAND_005_01_019,CENTRE_005,R01,19,Q020,A,4.0
CAND_005_01_019,CENTRE_005,R01,19,Q021,D,4.0
CAND_005_01_019,CENTRE_005,R01,19,Q022,C,4.0
CAND_005_01_019,CENTRE_005,R01,19,Q023,B,4.0
CAND_005_01_019,CENTRE_005,R01,19,Q024,B,-1.0
CAND_005_01_019,CENTRE_005,R01,19,Q025,C,-1.0
CAND_005_01_019,CENTRE_005,R01,19,Q026,C,4.0
CAND_005_01_019,CENTRE_005,R01,19,Q027,B,4.0
CAND_005_01_019,CENTRE_005,R01,19,Q028,A,4.0
CAND_005_01_019,CENTRE_005,R01,19,Q029,C,-1.0
CAND_005_01_019,CENTRE_005,R01,19,Q030,D,-1.0
CAND_005_01_019,CENTRE_005,R01,19,Q031,C,-1.0
CAND_005_01_019,CENTRE_005,R01,19,Q032,,0.0
CAND_005_01_019,CENTRE_005,R01,19,Q033,C,-1.0
CAND_005_01_019,CENTRE_005,R01,19,Q034,C,4.0
CAND_005_01_019,CENTRE_005,R01,19,Q035,A,-1.0
CAND_005_01_019,CENTRE_005,R01,19,Q036,B,-1.0
CAND_005_01_019,CENTRE_005,R01,19,Q037,,0.0
CAND_005_01_019,CENTRE_005,R01,19,Q038,A,-1.0
CAND_005_01_019,CENTRE_005,R01,19,Q039,B,4.0
CAND_005_01_019,CENTRE_005,R01,19,Q040,B,-1.0
CAND_005_01_019,CENTRE_005,R01,19,Q041,D,4.0
CAND_005_01_019,CENTRE_005,R01,19,Q042,C,4.0
CAND_005_01_019,CENTRE_005,R01,19,Q043,A,-1.0
CAND_005_01_019,CENTRE_005,R01,19,Q044,,0.0
CAND_005_01_019,CENTRE_005,R01,19,Q045,D,4.0
CAND_005_01_019,CENTRE_005,R01,19,Q046,D,-1.0
CAND_005_01_019,CENTRE_005,R01,19,Q047,A,-1.0
CAND_005_01_019,CENTRE_005,R01,19,Q048,D,-1.0
CAND_005_01_019,CENTRE_005,R01,19,Q049,A,-1.0
CAND_005_01_019,CENTRE_005,R01,19,Q050,C,4.0
CAND_005_01_020,CENTRE_005,R01,20,Q001,D,4.0
CAND_005_01_020,CENTRE_005,R01,20,Q002,C,4.0
CAND_005_01_020,CENTRE_005,R01,20,Q003,B,4.0
CAND_005_01_020,CENTRE_005,R01,20,Q004,A,4.0
CAND_005_01_020,CENTRE_005,R01,20,Q005,D,4.0
CAND_005_01_020,CENTRE_005,R01,20,Q006,,0.0
CAND_005_01_020,CENTRE_005,R01,20,Q007,B,4.0
CAND_005_01_020,CENTRE_005,R01,20,Q008,A,4.0
CAND_005_01_020,CENTRE_005,R01,20,Q009,D,4.0
CAND_005_01_020,CENTRE_005,R01,20,Q010,B,-1.0
CAND_005_01_020,CENTRE_005,R01,20,Q011,B,4.0
CAND_005_01_020,CENTRE_005,R01,20,Q012,D,-1.0
CAND_005_01_020,CENTRE_005,R01,20,Q013,D,4.0
CAND_005_01_020,CENTRE_005,R01,20,Q014,C,4.0
CAND_005_01_020,CENTRE_005,R01,20,Q015,B,4.0
CAND_005_01_020,CENTRE_005,R01,20,Q016,A,4.0
CAND_005_01_020,CENTRE_005,R01,20,Q017,D,4.0
CAND_005_01_020,CENTRE_005,R01,20,Q018,B,-1.0
CAND_005_01_020,CENTRE_005,R01,20,Q019,B,4.0
CAND_005_01_020,CENTRE_005,R01,20,Q020,A,4.0
CAND_005_01_020,CENTRE_005,R01,20,Q021,D,4.0
CAND_005_01_020,CENTRE_005,R01,20,Q022,C,4.0
CAND_005_01_020,CENTRE_005,R01,20,Q023,C,-1.0
CAND_005_01_020,CENTRE_005,R01,20,Q024,A,4.0
CAND_005_01_020,CENTRE_005,R01,20,Q025,A,-1.0
CAND_005_01_020,CENTRE_005,R01,20,Q026,C,4.0
CAND_005_01_020,CENTRE_005,R01,20,Q027,D,-1.0
CAND_005_01_020,CENTRE_005,R01,20,Q028,A,4.0
CAND_005_01_020,CENTRE_005,R01,20,Q029,B,-1.0
CAND_005_01_020,CENTRE_005,R01,20,Q030,,0.0
CAND_005_01_020,CENTRE_005,R01,20,Q031,B,4.0
CAND_005_01_020,CENTRE_005,R01,20,Q032,C,-1.0
CAND_005_01_020,CENTRE_005,R01,20,Q033,D,4.0
CAND_005_01_020,CENTRE_005,R01,20,Q034,C,4.0
CAND_005_01_020,CENTRE_005,R01,20,Q035,D,-1.0
CAND_005_01_020,CENTRE_005,R01,20,Q036,A,4.0
CAND_005_01_020,CENTRE_005,R01,20,Q037,C,-1.0
CAND_005_01_020,CENTRE_005,R01,20,Q038,C,4.0
CAND_005_01_020,CENTRE_005,R01,20,Q039,B,4.0
CAND_005_01_020,CENTRE_005,R01,20,Q040,A,4.0
CAND_005_01_020,CENTRE_005,R01,20,Q041,D,4.0
CAND_005_01_020,CENTRE_005,R01,20,Q042,B,-1.0
CAND_005_01_020,CENTRE_005,R01,20,Q043,B,4.0
CAND_005_01_020,CENTRE_005,R01,20,Q044,A,4.0
CAND_005_01_020,CENTRE_005,R01,20,Q045,D,4.0
CAND_005_01_020,CENTRE_005,R01,20,Q046,C,4.0
CAND_005_01_020,CENTRE_005,R01,20,Q047,B,4.0
CAND_005_01_020,CENTRE_005,R01,20,Q048,C,-1.0
CAND_005_01_020,CENTRE_005,R01,20,Q049,C,-1.0
CAND_005_01_020,CENTRE_005,R01,20,Q050,D,-1.0
CAND_005_02_001,CENTRE_005,R02,1,Q001,D,4.0
CAND_005_02_001,CENTRE_005,R02,1,Q002,B,-1.0
CAND_005_02_001,CENTRE_005,R02,1,Q003,B,4.0
CAND_005_02_001,CENTRE_005,R02,1,Q004,A,4.0
CAND_005_02_001,CENTRE_005,R02,1,Q005,D,4.0
CAND_005_02_001,CENTRE_005,R02,1,Q006,C,4.0
CAND_005_02_001,CENTRE_005,R02,1,Q007,B,4.0
CAND_005_02_001,CENTRE_005,R02,1,Q008,A,4.0
CAND_005_02_001,CENTRE_005,R02,1,Q009,,0.0
CAND_005_02_001,CENTRE_005,R02,1,Q010,C,4.0
CAND_005_02_001,CENTRE_005,R02,1,Q011,C,-1.0
CAND_005_02_001,CENTRE_005,R02,1,Q012,C,-1.0
CAND_005_02_001,CENTRE_005,R02,1,Q013,D,4.0
CAND_005_02_001,CENTRE_005,R02,1,Q014,D,-1.0
CAND_005_02_001,CENTRE_005,R02,1,Q015,B,4.0
CAND_005_02_001,CENTRE_005,R02,1,Q016,A,4.0
CAND_005_02_001,CENTRE_005,R02,1,Q017,A,-1.0
CAND_005_02_001,CENTRE_005,R02,1,Q018,C,4.0
CAND_005_02_001,CENTRE_005,R02,1,Q019,B,4.0
CAND_005_02_001,CENTRE_005,R02,1,Q020,C,-1.0
CAND_005_02_001,CENTRE_005,R02,1,Q021,A,-1.0
CAND_005_02_001,CENTRE_005,R02,1,Q022,C,4.0
CAND_005_02_001,CENTRE_005,R02,1,Q023,A,-1.0
CAND_005_02_001,CENTRE_005,R02,1,Q024,D,-1.0
CAND_005_02_001,CENTRE_005,R02,1,Q025,A,-1.0
CAND_005_02_001,CENTRE_005,R02,1,Q026,C,4.0
CAND_005_02_001,CENTRE_005,R02,1,Q027,D,-1.0
CAND_005_02_001,CENTRE_005,R02,1,Q028,C,-1.0
CAND_005_02_001,CENTRE_005,R02,1,Q029,B,-1.0
CAND_005_02_001,CENTRE_005,R02,1,Q030,D,-1.0
CAND_005_02_001,CENTRE_005,R02,1,Q031,C,-1.0
CAND_005_02_001,CENTRE_005,R02,1,Q032,A,4.0
CAND_005_02_001,CENTRE_005,R02,1,Q033,B,-1.0
CAND_005_02_001,CENTRE_005,R02,1,Q034,D,-1.0
CAND_005_02_001,CENTRE_005,R02,1,Q035,B,4.0
CAND_005_02_001,CENTRE_005,R02,1,Q036,,0.0
CAND_005_02_001,CENTRE_005,R02,1,Q037,D,4.0
CAND_005_02_001,CENTRE_005,R02,1,Q038,C,4.0
CAND_005_02_001,CENTRE_005,R02,1,Q039,B,4.0
CAND_005_02_001,CENTRE_005,R02,1,Q040,B,-1.0
CAND_005_02_001,CENTRE_005,R02,1,Q041,B,-1.0
CAND_005_02_001,CENTRE_005,R02,1,Q042,C,4.0
CAND_005_02_001,CENTRE_005,R02,1,Q043,A,-1.0
CAND_005_02_001,CENTRE_005,R02,1,Q044,A,4.0
CAND_005_02_001,CENTRE_005,R02,1,Q045,B,-1.0
CAND_005_02_001,CENTRE_005,R02,1,Q046,B,-1.0
CAND_005_02_001,CENTRE_005,R02,1,Q047,D,-1.0
CAND_005_02_001,CENTRE_005,R02,1,Q048,A,4.0
CAND_005_02_001,CENTRE_005,R02,1,Q049,A,-1.0
CAND_005_02_001,CENTRE_005,R02,1,Q050,C,4.0
CAND_005_02_002,CENTRE_005,R02,2,Q001,D,4.0
CAND_005_02_002,CENTRE_005,R02,2,Q002,A,-1.0
CAND_005_02_002,CENTRE_005,R02,2,Q003,A,-1.0
CAND_005_02_002,CENTRE_005,R02,2,Q004,D,-1.0
CAND_005_02_002,CENTRE_005,R02,2,Q005,C,-1.0
CAND_005_02_002,CENTRE_005,R02,2,Q006,D,-1.0
CAND_005_02_002,CENTRE_005,R02,2,Q007,D,-1.0
CAND_005_02_002,CENTRE_005,R02,2,Q008,B,-1.0
CAND_005_02_002,CENTRE_005,R02,2,Q009,C,-1.0
CAND_005_02_002,CENTRE_005,R02,2,Q010,B,-1.0
CAND_005_02_002,CENTRE_005,R02,2,Q011,B,4.0
CAND_005_02_002,CENTRE_005,R02,2,Q012,C,-1.0
CAND_005_02_002,CENTRE_005,R02,2,Q013,D,4.0
CAND_005_02_002,CENTRE_005,R02,2,Q014,C,4.0
CAND_005_02_002,CENTRE_005,R02,2,Q015,A,-1.0
CAND_005_02_002,CENTRE_005,R02,2,Q016,A,4.0
CAND_005_02_002,CENTRE_005,R02,2,Q017,D,4.0
CAND_005_02_002,CENTRE_005,R02,2,Q018,A,-1.0
CAND_005_02_002,CENTRE_005,R02,2,Q019,D,-1.0
CAND_005_02_002,CENTRE_005,R02,2,Q020,A,4.0
CAND_005_02_002,CENTRE_005,R02,2,Q021,D,4.0
CAND_005_02_002,CENTRE_005,R02,2,Q022,A,-1.0
CAND_005_02_002,CENTRE_005,R02,2,Q023,D,-1.0
CAND_005_02_002,CENTRE_005,R02,2,Q024,B,-1.0
CAND_005_02_002,CENTRE_005,R02,2,Q025,D,4.0
CAND_005_02_002,CENTRE_005,R02,2,Q026,C,4.0
CAND_005_02_002,CENTRE_005,R02,2,Q027,A,-1.0
CAND_005_02_002,CENTRE_005,R02,2,Q028,D,-1.0
CAND_005_02_002,CENTRE_005,R02,2,Q029,,0.0
CAND_005_02_002,CENTRE_005,R02,2,Q030,,0.0
CAND_005_02_002,CENTRE_005,R02,2,Q031,,0.0
CAND_005_02_002,CENTRE_005,R02,2,Q032,A,4.0
CAND_005_02_002,CENTRE_005,R02,2,Q033,A,-1.0
CAND_005_02_002,CENTRE_005,R02,2,Q034,A,-1.0
CAND_005_02_002,CENTRE_005,R02,2,Q035,B,4.0
CAND_005_02_002,CENTRE_005,R02,2,Q036,B,-1.0
CAND_005_02_002,CENTRE_005,R02,2,Q037,A,-1.0
CAND_005_02_002,CENTRE_005,R02,2,Q038,A,-1.0
CAND_005_02_002,CENTRE_005,R02,2,Q039,A,-1.0
CAND_005_02_002,CENTRE_005,R02,2,Q040,C,-1.0
CAND_005_02_002,CENTRE_005,R02,2,Q041,D,4.0
CAND_005_02_002,CENTRE_005,R02,2,Q042,D,-1.0
CAND_005_02_002,CENTRE_005,R02,2,Q043,D,-1.0
CAND_005_02_002,CENTRE_005,R02,2,Q044,A,4.0
CAND_005_02_002,CENTRE_005,R02,2,Q045,D,4.0
CAND_005_02_002,CENTRE_005,R02,2,Q046,D,-1.0
CAND_005_02_002,CENTRE_005,R02,2,Q047,B,4.0
CAND_005_02_002,CENTRE_005,R02,2,Q048,B,-1.0
CAND_005_02_002,CENTRE_005,R02,2,Q049,C,-1.0
CAND_005_02_002,CENTRE_005,R02,2,Q050,C,4.0
CAND_005_02_003,CENTRE_005,R02,3,Q001,C,-1.0
CAND_005_02_003,CENTRE_005,R02,3,Q002,C,4.0
CAND_005_02_003,CENTRE_005,R02,3,Q003,B,4.0
CAND_005_02_003,CENTRE_005,R02,3,Q004,A,4.0
CAND_005_02_003,CENTRE_005,R02,3,Q005,D,4.0
CAND_005_02_003,CENTRE_005,R02,3,Q006,B,-1.0
CAND_005_02_003,CENTRE_005,R02,3,Q007,B,4.0
CAND_005_02_003,CENTRE_005,R02,3,Q008,A,4.0
CAND_005_02_003,CENTRE_005,R02,3,Q009,C,-1.0
CAND_005_02_003,CENTRE_005,R02,3,Q010,C,4.0
CAND_005_02_003,CENTRE_005,R02,3,Q011,B,4.0
CAND_005_02_003,CENTRE_005,R02,3,Q012,A,4.0
CAND_005_02_003,CENTRE_005,R02,3,Q013,B,-1.0
CAND_005_02_003,CENTRE_005,R02,3,Q014,C,4.0
CAND_005_02_003,CENTRE_005,R02,3,Q015,C,-1.0
CAND_005_02_003,CENTRE_005,R02,3,Q016,A,4.0
CAND_005_02_003,CENTRE_005,R02,3,Q017,D,4.0
CAND_005_02_003,CENTRE_005,R02,3,Q018,C,4.0
CAND_005_02_003,CENTRE_005,R02,3,Q019,B,4.0
CAND_005_02_003,CENTRE_005,R02,3,Q020,A,4.0
CAND_005_02_003,CENTRE_005,R02,3,Q021,D,4.0
CAND_005_02_003,CENTRE_005,R02,3,Q022,C,4.0
CAND_005_02_003,CENTRE_005,R02,3,Q023,B,4.0
CAND_005_02_003,CENTRE_005,R02,3,Q024,A,4.0
CAND_005_02_003,CENTRE_005,R02,3,Q025,D,4.0
CAND_005_02_003,CENTRE_005,R02,3,Q026,C,4.0
CAND_005_02_003,CENTRE_005,R02,3,Q027,B,4.0
CAND_005_02_003,CENTRE_005,R02,3,Q028,A,4.0
CAND_005_02_003,CENTRE_005,R02,3,Q029,D,4.0
CAND_005_02_003,CENTRE_005,R02,3,Q030,C,4.0
CAND_005_02_003,CENTRE_005,R02,3,Q031,B,4.0
CAND_005_02_003,CENTRE_005,R02,3,Q032,A,4.0
CAND_005_02_003,CENTRE_005,R02,3,Q033,D,4.0
CAND_005_02_003,CENTRE_005,R02,3,Q034,C,4.0
CAND_005_02_003,CENTRE_005,R02,3,Q035,B,4.0
CAND_005_02_003,CENTRE_005,R02,3,Q036,A,4.0
CAND_005_02_003,CENTRE_005,R02,3,Q037,B,-1.0
CAND_005_02_003,CENTRE_005,R02,3,Q038,A,-1.0
CAND_005_02_003,CENTRE_005,R02,3,Q039,B,4.0
CAND_005_02_003,CENTRE_005,R02,3,Q040,A,4.0
CAND_005_02_003,CENTRE_005,R02,3,Q041,D,4.0
CAND_005_02_003,CENTRE_005,R02,3,Q042,C,4.0
CAND_005_02_003,CENTRE_005,R02,3,Q043,D,-1.0
CAND_005_02_003,CENTRE_005,R02,3,Q044,A,4.0
CAND_005_02_003,CENTRE_005,R02,3,Q045,C,-1.0
CAND_005_02_003,CENTRE_005,R02,3,Q046,D,-1.0
CAND_005_02_003,CENTRE_005,R02,3,Q047,B,4.0
CAND_005_02_003,CENTRE_005,R02,3,Q048,A,4.0
CAND_005_02_003,CENTRE_005,R02,3,Q049,D,4.0
CAND_005_02_003,CENTRE_005,R02,3,Q050,C,4.0
CAND_005_02_004,CENTRE_005,R02,4,Q001,D,4.0
CAND_005_02_004,CENTRE_005,R02,4,Q002,D,-1.0
CAND_005_02_004,CENTRE_005,R02,4,Q003,C,-1.0
CAND_005_02_004,CENTRE_005,R02,4,Q004,D,-1.0
CAND_005_02_004,CENTRE_005,R02,4,Q005,D,4.0
CAND_005_02_004,CENTRE_005,R02,4,Q006,A,-1.0
CAND_005_02_004,CENTRE_005,R02,4,Q007,A,-1.0
CAND_005_02_004,CENTRE_005,R02,4,Q008,,0.0
CAND_005_02_004,CENTRE_005,R02,4,Q009,D,4.0
CAND_005_02_004,CENTRE_005,R02,4,Q010,C,4.0
CAND_005_02_004,CENTRE_005,R02,4,Q011,B,4.0
CAND_005_02_004,CENTRE_005,R02,4,Q012,C,-1.0
CAND_005_02_004,CENTRE_005,R02,4,Q013,C,-1.0
CAND_005_02_004,CENTRE_005,R02,4,Q014,B,-1.0
CAND_005_02_004,CENTRE_005,R02,4,Q015,B,4.0
CAND_005_02_004,CENTRE_005,R02,4,Q016,A,4.0
CAND_005_02_004,CENTRE_005,R02,4,Q017,A,-1.0
CAND_005_02_004,CENTRE_005,R02,4,Q018,C,4.0
CAND_005_02_004,CENTRE_005,R02,4,Q019,A,-1.0
CAND_005_02_004,CENTRE_005,R02,4,Q020,A,4.0
CAND_005_02_004,CENTRE_005,R02,4,Q021,B,-1.0
CAND_005_02_004,CENTRE_005,R02,4,Q022,B,-1.0
CAND_005_02_004,CENTRE_005,R02,4,Q023,A,-1.0
CAND_005_02_004,CENTRE_005,R02,4,Q024,A,4.0
CAND_005_02_004,CENTRE_005,R02,4,Q025,A,-1.0
CAND_005_02_004,CENTRE_005,R02,4,Q026,C,4.0
CAND_005_02_004,CENTRE_005,R02,4,Q027,C,-1.0
CAND_005_02_004,CENTRE_005,R02,4,Q028,A,4.0
CAND_005_02_004,CENTRE_005,R02,4,Q029,C,-1.0
CAND_005_02_004,CENTRE_005,R02,4,Q030,C,4.0
CAND_005_02_004,CENTRE_005,R02,4,Q031,B,4.0
CAND_005_02_004,CENTRE_005,R02,4,Q032,A,4.0
CAND_005_02_004,CENTRE_005,R02,4,Q033,D,4.0
CAND_005_02_004,CENTRE_005,R02,4,Q034,C,4.0
CAND_005_02_004,CENTRE_005,R02,4,Q035,B,4.0
CAND_005_02_004,CENTRE_005,R02,4,Q036,D,-1.0
CAND_005_02_004,CENTRE_005,R02,4,Q037,,0.0
CAND_005_02_004,CENTRE_005,R02,4,Q038,C,4.0
CAND_005_02_004,CENTRE_005,R02,4,Q039,B,4.0
CAND_005_02_004,CENTRE_005,R02,4,Q040,A,4.0
CAND_005_02_004,CENTRE_005,R02,4,Q041,B,-1.0
CAND_005_02_004,CENTRE_005,R02,4,Q042,C,4.0
CAND_005_02_004,CENTRE_005,R02,4,Q043,D,-1.0
CAND_005_02_004,CENTRE_005,R02,4,Q044,A,4.0
CAND_005_02_004,CENTRE_005,R02,4,Q045,,0.0
CAND_005_02_004,CENTRE_005,R02,4,Q046,,0.0
CAND_005_02_004,CENTRE_005,R02,4,Q047,A,-1.0
CAND_005_02_004,CENTRE_005,R02,4,Q048,A,4.0
CAND_005_02_004,CENTRE_005,R02,4,Q049,C,-1.0
CAND_005_02_004,CENTRE_005,R02,4,Q050,C,4.0
CAND_005_02_005,CENTRE_005,R02,5,Q001,A,-1.0
CAND_005_02_005,CENTRE_005,R02,5,Q002,A,-1.0
CAND_005_02_005,CENTRE_005,R02,5,Q003,B,4.0
CAND_005_02_005,CENTRE_005,R02,5,Q004,D,-1.0
CAND_005_02_005,CENTRE_005,R02,5,Q005,A,-1.0
CAND_005_02_005,CENTRE_005,R02,5,Q006,D,-1.0
CAND_005_02_005,CENTRE_005,R02,5,Q007,B,4.0
CAND_005_02_005,CENTRE_005,R02,5,Q008,B,-1.0
CAND_005_02_005,CENTRE_005,R02,5,Q009,D,4.0
CAND_005_02_005,CENTRE_005,R02,5,Q010,C,4.0
CAND_005_02_005,CENTRE_005,R02,5,Q011,B,4.0
CAND_005_02_005,CENTRE_005,R02,5,Q012,D,-1.0
CAND_005_02_005,CENTRE_005,R02,5,Q013,D,4.0
CAND_005_02_005,CENTRE_005,R02,5,Q014,C,4.0
CAND_005_02_005,CENTRE_005,R02,5,Q015,C,-1.0
CAND_005_02_005,CENTRE_005,R02,5,Q016,C,-1.0
CAND_005_02_005,CENTRE_005,R02,5,Q017,D,4.0
CAND_005_02_005,CENTRE_005,R02,5,Q018,D,-1.0
CAND_005_02_005,CENTRE_005,R02,5,Q019,A,-1.0
CAND_005_02_005,CENTRE_005,R02,5,Q020,A,4.0
CAND_005_02_005,CENTRE_005,R02,5,Q021,D,4.0
CAND_005_02_005,CENTRE_005,R02,5,Q022,A,-1.0
CAND_005_02_005,CENTRE_005,R02,5,Q023,C,-1.0
CAND_005_02_005,CENTRE_005,R02,5,Q024,A,4.0
CAND_005_02_005,CENTRE_005,R02,5,Q025,D,4.0
CAND_005_02_005,CENTRE_005,R02,5,Q026,A,-1.0
CAND_005_02_005,CENTRE_005,R02,5,Q027,D,-1.0
CAND_005_02_005,CENTRE_005,R02,5,Q028,C,-1.0
CAND_005_02_005,CENTRE_005,R02,5,Q029,C,-1.0
CAND_005_02_005,CENTRE_005,R02,5,Q030,D,-1.0
CAND_005_02_005,CENTRE_005,R02,5,Q031,D,-1.0
CAND_005_02_005,CENTRE_005,R02,5,Q032,B,-1.0
CAND_005_02_005,CENTRE_005,R02,5,Q033,D,4.0
CAND_005_02_005,CENTRE_005,R02,5,Q034,D,-1.0
CAND_005_02_005,CENTRE_005,R02,5,Q035,A,-1.0
CAND_005_02_005,CENTRE_005,R02,5,Q036,C,-1.0
CAND_005_02_005,CENTRE_005,R02,5,Q037,A,-1.0
CAND_005_02_005,CENTRE_005,R02,5,Q038,B,-1.0
CAND_005_02_005,CENTRE_005,R02,5,Q039,B,4.0
CAND_005_02_005,CENTRE_005,R02,5,Q040,B,-1.0
CAND_005_02_005,CENTRE_005,R02,5,Q041,A,-1.0
CAND_005_02_005,CENTRE_005,R02,5,Q042,C,4.0
CAND_005_02_005,CENTRE_005,R02,5,Q043,B,4.0
CAND_005_02_005,CENTRE_005,R02,5,Q044,A,4.0
CAND_005_02_005,CENTRE_005,R02,5,Q045,D,4.0
CAND_005_02_005,CENTRE_005,R02,5,Q046,C,4.0
CAND_005_02_005,CENTRE_005,R02,5,Q047,B,4.0
CAND_005_02_005,CENTRE_005,R02,5,Q048,B,-1.0
CAND_005_02_005,CENTRE_005,R02,5,Q049,D,4.0
CAND_005_02_005,CENTRE_005,R02,5,Q050,C,4.0
CAND_005_02_006,CENTRE_005,R02,6,Q001,A,-1.0
CAND_005_02_006,CENTRE_005,R02,6,Q002,A,-1.0
CAND_005_02_006,CENTRE_005,R02,6,Q003,B,4.0
CAND_005_02_006,CENTRE_005,R02,6,Q004,D,-1.0
CAND_005_02_006,CENTRE_005,R02,6,Q005,A,-1.0
CAND_005_02_006,CENTRE_005,R02,6,Q006,D,-1.0
CAND_005_02_006,CENTRE_005,R02,6,Q007,B,4.0
CAND_005_02_006,CENTRE_005,R02,6,Q008,B,-1.0
CAND_005_02_006,CENTRE_005,R02,6,Q009,D,4.0
CAND_005_02_006,CENTRE_005,R02,6,Q010,C,4.0
CAND_005_02_006,CENTRE_005,R02,6,Q011,B,4.0
CAND_005_02_006,CENTRE_005,R02,6,Q012,D,-1.0
CAND_005_02_006,CENTRE_005,R02,6,Q013,D,4.0
CAND_005_02_006,CENTRE_005,R02,6,Q014,C,4.0
CAND_005_02_006,CENTRE_005,R02,6,Q015,C,-1.0
CAND_005_02_006,CENTRE_005,R02,6,Q016,C,-1.0
CAND_005_02_006,CENTRE_005,R02,6,Q017,D,4.0
CAND_005_02_006,CENTRE_005,R02,6,Q018,A,-1.0
CAND_005_02_006,CENTRE_005,R02,6,Q019,A,-1.0
CAND_005_02_006,CENTRE_005,R02,6,Q020,A,4.0
CAND_005_02_006,CENTRE_005,R02,6,Q021,D,4.0
CAND_005_02_006,CENTRE_005,R02,6,Q022,A,-1.0
CAND_005_02_006,CENTRE_005,R02,6,Q023,C,-1.0
CAND_005_02_006,CENTRE_005,R02,6,Q024,A,4.0
CAND_005_02_006,CENTRE_005,R02,6,Q025,D,4.0
CAND_005_02_006,CENTRE_005,R02,6,Q026,A,-1.0
CAND_005_02_006,CENTRE_005,R02,6,Q027,B,4.0
CAND_005_02_006,CENTRE_005,R02,6,Q028,C,-1.0
CAND_005_02_006,CENTRE_005,R02,6,Q029,D,4.0
CAND_005_02_006,CENTRE_005,R02,6,Q030,D,-1.0
CAND_005_02_006,CENTRE_005,R02,6,Q031,D,-1.0
CAND_005_02_006,CENTRE_005,R02,6,Q032,B,-1.0
CAND_005_02_006,CENTRE_005,R02,6,Q033,D,4.0
CAND_005_02_006,CENTRE_005,R02,6,Q034,D,-1.0
CAND_005_02_006,CENTRE_005,R02,6,Q035,A,-1.0
CAND_005_02_006,CENTRE_005,R02,6,Q036,C,-1.0
CAND_005_02_006,CENTRE_005,R02,6,Q037,A,-1.0
CAND_005_02_006,CENTRE_005,R02,6,Q038,D,-1.0
CAND_005_02_006,CENTRE_005,R02,6,Q039,B,4.0
CAND_005_02_006,CENTRE_005,R02,6,Q040,B,-1.0
CAND_005_02_006,CENTRE_005,R02,6,Q041,D,4.0
CAND_005_02_006,CENTRE_005,R02,6,Q042,C,4.0
CAND_005_02_006,CENTRE_005,R02,6,Q043,B,4.0
CAND_005_02_006,CENTRE_005,R02,6,Q044,A,4.0
CAND_005_02_006,CENTRE_005,R02,6,Q045,B,-1.0
CAND_005_02_006,CENTRE_005,R02,6,Q046,C,4.0
CAND_005_02_006,CENTRE_005,R02,6,Q047,B,4.0
CAND_005_02_006,CENTRE_005,R02,6,Q048,B,-1.0
CAND_005_02_006,CENTRE_005,R02,6,Q049,D,4.0
CAND_005_02_006,CENTRE_005,R02,6,Q050,C,4.0
CAND_005_02_007,CENTRE_005,R02,7,Q001,D,4.0
CAND_005_02_007,CENTRE_005,R02,7,Q002,C,4.0
CAND_005_02_007,CENTRE_005,R02,7,Q003,,0.0
CAND_005_02_007,CENTRE_005,R02,7,Q004,D,-1.0
CAND_005_02_007,CENTRE_005,R02,7,Q005,D,4.0
CAND_005_02_007,CENTRE_005,R02,7,Q006,D,-1.0
CAND_005_02_007,CENTRE_005,R02,7,Q007,,0.0
CAND_005_02_007,CENTRE_005,R02,7,Q008,A,4.0
CAND_005_02_007,CENTRE_005,R02,7,Q009,C,-1.0
CAND_005_02_007,CENTRE_005,R02,7,Q010,D,-1.0
CAND_005_02_007,CENTRE_005,R02,7,Q011,D,-1.0
CAND_005_02_007,CENTRE_005,R02,7,Q012,D,-1.0
CAND_005_02_007,CENTRE_005,R02,7,Q013,B,-1.0
CAND_005_02_007,CENTRE_005,R02,7,Q014,D,-1.0
CAND_005_02_007,CENTRE_005,R02,7,Q015,D,-1.0
CAND_005_02_007,CENTRE_005,R02,7,Q016,C,-1.0
CAND_005_02_007,CENTRE_005,R02,7,Q017,D,4.0
CAND_005_02_007,CENTRE_005,R02,7,Q018,B,-1.0
CAND_005_02_007,CENTRE_005,R02,7,Q019,D,-1.0
CAND_005_02_007,CENTRE_005,R02,7,Q020,A,4.0
CAND_005_02_007,CENTRE_005,R02,7,Q021,D,4.0
CAND_005_02_007,CENTRE_005,R02,7,Q022,C,4.0
CAND_005_02_007,CENTRE_005,R02,7,Q023,B,4.0
CAND_005_02_007,CENTRE_005,R02,7,Q024,D,-1.0
CAND_005_02_007,CENTRE_005,R02,7,Q025,A,-1.0
CAND_005_02_007,CENTRE_005,R02,7,Q026,A,-1.0
CAND_005_02_007,CENTRE_005,R02,7,Q027,B,4.0
CAND_005_02_007,CENTRE_005,R02,7,Q028,A,4.0
CAND_005_02_007,CENTRE_005,R02,7,Q029,C,-1.0
CAND_005_02_007,CENTRE_005,R02,7,Q030,,0.0
CAND_005_02_007,CENTRE_005,R02,7,Q031,,0.0
CAND_005_02_007,CENTRE_005,R02,7,Q032,D,-1.0
CAND_005_02_007,CENTRE_005,R02,7,Q033,D,4.0
CAND_005_02_007,CENTRE_005,R02,7,Q034,A,-1.0
CAND_005_02_007,CENTRE_005,R02,7,Q035,A,-1.0
CAND_005_02_007,CENTRE_005,R02,7,Q036,A,4.0
CAND_005_02_007,CENTRE_005,R02,7,Q037,C,-1.0
CAND_005_02_007,CENTRE_005,R02,7,Q038,D,-1.0
CAND_005_02_007,CENTRE_005,R02,7,Q039,A,-1.0
CAND_005_02_007,CENTRE_005,R02,7,Q040,D,-1.0
CAND_005_02_007,CENTRE_005,R02,7,Q041,B,-1.0
CAND_005_02_007,CENTRE_005,R02,7,Q042,B,-1.0
CAND_005_02_007,CENTRE_005,R02,7,Q043,A,-1.0
CAND_005_02_007,CENTRE_005,R02,7,Q044,C,-1.0
CAND_005_02_007,CENTRE_005,R02,7,Q045,D,4.0
CAND_005_02_007,CENTRE_005,R02,7,Q046,A,-1.0
CAND_005_02_007,CENTRE_005,R02,7,Q047,B,4.0
CAND_005_02_007,CENTRE_005,R02,7,Q048,B,-1.0
CAND_005_02_007,CENTRE_005,R02,7,Q049,C,-1.0
CAND_005_02_007,CENTRE_005,R02,7,Q050,C,4.0
CAND_005_02_008,CENTRE_005,R02,8,Q001,D,4.0
CAND_005_02_008,CENTRE_005,R02,8,Q002,C,4.0
CAND_005_02_008,CENTRE_005,R02,8,Q003,,0.0
CAND_005_02_008,CENTRE_005,R02,8,Q004,A,4.0
CAND_005_02_008,CENTRE_005,R02,8,Q005,D,4.0
CAND_005_02_008,CENTRE_005,R02,8,Q006,A,-1.0
CAND_005_02_008,CENTRE_005,R02,8,Q007,C,-1.0
CAND_005_02_008,CENTRE_005,R02,8,Q008,B,-1.0
CAND_005_02_008,CENTRE_005,R02,8,Q009,D,4.0
CAND_005_02_008,CENTRE_005,R02,8,Q010,C,4.0
CAND_005_02_008,CENTRE_005,R02,8,Q011,B,4.0
CAND_005_02_008,CENTRE_005,R02,8,Q012,A,4.0
CAND_005_02_008,CENTRE_005,R02,8,Q013,D,4.0
CAND_005_02_008,CENTRE_005,R02,8,Q014,D,-1.0
CAND_005_02_008,CENTRE_005,R02,8,Q015,B,4.0
CAND_005_02_008,CENTRE_005,R02,8,Q016,B,-1.0
CAND_005_02_008,CENTRE_005,R02,8,Q017,D,4.0
CAND_005_02_008,CENTRE_005,R02,8,Q018,C,4.0
CAND_005_02_008,CENTRE_005,R02,8,Q019,B,4.0
CAND_005_02_008,CENTRE_005,R02,8,Q020,C,-1.0
CAND_005_02_008,CENTRE_005,R02,8,Q021,A,-1.0
CAND_005_02_008,CENTRE_005,R02,8,Q022,C,4.0
CAND_005_02_008,CENTRE_005,R02,8,Q023,A,-1.0
CAND_005_02_008,CENTRE_005,R02,8,Q024,A,4.0
CAND_005_02_008,CENTRE_005,R02,8,Q025,B,-1.0
CAND_005_02_008,CENTRE_005,R02,8,Q026,A,-1.0
CAND_005_02_008,CENTRE_005,R02,8,Q027,B,4.0
CAND_005_02_008,CENTRE_005,R02,8,Q028,A,4.0
CAND_005_02_008,CENTRE_005,R02,8,Q029,D,4.0
CAND_005_02_008,CENTRE_005,R02,8,Q030,B,-1.0
CAND_005_02_008,CENTRE_005,R02,8,Q031,,0.0
CAND_005_02_008,CENTRE_005,R02,8,Q032,,0.0
CAND_005_02_008,CENTRE_005,R02,8,Q033,D,4.0
CAND_005_02_008,CENTRE_005,R02,8,Q034,C,4.0
CAND_005_02_008,CENTRE_005,R02,8,Q035,D,-1.0
CAND_005_02_008,CENTRE_005,R02,8,Q036,D,-1.0
CAND_005_02_008,CENTRE_005,R02,8,Q037,D,4.0
CAND_005_02_008,CENTRE_005,R02,8,Q038,B,-1.0
CAND_005_02_008,CENTRE_005,R02,8,Q039,B,4.0
CAND_005_02_008,CENTRE_005,R02,8,Q040,D,-1.0
CAND_005_02_008,CENTRE_005,R02,8,Q041,D,4.0
CAND_005_02_008,CENTRE_005,R02,8,Q042,C,4.0
CAND_005_02_008,CENTRE_005,R02,8,Q043,A,-1.0
CAND_005_02_008,CENTRE_005,R02,8,Q044,C,-1.0
CAND_005_02_008,CENTRE_005,R02,8,Q045,B,-1.0
CAND_005_02_008,CENTRE_005,R02,8,Q046,C,4.0
CAND_005_02_008,CENTRE_005,R02,8,Q047,C,-1.0
CAND_005_02_008,CENTRE_005,R02,8,Q048,C,-1.0
CAND_005_02_008,CENTRE_005,R02,8,Q049,C,-1.0
CAND_005_02_008,CENTRE_005,R02,8,Q050,B,-1.0
CAND_005_02_009,CENTRE_005,R02,9,Q001,B,-1.0
CAND_005_02_009,CENTRE_005,R02,9,Q002,C,4.0
CAND_005_02_009,CENTRE_005,R02,9,Q003,B,4.0
CAND_005_02_009,CENTRE_005,R02,9,Q004,A,4.0
CAND_005_02_009,CENTRE_005,R02,9,Q005,D,4.0
CAND_005_02_009,CENTRE_005,R02,9,Q006,B,-1.0
CAND_005_02_009,CENTRE_005,R02,9,Q007,B,4.0
CAND_005_02_009,CENTRE_005,R02,9,Q008,C,-1.0
CAND_005_02_009,CENTRE_005,R02,9,Q009,D,4.0
CAND_005_02_009,CENTRE_005,R02,9,Q010,,0.0
CAND_005_02_009,CENTRE_005,R02,9,Q011,B,4.0
CAND_005_02_009,CENTRE_005,R02,9,Q012,B,-1.0
CAND_005_02_009,CENTRE_005,R02,9,Q013,,0.0
CAND_005_02_009,CENTRE_005,R02,9,Q014,C,4.0
CAND_005_02_009,CENTRE_005,R02,9,Q015,B,4.0
CAND_005_02_009,CENTRE_005,R02,9,Q016,A,4.0
CAND_005_02_009,CENTRE_005,R02,9,Q017,C,-1.0
CAND_005_02_009,CENTRE_005,R02,9,Q018,C,4.0
CAND_005_02_009,CENTRE_005,R02,9,Q019,C,-1.0
CAND_005_02_009,CENTRE_005,R02,9,Q020,A,4.0
CAND_005_02_009,CENTRE_005,R02,9,Q021,D,4.0
CAND_005_02_009,CENTRE_005,R02,9,Q022,D,-1.0
CAND_005_02_009,CENTRE_005,R02,9,Q023,B,4.0
CAND_005_02_009,CENTRE_005,R02,9,Q024,A,4.0
CAND_005_02_009,CENTRE_005,R02,9,Q025,D,4.0
CAND_005_02_009,CENTRE_005,R02,9,Q026,B,-1.0
CAND_005_02_009,CENTRE_005,R02,9,Q027,B,4.0
CAND_005_02_009,CENTRE_005,R02,9,Q028,B,-1.0
CAND_005_02_009,CENTRE_005,R02,9,Q029,,0.0
CAND_005_02_009,CENTRE_005,R02,9,Q030,C,4.0
CAND_005_02_009,CENTRE_005,R02,9,Q031,A,-1.0
CAND_005_02_009,CENTRE_005,R02,9,Q032,C,-1.0
CAND_005_02_009,CENTRE_005,R02,9,Q033,A,-1.0
CAND_005_02_009,CENTRE_005,R02,9,Q034,B,-1.0
CAND_005_02_009,CENTRE_005,R02,9,Q035,A,-1.0
CAND_005_02_009,CENTRE_005,R02,9,Q036,A,4.0
CAND_005_02_009,CENTRE_005,R02,9,Q037,B,-1.0
CAND_005_02_009,CENTRE_005,R02,9,Q038,A,-1.0
CAND_005_02_009,CENTRE_005,R02,9,Q039,B,4.0
CAND_005_02_009,CENTRE_005,R02,9,Q040,A,4.0
CAND_005_02_009,CENTRE_005,R02,9,Q041,A,-1.0
CAND_005_02_009,CENTRE_005,R02,9,Q042,B,-1.0
CAND_005_02_009,CENTRE_005,R02,9,Q043,C,-1.0
CAND_005_02_009,CENTRE_005,R02,9,Q044,A,4.0
CAND_005_02_009,CENTRE_005,R02,9,Q045,C,-1.0
CAND_005_02_009,CENTRE_005,R02,9,Q046,C,4.0
CAND_005_02_009,CENTRE_005,R02,9,Q047,B,4.0
CAND_005_02_009,CENTRE_005,R02,9,Q048,C,-1.0
CAND_005_02_009,CENTRE_005,R02,9,Q049,D,4.0
CAND_005_02_009,CENTRE_005,R02,9,Q050,C,4.0
CAND_005_02_010,CENTRE_005,R02,10,Q001,D,4.0
CAND_005_02_010,CENTRE_005,R02,10,Q002,D,-1.0
CAND_005_02_010,CENTRE_005,R02,10,Q003,B,4.0
CAND_005_02_010,CENTRE_005,R02,10,Q004,D,-1.0
CAND_005_02_010,CENTRE_005,R02,10,Q005,B,-1.0
CAND_005_02_010,CENTRE_005,R02,10,Q006,B,-1.0
CAND_005_02_010,CENTRE_005,R02,10,Q007,B,4.0
CAND_005_02_010,CENTRE_005,R02,10,Q008,A,4.0
CAND_005_02_010,CENTRE_005,R02,10,Q009,A,-1.0
CAND_005_02_010,CENTRE_005,R02,10,Q010,C,4.0
CAND_005_02_010,CENTRE_005,R02,10,Q011,B,4.0
CAND_005_02_010,CENTRE_005,R02,10,Q012,A,4.0
CAND_005_02_010,CENTRE_005,R02,10,Q013,D,4.0
CAND_005_02_010,CENTRE_005,R02,10,Q014,D,-1.0
CAND_005_02_010,CENTRE_005,R02,10,Q015,B,4.0
CAND_005_02_010,CENTRE_005,R02,10,Q016,,0.0
CAND_005_02_010,CENTRE_005,R02,10,Q017,D,4.0
CAND_005_02_010,CENTRE_005,R02,10,Q018,B,-1.0
CAND_005_02_010,CENTRE_005,R02,10,Q019,B,4.0
CAND_005_02_010,CENTRE_005,R02,10,Q020,A,4.0
CAND_005_02_010,CENTRE_005,R02,10,Q021,D,4.0
CAND_005_02_010,CENTRE_005,R02,10,Q022,C,4.0
CAND_005_02_010,CENTRE_005,R02,10,Q023,B,4.0
CAND_005_02_010,CENTRE_005,R02,10,Q024,B,-1.0
CAND_005_02_010,CENTRE_005,R02,10,Q025,D,4.0
CAND_005_02_010,CENTRE_005,R02,10,Q026,C,4.0
CAND_005_02_010,CENTRE_005,R02,10,Q027,B,4.0
CAND_005_02_010,CENTRE_005,R02,10,Q028,A,4.0
CAND_005_02_010,CENTRE_005,R02,10,Q029,D,4.0
CAND_005_02_010,CENTRE_005,R02,10,Q030,C,4.0
CAND_005_02_010,CENTRE_005,R02,10,Q031,B,4.0
CAND_005_02_010,CENTRE_005,R02,10,Q032,A,4.0
CAND_005_02_010,CENTRE_005,R02,10,Q033,B,-1.0
CAND_005_02_010,CENTRE_005,R02,10,Q034,D,-1.0
CAND_005_02_010,CENTRE_005,R02,10,Q035,A,-1.0
CAND_005_02_010,CENTRE_005,R02,10,Q036,,0.0
CAND_005_02_010,CENTRE_005,R02,10,Q037,D,4.0
CAND_005_02_010,CENTRE_005,R02,10,Q038,C,4.0
CAND_005_02_010,CENTRE_005,R02,10,Q039,B,4.0
CAND_005_02_010,CENTRE_005,R02,10,Q040,D,-1.0
CAND_005_02_010,CENTRE_005,R02,10,Q041,D,4.0
CAND_005_02_010,CENTRE_005,R02,10,Q042,B,-1.0
CAND_005_02_010,CENTRE_005,R02,10,Q043,B,4.0
CAND_005_02_010,CENTRE_005,R02,10,Q044,A,4.0
CAND_005_02_010,CENTRE_005,R02,10,Q045,D,4.0
CAND_005_02_010,CENTRE_005,R02,10,Q046,D,-1.0
CAND_005_02_010,CENTRE_005,R02,10,Q047,B,4.0
CAND_005_02_010,CENTRE_005,R02,10,Q048,A,4.0
CAND_005_02_010,CENTRE_005,R02,10,Q049,D,4.0
CAND_005_02_010,CENTRE_005,R02,10,Q050,C,4.0
CAND_005_02_011,CENTRE_005,R02,11,Q001,A,-1.0
CAND_005_02_011,CENTRE_005,R02,11,Q002,B,-1.0
CAND_005_02_011,CENTRE_005,R02,11,Q003,D,-1.0
CAND_005_02_011,CENTRE_005,R02,11,Q004,A,4.0
CAND_005_02_011,CENTRE_005,R02,11,Q005,D,4.0
CAND_005_02_011,CENTRE_005,R02,11,Q006,C,4.0
CAND_005_02_011,CENTRE_005,R02,11,Q007,A,-1.0
CAND_005_02_011,CENTRE_005,R02,11,Q008,C,-1.0
CAND_005_02_011,CENTRE_005,R02,11,Q009,A,-1.0
CAND_005_02_011,CENTRE_005,R02,11,Q010,B,-1.0
CAND_005_02_011,CENTRE_005,R02,11,Q011,B,4.0
CAND_005_02_011,CENTRE_005,R02,11,Q012,B,-1.0
CAND_005_02_011,CENTRE_005,R02,11,Q013,B,-1.0
CAND_005_02_011,CENTRE_005,R02,11,Q014,C,4.0
CAND_005_02_011,CENTRE_005,R02,11,Q015,A,-1.0
CAND_005_02_011,CENTRE_005,R02,11,Q016,A,4.0
CAND_005_02_011,CENTRE_005,R02,11,Q017,C,-1.0
CAND_005_02_011,CENTRE_005,R02,11,Q018,C,4.0
CAND_005_02_011,CENTRE_005,R02,11,Q019,D,-1.0
CAND_005_02_011,CENTRE_005,R02,11,Q020,A,4.0
CAND_005_02_011,CENTRE_005,R02,11,Q021,A,-1.0
CAND_005_02_011,CENTRE_005,R02,11,Q022,C,4.0
CAND_005_02_011,CENTRE_005,R02,11,Q023,D,-1.0
CAND_005_02_011,CENTRE_005,R02,11,Q024,C,-1.0
CAND_005_02_011,CENTRE_005,R02,11,Q025,D,4.0
CAND_005_02_011,CENTRE_005,R02,11,Q026,D,-1.0
CAND_005_02_011,CENTRE_005,R02,11,Q027,B,4.0
CAND_005_02_011,CENTRE_005,R02,11,Q028,D,-1.0
CAND_005_02_011,CENTRE_005,R02,11,Q029,D,4.0
CAND_005_02_011,CENTRE_005,R02,11,Q030,B,-1.0
CAND_005_02_011,CENTRE_005,R02,11,Q031,B,4.0
CAND_005_02_011,CENTRE_005,R02,11,Q032,D,-1.0
CAND_005_02_011,CENTRE_005,R02,11,Q033,D,4.0
CAND_005_02_011,CENTRE_005,R02,11,Q034,C,4.0
CAND_005_02_011,CENTRE_005,R02,11,Q035,A,-1.0
CAND_005_02_011,CENTRE_005,R02,11,Q036,B,-1.0
CAND_005_02_011,CENTRE_005,R02,11,Q037,B,-1.0
CAND_005_02_011,CENTRE_005,R02,11,Q038,A,-1.0
CAND_005_02_011,CENTRE_005,R02,11,Q039,D,-1.0
CAND_005_02_011,CENTRE_005,R02,11,Q040,B,-1.0
CAND_005_02_011,CENTRE_005,R02,11,Q041,D,4.0
CAND_005_02_011,CENTRE_005,R02,11,Q042,A,-1.0
CAND_005_02_011,CENTRE_005,R02,11,Q043,C,-1.0
CAND_005_02_011,CENTRE_005,R02,11,Q044,A,4.0
CAND_005_02_011,CENTRE_005,R02,11,Q045,C,-1.0
CAND_005_02_011,CENTRE_005,R02,11,Q046,C,4.0
CAND_005_02_011,CENTRE_005,R02,11,Q047,D,-1.0
CAND_005_02_011,CENTRE_005,R02,11,Q048,A,4.0
CAND_005_02_011,CENTRE_005,R02,11,Q049,D,4.0
CAND_005_02_011,CENTRE_005,R02,11,Q050,A,-1.0
CAND_005_02_012,CENTRE_005,R02,12,Q001,C,-1.0
CAND_005_02_012,CENTRE_005,R02,12,Q002,C,4.0
CAND_005_02_012,CENTRE_005,R02,12,Q003,B,4.0
CAND_005_02_012,CENTRE_005,R02,12,Q004,C,-1.0
CAND_005_02_012,CENTRE_005,R02,12,Q005,C,-1.0
CAND_005_02_012,CENTRE_005,R02,12,Q006,C,4.0
CAND_005_02_012,CENTRE_005,R02,12,Q007,B,4.0
CAND_005_02_012,CENTRE_005,R02,12,Q008,C,-1.0
CAND_005_02_012,CENTRE_005,R02,12,Q009,A,-1.0
CAND_005_02_012,CENTRE_005,R02,12,Q010,C,4.0
CAND_005_02_012,CENTRE_005,R02,12,Q011,B,4.0
CAND_005_02_012,CENTRE_005,R02,12,Q012,D,-1.0
CAND_005_02_012,CENTRE_005,R02,12,Q013,D,4.0
CAND_005_02_012,CENTRE_005,R02,12,Q014,D,-1.0
CAND_005_02_012,CENTRE_005,R02,12,Q015,B,4.0
CAND_005_02_012,CENTRE_005,R02,12,Q016,A,4.0
CAND_005_02_012,CENTRE_005,R02,12,Q017,D,4.0
CAND_005_02_012,CENTRE_005,R02,12,Q018,C,4.0
CAND_005_02_012,CENTRE_005,R02,12,Q019,B,4.0
CAND_005_02_012,CENTRE_005,R02,12,Q020,A,4.0
CAND_005_02_012,CENTRE_005,R02,12,Q021,D,4.0
CAND_005_02_012,CENTRE_005,R02,12,Q022,B,-1.0
CAND_005_02_012,CENTRE_005,R02,12,Q023,B,4.0
CAND_005_02_012,CENTRE_005,R02,12,Q024,A,4.0
CAND_005_02_012,CENTRE_005,R02,12,Q025,D,4.0
CAND_005_02_012,CENTRE_005,R02,12,Q026,A,-1.0
CAND_005_02_012,CENTRE_005,R02,12,Q027,A,-1.0
CAND_005_02_012,CENTRE_005,R02,12,Q028,D,-1.0
CAND_005_02_012,CENTRE_005,R02,12,Q029,D,4.0
CAND_005_02_012,CENTRE_005,R02,12,Q030,B,-1.0
CAND_005_02_012,CENTRE_005,R02,12,Q031,B,4.0
CAND_005_02_012,CENTRE_005,R02,12,Q032,B,-1.0
CAND_005_02_012,CENTRE_005,R02,12,Q033,D,4.0
CAND_005_02_012,CENTRE_005,R02,12,Q034,C,4.0
CAND_005_02_012,CENTRE_005,R02,12,Q035,B,4.0
CAND_005_02_012,CENTRE_005,R02,12,Q036,B,-1.0
CAND_005_02_012,CENTRE_005,R02,12,Q037,B,-1.0
CAND_005_02_012,CENTRE_005,R02,12,Q038,C,4.0
CAND_005_02_012,CENTRE_005,R02,12,Q039,D,-1.0
CAND_005_02_012,CENTRE_005,R02,12,Q040,A,4.0
CAND_005_02_012,CENTRE_005,R02,12,Q041,D,4.0
CAND_005_02_012,CENTRE_005,R02,12,Q042,C,4.0
CAND_005_02_012,CENTRE_005,R02,12,Q043,A,-1.0
CAND_005_02_012,CENTRE_005,R02,12,Q044,A,4.0
CAND_005_02_012,CENTRE_005,R02,12,Q045,D,4.0
CAND_005_02_012,CENTRE_005,R02,12,Q046,B,-1.0
CAND_005_02_012,CENTRE_005,R02,12,Q047,B,4.0
CAND_005_02_012,CENTRE_005,R02,12,Q048,D,-1.0
CAND_005_02_012,CENTRE_005,R02,12,Q049,B,-1.0
CAND_005_02_012,CENTRE_005,R02,12,Q050,C,4.0
CAND_005_02_013,CENTRE_005,R02,13,Q001,B,-1.0
CAND_005_02_013,CENTRE_005,R02,13,Q002,B,-1.0
CAND_005_02_013,CENTRE_005,R02,13,Q003,B,4.0
CAND_005_02_013,CENTRE_005,R02,13,Q004,D,-1.0
CAND_005_02_013,CENTRE_005,R02,13,Q005,D,4.0
CAND_005_02_013,CENTRE_005,R02,13,Q006,C,4.0
CAND_005_02_013,CENTRE_005,R02,13,Q007,B,4.0
CAND_005_02_013,CENTRE_005,R02,13,Q008,A,4.0
CAND_005_02_013,CENTRE_005,R02,13,Q009,D,4.0
CAND_005_02_013,CENTRE_005,R02,13,Q010,C,4.0
CAND_005_02_013,CENTRE_005,R02,13,Q011,B,4.0
CAND_005_02_013,CENTRE_005,R02,13,Q012,C,-1.0
CAND_005_02_013,CENTRE_005,R02,13,Q013,B,-1.0
CAND_005_02_013,CENTRE_005,R02,13,Q014,C,4.0
CAND_005_02_013,CENTRE_005,R02,13,Q015,B,4.0
CAND_005_02_013,CENTRE_005,R02,13,Q016,B,-1.0
CAND_005_02_013,CENTRE_005,R02,13,Q017,B,-1.0
CAND_005_02_013,CENTRE_005,R02,13,Q018,C,4.0
CAND_005_02_013,CENTRE_005,R02,13,Q019,,0.0
CAND_005_02_013,CENTRE_005,R02,13,Q020,A,4.0
CAND_005_02_013,CENTRE_005,R02,13,Q021,D,4.0
CAND_005_02_013,CENTRE_005,R02,13,Q022,C,4.0
CAND_005_02_013,CENTRE_005,R02,13,Q023,B,4.0
CAND_005_02_013,CENTRE_005,R02,13,Q024,A,4.0
CAND_005_02_013,CENTRE_005,R02,13,Q025,,0.0
CAND_005_02_013,CENTRE_005,R02,13,Q026,C,4.0
CAND_005_02_013,CENTRE_005,R02,13,Q027,B,4.0
CAND_005_02_013,CENTRE_005,R02,13,Q028,B,-1.0
CAND_005_02_013,CENTRE_005,R02,13,Q029,A,-1.0
CAND_005_02_013,CENTRE_005,R02,13,Q030,C,4.0
CAND_005_02_013,CENTRE_005,R02,13,Q031,B,4.0
CAND_005_02_013,CENTRE_005,R02,13,Q032,A,4.0
CAND_005_02_013,CENTRE_005,R02,13,Q033,D,4.0
CAND_005_02_013,CENTRE_005,R02,13,Q034,C,4.0
CAND_005_02_013,CENTRE_005,R02,13,Q035,B,4.0
CAND_005_02_013,CENTRE_005,R02,13,Q036,A,4.0
CAND_005_02_013,CENTRE_005,R02,13,Q037,D,4.0
CAND_005_02_013,CENTRE_005,R02,13,Q038,C,4.0
CAND_005_02_013,CENTRE_005,R02,13,Q039,B,4.0
CAND_005_02_013,CENTRE_005,R02,13,Q040,A,4.0
CAND_005_02_013,CENTRE_005,R02,13,Q041,D,4.0
CAND_005_02_013,CENTRE_005,R02,13,Q042,C,4.0
CAND_005_02_013,CENTRE_005,R02,13,Q043,B,4.0
CAND_005_02_013,CENTRE_005,R02,13,Q044,A,4.0
CAND_005_02_013,CENTRE_005,R02,13,Q045,D,4.0
CAND_005_02_013,CENTRE_005,R02,13,Q046,A,-1.0
CAND_005_02_013,CENTRE_005,R02,13,Q047,B,4.0
CAND_005_02_013,CENTRE_005,R02,13,Q048,D,-1.0
CAND_005_02_013,CENTRE_005,R02,13,Q049,A,-1.0
CAND_005_02_013,CENTRE_005,R02,13,Q050,C,4.0
CAND_005_02_014,CENTRE_005,R02,14,Q001,C,-1.0
CAND_005_02_014,CENTRE_005,R02,14,Q002,C,4.0
CAND_005_02_014,CENTRE_005,R02,14,Q003,B,4.0
CAND_005_02_014,CENTRE_005,R02,14,Q004,A,4.0
CAND_005_02_014,CENTRE_005,R02,14,Q005,A,-1.0
CAND_005_02_014,CENTRE_005,R02,14,Q006,A,-1.0
CAND_005_02_014,CENTRE_005,R02,14,Q007,A,-1.0
CAND_005_02_014,CENTRE_005,R02,14,Q008,A,4.0
CAND_005_02_014,CENTRE_005,R02,14,Q009,C,-1.0
CAND_005_02_014,CENTRE_005,R02,14,Q010,C,4.0
CAND_005_02_014,CENTRE_005,R02,14,Q011,B,4.0
CAND_005_02_014,CENTRE_005,R02,14,Q012,A,4.0
CAND_005_02_014,CENTRE_005,R02,14,Q013,D,4.0
CAND_005_02_014,CENTRE_005,R02,14,Q014,C,4.0
CAND_005_02_014,CENTRE_005,R02,14,Q015,B,4.0
CAND_005_02_014,CENTRE_005,R02,14,Q016,A,4.0
CAND_005_02_014,CENTRE_005,R02,14,Q017,D,4.0
CAND_005_02_014,CENTRE_005,R02,14,Q018,C,4.0
CAND_005_02_014,CENTRE_005,R02,14,Q019,A,-1.0
CAND_005_02_014,CENTRE_005,R02,14,Q020,C,-1.0
CAND_005_02_014,CENTRE_005,R02,14,Q021,,0.0
CAND_005_02_014,CENTRE_005,R02,14,Q022,B,-1.0
CAND_005_02_014,CENTRE_005,R02,14,Q023,D,-1.0
CAND_005_02_014,CENTRE_005,R02,14,Q024,C,-1.0
CAND_005_02_014,CENTRE_005,R02,14,Q025,C,-1.0
CAND_005_02_014,CENTRE_005,R02,14,Q026,D,-1.0
CAND_005_02_014,CENTRE_005,R02,14,Q027,B,4.0
CAND_005_02_014,CENTRE_005,R02,14,Q028,D,-1.0
CAND_005_02_014,CENTRE_005,R02,14,Q029,C,-1.0
CAND_005_02_014,CENTRE_005,R02,14,Q030,C,4.0
CAND_005_02_014,CENTRE_005,R02,14,Q031,B,4.0
CAND_005_02_014,CENTRE_005,R02,14,Q032,A,4.0
CAND_005_02_014,CENTRE_005,R02,14,Q033,A,-1.0
CAND_005_02_014,CENTRE_005,R02,14,Q034,B,-1.0
CAND_005_02_014,CENTRE_005,R02,14,Q035,D,-1.0
CAND_005_02_014,CENTRE_005,R02,14,Q036,D,-1.0
CAND_005_02_014,CENTRE_005,R02,14,Q037,A,-1.0
CAND_005_02_014,CENTRE_005,R02,14,Q038,C,4.0
CAND_005_02_014,CENTRE_005,R02,14,Q039,B,4.0
CAND_005_02_014,CENTRE_005,R02,14,Q040,D,-1.0
CAND_005_02_014,CENTRE_005,R02,14,Q041,D,4.0
CAND_005_02_014,CENTRE_005,R02,14,Q042,C,4.0
CAND_005_02_014,CENTRE_005,R02,14,Q043,B,4.0
CAND_005_02_014,CENTRE_005,R02,14,Q044,A,4.0
CAND_005_02_014,CENTRE_005,R02,14,Q045,D,4.0
CAND_005_02_014,CENTRE_005,R02,14,Q046,C,4.0
CAND_005_02_014,CENTRE_005,R02,14,Q047,,0.0
CAND_005_02_014,CENTRE_005,R02,14,Q048,A,4.0
CAND_005_02_014,CENTRE_005,R02,14,Q049,A,-1.0
CAND_005_02_014,CENTRE_005,R02,14,Q050,C,4.0
CAND_005_02_015,CENTRE_005,R02,15,Q001,C,-1.0
CAND_005_02_015,CENTRE_005,R02,15,Q002,C,4.0
CAND_005_02_015,CENTRE_005,R02,15,Q003,C,-1.0
CAND_005_02_015,CENTRE_005,R02,15,Q004,A,4.0
CAND_005_02_015,CENTRE_005,R02,15,Q005,C,-1.0
CAND_005_02_015,CENTRE_005,R02,15,Q006,B,-1.0
CAND_005_02_015,CENTRE_005,R02,15,Q007,B,4.0
CAND_005_02_015,CENTRE_005,R02,15,Q008,C,-1.0
CAND_005_02_015,CENTRE_005,R02,15,Q009,B,-1.0
CAND_005_02_015,CENTRE_005,R02,15,Q010,A,-1.0
CAND_005_02_015,CENTRE_005,R02,15,Q011,D,-1.0
CAND_005_02_015,CENTRE_005,R02,15,Q012,A,4.0
CAND_005_02_015,CENTRE_005,R02,15,Q013,D,4.0
CAND_005_02_015,CENTRE_005,R02,15,Q014,C,4.0
CAND_005_02_015,CENTRE_005,R02,15,Q015,B,4.0
CAND_005_02_015,CENTRE_005,R02,15,Q016,A,4.0
CAND_005_02_015,CENTRE_005,R02,15,Q017,D,4.0
CAND_005_02_015,CENTRE_005,R02,15,Q018,D,-1.0
CAND_005_02_015,CENTRE_005,R02,15,Q019,A,-1.0
CAND_005_02_015,CENTRE_005,R02,15,Q020,A,4.0
CAND_005_02_015,CENTRE_005,R02,15,Q021,C,-1.0
CAND_005_02_015,CENTRE_005,R02,15,Q022,D,-1.0
CAND_005_02_015,CENTRE_005,R02,15,Q023,B,4.0
CAND_005_02_015,CENTRE_005,R02,15,Q024,A,4.0
CAND_005_02_015,CENTRE_005,R02,15,Q025,A,-1.0
CAND_005_02_015,CENTRE_005,R02,15,Q026,C,4.0
CAND_005_02_015,CENTRE_005,R02,15,Q027,B,4.0
CAND_005_02_015,CENTRE_005,R02,15,Q028,B,-1.0
CAND_005_02_015,CENTRE_005,R02,15,Q029,A,-1.0
CAND_005_02_015,CENTRE_005,R02,15,Q030,C,4.0
CAND_005_02_015,CENTRE_005,R02,15,Q031,D,-1.0
CAND_005_02_015,CENTRE_005,R02,15,Q032,D,-1.0
CAND_005_02_015,CENTRE_005,R02,15,Q033,C,-1.0
CAND_005_02_015,CENTRE_005,R02,15,Q034,C,4.0
CAND_005_02_015,CENTRE_005,R02,15,Q035,C,-1.0
CAND_005_02_015,CENTRE_005,R02,15,Q036,B,-1.0
CAND_005_02_015,CENTRE_005,R02,15,Q037,A,-1.0
CAND_005_02_015,CENTRE_005,R02,15,Q038,A,-1.0
CAND_005_02_015,CENTRE_005,R02,15,Q039,B,4.0
CAND_005_02_015,CENTRE_005,R02,15,Q040,A,4.0
CAND_005_02_015,CENTRE_005,R02,15,Q041,D,4.0
CAND_005_02_015,CENTRE_005,R02,15,Q042,D,-1.0
CAND_005_02_015,CENTRE_005,R02,15,Q043,A,-1.0
CAND_005_02_015,CENTRE_005,R02,15,Q044,A,4.0
CAND_005_02_015,CENTRE_005,R02,15,Q045,D,4.0
CAND_005_02_015,CENTRE_005,R02,15,Q046,D,-1.0
CAND_005_02_015,CENTRE_005,R02,15,Q047,A,-1.0
CAND_005_02_015,CENTRE_005,R02,15,Q048,A,4.0
CAND_005_02_015,CENTRE_005,R02,15,Q049,D,4.0
CAND_005_02_015,CENTRE_005,R02,15,Q050,D,-1.0
CAND_005_02_016,CENTRE_005,R02,16,Q001,D,4.0
CAND_005_02_016,CENTRE_005,R02,16,Q002,C,4.0
CAND_005_02_016,CENTRE_005,R02,16,Q003,B,4.0
CAND_005_02_016,CENTRE_005,R02,16,Q004,A,4.0
CAND_005_02_016,CENTRE_005,R02,16,Q005,D,4.0
CAND_005_02_016,CENTRE_005,R02,16,Q006,A,-1.0
CAND_005_02_016,CENTRE_005,R02,16,Q007,B,4.0
CAND_005_02_016,CENTRE_005,R02,16,Q008,A,4.0
CAND_005_02_016,CENTRE_005,R02,16,Q009,D,4.0
CAND_005_02_016,CENTRE_005,R02,16,Q010,C,4.0
CAND_005_02_016,CENTRE_005,R02,16,Q011,B,4.0
CAND_005_02_016,CENTRE_005,R02,16,Q012,A,4.0
CAND_005_02_016,CENTRE_005,R02,16,Q013,D,4.0
CAND_005_02_016,CENTRE_005,R02,16,Q014,C,4.0
CAND_005_02_016,CENTRE_005,R02,16,Q015,A,-1.0
CAND_005_02_016,CENTRE_005,R02,16,Q016,A,4.0
CAND_005_02_016,CENTRE_005,R02,16,Q017,D,4.0
CAND_005_02_016,CENTRE_005,R02,16,Q018,C,4.0
CAND_005_02_016,CENTRE_005,R02,16,Q019,B,4.0
CAND_005_02_016,CENTRE_005,R02,16,Q020,C,-1.0
CAND_005_02_016,CENTRE_005,R02,16,Q021,D,4.0
CAND_005_02_016,CENTRE_005,R02,16,Q022,C,4.0
CAND_005_02_016,CENTRE_005,R02,16,Q023,B,4.0
CAND_005_02_016,CENTRE_005,R02,16,Q024,A,4.0
CAND_005_02_016,CENTRE_005,R02,16,Q025,A,-1.0
CAND_005_02_016,CENTRE_005,R02,16,Q026,C,4.0
CAND_005_02_016,CENTRE_005,R02,16,Q027,B,4.0
CAND_005_02_016,CENTRE_005,R02,16,Q028,A,4.0
CAND_005_02_016,CENTRE_005,R02,16,Q029,D,4.0
CAND_005_02_016,CENTRE_005,R02,16,Q030,C,4.0
CAND_005_02_016,CENTRE_005,R02,16,Q031,B,4.0
CAND_005_02_016,CENTRE_005,R02,16,Q032,A,4.0
CAND_005_02_016,CENTRE_005,R02,16,Q033,D,4.0
CAND_005_02_016,CENTRE_005,R02,16,Q034,C,4.0
CAND_005_02_016,CENTRE_005,R02,16,Q035,A,-1.0
CAND_005_02_016,CENTRE_005,R02,16,Q036,A,4.0
CAND_005_02_016,CENTRE_005,R02,16,Q037,D,4.0
CAND_005_02_016,CENTRE_005,R02,16,Q038,C,4.0
CAND_005_02_016,CENTRE_005,R02,16,Q039,B,4.0
CAND_005_02_016,CENTRE_005,R02,16,Q040,A,4.0
CAND_005_02_016,CENTRE_005,R02,16,Q041,D,4.0
CAND_005_02_016,CENTRE_005,R02,16,Q042,C,4.0
CAND_005_02_016,CENTRE_005,R02,16,Q043,B,4.0
CAND_005_02_016,CENTRE_005,R02,16,Q044,A,4.0
CAND_005_02_016,CENTRE_005,R02,16,Q045,D,4.0
CAND_005_02_016,CENTRE_005,R02,16,Q046,D,-1.0
CAND_005_02_016,CENTRE_005,R02,16,Q047,B,4.0
CAND_005_02_016,CENTRE_005,R02,16,Q048,B,-1.0
CAND_005_02_016,CENTRE_005,R02,16,Q049,D,4.0
CAND_005_02_016,CENTRE_005,R02,16,Q050,C,4.0
CAND_005_02_017,CENTRE_005,R02,17,Q001,D,4.0
CAND_005_02_017,CENTRE_005,R02,17,Q002,C,4.0
CAND_005_02_017,CENTRE_005,R02,17,Q003,D,-1.0
CAND_005_02_017,CENTRE_005,R02,17,Q004,B,-1.0
CAND_005_02_017,CENTRE_005,R02,17,Q005,D,4.0
CAND_005_02_017,CENTRE_005,R02,17,Q006,C,4.0
CAND_005_02_017,CENTRE_005,R02,17,Q007,B,4.0
CAND_005_02_017,CENTRE_005,R02,17,Q008,C,-1.0
CAND_005_02_017,CENTRE_005,R02,17,Q009,B,-1.0
CAND_005_02_017,CENTRE_005,R02,17,Q010,,0.0
CAND_005_02_017,CENTRE_005,R02,17,Q011,A,-1.0
CAND_005_02_017,CENTRE_005,R02,17,Q012,C,-1.0
CAND_005_02_017,CENTRE_005,R02,17,Q013,D,4.0
CAND_005_02_017,CENTRE_005,R02,17,Q014,A,-1.0
CAND_005_02_017,CENTRE_005,R02,17,Q015,C,-1.0
CAND_005_02_017,CENTRE_005,R02,17,Q016,A,4.0
CAND_005_02_017,CENTRE_005,R02,17,Q017,D,4.0
CAND_005_02_017,CENTRE_005,R02,17,Q018,C,4.0
CAND_005_02_017,CENTRE_005,R02,17,Q019,B,4.0
CAND_005_02_017,CENTRE_005,R02,17,Q020,A,4.0
CAND_005_02_017,CENTRE_005,R02,17,Q021,D,4.0
CAND_005_02_017,CENTRE_005,R02,17,Q022,C,4.0
CAND_005_02_017,CENTRE_005,R02,17,Q023,A,-1.0
CAND_005_02_017,CENTRE_005,R02,17,Q024,A,4.0
CAND_005_02_017,CENTRE_005,R02,17,Q025,D,4.0
CAND_005_02_017,CENTRE_005,R02,17,Q026,A,-1.0
CAND_005_02_017,CENTRE_005,R02,17,Q027,C,-1.0
CAND_005_02_017,CENTRE_005,R02,17,Q028,A,4.0
CAND_005_02_017,CENTRE_005,R02,17,Q029,C,-1.0
CAND_005_02_017,CENTRE_005,R02,17,Q030,C,4.0
CAND_005_02_017,CENTRE_005,R02,17,Q031,B,4.0
CAND_005_02_017,CENTRE_005,R02,17,Q032,A,4.0
CAND_005_02_017,CENTRE_005,R02,17,Q033,D,4.0
CAND_005_02_017,CENTRE_005,R02,17,Q034,B,-1.0
CAND_005_02_017,CENTRE_005,R02,17,Q035,B,4.0
CAND_005_02_017,CENTRE_005,R02,17,Q036,A,4.0
CAND_005_02_017,CENTRE_005,R02,17,Q037,D,4.0
CAND_005_02_017,CENTRE_005,R02,17,Q038,C,4.0
CAND_005_02_017,CENTRE_005,R02,17,Q039,A,-1.0
CAND_005_02_017,CENTRE_005,R02,17,Q040,A,4.0
CAND_005_02_017,CENTRE_005,R02,17,Q041,D,4.0
CAND_005_02_017,CENTRE_005,R02,17,Q042,D,-1.0
CAND_005_02_017,CENTRE_005,R02,17,Q043,,0.0
CAND_005_02_017,CENTRE_005,R02,17,Q044,B,-1.0
CAND_005_02_017,CENTRE_005,R02,17,Q045,D,4.0
CAND_005_02_017,CENTRE_005,R02,17,Q046,C,4.0
CAND_005_02_017,CENTRE_005,R02,17,Q047,C,-1.0
CAND_005_02_017,CENTRE_005,R02,17,Q048,D,-1.0
CAND_005_02_017,CENTRE_005,R02,17,Q049,D,4.0
CAND_005_02_017,CENTRE_005,R02,17,Q050,C,4.0
CAND_005_02_018,CENTRE_005,R02,18,Q001,D,4.0
CAND_005_02_018,CENTRE_005,R02,18,Q002,C,4.0
CAND_005_02_018,CENTRE_005,R02,18,Q003,B,4.0
CAND_005_02_018,CENTRE_005,R02,18,Q004,C,-1.0
CAND_005_02_018,CENTRE_005,R02,18,Q005,D,4.0
CAND_005_02_018,CENTRE_005,R02,18,Q006,C,4.0
CAND_005_02_018,CENTRE_005,R02,18,Q007,B,4.0
CAND_005_02_018,CENTRE_005,R02,18,Q008,A,4.0
CAND_005_02_018,CENTRE_005,R02,18,Q009,D,4.0
CAND_005_02_018,CENTRE_005,R02,18,Q010,B,-1.0
CAND_005_02_018,CENTRE_005,R02,18,Q011,B,4.0
CAND_005_02_018,CENTRE_005,R02,18,Q012,A,4.0
CAND_005_02_018,CENTRE_005,R02,18,Q013,D,4.0
CAND_005_02_018,CENTRE_005,R02,18,Q014,C,4.0
CAND_005_02_018,CENTRE_005,R02,18,Q015,A,-1.0
CAND_005_02_018,CENTRE_005,R02,18,Q016,A,4.0
CAND_005_02_018,CENTRE_005,R02,18,Q017,C,-1.0
CAND_005_02_018,CENTRE_005,R02,18,Q018,C,4.0
CAND_005_02_018,CENTRE_005,R02,18,Q019,B,4.0
CAND_005_02_018,CENTRE_005,R02,18,Q020,A,4.0
CAND_005_02_018,CENTRE_005,R02,18,Q021,B,-1.0
CAND_005_02_018,CENTRE_005,R02,18,Q022,C,4.0
CAND_005_02_018,CENTRE_005,R02,18,Q023,B,4.0
CAND_005_02_018,CENTRE_005,R02,18,Q024,A,4.0
CAND_005_02_018,CENTRE_005,R02,18,Q025,B,-1.0
CAND_005_02_018,CENTRE_005,R02,18,Q026,C,4.0
CAND_005_02_018,CENTRE_005,R02,18,Q027,B,4.0
CAND_005_02_018,CENTRE_005,R02,18,Q028,C,-1.0
CAND_005_02_018,CENTRE_005,R02,18,Q029,A,-1.0
CAND_005_02_018,CENTRE_005,R02,18,Q030,C,4.0
CAND_005_02_018,CENTRE_005,R02,18,Q031,B,4.0
CAND_005_02_018,CENTRE_005,R02,18,Q032,A,4.0
CAND_005_02_018,CENTRE_005,R02,18,Q033,D,4.0
CAND_005_02_018,CENTRE_005,R02,18,Q034,A,-1.0
CAND_005_02_018,CENTRE_005,R02,18,Q035,D,-1.0
CAND_005_02_018,CENTRE_005,R02,18,Q036,B,-1.0
CAND_005_02_018,CENTRE_005,R02,18,Q037,C,-1.0
CAND_005_02_018,CENTRE_005,R02,18,Q038,C,4.0
CAND_005_02_018,CENTRE_005,R02,18,Q039,B,4.0
CAND_005_02_018,CENTRE_005,R02,18,Q040,A,4.0
CAND_005_02_018,CENTRE_005,R02,18,Q041,D,4.0
CAND_005_02_018,CENTRE_005,R02,18,Q042,B,-1.0
CAND_005_02_018,CENTRE_005,R02,18,Q043,B,4.0
CAND_005_02_018,CENTRE_005,R02,18,Q044,A,4.0
CAND_005_02_018,CENTRE_005,R02,18,Q045,D,4.0
CAND_005_02_018,CENTRE_005,R02,18,Q046,C,4.0
CAND_005_02_018,CENTRE_005,R02,18,Q047,B,4.0
CAND_005_02_018,CENTRE_005,R02,18,Q048,A,4.0
CAND_005_02_018,CENTRE_005,R02,18,Q049,D,4.0
CAND_005_02_018,CENTRE_005,R02,18,Q050,C,4.0
CAND_005_02_019,CENTRE_005,R02,19,Q001,D,4.0
CAND_005_02_019,CENTRE_005,R02,19,Q002,C,4.0
CAND_005_02_019,CENTRE_005,R02,19,Q003,C,-1.0
CAND_005_02_019,CENTRE_005,R02,19,Q004,C,-1.0
CAND_005_02_019,CENTRE_005,R02,19,Q005,D,4.0
CAND_005_02_019,CENTRE_005,R02,19,Q006,C,4.0
CAND_005_02_019,CENTRE_005,R02,19,Q007,B,4.0
CAND_005_02_019,CENTRE_005,R02,19,Q008,A,4.0
CAND_005_02_019,CENTRE_005,R02,19,Q009,D,4.0
CAND_005_02_019,CENTRE_005,R02,19,Q010,C,4.0
CAND_005_02_019,CENTRE_005,R02,19,Q011,,0.0
CAND_005_02_019,CENTRE_005,R02,19,Q012,A,4.0
CAND_005_02_019,CENTRE_005,R02,19,Q013,D,4.0
CAND_005_02_019,CENTRE_005,R02,19,Q014,C,4.0
CAND_005_02_019,CENTRE_005,R02,19,Q015,B,4.0
CAND_005_02_019,CENTRE_005,R02,19,Q016,B,-1.0
CAND_005_02_019,CENTRE_005,R02,19,Q017,A,-1.0
CAND_005_02_019,CENTRE_005,R02,19,Q018,C,4.0
CAND_005_02_019,CENTRE_005,R02,19,Q019,B,4.0
CAND_005_02_019,CENTRE_005,R02,19,Q020,A,4.0
CAND_005_02_019,CENTRE_005,R02,19,Q021,,0.0
CAND_005_02_019,CENTRE_005,R02,19,Q022,A,-1.0
CAND_005_02_019,CENTRE_005,R02,19,Q023,B,4.0
CAND_005_02_019,CENTRE_005,R02,19,Q024,,0.0
CAND_005_02_019,CENTRE_005,R02,19,Q025,D,4.0
CAND_005_02_019,CENTRE_005,R02,19,Q026,D,-1.0
CAND_005_02_019,CENTRE_005,R02,19,Q027,B,4.0
CAND_005_02_019,CENTRE_005,R02,19,Q028,A,4.0
CAND_005_02_019,CENTRE_005,R02,19,Q029,D,4.0
CAND_005_02_019,CENTRE_005,R02,19,Q030,C,4.0
CAND_005_02_019,CENTRE_005,R02,19,Q031,B,4.0
CAND_005_02_019,CENTRE_005,R02,19,Q032,A,4.0
CAND_005_02_019,CENTRE_005,R02,19,Q033,D,4.0
CAND_005_02_019,CENTRE_005,R02,19,Q034,C,4.0
CAND_005_02_019,CENTRE_005,R02,19,Q035,B,4.0
CAND_005_02_019,CENTRE_005,R02,19,Q036,A,4.0
CAND_005_02_019,CENTRE_005,R02,19,Q037,D,4.0
CAND_005_02_019,CENTRE_005,R02,19,Q038,C,4.0
CAND_005_02_019,CENTRE_005,R02,19,Q039,B,4.0
CAND_005_02_019,CENTRE_005,R02,19,Q040,A,4.0
CAND_005_02_019,CENTRE_005,R02,19,Q041,C,-1.0
CAND_005_02_019,CENTRE_005,R02,19,Q042,D,-1.0
CAND_005_02_019,CENTRE_005,R02,19,Q043,B,4.0
CAND_005_02_019,CENTRE_005,R02,19,Q044,A,4.0
CAND_005_02_019,CENTRE_005,R02,19,Q045,D,4.0
CAND_005_02_019,CENTRE_005,R02,19,Q046,C,4.0
CAND_005_02_019,CENTRE_005,R02,19,Q047,B,4.0
CAND_005_02_019,CENTRE_005,R02,19,Q048,A,4.0
CAND_005_02_019,CENTRE_005,R02,19,Q049,B,-1.0
CAND_005_02_019,CENTRE_005,R02,19,Q050,B,-1.0
CAND_005_02_020,CENTRE_005,R02,20,Q001,D,4.0
CAND_005_02_020,CENTRE_005,R02,20,Q002,C,4.0
CAND_005_02_020,CENTRE_005,R02,20,Q003,B,4.0
CAND_005_02_020,CENTRE_005,R02,20,Q004,A,4.0
CAND_005_02_020,CENTRE_005,R02,20,Q005,D,4.0
CAND_005_02_020,CENTRE_005,R02,20,Q006,C,4.0
CAND_005_02_020,CENTRE_005,R02,20,Q007,B,4.0
CAND_005_02_020,CENTRE_005,R02,20,Q008,D,-1.0
CAND_005_02_020,CENTRE_005,R02,20,Q009,C,-1.0
CAND_005_02_020,CENTRE_005,R02,20,Q010,B,-1.0
CAND_005_02_020,CENTRE_005,R02,20,Q011,,0.0
CAND_005_02_020,CENTRE_005,R02,20,Q012,C,-1.0
CAND_005_02_020,CENTRE_005,R02,20,Q013,A,-1.0
CAND_005_02_020,CENTRE_005,R02,20,Q014,C,4.0
CAND_005_02_020,CENTRE_005,R02,20,Q015,B,4.0
CAND_005_02_020,CENTRE_005,R02,20,Q016,D,-1.0
CAND_005_02_020,CENTRE_005,R02,20,Q017,B,-1.0
CAND_005_02_020,CENTRE_005,R02,20,Q018,C,4.0
CAND_005_02_020,CENTRE_005,R02,20,Q019,B,4.0
CAND_005_02_020,CENTRE_005,R02,20,Q020,,0.0
CAND_005_02_020,CENTRE_005,R02,20,Q021,A,-1.0
CAND_005_02_020,CENTRE_005,R02,20,Q022,D,-1.0
CAND_005_02_020,CENTRE_005,R02,20,Q023,A,-1.0
CAND_005_02_020,CENTRE_005,R02,20,Q024,A,4.0
CAND_005_02_020,CENTRE_005,R02,20,Q025,C,-1.0
CAND_005_02_020,CENTRE_005,R02,20,Q026,D,-1.0
CAND_005_02_020,CENTRE_005,R02,20,Q027,B,4.0
CAND_005_02_020,CENTRE_005,R02,20,Q028,A,4.0
CAND_005_02_020,CENTRE_005,R02,20,Q029,D,4.0
CAND_005_02_020,CENTRE_005,R02,20,Q030,D,-1.0
CAND_005_02_020,CENTRE_005,R02,20,Q031,D,-1.0
CAND_005_02_020,CENTRE_005,R02,20,Q032,D,-1.0
CAND_005_02_020,CENTRE_005,R02,20,Q033,D,4.0
CAND_005_02_020,CENTRE_005,R02,20,Q034,,0.0
CAND_005_02_020,CENTRE_005,R02,20,Q035,C,-1.0
CAND_005_02_020,CENTRE_005,R02,20,Q036,A,4.0
CAND_005_02_020,CENTRE_005,R02,20,Q037,D,4.0
CAND_005_02_020,CENTRE_005,R02,20,Q038,B,-1.0
CAND_005_02_020,CENTRE_005,R02,20,Q039,A,-1.0
CAND_005_02_020,CENTRE_005,R02,20,Q040,D,-1.0
CAND_005_02_020,CENTRE_005,R02,20,Q041,D,4.0
CAND_005_02_020,CENTRE_005,R02,20,Q042,A,-1.0
CAND_005_02_020,CENTRE_005,R02,20,Q043,A,-1.0
CAND_005_02_020,CENTRE_005,R02,20,Q044,A,4.0
CAND_005_02_020,CENTRE_005,R02,20,Q045,D,4.0
CAND_005_02_020,CENTRE_005,R02,20,Q046,A,-1.0
CAND_005_02_020,CENTRE_005,R02,20,Q047,A,-1.0
CAND_005_02_020,CENTRE_005,R02,20,Q048,A,4.0
CAND_005_02_020,CENTRE_005,R02,20,Q049,D,4.0
CAND_005_02_020,CENTRE_005,R02,20,Q050,A,-1.0
